rfc_uri,rfc_number,rfc_name,rfc_title,publication_time,final_draft_uri,draft_uri,lineage_depth,draft_name,latest_rev,document_time,first_posted_submission,first_document_event,candidate_first_date,date_source,publication_year
/api/v1/doc/document/rfc3019/,3019,rfc3019,IP Version 6 Management Information Base for The Multicast Listener Discovery Protocol,2001-01-01 08:00:00+00:00,/api/v1/doc/document/draft-ietf-ipngwg-mld-mib/,/api/v1/doc/document/draft-ietf-ipngwg-mld-mib/,0,draft-ietf-ipngwg-mld-mib,04,2013-03-02 16:57:11+00:00,,1999-03-30 08:00:00+00:00,1999-03-30 08:00:00+00:00,docevent,2001
/api/v1/doc/document/rfc3022/,3022,rfc3022,Traditional IP Network Address Translator (Traditional NAT),2001-01-01 08:00:00+00:00,/api/v1/doc/document/draft-ietf-nat-traditional/,/api/v1/doc/document/draft-ietf-nat-traditional/,0,draft-ietf-nat-traditional,04,2013-03-02 16:57:11+00:00,,1998-08-14 07:00:00+00:00,1998-08-14 07:00:00+00:00,docevent,2001
/api/v1/doc/document/rfc3023/,3023,rfc3023,XML Media Types,2001-01-01 08:00:00+00:00,/api/v1/doc/document/draft-murata-xml/,/api/v1/doc/document/draft-murata-xml/,0,draft-murata-xml,09,2020-01-21 08:24:07+00:00,,1999-09-24 07:00:00+00:00,1999-09-24 07:00:00+00:00,docevent,2001
/api/v1/doc/document/rfc3024/,3024,rfc3024,"Reverse Tunneling for Mobile IP, revised",2001-01-01 08:00:00+00:00,/api/v1/doc/document/draft-ietf-mobileip-rfc2344-bis/,/api/v1/doc/document/draft-ietf-mobileip-rfc2344-bis/,0,draft-ietf-mobileip-rfc2344-bis,02,2020-01-21 08:24:07+00:00,,2000-02-04 08:00:00+00:00,2000-02-04 08:00:00+00:00,docevent,2001
/api/v1/doc/document/rfc3026/,3026,rfc3026,Liaison to IETF/ISOC on ENUM,2001-01-01 08:00:00+00:00,/api/v1/doc/document/draft-itu-sg2-liason-enum/,/api/v1/doc/document/draft-itu-sg2-liason-enum/,0,draft-itu-sg2-liason-enum,00,2023-11-03 07:15:36+00:00,,2000-11-02 08:00:00+00:00,2000-11-02 08:00:00+00:00,docevent,2001
/api/v1/doc/document/rfc3027/,3027,rfc3027,Protocol Complications with the IP Network Address Translator,2001-01-01 08:00:00+00:00,/api/v1/doc/document/draft-ietf-nat-protocol-complications/,/api/v1/doc/document/draft-ietf-nat-protocol-complications/,0,draft-ietf-nat-protocol-complications,05,2013-03-02 16:57:11+00:00,,1999-02-26 08:00:00+00:00,1999-02-26 08:00:00+00:00,docevent,2001
/api/v1/doc/document/rfc3028/,3028,rfc3028,Sieve: A Mail Filtering Language,2001-01-01 08:00:00+00:00,/api/v1/doc/document/draft-showalter-sieve/,/api/v1/doc/document/draft-showalter-sieve/,0,draft-showalter-sieve,11,2020-01-21 08:24:08+00:00,,1997-04-18 07:00:00+00:00,1997-04-18 07:00:00+00:00,docevent,2001
/api/v1/doc/document/rfc3031/,3031,rfc3031,Multiprotocol Label Switching Architecture,2001-01-01 08:00:00+00:00,/api/v1/doc/document/draft-ietf-mpls-arch/,/api/v1/doc/document/draft-ietf-mpls-arch/,0,draft-ietf-mpls-arch,07,2020-01-21 08:24:08+00:00,,1998-03-17 08:00:00+00:00,1998-03-17 08:00:00+00:00,docevent,2001
/api/v1/doc/document/rfc3032/,3032,rfc3032,MPLS Label Stack Encoding,2001-01-01 08:00:00+00:00,/api/v1/doc/document/draft-ietf-mpls-label-encaps/,/api/v1/doc/document/draft-ietf-mpls-label-encaps/,0,draft-ietf-mpls-label-encaps,08,2020-01-21 08:24:09+00:00,,1997-11-20 08:00:00+00:00,1997-11-20 08:00:00+00:00,docevent,2001
/api/v1/doc/document/rfc3033/,3033,rfc3033,The Assignment of the Information Field and Protocol Identifier in the Q.2941 Generic Identifier and Q.2957 User-to-user Signaling for the Internet Protocol,2001-01-01 08:00:00+00:00,/api/v1/doc/document/draft-ietf-mpls-git-uus/,/api/v1/doc/document/draft-ietf-mpls-git-uus/,0,draft-ietf-mpls-git-uus,04,2013-03-02 16:57:12+00:00,,1998-06-30 07:00:00+00:00,1998-06-30 07:00:00+00:00,docevent,2001
/api/v1/doc/document/rfc3034/,3034,rfc3034,Use of Label Switching on Frame Relay Networks Specification,2001-01-01 08:00:00+00:00,/api/v1/doc/document/draft-ietf-mpls-fr/,/api/v1/doc/document/draft-ietf-mpls-fr/,0,draft-ietf-mpls-fr,06,2013-03-02 16:57:12+00:00,,1998-01-02 08:00:00+00:00,1998-01-02 08:00:00+00:00,docevent,2001
/api/v1/doc/document/rfc3035/,3035,rfc3035,MPLS using LDP and ATM VC Switching,2001-01-01 08:00:00+00:00,/api/v1/doc/document/draft-ietf-mpls-atm/,/api/v1/doc/document/draft-ietf-mpls-atm/,0,draft-ietf-mpls-atm,04,2013-03-02 16:57:12+00:00,,1998-09-11 07:00:00+00:00,1998-09-11 07:00:00+00:00,docevent,2001
/api/v1/doc/document/rfc3036/,3036,rfc3036,LDP Specification,2001-01-01 08:00:00+00:00,/api/v1/doc/document/draft-ietf-mpls-ldp/,/api/v1/doc/document/draft-ietf-mpls-ldp/,0,draft-ietf-mpls-ldp,11,2020-01-21 08:24:09+00:00,,1998-08-08 07:00:00+00:00,1998-08-08 07:00:00+00:00,docevent,2001
/api/v1/doc/document/rfc3037/,3037,rfc3037,LDP Applicability,2001-01-01 08:00:00+00:00,/api/v1/doc/document/draft-ietf-mpls-ldp-applic/,/api/v1/doc/document/draft-ietf-mpls-ldp-applic/,0,draft-ietf-mpls-ldp-applic,02,2020-01-21 08:24:10+00:00,,1999-09-30 07:00:00+00:00,1999-09-30 07:00:00+00:00,docevent,2001
/api/v1/doc/document/rfc3038/,3038,rfc3038,VCID Notification over ATM link for LDP,2001-01-01 08:00:00+00:00,/api/v1/doc/document/draft-ietf-mpls-vcid-atm/,/api/v1/doc/document/draft-ietf-mpls-vcid-atm/,0,draft-ietf-mpls-vcid-atm,05,2013-03-02 16:57:12+00:00,,1998-03-06 08:00:00+00:00,1998-03-06 08:00:00+00:00,docevent,2001
/api/v1/doc/document/rfc3039/,3039,rfc3039,Internet X.509 Public Key Infrastructure Qualified Certificates Profile,2001-01-01 08:00:00+00:00,/api/v1/doc/document/draft-ietf-pkix-qc/,/api/v1/doc/document/draft-ietf-pkix-qc/,0,draft-ietf-pkix-qc,05,2013-03-02 16:57:12+00:00,,1999-02-04 08:00:00+00:00,1999-02-04 08:00:00+00:00,docevent,2001
/api/v1/doc/document/rfc3040/,3040,rfc3040,Internet Web Replication and Caching Taxonomy,2001-01-01 08:00:00+00:00,/api/v1/doc/document/draft-ietf-wrec-taxonomy/,/api/v1/doc/document/draft-ietf-wrec-taxonomy/,0,draft-ietf-wrec-taxonomy,05,2013-03-02 16:57:12+00:00,,1999-06-28 07:00:01+00:00,1999-06-28 07:00:01+00:00,docevent,2001
/api/v1/doc/document/rfc3041/,3041,rfc3041,Privacy Extensions for Stateless Address Autoconfiguration in IPv6,2001-01-01 08:00:00+00:00,/api/v1/doc/document/draft-ietf-ipngwg-addrconf-privacy/,/api/v1/doc/document/draft-ietf-ipngwg-addrconf-privacy/,0,draft-ietf-ipngwg-addrconf-privacy,03,2020-07-29 07:29:53+00:00,,1999-06-29 07:00:00+00:00,1999-06-29 07:00:00+00:00,docevent,2001
/api/v1/doc/document/rfc3042/,3042,rfc3042,Enhancing TCP's Loss Recovery Using Limited Transmit,2001-01-01 08:00:00+00:00,/api/v1/doc/document/draft-ietf-tsvwg-limited-xmit/,/api/v1/doc/document/draft-ietf-tsvwg-limited-xmit/,0,draft-ietf-tsvwg-limited-xmit,00,2013-03-02 16:57:12+00:00,,2000-08-23 07:00:00+00:00,2000-08-23 07:00:00+00:00,docevent,2001
/api/v1/doc/document/rfc3043/,3043,rfc3043,The Network Solutions Personal Internet Name (PIN): A URN Namespace for People and Organizations,2001-01-01 08:00:00+00:00,/api/v1/doc/document/draft-mealling-pin-urn/,/api/v1/doc/document/draft-mealling-pin-urn/,0,draft-mealling-pin-urn,01,2013-03-02 16:57:12+00:00,,2000-05-18 07:00:00+00:00,2000-05-18 07:00:00+00:00,docevent,2001
/api/v1/doc/document/rfc3044/,3044,rfc3044,Using The ISSN (International Serial Standard Number) as URN (Uniform Resource Names) within an ISSN-URN Namespace,2001-01-01 08:00:00+00:00,/api/v1/doc/document/draft-rozenfeld-urn-issn/,/api/v1/doc/document/draft-rozenfeld-urn-issn/,0,draft-rozenfeld-urn-issn,00,2017-10-21 07:15:19+00:00,,2000-09-05 07:00:00+00:00,2000-09-05 07:00:00+00:00,docevent,2001
/api/v1/doc/document/rfc3045/,3045,rfc3045,Storing Vendor Information in the LDAP root DSE,2001-01-01 08:00:00+00:00,/api/v1/doc/document/draft-mmeredith-rootdse-vendor-info/,/api/v1/doc/document/draft-mmeredith-rootdse-vendor-info/,0,draft-mmeredith-rootdse-vendor-info,02,2013-03-02 16:57:12+00:00,,1999-11-18 08:00:00+00:00,1999-11-18 08:00:00+00:00,docevent,2001
/api/v1/doc/document/rfc3046/,3046,rfc3046,DHCP Relay Agent Information Option,2001-01-01 08:00:00+00:00,/api/v1/doc/document/draft-ietf-dhc-agent-options/,/api/v1/doc/document/draft-ietf-dhc-agent-options/,0,draft-ietf-dhc-agent-options,11,2013-03-02 16:57:12+00:00,,1996-12-16 08:00:00+00:00,1996-12-16 08:00:00+00:00,docevent,2001
/api/v1/doc/document/rfc3047/,3047,rfc3047,RTP Payload Format for ITU-T Recommendation G.722.1,2001-01-01 08:00:00+00:00,/api/v1/doc/document/draft-ietf-avt-rtp-g7221/,/api/v1/doc/document/draft-ietf-avt-rtp-g7221/,0,draft-ietf-avt-rtp-g7221,00,2020-01-21 08:24:11+00:00,,2000-06-15 07:00:00+00:00,2000-06-15 07:00:00+00:00,docevent,2001
/api/v1/doc/document/rfc3048/,3048,rfc3048,Reliable Multicast Transport Building Blocks for One-to-Many Bulk-Data Transfer,2001-01-01 08:00:00+00:00,/api/v1/doc/document/draft-ietf-rmt-buildingblocks/,/api/v1/doc/document/draft-ietf-rmt-buildingblocks/,0,draft-ietf-rmt-buildingblocks,02,2013-03-02 16:57:12+00:00,,1999-06-18 07:00:00+00:00,1999-06-18 07:00:00+00:00,docevent,2001
/api/v1/doc/document/rfc3049/,3049,rfc3049,TN3270E Service Location and Session Balancing,2001-01-01 08:00:00+00:00,/api/v1/doc/document/draft-ietf-tn3270e-service-loc/,/api/v1/doc/document/draft-ietf-tn3270e-service-loc/,0,draft-ietf-tn3270e-service-loc,05,2013-03-02 16:57:13+00:00,,1998-05-21 07:00:00+00:00,1998-05-21 07:00:00+00:00,docevent,2001
/api/v1/doc/document/rfc3050/,3050,rfc3050,Common Gateway Interface for SIP,2001-01-01 08:00:00+00:00,/api/v1/doc/document/draft-lennox-sip-cgi/,/api/v1/doc/document/draft-lennox-sip-cgi/,0,draft-lennox-sip-cgi,04,2013-03-02 16:57:13+00:00,,1998-11-16 08:00:00+00:00,1998-11-16 08:00:00+00:00,docevent,2001
/api/v1/doc/document/rfc3051/,3051,rfc3051,IP Payload Compression Using ITU-T V.44 Packet Method,2001-01-01 08:00:00+00:00,/api/v1/doc/document/draft-heath-ipcomp-v44/,/api/v1/doc/document/draft-heath-ipcomp-v44/,0,draft-heath-ipcomp-v44,00,2013-03-02 16:57:13+00:00,,2000-09-05 07:00:00+00:00,2000-09-05 07:00:00+00:00,docevent,2001
/api/v1/doc/document/rfc3052/,3052,rfc3052,Service Management Architectures Issues and Review,2001-01-01 08:00:00+00:00,/api/v1/doc/document/draft-irtf-nsmrg-sm-issues/,/api/v1/doc/document/draft-irtf-nsmrg-sm-issues/,0,draft-irtf-nsmrg-sm-issues,00,2020-01-21 08:24:11+00:00,,2000-10-31 08:00:00+00:00,2000-10-31 08:00:00+00:00,docevent,2001
/api/v1/doc/document/rfc3053/,3053,rfc3053,IPv6 Tunnel Broker,2001-01-01 08:00:00+00:00,/api/v1/doc/document/draft-ietf-ngtrans-broker/,/api/v1/doc/document/draft-ietf-ngtrans-broker/,0,draft-ietf-ngtrans-broker,05,2013-03-02 16:57:13+00:00,,1999-04-02 08:00:00+00:00,1999-04-02 08:00:00+00:00,docevent,2001
/api/v1/doc/document/rfc3054/,3054,rfc3054,Megaco IP Phone Media Gateway Application Profile,2001-01-01 08:00:00+00:00,/api/v1/doc/document/draft-ietf-megaco-ipphone/,/api/v1/doc/document/draft-blatherwick-megaco-ipphone/,1,draft-blatherwick-megaco-ipphone,00,2012-04-18 19:41:44+00:00,,1999-05-21 07:00:00+00:00,1999-05-21 07:00:00+00:00,docevent,2001
/api/v1/doc/document/rfc3054/,3054,rfc3054,Megaco IP Phone Media Gateway Application Profile,2001-01-01 08:00:00+00:00,/api/v1/doc/document/draft-ietf-megaco-ipphone/,/api/v1/doc/document/draft-ietf-megaco-ipphone/,0,draft-ietf-megaco-ipphone,03,2013-03-02 16:57:13+00:00,,1999-07-01 07:00:00+00:00,1999-07-01 07:00:00+00:00,docevent,2001
/api/v1/doc/document/rfc3066/,3066,rfc3066,Tags for the Identification of Languages,2001-01-01 08:00:00+00:00,/api/v1/doc/document/draft-alvestrand-lang-tag-v2/,/api/v1/doc/document/draft-alvestrand-lang-tag-v2/,0,draft-alvestrand-lang-tag-v2,04,2020-01-21 08:24:13+00:00,,2000-06-05 07:00:02+00:00,2000-06-05 07:00:02+00:00,docevent,2001
/api/v1/doc/document/rfc3025/,3025,rfc3025,Mobile IP Vendor/Organization-Specific Extensions,2001-02-01 08:00:00+00:00,/api/v1/doc/document/draft-ietf-mobileip-vendor-ext/,/api/v1/doc/document/draft-ietf-mobileip-vendor-ext/,0,draft-ietf-mobileip-vendor-ext,11,2023-12-12 21:44:11+00:00,,1999-10-04 07:00:00+00:00,1999-10-04 07:00:00+00:00,docevent,2001
/api/v1/doc/document/rfc3029/,3029,rfc3029,Internet X.509 Public Key Infrastructure Data Validation and Certification Server Protocols,2001-02-01 08:00:00+00:00,/api/v1/doc/document/draft-ietf-pkix-dcs/,/api/v1/doc/document/draft-ietf-pkix-dcs/,0,draft-ietf-pkix-dcs,07,2021-03-01 08:27:23+00:00,,1998-09-23 07:00:00+00:00,1998-09-23 07:00:00+00:00,docevent,2001
/api/v1/doc/document/rfc3055/,3055,rfc3055,Management Information Base for the PINT Services Architecture,2001-02-01 08:00:00+00:00,/api/v1/doc/document/draft-ietf-pint-mib/,/api/v1/doc/document/draft-ietf-pint-mib/,0,draft-ietf-pint-mib,05,2013-03-02 16:57:13+00:00,,1999-10-08 07:00:00+00:00,1999-10-08 07:00:00+00:00,docevent,2001
/api/v1/doc/document/rfc3056/,3056,rfc3056,Connection of IPv6 Domains via IPv4 Clouds,2001-02-01 08:00:00+00:00,/api/v1/doc/document/draft-ietf-ngtrans-6to4/,/api/v1/doc/document/draft-ietf-ngtrans-6to4/,0,draft-ietf-ngtrans-6to4,07,2020-01-21 08:24:11+00:00,,1999-01-25 08:00:00+00:00,1999-01-25 08:00:00+00:00,docevent,2001
/api/v1/doc/document/rfc3057/,3057,rfc3057,ISDN Q.921-User Adaptation Layer,2001-02-01 08:00:00+00:00,/api/v1/doc/document/draft-ietf-sigtran-iua/,/api/v1/doc/document/draft-ietf-sigtran-iua/,0,draft-ietf-sigtran-iua,10,2015-10-14 20:49:58+00:00,,1999-09-28 07:00:00+00:00,1999-09-28 07:00:00+00:00,docevent,2001
/api/v1/doc/document/rfc3058/,3058,rfc3058,Use of the IDEA Encryption Algorithm in CMS,2001-02-01 08:00:00+00:00,/api/v1/doc/document/draft-ietf-smime-idea/,/api/v1/doc/document/draft-ietf-smime-idea/,0,draft-ietf-smime-idea,07,2019-11-20 08:23:44+00:00,,1999-03-29 08:00:00+00:00,1999-03-29 08:00:00+00:00,docevent,2001
/api/v1/doc/document/rfc3059/,3059,rfc3059,Attribute List Extension for the Service Location Protocol,2001-02-01 08:00:00+00:00,/api/v1/doc/document/draft-guttman-svrloc-attrlist-ext/,/api/v1/doc/document/draft-guttman-svrloc-attrlist-ext/,0,draft-guttman-svrloc-attrlist-ext,05,2013-03-02 16:57:13+00:00,,2000-03-09 08:00:02+00:00,2000-03-09 08:00:02+00:00,docevent,2001
/api/v1/doc/document/rfc3060/,3060,rfc3060,Policy Core Information Model -- Version 1 Specification,2001-02-01 08:00:00+00:00,/api/v1/doc/document/draft-ietf-policy-core-info-model/,/api/v1/doc/document/draft-ietf-policy-core-info-model/,0,draft-ietf-policy-core-info-model,08,2013-03-02 16:57:13+00:00,,1999-08-05 07:00:00+00:00,1999-08-05 07:00:00+00:00,docevent,2001
/api/v1/doc/document/rfc3061/,3061,rfc3061,A URN Namespace of Object Identifiers,2001-02-01 08:00:00+00:00,/api/v1/doc/document/draft-mealling-rfc3001bis/,/api/v1/doc/document/draft-mealling-rfc3001bis/,0,draft-mealling-rfc3001bis,01,2022-11-11 08:14:49+00:00,,2001-01-11 08:00:00+00:00,2001-01-11 08:00:00+00:00,docevent,2001
/api/v1/doc/document/rfc3062/,3062,rfc3062,LDAP Password Modify Extended Operation,2001-02-01 08:00:00+00:00,/api/v1/doc/document/draft-zeilenga-ldap-passwd-exop/,/api/v1/doc/document/draft-zeilenga-ldap-passwd-exop/,0,draft-zeilenga-ldap-passwd-exop,05,2020-01-21 08:24:12+00:00,,1999-12-22 08:00:00+00:00,1999-12-22 08:00:00+00:00,docevent,2001
/api/v1/doc/document/rfc3063/,3063,rfc3063,MPLS Loop Prevention Mechanism,2001-02-01 08:00:00+00:00,/api/v1/doc/document/draft-ietf-mpls-loop-prevention/,/api/v1/doc/document/draft-ietf-mpls-loop-prevention/,0,draft-ietf-mpls-loop-prevention,03,2013-03-02 16:57:13+00:00,,1999-05-14 07:00:00+00:00,1999-05-14 07:00:00+00:00,docevent,2001
/api/v1/doc/document/rfc3064/,3064,rfc3064,MGCP CAS Packages,2001-02-01 08:00:00+00:00,/api/v1/doc/document/draft-foster-mgcp-cas-packages/,/api/v1/doc/document/draft-foster-mgcp-cas-packages/,0,draft-foster-mgcp-cas-packages,00,2013-03-02 16:57:13+00:00,,2000-10-24 07:00:00+00:00,2000-10-24 07:00:00+00:00,docevent,2001
/api/v1/doc/document/rfc3065/,3065,rfc3065,Autonomous System Confederations for BGP,2001-02-01 08:00:00+00:00,/api/v1/doc/document/draft-ietf-idr-bgp-confed-rfc1965bis/,/api/v1/doc/document/draft-ietf-idr-bgp-confed-rfc1965bis/,0,draft-ietf-idr-bgp-confed-rfc1965bis,01,2013-03-02 16:57:13+00:00,,2000-09-20 07:00:00+00:00,2000-09-20 07:00:00+00:00,docevent,2001
/api/v1/doc/document/rfc3067/,3067,rfc3067,TERENA'S Incident Object Description and Exchange Format Requirements,2001-02-01 08:00:00+00:00,/api/v1/doc/document/draft-terena-itdwg-iodef-requirements/,/api/v1/doc/document/draft-terena-itdwg-iodef-requirements/,0,draft-terena-itdwg-iodef-requirements,00,2013-03-02 16:57:13+00:00,,2000-11-15 08:00:00+00:00,2000-11-15 08:00:00+00:00,docevent,2001
/api/v1/doc/document/rfc3069/,3069,rfc3069,VLAN Aggregation for Efficient IP Address Allocation,2001-02-01 08:00:00+00:00,/api/v1/doc/document/draft-mcpherson-vlan-ipagg/,/api/v1/doc/document/draft-mcpherson-vlan-ipagg/,0,draft-mcpherson-vlan-ipagg,02,2020-01-21 08:24:13+00:00,,2000-09-18 07:00:00+00:00,2000-09-18 07:00:00+00:00,docevent,2001
/api/v1/doc/document/rfc3070/,3070,rfc3070,Layer Two Tunneling Protocol (L2TP) over Frame Relay,2001-02-01 08:00:00+00:00,/api/v1/doc/document/draft-ietf-l2tpext-fr/,/api/v1/doc/document/draft-ietf-l2tpext-fr/,0,draft-ietf-l2tpext-fr,01,2013-03-02 16:57:14+00:00,,2000-07-18 07:00:00+00:00,2000-07-18 07:00:00+00:00,docevent,2001
/api/v1/doc/document/rfc3071/,3071,rfc3071,"Reflections on the DNS, RFC 1591, and Categories of Domains",2001-02-01 08:00:00+00:00,/api/v1/doc/document/draft-klensin-1591-reflections/,/api/v1/doc/document/draft-klensin-1591-reflections/,0,draft-klensin-1591-reflections,04,2013-03-02 16:57:14+00:00,,2000-03-02 08:00:00+00:00,2000-03-02 08:00:00+00:00,docevent,2001
/api/v1/doc/document/rfc3074/,3074,rfc3074,DHC Load Balancing Algorithm,2001-02-01 08:00:00+00:00,/api/v1/doc/document/draft-ietf-dhc-loadb/,/api/v1/doc/document/draft-ietf-dhc-loadb/,0,draft-ietf-dhc-loadb,03,2013-03-02 16:57:14+00:00,,1999-10-22 07:00:00+00:00,1999-10-22 07:00:00+00:00,docevent,2001
/api/v1/doc/document/rfc2919/,2919,rfc2919,List-Id: A Structured Field and Namespace for the Identification of Mailing Lists,2001-03-01 08:00:00+00:00,/api/v1/doc/document/draft-chandhok-listid/,/api/v1/doc/document/draft-chandhok-listid/,0,draft-chandhok-listid,04,2020-01-21 08:23:59+00:00,,1998-05-28 07:00:00+00:00,1998-05-28 07:00:00+00:00,docevent,2001
/api/v1/doc/document/rfc3072/,3072,rfc3072,Structured Data Exchange Format (SDXF),2001-03-01 08:00:00+00:00,/api/v1/doc/document/draft-wildgrube-sdxf/,/api/v1/doc/document/draft-wildgrube-sdxf/,0,draft-wildgrube-sdxf,08,2013-03-02 16:57:14+00:00,,1999-12-17 08:00:00+00:00,1999-12-17 08:00:00+00:00,docevent,2001
/api/v1/doc/document/rfc3073/,3073,rfc3073,Portable Font Resource (PFR) - application/font-tdpfr MIME Sub-type Registration,2001-03-01 08:00:00+00:00,/api/v1/doc/document/draft-collins-pfr/,/api/v1/doc/document/draft-collins-pfr/,0,draft-collins-pfr,00,2013-03-02 16:57:14+00:00,,2000-11-15 08:00:00+00:00,2000-11-15 08:00:00+00:00,docevent,2001
/api/v1/doc/document/rfc3075/,3075,rfc3075,XML-Signature Syntax and Processing,2001-03-01 08:00:00+00:00,/api/v1/doc/document/draft-ietf-xmldsig-core/,/api/v1/doc/document/draft-ietf-xmldsig-core/,0,draft-ietf-xmldsig-core,11,2013-03-02 16:57:14+00:00,,1999-10-18 07:00:00+00:00,1999-10-18 07:00:00+00:00,docevent,2001
/api/v1/doc/document/rfc3076/,3076,rfc3076,Canonical XML Version 1.0,2001-03-01 08:00:00+00:00,/api/v1/doc/document/draft-ietf-xmldsig-canonical/,/api/v1/doc/document/draft-ietf-xmldsig-canonical/,0,draft-ietf-xmldsig-canonical,01,2013-03-02 16:57:14+00:00,,2000-11-20 08:00:00+00:00,2000-11-20 08:00:00+00:00,docevent,2001
/api/v1/doc/document/rfc3077/,3077,rfc3077,A Link-Layer Tunneling Mechanism for Unidirectional Links,2001-03-01 08:00:00+00:00,/api/v1/doc/document/draft-ietf-udlr-lltunnel/,/api/v1/doc/document/draft-ietf-udlr-lltunnel/,0,draft-ietf-udlr-lltunnel,06,2013-03-02 16:57:14+00:00,,1999-02-25 08:00:00+00:00,1999-02-25 08:00:00+00:00,docevent,2001
/api/v1/doc/document/rfc3078/,3078,rfc3078,Microsoft Point-To-Point Encryption (MPPE) Protocol,2001-03-01 08:00:00+00:00,/api/v1/doc/document/draft-ietf-pppext-mppe/,/api/v1/doc/document/draft-ietf-pppext-mppe/,0,draft-ietf-pppext-mppe,05,2013-03-02 16:57:14+00:00,,1998-03-17 08:00:00+00:00,1998-03-17 08:00:00+00:00,docevent,2001
/api/v1/doc/document/rfc3079/,3079,rfc3079,Deriving Keys for use with Microsoft Point-to-Point Encryption (MPPE),2001-03-01 08:00:00+00:00,/api/v1/doc/document/draft-ietf-pppext-mppe-keys/,/api/v1/doc/document/draft-ietf-pppext-mppe-keys/,0,draft-ietf-pppext-mppe-keys,03,2013-03-02 16:57:14+00:00,,1999-02-12 08:00:00+00:00,1999-02-12 08:00:00+00:00,docevent,2001
/api/v1/doc/document/rfc3080/,3080,rfc3080,The Blocks Extensible Exchange Protocol Core,2001-03-01 08:00:00+00:00,/api/v1/doc/document/draft-ietf-beep-framework/,/api/v1/doc/document/draft-ietf-beep-framework/,0,draft-ietf-beep-framework,11,2020-01-21 08:24:14+00:00,,2000-08-25 07:00:00+00:00,2000-08-25 07:00:00+00:00,docevent,2001
/api/v1/doc/document/rfc3081/,3081,rfc3081,Mapping the BEEP Core onto TCP,2001-03-01 08:00:00+00:00,/api/v1/doc/document/draft-ietf-beep-tcpmapping/,/api/v1/doc/document/draft-ietf-beep-tcpmapping/,0,draft-ietf-beep-tcpmapping,06,2013-03-02 16:57:14+00:00,,2000-08-25 07:00:00+00:00,2000-08-25 07:00:00+00:00,docevent,2001
/api/v1/doc/document/rfc3082/,3082,rfc3082,Notification and Subscription for SLP,2001-03-01 08:00:00+00:00,/api/v1/doc/document/draft-kempf-srvloc-notify/,/api/v1/doc/document/draft-kempf-srvloc-notify/,0,draft-kempf-srvloc-notify,05,2013-03-02 16:57:14+00:00,,1999-10-01 07:00:00+00:00,1999-10-01 07:00:00+00:00,docevent,2001
/api/v1/doc/document/rfc3083/,3083,rfc3083,Baseline Privacy Interface Management Information Base for DOCSIS Compliant Cable Modems and Cable Modem Termination Systems,2001-03-01 08:00:00+00:00,/api/v1/doc/document/draft-ietf-ipcdn-mcns-bpi-mib/,/api/v1/doc/document/draft-ietf-ipcdn-mcns-bpi-mib/,0,draft-ietf-ipcdn-mcns-bpi-mib,01,2020-01-21 08:24:14+00:00,,1998-08-14 07:00:00+00:00,1998-08-14 07:00:00+00:00,docevent,2001
/api/v1/doc/document/rfc3084/,3084,rfc3084,COPS Usage for Policy Provisioning (COPS-PR),2001-03-01 08:00:00+00:00,/api/v1/doc/document/draft-ietf-rap-pr/,/api/v1/doc/document/draft-ietf-rap-pr/,0,draft-ietf-rap-pr,05,2016-04-28 07:10:33+00:00,,1999-06-29 07:00:00+00:00,1999-06-29 07:00:00+00:00,docevent,2001
/api/v1/doc/document/rfc3085/,3085,rfc3085,URN Namespace for NewsML Resources,2001-03-01 08:00:00+00:00,/api/v1/doc/document/draft-iptc-newsml-urn/,/api/v1/doc/document/draft-iptc-newsml-urn/,0,draft-iptc-newsml-urn,01,2013-03-02 16:57:14+00:00,,2000-11-09 08:00:00+00:00,2000-11-09 08:00:00+00:00,docevent,2001
/api/v1/doc/document/rfc3090/,3090,rfc3090,DNS Security Extension Clarification on Zone Status,2001-03-01 08:00:00+00:00,/api/v1/doc/document/draft-ietf-dnsext-zone-status/,/api/v1/doc/document/draft-ietf-dnsext-zone-status/,0,draft-ietf-dnsext-zone-status,05,2013-03-02 16:57:15+00:00,,2000-02-03 08:00:00+00:00,2000-02-03 08:00:00+00:00,docevent,2001
/api/v1/doc/document/rfc2821/,2821,rfc2821,Simple Mail Transfer Protocol,2001-04-01 08:00:00+00:00,/api/v1/doc/document/draft-ietf-drums-smtpupd/,/api/v1/doc/document/draft-ietf-drums-smtpupd/,0,draft-ietf-drums-smtpupd,13,2020-01-21 08:23:50+00:00,,1995-11-08 08:00:00+00:00,1995-11-08 08:00:00+00:00,docevent,2001
/api/v1/doc/document/rfc2822/,2822,rfc2822,Internet Message Format,2001-04-01 08:00:00+00:00,/api/v1/doc/document/draft-ietf-drums-msg-fmt/,/api/v1/doc/document/draft-ietf-drums-msg-fmt/,0,draft-ietf-drums-msg-fmt,09,2020-01-21 08:23:50+00:00,,1996-11-27 08:00:00+00:00,1996-11-27 08:00:00+00:00,docevent,2001
/api/v1/doc/document/rfc2961/,2961,rfc2961,RSVP Refresh Overhead Reduction Extensions,2001-04-01 08:00:00+00:00,/api/v1/doc/document/draft-ietf-rsvp-refresh-reduct/,/api/v1/doc/document/draft-ietf-rsvp-refresh-reduct/,0,draft-ietf-rsvp-refresh-reduct,05,2013-03-02 16:57:08+00:00,,1999-10-27 07:00:00+00:00,1999-10-27 07:00:00+00:00,docevent,2001
/api/v1/doc/document/rfc3086/,3086,rfc3086,Definition of Differentiated Services Per Domain Behaviors and Rules for their Specification,2001-04-01 08:00:00+00:00,/api/v1/doc/document/draft-ietf-diffserv-pdb-def/,/api/v1/doc/document/draft-ietf-diffserv-pdb-def/,0,draft-ietf-diffserv-pdb-def,03,2013-03-02 16:57:14+00:00,,2000-06-23 07:00:00+00:00,2000-06-23 07:00:00+00:00,docevent,2001
/api/v1/doc/document/rfc3087/,3087,rfc3087,Control of Service Context using SIP Request-URI,2001-04-01 08:00:00+00:00,/api/v1/doc/document/draft-campbell-sip-service-control/,/api/v1/doc/document/draft-campbell-sip-service-control/,0,draft-campbell-sip-service-control,03,2021-03-30 07:28:38+00:00,,2000-01-19 08:00:00+00:00,2000-01-19 08:00:00+00:00,docevent,2001
/api/v1/doc/document/rfc3088/,3088,rfc3088,OpenLDAP Root Service An experimental LDAP referral service,2001-04-01 08:00:00+00:00,/api/v1/doc/document/draft-zeilenga-ldap-root/,/api/v1/doc/document/draft-zeilenga-ldap-root/,0,draft-zeilenga-ldap-root,02,2013-03-02 16:57:15+00:00,,2000-06-12 07:00:00+00:00,2000-06-12 07:00:00+00:00,docevent,2001
/api/v1/doc/document/rfc3089/,3089,rfc3089,A SOCKS-based IPv6/IPv4 Gateway Mechanism,2001-04-01 08:00:00+00:00,/api/v1/doc/document/draft-ietf-ngtrans-socks-gateway/,/api/v1/doc/document/draft-ietf-ngtrans-socks-gateway/,0,draft-ietf-ngtrans-socks-gateway,06,2013-03-02 16:57:15+00:00,,1999-04-26 07:00:00+00:00,1999-04-26 07:00:00+00:00,docevent,2001
/api/v1/doc/document/rfc3094/,3094,rfc3094,Tekelec's Transport Adapter Layer Interface,2001-04-01 08:00:00+00:00,/api/v1/doc/document/draft-benedyk-sigtran-tali/,/api/v1/doc/document/draft-benedyk-sigtran-tali/,0,draft-benedyk-sigtran-tali,01,2013-03-02 16:57:15+00:00,,1999-06-15 07:00:00+00:00,1999-06-15 07:00:00+00:00,docevent,2001
/api/v1/doc/document/rfc3097/,3097,rfc3097,RSVP Cryptographic Authentication -- Updated Message Type Value,2001-04-01 08:00:00+00:00,/api/v1/doc/document/draft-ietf-rsvp-fix-iana/,/api/v1/doc/document/draft-ietf-rsvp-fix-iana/,0,draft-ietf-rsvp-fix-iana,00,2013-03-02 16:57:15+00:00,,2001-01-23 08:00:00+00:00,2001-01-23 08:00:00+00:00,docevent,2001
/api/v1/doc/document/rfc3098/,3098,rfc3098,How to Advertise Responsibly Using E-Mail and Newsgroups or - how NOT to $$$$$  MAKE ENEMIES FAST!  $$$$$,2001-04-01 08:00:00+00:00,/api/v1/doc/document/draft-ietf-run-adverts/,/api/v1/doc/document/draft-ietf-run-adverts/,0,draft-ietf-run-adverts,02,2013-03-02 16:57:15+00:00,,1998-03-18 08:00:00+00:00,1998-03-18 08:00:00+00:00,docevent,2001
/api/v1/doc/document/rfc3106/,3106,rfc3106,ECML v1.1: Field Specifications for E-Commerce,2001-04-01 08:00:00+00:00,/api/v1/doc/document/draft-eastlake-ecom-fields2/,/api/v1/doc/document/draft-eastlake-ecom-fields2/,0,draft-eastlake-ecom-fields2,05,2013-03-02 16:57:15+00:00,,1999-10-05 07:00:00+00:00,1999-10-05 07:00:00+00:00,docevent,2001
/api/v1/doc/document/rfc3115/,3115,rfc3115,Mobile IP Vendor/Organization-Specific Extensions,2001-04-01 08:00:00+00:00,/api/v1/doc/document/draft-ietf-mobileip-vendor-ext/,/api/v1/doc/document/draft-ietf-mobileip-vendor-ext/,0,draft-ietf-mobileip-vendor-ext,11,2023-12-12 21:44:11+00:00,,1999-10-04 07:00:00+00:00,1999-10-04 07:00:00+00:00,docevent,2001
/api/v1/doc/document/rfc3107/,3107,rfc3107,Carrying Label Information in BGP-4,2001-05-01 07:00:00+00:00,/api/v1/doc/document/draft-ietf-mpls-bgp4-mpls/,/api/v1/doc/document/draft-ietf-mpls-bgp4-mpls/,0,draft-ietf-mpls-bgp4-mpls,05,2020-01-21 08:24:16+00:00,,1998-04-11 07:00:00+00:00,1998-04-11 07:00:00+00:00,docevent,2001
/api/v1/doc/document/rfc3108/,3108,rfc3108,Conventions for the use of the Session Description Protocol (SDP) for ATM Bearer Connections,2001-05-01 07:00:00+00:00,/api/v1/doc/document/draft-ietf-mmusic-sdp-atm/,/api/v1/doc/document/draft-ietf-mmusic-sdp-atm/,0,draft-ietf-mmusic-sdp-atm,05,2020-01-21 08:24:17+00:00,,2000-09-15 07:00:00+00:00,2000-09-15 07:00:00+00:00,docevent,2001
/api/v1/doc/document/rfc3109/,3109,rfc3109,Request to Move STD 39 to Historic Status,2001-05-01 07:00:00+00:00,/api/v1/doc/document/draft-ymbk-std39-historic/,/api/v1/doc/document/draft-ymbk-std39-historic/,0,draft-ymbk-std39-historic,02,2013-03-02 16:57:16+00:00,,2001-01-18 08:00:00+00:00,2001-01-18 08:00:00+00:00,docevent,2001
/api/v1/doc/document/rfc3110/,3110,rfc3110,RSA/SHA-1 SIGs and RSA KEYs in the Domain Name System (DNS),2001-05-01 07:00:00+00:00,/api/v1/doc/document/draft-ietf-dnsext-rsa/,/api/v1/doc/document/draft-ietf-dnsext-rsa/,0,draft-ietf-dnsext-rsa,03,2020-01-21 08:24:17+00:00,,2000-08-24 07:00:00+00:00,2000-08-24 07:00:00+00:00,docevent,2001
/api/v1/doc/document/rfc3111/,3111,rfc3111,Service Location Protocol Modifications for IPv6,2001-05-01 07:00:00+00:00,/api/v1/doc/document/draft-ietf-svrloc-ipv6/,/api/v1/doc/document/draft-ietf-svrloc-ipv6/,0,draft-ietf-svrloc-ipv6,12,2013-03-02 16:57:16+00:00,,1996-07-18 07:00:00+00:00,1996-07-18 07:00:00+00:00,docevent,2001
/api/v1/doc/document/rfc3112/,3112,rfc3112,LDAP Authentication Password Schema,2001-05-01 07:00:00+00:00,/api/v1/doc/document/draft-zeilenga-ldap-authpasswd/,/api/v1/doc/document/draft-zeilenga-ldap-authpasswd/,0,draft-zeilenga-ldap-authpasswd,05,2013-03-02 16:57:16+00:00,,1999-12-21 08:00:00+00:00,1999-12-21 08:00:00+00:00,docevent,2001
/api/v1/doc/document/rfc3068/,3068,rfc3068,An Anycast Prefix for 6to4 Relay Routers,2001-06-01 07:00:00+00:00,/api/v1/doc/document/draft-ietf-ngtrans-6to4anycast/,/api/v1/doc/document/draft-ietf-ngtrans-6to4anycast/,0,draft-ietf-ngtrans-6to4anycast,03,2015-10-14 20:50:09+00:00,,2001-01-05 08:00:00+00:00,2001-01-05 08:00:00+00:00,docevent,2001
/api/v1/doc/document/rfc3113/,3113,rfc3113,3GPP-IETF Standardization Collaboration,2001-06-01 07:00:00+00:00,/api/v1/doc/document/draft-3gpp-collaboration/,/api/v1/doc/document/draft-3gpp-collaboration/,0,draft-3gpp-collaboration,01,2013-03-02 16:57:16+00:00,,2000-11-20 08:00:00+00:00,2000-11-20 08:00:00+00:00,docevent,2001
/api/v1/doc/document/rfc3116/,3116,rfc3116,Methodology for ATM Benchmarking,2001-06-01 07:00:00+00:00,/api/v1/doc/document/draft-ietf-bmwg-atm-method/,/api/v1/doc/document/draft-ietf-bmwg-atm-method/,0,draft-ietf-bmwg-atm-method,03,2013-03-02 16:57:16+00:00,,1999-10-25 07:00:00+00:00,1999-10-25 07:00:00+00:00,docevent,2001
/api/v1/doc/document/rfc3118/,3118,rfc3118,Authentication for DHCP Messages,2001-06-01 07:00:00+00:00,/api/v1/doc/document/draft-ietf-dhc-authentication/,/api/v1/doc/document/draft-ietf-dhc-authentication/,0,draft-ietf-dhc-authentication,16,2020-01-21 08:24:19+00:00,,1996-02-13 08:00:00+00:00,1996-02-13 08:00:00+00:00,docevent,2001
/api/v1/doc/document/rfc3119/,3119,rfc3119,A More Loss-Tolerant RTP Payload Format for MP3 Audio,2001-06-01 07:00:00+00:00,/api/v1/doc/document/draft-ietf-avt-rtp-mp3/,/api/v1/doc/document/draft-ietf-avt-rtp-mp3/,0,draft-ietf-avt-rtp-mp3,06,2020-01-21 08:24:19+00:00,,1999-10-22 07:00:00+00:00,1999-10-22 07:00:00+00:00,docevent,2001
/api/v1/doc/document/rfc3120/,3120,rfc3120,A URN Namespace for XML.org,2001-06-01 07:00:00+00:00,/api/v1/doc/document/draft-best-xmlorg/,/api/v1/doc/document/draft-best-xmlorg/,0,draft-best-xmlorg,01,2013-03-02 16:57:16+00:00,,2001-01-03 08:00:00+00:00,2001-01-03 08:00:00+00:00,docevent,2001
/api/v1/doc/document/rfc3121/,3121,rfc3121,A URN Namespace for OASIS,2001-06-01 07:00:00+00:00,/api/v1/doc/document/draft-best-urn-oasis/,/api/v1/doc/document/draft-best-urn-oasis/,0,draft-best-urn-oasis,02,2013-03-02 16:57:16+00:00,,2001-01-03 08:00:00+00:00,2001-01-03 08:00:00+00:00,docevent,2001
/api/v1/doc/document/rfc3122/,3122,rfc3122,Extensions to IPv6 Neighbor Discovery for Inverse Discovery Specification,2001-06-01 07:00:00+00:00,/api/v1/doc/document/draft-ietf-ion-ipv6-ind/,/api/v1/doc/document/draft-ietf-ion-ipv6-ind/,0,draft-ietf-ion-ipv6-ind,04,2020-01-21 08:24:19+00:00,,1998-04-07 07:00:00+00:00,1998-04-07 07:00:00+00:00,docevent,2001
/api/v1/doc/document/rfc3123/,3123,rfc3123,A DNS RR Type for Lists of Address Prefixes (APL RR),2001-06-01 07:00:00+00:00,/api/v1/doc/document/draft-ietf-dnsext-apl-rr/,/api/v1/doc/document/draft-ietf-dnsext-apl-rr/,0,draft-ietf-dnsext-apl-rr,02,2013-03-02 16:57:16+00:00,,2000-03-02 08:00:00+00:00,2000-03-02 08:00:00+00:00,docevent,2001
/api/v1/doc/document/rfc3124/,3124,rfc3124,The Congestion Manager,2001-06-01 07:00:00+00:00,/api/v1/doc/document/draft-ietf-ecm-cm/,/api/v1/doc/document/draft-ietf-ecm-cm/,0,draft-ietf-ecm-cm,04,2013-03-02 16:57:16+00:00,,2000-07-06 07:00:00+00:00,2000-07-06 07:00:00+00:00,docevent,2001
/api/v1/doc/document/rfc3127/,3127,rfc3127,"Authentication, Authorization, and Accounting: Protocol Evaluation",2001-06-01 07:00:00+00:00,/api/v1/doc/document/draft-ietf-aaa-proto-eval/,/api/v1/doc/document/draft-ietf-aaa-proto-eval/,0,draft-ietf-aaa-proto-eval,02,2013-03-02 16:57:16+00:00,,2000-07-24 07:00:00+00:00,2000-07-24 07:00:00+00:00,docevent,2001
/api/v1/doc/document/rfc3128/,3128,rfc3128,Protection Against a Variant of the Tiny Fragment Attack (RFC 1858),2001-06-01 07:00:00+00:00,/api/v1/doc/document/draft-miller-rfc1858-cmts/,/api/v1/doc/document/draft-miller-rfc1858-cmts/,0,draft-miller-rfc1858-cmts,01,2013-03-02 16:57:17+00:00,,2000-08-07 07:00:00+00:00,2000-08-07 07:00:00+00:00,docevent,2001
/api/v1/doc/document/rfc3129/,3129,rfc3129,Requirements for Kerberized Internet Negotiation of Keys,2001-06-01 07:00:00+00:00,/api/v1/doc/document/draft-ietf-kink-reqmt/,/api/v1/doc/document/draft-ietf-kink-reqmt/,0,draft-ietf-kink-reqmt,03,2013-03-02 16:57:17+00:00,,2000-10-05 07:00:00+00:00,2000-10-05 07:00:00+00:00,docevent,2001
/api/v1/doc/document/rfc3130/,3130,rfc3130,Notes from the State-Of-The-Technology: DNSSEC,2001-06-01 07:00:00+00:00,/api/v1/doc/document/draft-lewis-state-of-dnssec/,/api/v1/doc/document/draft-lewis-state-of-dnssec/,0,draft-lewis-state-of-dnssec,02,2013-03-02 16:57:17+00:00,,2001-02-02 08:00:00+00:00,2001-02-02 08:00:00+00:00,docevent,2001
/api/v1/doc/document/rfc3131/,3131,rfc3131,3GPP2-IETF Standardization Collaboration,2001-06-01 07:00:00+00:00,/api/v1/doc/document/draft-bradner-3gpp2-collaboration/,/api/v1/doc/document/draft-bradner-3gpp2-collaboration/,0,draft-bradner-3gpp2-collaboration,01,2013-03-02 16:57:17+00:00,,2001-02-19 08:00:00+00:00,2001-02-19 08:00:00+00:00,docevent,2001
/api/v1/doc/document/rfc3132/,3132,rfc3132,"Dormant Mode Host Alerting (""IP Paging"") Problem Statement",2001-06-01 07:00:00+00:00,/api/v1/doc/document/draft-ietf-seamoby-paging-problem-statement/,/api/v1/doc/document/draft-ietf-seamoby-paging-problem-statement/,0,draft-ietf-seamoby-paging-problem-statement,03,2013-03-02 16:57:17+00:00,,2001-02-23 08:00:02+00:00,2001-02-23 08:00:02+00:00,docevent,2001
/api/v1/doc/document/rfc3133/,3133,rfc3133,Terminology for Frame Relay Benchmarking,2001-06-01 07:00:00+00:00,/api/v1/doc/document/draft-ietf-bmwg-fr-term/,/api/v1/doc/document/draft-ietf-bmwg-fr-term/,0,draft-ietf-bmwg-fr-term,06,2013-03-02 16:57:17+00:00,,1999-11-18 08:00:02+00:00,1999-11-18 08:00:02+00:00,docevent,2001
/api/v1/doc/document/rfc3134/,3134,rfc3134,Terminology for ATM ABR Benchmarking,2001-06-01 07:00:00+00:00,/api/v1/doc/document/draft-ietf-bmwg-atm-term-abr/,/api/v1/doc/document/draft-ietf-bmwg-atm-term-abr/,0,draft-ietf-bmwg-atm-term-abr,03,2013-03-02 16:57:17+00:00,,1999-11-19 08:00:00+00:00,1999-11-19 08:00:00+00:00,docevent,2001
/api/v1/doc/document/rfc3135/,3135,rfc3135,Performance Enhancing Proxies Intended to Mitigate Link-Related Degradations,2001-06-01 07:00:00+00:00,/api/v1/doc/document/draft-ietf-pilc-pep/,/api/v1/doc/document/draft-ietf-pilc-pep/,0,draft-ietf-pilc-pep,07,2013-03-02 16:57:17+00:00,,1999-07-01 07:00:00+00:00,1999-07-01 07:00:00+00:00,docevent,2001
/api/v1/doc/document/rfc3136/,3136,rfc3136,The SPIRITS Architecture,2001-06-01 07:00:00+00:00,/api/v1/doc/document/draft-ietf-spirits-architecture/,/api/v1/doc/document/draft-ietf-spirits-architecture/,0,draft-ietf-spirits-architecture,03,2013-03-02 16:57:17+00:00,,2000-10-20 07:00:00+00:00,2000-10-20 07:00:00+00:00,docevent,2001
/api/v1/doc/document/rfc3137/,3137,rfc3137,OSPF Stub Router Advertisement,2001-06-01 07:00:00+00:00,/api/v1/doc/document/draft-ietf-ospf-stub-adv/,/api/v1/doc/document/draft-zinin-ospf-stub-adv/,1,draft-zinin-ospf-stub-adv,00,2000-07-25 07:00:00+00:00,,2000-07-25 07:00:00+00:00,2000-07-25 07:00:00+00:00,docevent,2001
/api/v1/doc/document/rfc3137/,3137,rfc3137,OSPF Stub Router Advertisement,2001-06-01 07:00:00+00:00,/api/v1/doc/document/draft-ietf-ospf-stub-adv/,/api/v1/doc/document/draft-ietf-ospf-stub-adv/,0,draft-ietf-ospf-stub-adv,02,2015-08-20 14:44:17+00:00,,2000-09-18 07:00:00+00:00,2000-09-18 07:00:00+00:00,docevent,2001
/api/v1/doc/document/rfc3138/,3138,rfc3138,Extended Assignments in 233/8,2001-06-01 07:00:00+00:00,/api/v1/doc/document/draft-ietf-mboned-glop-extensions/,/api/v1/doc/document/draft-ietf-mboned-glop-extensions/,0,draft-ietf-mboned-glop-extensions,02,2013-03-02 16:57:17+00:00,,2001-04-02 07:00:00+00:00,2001-04-02 07:00:00+00:00,docevent,2001
/api/v1/doc/document/rfc3139/,3139,rfc3139,Requirements for Configuration Management of IP-based Networks,2001-06-01 07:00:00+00:00,/api/v1/doc/document/draft-ops-ip-config-management-reqmnts/,/api/v1/doc/document/draft-ops-ip-config-management-reqmnts/,0,draft-ops-ip-config-management-reqmnts,01,2013-03-02 16:57:17+00:00,,2000-07-18 07:00:00+00:00,2000-07-18 07:00:00+00:00,docevent,2001
/api/v1/doc/document/rfc3140/,3140,rfc3140,Per Hop Behavior Identification Codes,2001-06-01 07:00:00+00:00,/api/v1/doc/document/draft-ietf-diffserv-2836bis/,/api/v1/doc/document/draft-ietf-diffserv-2836bis/,0,draft-ietf-diffserv-2836bis,02,2013-03-02 16:57:17+00:00,,2001-01-30 08:00:00+00:00,2001-01-30 08:00:00+00:00,docevent,2001
/api/v1/doc/document/rfc3141/,3141,rfc3141,CDMA2000 Wireless Data Requirements for AAA,2001-06-01 07:00:00+00:00,/api/v1/doc/document/draft-hiller-cdma2000-aaa/,/api/v1/doc/document/draft-hiller-cdma2000-aaa/,0,draft-hiller-cdma2000-aaa,02,2013-03-02 16:57:17+00:00,,2000-02-28 08:00:00+00:00,2000-02-28 08:00:00+00:00,docevent,2001
/api/v1/doc/document/rfc3142/,3142,rfc3142,An IPv6-to-IPv4 Transport Relay Translator,2001-06-01 07:00:00+00:00,/api/v1/doc/document/draft-ietf-ngtrans-tcpudp-relay/,/api/v1/doc/document/draft-ietf-ngtrans-tcpudp-relay/,0,draft-ietf-ngtrans-tcpudp-relay,04,2013-03-02 16:57:17+00:00,,2000-01-19 08:00:00+00:00,2000-01-19 08:00:00+00:00,docevent,2001
/api/v1/doc/document/rfc3143/,3143,rfc3143,Known HTTP Proxy/Caching Problems,2001-06-01 07:00:00+00:00,/api/v1/doc/document/draft-cooper-wrec-known-prob/,/api/v1/doc/document/draft-cooper-wrec-known-prob/,0,draft-cooper-wrec-known-prob,01,2013-03-02 16:57:17+00:00,,2001-01-23 08:00:00+00:00,2001-01-23 08:00:00+00:00,docevent,2001
/api/v1/doc/document/rfc3095/,3095,rfc3095,"RObust Header Compression (ROHC): Framework and four profiles: RTP, UDP, ESP, and uncompressed",2001-07-01 07:00:00+00:00,/api/v1/doc/document/draft-ietf-rohc-rtp/,/api/v1/doc/document/draft-jonsson-robust-hc/,2,draft-jonsson-robust-hc,04,2000-03-13 08:00:00+00:00,,1999-06-23 07:00:00+00:00,1999-06-23 07:00:00+00:00,docevent,2001
/api/v1/doc/document/rfc3095/,3095,rfc3095,"RObust Header Compression (ROHC): Framework and four profiles: RTP, UDP, ESP, and uncompressed",2001-07-01 07:00:00+00:00,/api/v1/doc/document/draft-ietf-rohc-rtp/,/api/v1/doc/document/draft-ietf-rohc-rtp-ace/,1,draft-ietf-rohc-rtp-ace,00,2000-05-25 07:00:00+00:00,,2000-05-25 07:00:00+00:00,2000-05-25 07:00:00+00:00,docevent,2001
/api/v1/doc/document/rfc3095/,3095,rfc3095,"RObust Header Compression (ROHC): Framework and four profiles: RTP, UDP, ESP, and uncompressed",2001-07-01 07:00:00+00:00,/api/v1/doc/document/draft-ietf-rohc-rtp/,/api/v1/doc/document/draft-ietf-rohc-rtp-kw/,1,draft-ietf-rohc-rtp-kw,00,2000-05-24 07:00:00+00:00,,2000-05-24 07:00:00+00:00,2000-05-24 07:00:00+00:00,docevent,2001
/api/v1/doc/document/rfc3095/,3095,rfc3095,"RObust Header Compression (ROHC): Framework and four profiles: RTP, UDP, ESP, and uncompressed",2001-07-01 07:00:00+00:00,/api/v1/doc/document/draft-ietf-rohc-rtp/,/api/v1/doc/document/draft-ietf-rohc-rtp-rocco/,1,draft-ietf-rohc-rtp-rocco,01,2000-06-15 07:00:00+00:00,,2000-05-24 07:00:00+00:00,2000-05-24 07:00:00+00:00,docevent,2001
/api/v1/doc/document/rfc3095/,3095,rfc3095,"RObust Header Compression (ROHC): Framework and four profiles: RTP, UDP, ESP, and uncompressed",2001-07-01 07:00:00+00:00,/api/v1/doc/document/draft-ietf-rohc-rtp/,/api/v1/doc/document/draft-ietf-rohc-rtp/,0,draft-ietf-rohc-rtp,09,2013-03-02 16:57:15+00:00,,2000-07-06 07:00:00+00:00,2000-07-06 07:00:00+00:00,docevent,2001
/api/v1/doc/document/rfc3096/,3096,rfc3096,Requirements for robust IP/UDP/RTP header compression,2001-07-01 07:00:00+00:00,/api/v1/doc/document/draft-ietf-rohc-rtp-requirements/,/api/v1/doc/document/draft-ietf-rohc-rtp-requirements/,0,draft-ietf-rohc-rtp-requirements,05,2013-03-02 16:57:15+00:00,,2000-06-13 07:00:00+00:00,2000-06-13 07:00:00+00:00,docevent,2001
/api/v1/doc/document/rfc3145/,3145,rfc3145,L2TP Disconnect Cause Information,2001-07-01 07:00:00+00:00,/api/v1/doc/document/draft-ietf-l2tpext-ppp-discinfo/,/api/v1/doc/document/draft-ietf-l2tpext-ppp-discinfo/,0,draft-ietf-l2tpext-ppp-discinfo,04,2013-03-02 16:57:17+00:00,,2000-06-01 07:00:00+00:00,2000-06-01 07:00:00+00:00,docevent,2001
/api/v1/doc/document/rfc3147/,3147,rfc3147,Generic Routing Encapsulation over CLNS Networks,2001-07-01 07:00:00+00:00,/api/v1/doc/document/draft-christian-gre-over-clnp/,/api/v1/doc/document/draft-christian-gre-over-clnp/,0,draft-christian-gre-over-clnp,02,2013-03-02 16:57:17+00:00,,2001-03-22 08:00:00+00:00,2001-03-22 08:00:00+00:00,docevent,2001
/api/v1/doc/document/rfc3148/,3148,rfc3148,A Framework for Defining Empirical Bulk Transfer Capacity Metrics,2001-07-01 07:00:00+00:00,/api/v1/doc/document/draft-ietf-ippm-btc-framework/,/api/v1/doc/document/draft-ietf-ippm-btc-framework/,0,draft-ietf-ippm-btc-framework,05,2013-03-02 16:57:17+00:00,,1998-11-23 08:00:00+00:00,1998-11-23 08:00:00+00:00,docevent,2001
/api/v1/doc/document/rfc3150/,3150,rfc3150,End-to-end Performance Implications of Slow Links,2001-07-01 07:00:00+00:00,/api/v1/doc/document/draft-ietf-pilc-slow/,/api/v1/doc/document/draft-ietf-pilc-slow/,0,draft-ietf-pilc-slow,07,2013-03-02 16:57:18+00:00,,1999-06-01 07:00:00+00:00,1999-06-01 07:00:00+00:00,docevent,2001
/api/v1/doc/document/rfc3144/,3144,rfc3144,Remote Monitoring MIB Extensions for Interface Parameters Monitoring,2001-08-01 07:00:00+00:00,/api/v1/doc/document/draft-ietf-rmonmib-iftopn-mib/,/api/v1/doc/document/draft-ietf-rmonmib-iftopn-mib/,0,draft-ietf-rmonmib-iftopn-mib,05,2013-03-02 16:57:17+00:00,,2000-03-09 08:00:00+00:00,2000-03-09 08:00:00+00:00,docevent,2001
/api/v1/doc/document/rfc3151/,3151,rfc3151,A URN Namespace for Public Identifiers,2001-08-01 07:00:00+00:00,/api/v1/doc/document/draft-walsh-urn-publicid/,/api/v1/doc/document/draft-walsh-urn-publicid/,0,draft-walsh-urn-publicid,01,2013-03-02 16:57:18+00:00,,2001-02-15 08:00:00+00:00,2001-02-15 08:00:00+00:00,docevent,2001
/api/v1/doc/document/rfc3152/,3152,rfc3152,Delegation of IP6.ARPA,2001-08-01 07:00:00+00:00,/api/v1/doc/document/draft-ymbk-ip6-arpa-delegation/,/api/v1/doc/document/draft-ymbk-ip6-arpa-delegation/,0,draft-ymbk-ip6-arpa-delegation,02,2013-03-02 16:57:18+00:00,,2001-01-18 08:00:00+00:00,2001-01-18 08:00:00+00:00,docevent,2001
/api/v1/doc/document/rfc3153/,3153,rfc3153,PPP Multiplexing,2001-08-01 07:00:00+00:00,/api/v1/doc/document/draft-ietf-pppext-pppmux/,/api/v1/doc/document/draft-ietf-pppext-pppmux/,0,draft-ietf-pppext-pppmux,03,2013-03-02 16:57:18+00:00,,2000-01-06 08:00:00+00:00,2000-01-06 08:00:00+00:00,docevent,2001
/api/v1/doc/document/rfc3154/,3154,rfc3154,Requirements and Functional Architecture for an IP Host Alerting Protocol,2001-08-01 07:00:00+00:00,/api/v1/doc/document/draft-ietf-seamoby-paging-requirements/,/api/v1/doc/document/draft-ietf-seamoby-paging-requirements/,0,draft-ietf-seamoby-paging-requirements,01,2013-03-02 16:57:18+00:00,,2001-04-24 07:00:00+00:00,2001-04-24 07:00:00+00:00,docevent,2001
/api/v1/doc/document/rfc3155/,3155,rfc3155,End-to-end Performance Implications of Links with Errors,2001-08-01 07:00:00+00:00,/api/v1/doc/document/draft-ietf-pilc-error/,/api/v1/doc/document/draft-ietf-pilc-error/,0,draft-ietf-pilc-error,08,2013-03-02 16:57:18+00:00,,1999-06-09 07:00:00+00:00,1999-06-09 07:00:00+00:00,docevent,2001
/api/v1/doc/document/rfc3156/,3156,rfc3156,MIME Security with OpenPGP,2001-08-01 07:00:00+00:00,/api/v1/doc/document/draft-ietf-openpgp-mime/,/api/v1/doc/document/draft-ietf-openpgp-mime/,0,draft-ietf-openpgp-mime,08,2020-07-29 07:29:56+00:00,,2000-02-14 08:00:00+00:00,2000-02-14 08:00:00+00:00,docevent,2001
/api/v1/doc/document/rfc3157/,3157,rfc3157,Securely Available Credentials - Requirements,2001-08-01 07:00:00+00:00,/api/v1/doc/document/draft-ietf-sacred-reqs/,/api/v1/doc/document/draft-ietf-sacred-reqs/,0,draft-ietf-sacred-reqs,03,2013-03-02 16:57:18+00:00,,2000-11-06 08:00:00+00:00,2000-11-06 08:00:00+00:00,docevent,2001
/api/v1/doc/document/rfc3158/,3158,rfc3158,RTP Testing Strategies,2001-08-01 07:00:00+00:00,/api/v1/doc/document/draft-ietf-avt-rtptest/,/api/v1/doc/document/draft-ietf-avt-rtptest/,0,draft-ietf-avt-rtptest,06,2013-03-02 16:57:18+00:00,,1999-06-29 07:00:00+00:00,1999-06-29 07:00:00+00:00,docevent,2001
/api/v1/doc/document/rfc3159/,3159,rfc3159,Structure of Policy Provisioning Information (SPPI),2001-08-01 07:00:00+00:00,/api/v1/doc/document/draft-ietf-rap-sppi/,/api/v1/doc/document/draft-ietf-rap-sppi/,0,draft-ietf-rap-sppi,07,2016-04-28 07:10:35+00:00,,2000-03-14 08:00:00+00:00,2000-03-14 08:00:00+00:00,docevent,2001
/api/v1/doc/document/rfc3160/,3160,rfc3160,The Tao of IETF - A Novice's Guide to the Internet Engineering Task Force,2001-08-01 07:00:00+00:00,/api/v1/doc/document/draft-ietf-uswg-tao/,/api/v1/doc/document/draft-ietf-uswg-tao/,0,draft-ietf-uswg-tao,05,2013-03-02 16:57:18+00:00,,2000-07-06 07:00:00+00:00,2000-07-06 07:00:00+00:00,docevent,2001
/api/v1/doc/document/rfc3161/,3161,rfc3161,Internet X.509 Public Key Infrastructure Time-Stamp Protocol (TSP),2001-08-01 07:00:00+00:00,/api/v1/doc/document/draft-ietf-pkix-time-stamp/,/api/v1/doc/document/draft-ietf-pkix-time-stamp/,0,draft-ietf-pkix-time-stamp,15,2020-01-21 08:24:21+00:00,,1998-09-23 07:00:00+00:00,1998-09-23 07:00:00+00:00,docevent,2001
/api/v1/doc/document/rfc3162/,3162,rfc3162,RADIUS and IPv6,2001-08-01 07:00:00+00:00,/api/v1/doc/document/draft-aboba-radius-ipv6/,/api/v1/doc/document/draft-aboba-radius-ipv6/,0,draft-aboba-radius-ipv6,10,2013-03-02 16:57:18+00:00,,2000-08-11 07:00:00+00:00,2000-08-11 07:00:00+00:00,docevent,2001
/api/v1/doc/document/rfc3163/,3163,rfc3163,ISO/IEC 9798-3 Authentication SASL Mechanism,2001-08-01 07:00:00+00:00,/api/v1/doc/document/draft-zuccherato-9798-3-sasl/,/api/v1/doc/document/draft-zuccherato-9798-3-sasl/,0,draft-zuccherato-9798-3-sasl,03,2013-03-02 16:57:18+00:00,,2000-05-22 07:00:00+00:00,2000-05-22 07:00:00+00:00,docevent,2001
/api/v1/doc/document/rfc3164/,3164,rfc3164,The BSD Syslog Protocol,2001-08-01 07:00:00+00:00,/api/v1/doc/document/draft-ietf-syslog-syslog/,/api/v1/doc/document/draft-ietf-syslog-syslog/,0,draft-ietf-syslog-syslog,12,2013-03-02 16:57:18+00:00,,2000-10-06 07:00:00+00:00,2000-10-06 07:00:00+00:00,docevent,2001
/api/v1/doc/document/rfc3165/,3165,rfc3165,Definitions of Managed Objects for the Delegation of Management Scripts,2001-08-01 07:00:00+00:00,/api/v1/doc/document/draft-ietf-disman-script-mib-v2/,/api/v1/doc/document/draft-ietf-disman-script-mib-v2/,0,draft-ietf-disman-script-mib-v2,04,2020-01-21 08:24:21+00:00,,1999-10-20 07:00:00+00:00,1999-10-20 07:00:00+00:00,docevent,2001
/api/v1/doc/document/rfc3166/,3166,rfc3166,Request to Move RFC 1403 to Historic Status,2001-08-01 07:00:00+00:00,/api/v1/doc/document/draft-meyer-rfc1403-historic/,/api/v1/doc/document/draft-meyer-rfc1403-historic/,0,draft-meyer-rfc1403-historic,00,2013-03-02 16:57:19+00:00,,2001-02-09 08:00:00+00:00,2001-02-09 08:00:00+00:00,docevent,2001
/api/v1/doc/document/rfc3167/,3167,rfc3167,Request to Move RFC 1745 to Historic Status,2001-08-01 07:00:00+00:00,/api/v1/doc/document/draft-meyer-rfc1745-historic/,/api/v1/doc/document/draft-meyer-rfc1745-historic/,0,draft-meyer-rfc1745-historic,00,2013-03-02 16:57:19+00:00,,2001-02-09 08:00:00+00:00,2001-02-09 08:00:00+00:00,docevent,2001
/api/v1/doc/document/rfc3171/,3171,rfc3171,IANA Guidelines for IPv4 Multicast Address Assignments,2001-08-01 07:00:00+00:00,/api/v1/doc/document/draft-ietf-mboned-iana-ipv4-mcast-guidelines/,/api/v1/doc/document/draft-ietf-mboned-iana-ipv4-mcast-guidelines/,0,draft-ietf-mboned-iana-ipv4-mcast-guidelines,04,2020-01-21 08:24:22+00:00,,2001-03-29 08:00:00+00:00,2001-03-29 08:00:00+00:00,docevent,2001
/api/v1/doc/document/rfc3125/,3125,rfc3125,Electronic Signature Policies,2001-09-01 07:00:00+00:00,/api/v1/doc/document/draft-ietf-smime-espolicies/,/api/v1/doc/document/draft-ietf-smime-espolicies/,0,draft-ietf-smime-espolicies,01,2022-01-20 08:40:56+00:00,,2000-07-18 07:00:00+00:00,2000-07-18 07:00:00+00:00,docevent,2001
/api/v1/doc/document/rfc3126/,3126,rfc3126,Electronic Signature Formats for long term electronic signatures,2001-09-01 07:00:00+00:00,/api/v1/doc/document/draft-ietf-smime-esformats/,/api/v1/doc/document/draft-ietf-smime-esformats/,0,draft-ietf-smime-esformats,04,2020-01-21 08:24:19+00:00,,2000-03-09 08:00:00+00:00,2000-03-09 08:00:00+00:00,docevent,2001
/api/v1/doc/document/rfc3149/,3149,rfc3149,MGCP Business Phone Packages,2001-09-01 07:00:00+00:00,/api/v1/doc/document/draft-srinath-mgcp-bus-packages/,/api/v1/doc/document/draft-srinath-mgcp-bus-packages/,0,draft-srinath-mgcp-bus-packages,01,2013-03-02 16:57:18+00:00,,2000-10-11 07:00:00+00:00,2000-10-11 07:00:00+00:00,docevent,2001
/api/v1/doc/document/rfc3168/,3168,rfc3168,The Addition of Explicit Congestion Notification (ECN) to IP,2001-09-01 07:00:00+00:00,/api/v1/doc/document/draft-ietf-tsvwg-ecn/,/api/v1/doc/document/draft-ietf-tsvwg-ecn/,0,draft-ietf-tsvwg-ecn,04,2020-01-21 08:24:21+00:00,,2000-11-17 08:00:00+00:00,2000-11-17 08:00:00+00:00,docevent,2001
/api/v1/doc/document/rfc3169/,3169,rfc3169,Criteria for Evaluating Network Access Server Protocols,2001-09-01 07:00:00+00:00,/api/v1/doc/document/draft-ietf-nasreq-criteria/,/api/v1/doc/document/draft-ietf-nasreq-criteria/,0,draft-ietf-nasreq-criteria,06,2013-03-02 16:57:19+00:00,,1999-02-26 08:00:00+00:00,1999-02-26 08:00:00+00:00,docevent,2001
/api/v1/doc/document/rfc3170/,3170,rfc3170,IP Multicast Applications: Challenges and Solutions,2001-09-01 07:00:00+00:00,/api/v1/doc/document/draft-ietf-mboned-mcast-apps/,/api/v1/doc/document/draft-ietf-mboned-mcast-apps/,0,draft-ietf-mboned-mcast-apps,02,2013-03-02 16:57:19+00:00,,1999-03-03 08:00:00+00:00,1999-03-03 08:00:00+00:00,docevent,2001
/api/v1/doc/document/rfc3172/,3172,rfc3172,"Management Guidelines & Operational Requirements for the Address and Routing Parameter Area Domain (""arpa"")",2001-09-01 07:00:00+00:00,/api/v1/doc/document/draft-iab-arpa/,/api/v1/doc/document/draft-iab-arpa/,0,draft-iab-arpa,03,2013-03-02 16:57:19+00:00,,2001-04-27 07:00:00+00:00,2001-04-27 07:00:00+00:00,docevent,2001
/api/v1/doc/document/rfc3173/,3173,rfc3173,IP Payload Compression Protocol (IPComp),2001-09-01 07:00:00+00:00,/api/v1/doc/document/draft-shacham-ippcp-rfc2393bis/,/api/v1/doc/document/draft-shacham-ippcp-rfc2393bis/,0,draft-shacham-ippcp-rfc2393bis,08,2013-03-02 16:57:19+00:00,,1999-09-16 07:00:00+00:00,1999-09-16 07:00:00+00:00,docevent,2001
/api/v1/doc/document/rfc3174/,3174,rfc3174,US Secure Hash Algorithm 1 (SHA1),2001-09-01 07:00:00+00:00,/api/v1/doc/document/draft-eastlake-sha1/,/api/v1/doc/document/draft-eastlake-sha1/,0,draft-eastlake-sha1,02,2020-01-21 08:24:23+00:00,,2001-03-30 08:00:00+00:00,2001-03-30 08:00:00+00:00,docevent,2001
/api/v1/doc/document/rfc3175/,3175,rfc3175,Aggregation of RSVP for IPv4 and IPv6 Reservations,2001-09-01 07:00:00+00:00,/api/v1/doc/document/draft-ietf-issll-rsvp-aggr/,/api/v1/doc/document/draft-ietf-issll-rsvp-aggr/,0,draft-ietf-issll-rsvp-aggr,03,2013-03-02 16:57:19+00:00,,1999-09-29 07:00:00+00:00,1999-09-29 07:00:00+00:00,docevent,2001
/api/v1/doc/document/rfc3176/,3176,rfc3176,InMon Corporation's sFlow: A Method for Monitoring Traffic in Switched and Routed Networks,2001-09-01 07:00:00+00:00,/api/v1/doc/document/draft-phaal-sflow-montraffic/,/api/v1/doc/document/draft-phaal-sflow-montraffic/,0,draft-phaal-sflow-montraffic,01,2013-03-02 16:57:19+00:00,,2001-06-27 07:00:00+00:00,2001-06-27 07:00:00+00:00,docevent,2001
/api/v1/doc/document/rfc3177/,3177,rfc3177,IAB/IESG Recommendations on IPv6 Address Allocations to Sites,2001-09-01 07:00:00+00:00,/api/v1/doc/document/draft-iesg-ipv6-addressing-recommendations/,/api/v1/doc/document/draft-iesg-ipv6-addressing-recommendations/,0,draft-iesg-ipv6-addressing-recommendations,02,2013-03-02 16:57:19+00:00,,2001-02-02 08:00:00+00:00,2001-02-02 08:00:00+00:00,docevent,2001
/api/v1/doc/document/rfc3180/,3180,rfc3180,GLOP Addressing in 233/8,2001-09-01 07:00:00+00:00,/api/v1/doc/document/draft-ietf-mboned-glop-update/,/api/v1/doc/document/draft-ietf-mboned-glop-update/,0,draft-ietf-mboned-glop-update,01,2020-01-21 08:24:23+00:00,,2001-07-05 07:00:00+00:00,2001-07-05 07:00:00+00:00,docevent,2001
/api/v1/doc/document/rfc3102/,3102,rfc3102,Realm Specific IP: Framework,2001-10-01 07:00:00+00:00,/api/v1/doc/document/draft-ietf-nat-rsip-framework/,/api/v1/doc/document/draft-ietf-nat-rsip-framework/,0,draft-ietf-nat-rsip-framework,05,2013-03-02 16:57:15+00:00,,1999-02-12 08:00:00+00:00,1999-02-12 08:00:00+00:00,docevent,2001
/api/v1/doc/document/rfc3103/,3103,rfc3103,Realm Specific IP: Protocol Specification,2001-10-01 07:00:00+00:00,/api/v1/doc/document/draft-ietf-nat-rsip-protocol/,/api/v1/doc/document/draft-ietf-nat-rsip-protocol/,0,draft-ietf-nat-rsip-protocol,07,2013-03-02 16:57:15+00:00,,1999-02-19 08:00:00+00:00,1999-02-19 08:00:00+00:00,docevent,2001
/api/v1/doc/document/rfc3104/,3104,rfc3104,RSIP Support for End-to-end IPsec,2001-10-01 07:00:00+00:00,/api/v1/doc/document/draft-ietf-nat-rsip-ipsec/,/api/v1/doc/document/draft-ietf-nat-rsip-ipsec/,0,draft-ietf-nat-rsip-ipsec,04,2020-01-21 08:24:16+00:00,,1999-05-20 07:00:00+00:00,1999-05-20 07:00:00+00:00,docevent,2001
/api/v1/doc/document/rfc3105/,3105,rfc3105,Finding an RSIP Server with SLP,2001-10-01 07:00:00+00:00,/api/v1/doc/document/draft-ietf-nat-rsip-slp/,/api/v1/doc/document/draft-ietf-nat-rsip-slp/,0,draft-ietf-nat-rsip-slp,00,2013-03-02 16:57:15+00:00,,2000-02-16 08:00:00+00:00,2000-02-16 08:00:00+00:00,docevent,2001
/api/v1/doc/document/rfc3146/,3146,rfc3146,Transmission of IPv6 Packets over IEEE 1394 Networks,2001-10-01 07:00:00+00:00,/api/v1/doc/document/draft-ietf-ipngwg-1394/,/api/v1/doc/document/draft-ietf-ipngwg-1394/,0,draft-ietf-ipngwg-1394,01,2013-03-02 16:57:17+00:00,,2000-11-14 08:00:00+00:00,2000-11-14 08:00:00+00:00,docevent,2001
/api/v1/doc/document/rfc3178/,3178,rfc3178,IPv6 Multihoming Support at Site Exit Routers,2001-10-01 07:00:00+00:00,/api/v1/doc/document/draft-ietf-ipngwg-ipv6-2260/,/api/v1/doc/document/draft-ietf-ipngwg-ipv6-2260/,0,draft-ietf-ipngwg-ipv6-2260,01,2013-03-02 16:57:19+00:00,,2000-06-26 07:00:00+00:00,2000-06-26 07:00:00+00:00,docevent,2001
/api/v1/doc/document/rfc3179/,3179,rfc3179,Script MIB Extensibility Protocol Version 1.1,2001-10-01 07:00:00+00:00,/api/v1/doc/document/draft-schoenw-rfc-2593-update/,/api/v1/doc/document/draft-schoenw-rfc-2593-update/,0,draft-schoenw-rfc-2593-update,04,2013-03-02 16:57:19+00:00,,2001-02-23 08:00:00+00:00,2001-02-23 08:00:00+00:00,docevent,2001
/api/v1/doc/document/rfc3181/,3181,rfc3181,Signaled Preemption Priority Policy Element,2001-10-01 07:00:00+00:00,/api/v1/doc/document/draft-ietf-rap-signaled-priority-v2/,/api/v1/doc/document/draft-ietf-rap-signaled-priority-v2/,0,draft-ietf-rap-signaled-priority-v2,01,2013-03-02 16:57:19+00:00,,2000-07-18 07:00:00+00:00,2000-07-18 07:00:00+00:00,docevent,2001
/api/v1/doc/document/rfc3182/,3182,rfc3182,Identity Representation for RSVP,2001-10-01 07:00:00+00:00,/api/v1/doc/document/draft-ietf-rap-rsvp-newidentity/,/api/v1/doc/document/draft-ietf-rap-rsvp-newidentity/,0,draft-ietf-rap-rsvp-newidentity,02,2020-01-21 08:24:24+00:00,,2000-06-19 07:00:00+00:00,2000-06-19 07:00:00+00:00,docevent,2001
/api/v1/doc/document/rfc3183/,3183,rfc3183,Domain Security Services using S/MIME,2001-10-01 07:00:00+00:00,/api/v1/doc/document/draft-ietf-smime-domsec/,/api/v1/doc/document/draft-ietf-smime-domsec/,0,draft-ietf-smime-domsec,09,2020-01-21 08:24:24+00:00,,1998-08-14 07:00:00+00:00,1998-08-14 07:00:00+00:00,docevent,2001
/api/v1/doc/document/rfc3184/,3184,rfc3184,IETF Guidelines for Conduct,2001-10-01 07:00:00+00:00,/api/v1/doc/document/draft-ietf-poisson-code/,/api/v1/doc/document/draft-ietf-poisson-code/,0,draft-ietf-poisson-code,04,2013-03-02 16:57:19+00:00,,2000-11-09 08:00:00+00:00,2000-11-09 08:00:00+00:00,docevent,2001
/api/v1/doc/document/rfc3185/,3185,rfc3185,Reuse of CMS Content Encryption Keys,2001-10-01 07:00:00+00:00,/api/v1/doc/document/draft-ietf-smime-rcek/,/api/v1/doc/document/draft-ietf-smime-rcek/,0,draft-ietf-smime-rcek,04,2013-03-02 16:57:20+00:00,,2000-09-05 07:00:00+00:00,2000-09-05 07:00:00+00:00,docevent,2001
/api/v1/doc/document/rfc3187/,3187,rfc3187,Using International Standard Book Numbers as Uniform Resource Names,2001-10-01 07:00:00+00:00,/api/v1/doc/document/draft-hakala-isbn/,/api/v1/doc/document/draft-hakala-isbn/,0,draft-hakala-isbn,01,2017-10-21 07:15:23+00:00,,2000-08-30 07:00:00+00:00,2000-08-30 07:00:00+00:00,docevent,2001
/api/v1/doc/document/rfc3188/,3188,rfc3188,Using National Bibliography Numbers as Uniform Resource Names,2001-10-01 07:00:00+00:00,/api/v1/doc/document/draft-hakala-nbn/,/api/v1/doc/document/draft-hakala-nbn/,0,draft-hakala-nbn,01,2018-10-13 07:18:52+00:00,,2000-02-25 08:00:00+00:00,2000-02-25 08:00:00+00:00,docevent,2001
/api/v1/doc/document/rfc3191/,3191,rfc3191,Minimal GSTN address format in Internet Mail,2001-10-01 07:00:00+00:00,/api/v1/doc/document/draft-ietf-fax-minaddr-v2/,/api/v1/doc/document/draft-ietf-fax-minaddr-v2/,0,draft-ietf-fax-minaddr-v2,04,2013-03-02 16:57:20+00:00,,1999-04-26 07:00:00+00:00,1999-04-26 07:00:00+00:00,docevent,2001
/api/v1/doc/document/rfc3192/,3192,rfc3192,Minimal FAX address format in Internet Mail,2001-10-01 07:00:00+00:00,/api/v1/doc/document/draft-ietf-fax-faxaddr-v2/,/api/v1/doc/document/draft-ietf-fax-faxaddr-v2/,0,draft-ietf-fax-faxaddr-v2,04,2013-03-02 16:57:20+00:00,,1999-04-29 07:00:00+00:00,1999-04-29 07:00:00+00:00,docevent,2001
/api/v1/doc/document/rfc3117/,3117,rfc3117,On the Design of Application Protocols,2001-11-01 08:00:00+00:00,/api/v1/doc/document/draft-mrose-beep-design/,/api/v1/doc/document/draft-mrose-beep-design/,0,draft-mrose-beep-design,03,2013-03-02 16:57:16+00:00,,2000-11-07 08:00:00+00:00,2000-11-07 08:00:00+00:00,docevent,2001
/api/v1/doc/document/rfc3193/,3193,rfc3193,Securing L2TP using IPsec,2001-11-01 08:00:00+00:00,/api/v1/doc/document/draft-ietf-l2tpext-security/,/api/v1/doc/document/draft-ietf-l2tpext-security/,0,draft-ietf-l2tpext-security,08,2013-03-02 16:57:20+00:00,,2000-02-21 08:00:00+00:00,2000-02-21 08:00:00+00:00,docevent,2001
/api/v1/doc/document/rfc3194/,3194,rfc3194,The H-Density Ratio for Address Assignment Efficiency An Update on the H ratio,2001-11-01 08:00:00+00:00,/api/v1/doc/document/draft-durand-huitema-h-density-ratio/,/api/v1/doc/document/draft-durand-huitema-h-density-ratio/,0,draft-durand-huitema-h-density-ratio,02,2013-03-02 16:57:20+00:00,,2001-06-11 07:00:00+00:00,2001-06-11 07:00:00+00:00,docevent,2001
/api/v1/doc/document/rfc3195/,3195,rfc3195,Reliable Delivery for syslog,2001-11-01 08:00:00+00:00,/api/v1/doc/document/draft-ietf-syslog-reliable/,/api/v1/doc/document/draft-ietf-syslog-reliable/,0,draft-ietf-syslog-reliable,12,2013-03-02 16:57:20+00:00,,2000-10-18 07:00:00+00:00,2000-10-18 07:00:00+00:00,docevent,2001
/api/v1/doc/document/rfc3196/,3196,rfc3196,Internet Printing Protocol/1.1: Implementor's Guide,2001-11-01 08:00:00+00:00,/api/v1/doc/document/draft-ietf-ipp-implementers-guide-v11/,/api/v1/doc/document/draft-ietf-ipp-implementers-guide-v11/,0,draft-ietf-ipp-implementers-guide-v11,02,2020-01-21 08:24:26+00:00,,1999-10-06 07:00:00+00:00,1999-10-06 07:00:00+00:00,docevent,2001
/api/v1/doc/document/rfc3197/,3197,rfc3197,Applicability Statement for DNS MIB Extensions,2001-11-01 08:00:00+00:00,/api/v1/doc/document/draft-ietf-dnsext-dnsmib-historical/,/api/v1/doc/document/draft-ietf-dnsext-dnsmib-historical/,0,draft-ietf-dnsext-dnsmib-historical,00,2013-03-02 16:57:20+00:00,,2000-10-30 08:00:00+00:00,2000-10-30 08:00:00+00:00,docevent,2001
/api/v1/doc/document/rfc3198/,3198,rfc3198,Terminology for Policy-Based Management,2001-11-01 08:00:00+00:00,/api/v1/doc/document/draft-ietf-policy-terminology/,/api/v1/doc/document/draft-ietf-policy-terminology/,0,draft-ietf-policy-terminology,04,2013-03-02 16:57:20+00:00,,2000-07-19 07:00:00+00:00,2000-07-19 07:00:00+00:00,docevent,2001
/api/v1/doc/document/rfc3186/,3186,rfc3186,MAPOS/PPP Tunneling mode,2001-12-01 08:00:00+00:00,/api/v1/doc/document/draft-shimizu-ppp-mapos/,/api/v1/doc/document/draft-shimizu-ppp-mapos/,0,draft-shimizu-ppp-mapos,01,2013-03-02 16:57:20+00:00,,2000-07-18 07:00:00+00:00,2000-07-18 07:00:00+00:00,docevent,2001
/api/v1/doc/document/rfc3203/,3203,rfc3203,DHCP reconfigure extension,2001-12-01 08:00:00+00:00,/api/v1/doc/document/draft-ietf-dhc-pv4-reconfigure/,/api/v1/doc/document/draft-ietf-dhc-pv4-reconfigure/,0,draft-ietf-dhc-pv4-reconfigure,06,2013-03-02 16:57:20+00:00,,2000-03-03 08:00:00+00:00,2000-03-03 08:00:00+00:00,docevent,2001
/api/v1/doc/document/rfc3204/,3204,rfc3204,MIME media types for ISUP and QSIG Objects,2001-12-01 08:00:00+00:00,/api/v1/doc/document/draft-ietf-sip-isup-mime/,/api/v1/doc/document/draft-ietf-sip-isup-mime/,0,draft-ietf-sip-isup-mime,10,2020-01-21 08:24:27+00:00,,2000-01-28 08:00:00+00:00,2000-01-28 08:00:00+00:00,docevent,2001
/api/v1/doc/document/rfc3208/,3208,rfc3208,PGM Reliable Transport Protocol Specification,2001-12-01 08:00:00+00:00,/api/v1/doc/document/draft-speakman-pgm-spec/,/api/v1/doc/document/draft-speakman-pgm-spec/,0,draft-speakman-pgm-spec,07,2020-01-21 08:24:28+00:00,,1998-01-13 08:00:00+00:00,1998-01-13 08:00:00+00:00,docevent,2001
/api/v1/doc/document/rfc3209/,3209,rfc3209,RSVP-TE: Extensions to RSVP for LSP Tunnels,2001-12-01 08:00:00+00:00,/api/v1/doc/document/draft-ietf-mpls-rsvp-lsp-tunnel/,/api/v1/doc/document/draft-ietf-mpls-rsvp-lsp-tunnel/,0,draft-ietf-mpls-rsvp-lsp-tunnel,09,2020-01-21 08:24:29+00:00,,1998-11-20 08:00:00+00:00,1998-11-20 08:00:00+00:00,docevent,2001
/api/v1/doc/document/rfc3210/,3210,rfc3210,Applicability Statement for Extensions to RSVP for LSP-Tunnels,2001-12-01 08:00:00+00:00,/api/v1/doc/document/draft-ietf-mpls-rsvp-tunnel-applicability/,/api/v1/doc/document/draft-awduche-mpls-rsvp-tunnel-applicability/,1,draft-awduche-mpls-rsvp-tunnel-applicability,01,2010-01-05 08:00:00+00:00,,1999-08-02 07:00:00+00:00,1999-08-02 07:00:00+00:00,docevent,2001
/api/v1/doc/document/rfc3210/,3210,rfc3210,Applicability Statement for Extensions to RSVP for LSP-Tunnels,2001-12-01 08:00:00+00:00,/api/v1/doc/document/draft-ietf-mpls-rsvp-tunnel-applicability/,/api/v1/doc/document/draft-ietf-mpls-rsvp-tunnel-applicability/,0,draft-ietf-mpls-rsvp-tunnel-applicability,02,2013-03-02 16:57:21+00:00,,1999-10-05 07:00:00+00:00,1999-10-05 07:00:00+00:00,docevent,2001
/api/v1/doc/document/rfc3211/,3211,rfc3211,Password-based Encryption for CMS,2001-12-01 08:00:00+00:00,/api/v1/doc/document/draft-ietf-smime-password/,/api/v1/doc/document/draft-ietf-smime-password/,0,draft-ietf-smime-password,06,2013-03-02 16:57:21+00:00,,1999-07-01 07:00:00+00:00,1999-07-01 07:00:00+00:00,docevent,2001
/api/v1/doc/document/rfc3216/,3216,rfc3216,SMIng Objectives,2001-12-01 08:00:00+00:00,/api/v1/doc/document/draft-ietf-sming-reqs/,/api/v1/doc/document/draft-ietf-sming-reqs/,0,draft-ietf-sming-reqs,06,2013-03-02 16:57:21+00:00,,2001-02-27 08:00:00+00:00,2001-02-27 08:00:00+00:00,docevent,2001
/api/v1/doc/document/rfc3217/,3217,rfc3217,Triple-DES and RC2 Key Wrapping,2001-12-01 08:00:00+00:00,/api/v1/doc/document/draft-ietf-smime-key-wrap/,/api/v1/doc/document/draft-ietf-smime-key-wrap/,0,draft-ietf-smime-key-wrap,01,2020-01-21 08:24:30+00:00,,2001-09-05 07:00:00+00:00,2001-09-05 07:00:00+00:00,docevent,2001
/api/v1/doc/document/rfc3221/,3221,rfc3221,Commentary on Inter-Domain Routing in the Internet,2001-12-01 08:00:00+00:00,/api/v1/doc/document/draft-iab-bgparch/,/api/v1/doc/document/draft-iab-bgparch/,0,draft-iab-bgparch,02,2013-03-02 16:57:21+00:00,,2001-02-22 08:00:00+00:00,2001-02-22 08:00:00+00:00,docevent,2001
/api/v1/doc/document/rfc3222/,3222,rfc3222,Terminology for Forwarding Information Base (FIB) based Router Performance,2001-12-01 08:00:00+00:00,/api/v1/doc/document/draft-ietf-bmwg-fib-term/,/api/v1/doc/document/draft-ietf-bmwg-fib-term/,0,draft-ietf-bmwg-fib-term,04,2013-03-02 16:57:22+00:00,,2000-07-10 07:00:00+00:00,2000-07-10 07:00:00+00:00,docevent,2001
/api/v1/doc/document/rfc3225/,3225,rfc3225,Indicating Resolver Support of DNSSEC,2001-12-01 08:00:00+00:00,/api/v1/doc/document/draft-ietf-dnsext-dnssec-okbit/,/api/v1/doc/document/draft-ietf-dnsext-dnssec-okbit/,0,draft-ietf-dnsext-dnssec-okbit,03,2013-03-02 16:57:22+00:00,,2000-09-05 07:00:00+00:00,2000-09-05 07:00:00+00:00,docevent,2001
/api/v1/doc/document/rfc3226/,3226,rfc3226,DNSSEC and IPv6 A6 aware server/resolver message size requirements,2001-12-01 08:00:00+00:00,/api/v1/doc/document/draft-ietf-dnsext-message-size/,/api/v1/doc/document/draft-ietf-dnsext-message-size/,0,draft-ietf-dnsext-message-size,04,2020-01-21 08:24:31+00:00,,2000-07-06 07:00:00+00:00,2000-07-06 07:00:00+00:00,docevent,2001
/api/v1/doc/document/rfc3189/,3189,rfc3189,RTP Payload Format for DV (IEC 61834) Video,2002-01-01 08:00:00+00:00,/api/v1/doc/document/draft-ietf-avt-dv-video/,/api/v1/doc/document/draft-kobayashi-dv-video/,1,draft-kobayashi-dv-video,00,1999-02-26 08:00:00+00:00,,1999-02-26 08:00:00+00:00,1999-02-26 08:00:00+00:00,docevent,2002
/api/v1/doc/document/rfc3189/,3189,rfc3189,RTP Payload Format for DV (IEC 61834) Video,2002-01-01 08:00:00+00:00,/api/v1/doc/document/draft-ietf-avt-dv-video/,/api/v1/doc/document/draft-ietf-avt-dv-video/,0,draft-ietf-avt-dv-video,04,2022-07-06 16:54:49+00:00,,1999-06-28 07:00:00+00:00,1999-06-28 07:00:00+00:00,docevent,2002
/api/v1/doc/document/rfc3190/,3190,rfc3190,RTP Payload Format for 12-bit DAT Audio and 20- and 24-bit Linear Sampled Audio,2002-01-01 08:00:00+00:00,/api/v1/doc/document/draft-ietf-avt-dv-audio/,/api/v1/doc/document/draft-kobayashi-dv-audio12/,1,draft-kobayashi-dv-audio12,00,1999-06-28 07:00:00+00:00,,1999-06-28 07:00:00+00:00,1999-06-28 07:00:00+00:00,docevent,2002
/api/v1/doc/document/rfc3190/,3190,rfc3190,RTP Payload Format for 12-bit DAT Audio and 20- and 24-bit Linear Sampled Audio,2002-01-01 08:00:00+00:00,/api/v1/doc/document/draft-ietf-avt-dv-audio/,/api/v1/doc/document/draft-ietf-avt-dv-audio/,0,draft-ietf-avt-dv-audio,04,2022-07-06 16:55:10+00:00,,1999-10-25 07:00:00+00:00,1999-10-25 07:00:00+00:00,docevent,2002
/api/v1/doc/document/rfc3201/,3201,rfc3201,Definitions of Managed Objects for Circuit to Interface Translation,2002-01-01 08:00:00+00:00,/api/v1/doc/document/draft-ietf-frnetmib-frsi/,/api/v1/doc/document/draft-ietf-frnetmib-frsi/,0,draft-ietf-frnetmib-frsi,04,2013-03-02 16:57:20+00:00,,2000-08-29 07:00:00+00:00,2000-08-29 07:00:00+00:00,docevent,2002
/api/v1/doc/document/rfc3202/,3202,rfc3202,Definitions of Managed Objects for Frame Relay Service Level Definitions,2002-01-01 08:00:00+00:00,/api/v1/doc/document/draft-ietf-frnetmib-frmrelay-service/,/api/v1/doc/document/draft-ietf-frnetmib-frmrelay-service/,0,draft-ietf-frnetmib-frmrelay-service,06,2013-03-02 16:57:20+00:00,,2000-02-08 08:00:00+00:00,2000-02-08 08:00:00+00:00,docevent,2002
/api/v1/doc/document/rfc3212/,3212,rfc3212,Constraint-Based LSP Setup using LDP,2002-01-01 08:00:00+00:00,/api/v1/doc/document/draft-ietf-mpls-cr-ldp/,/api/v1/doc/document/draft-ietf-mpls-cr-ldp/,0,draft-ietf-mpls-cr-ldp,06,2013-03-02 16:57:21+00:00,,1999-01-27 08:00:00+00:00,1999-01-27 08:00:00+00:00,docevent,2002
/api/v1/doc/document/rfc3213/,3213,rfc3213,Applicability Statement for CR-LDP,2002-01-01 08:00:00+00:00,/api/v1/doc/document/draft-ietf-mpls-crldp-applic/,/api/v1/doc/document/draft-ietf-mpls-crldp-applic/,0,draft-ietf-mpls-crldp-applic,01,2013-03-02 16:57:21+00:00,,1999-10-01 07:00:00+00:00,1999-10-01 07:00:00+00:00,docevent,2002
/api/v1/doc/document/rfc3214/,3214,rfc3214,LSP Modification Using CR-LDP,2002-01-01 08:00:00+00:00,/api/v1/doc/document/draft-ietf-mpls-crlsp-modify/,/api/v1/doc/document/draft-ietf-mpls-crlsp-modify/,0,draft-ietf-mpls-crlsp-modify,03,2013-03-02 16:57:21+00:00,,1999-12-23 08:00:00+00:00,1999-12-23 08:00:00+00:00,docevent,2002
/api/v1/doc/document/rfc3215/,3215,rfc3215,LDP State Machine,2002-01-01 08:00:00+00:00,/api/v1/doc/document/draft-ietf-mpls-ldp-state/,/api/v1/doc/document/draft-ietf-mpls-ldp-state/,0,draft-ietf-mpls-ldp-state,04,2013-03-02 16:57:21+00:00,,1999-02-23 08:00:00+00:00,1999-02-23 08:00:00+00:00,docevent,2002
/api/v1/doc/document/rfc3218/,3218,rfc3218,Preventing the Million Message Attack on Cryptographic Message Syntax,2002-01-01 08:00:00+00:00,/api/v1/doc/document/draft-ietf-smime-pkcs1/,/api/v1/doc/document/draft-ietf-smime-pkcs1/,0,draft-ietf-smime-pkcs1,01,2020-01-21 08:24:30+00:00,,2001-03-29 08:00:00+00:00,2001-03-29 08:00:00+00:00,docevent,2002
/api/v1/doc/document/rfc3219/,3219,rfc3219,Telephony Routing over IP (TRIP),2002-01-01 08:00:00+00:00,/api/v1/doc/document/draft-ietf-iptel-trip/,/api/v1/doc/document/draft-ietf-iptel-trip/,0,draft-ietf-iptel-trip,09,2020-01-21 08:24:31+00:00,,1999-10-22 07:00:00+00:00,1999-10-22 07:00:00+00:00,docevent,2002
/api/v1/doc/document/rfc3220/,3220,rfc3220,IP Mobility Support for IPv4,2002-01-01 08:00:00+00:00,/api/v1/doc/document/draft-ietf-mobileip-rfc2002-bis/,/api/v1/doc/document/draft-ietf-mobileip-rfc2002-bis/,0,draft-ietf-mobileip-rfc2002-bis,08,2020-07-29 07:29:58+00:00,,1999-10-18 07:00:00+00:00,1999-10-18 07:00:00+00:00,docevent,2002
/api/v1/doc/document/rfc3224/,3224,rfc3224,"Vendor Extensions for Service Location Protocol, Version 2",2002-01-01 08:00:00+00:00,/api/v1/doc/document/draft-guttman-svrloc-vendor-ext/,/api/v1/doc/document/draft-guttman-svrloc-vendor-ext/,0,draft-guttman-svrloc-vendor-ext,07,2013-03-02 16:57:22+00:00,,1999-12-07 08:00:00+00:00,1999-12-07 08:00:00+00:00,docevent,2002
/api/v1/doc/document/rfc3229/,3229,rfc3229,Delta encoding in HTTP,2002-01-01 08:00:00+00:00,/api/v1/doc/document/draft-mogul-http-delta/,/api/v1/doc/document/draft-mogul-http-delta/,0,draft-mogul-http-delta,10,2013-03-02 16:57:22+00:00,,1998-08-14 07:00:00+00:00,1998-08-14 07:00:00+00:00,docevent,2002
/api/v1/doc/document/rfc3230/,3230,rfc3230,Instance Digests in HTTP,2002-01-01 08:00:00+00:00,/api/v1/doc/document/draft-mogul-http-digest/,/api/v1/doc/document/draft-mogul-http-digest/,0,draft-mogul-http-digest,05,2013-03-02 16:57:22+00:00,,1998-08-14 07:00:00+00:00,1998-08-14 07:00:00+00:00,docevent,2002
/api/v1/doc/document/rfc3231/,3231,rfc3231,Definitions of Managed Objects for Scheduling Management Operations,2002-01-01 08:00:00+00:00,/api/v1/doc/document/draft-ietf-disman-schedule-mib-v2/,/api/v1/doc/document/draft-ietf-disman-schedule-mib-v2/,0,draft-ietf-disman-schedule-mib-v2,04,2013-03-02 16:57:22+00:00,,1999-10-20 07:00:00+00:00,1999-10-20 07:00:00+00:00,docevent,2002
/api/v1/doc/document/rfc3232/,3232,rfc3232,Assigned Numbers: RFC 1700 is Replaced by an On-line Database,2002-01-01 08:00:00+00:00,/api/v1/doc/document/draft-rfc-editor-rfc1700bis/,/api/v1/doc/document/draft-rfc-editor-rfc1700bis/,0,draft-rfc-editor-rfc1700bis,00,2013-03-02 16:57:22+00:00,,2001-08-15 07:00:00+00:00,2001-08-15 07:00:00+00:00,docevent,2002
/api/v1/doc/document/rfc3235/,3235,rfc3235,Network Address Translator (NAT)-Friendly Application Design Guidelines,2002-01-01 08:00:00+00:00,/api/v1/doc/document/draft-ietf-nat-app-guide/,/api/v1/doc/document/draft-ietf-nat-app-guide/,0,draft-ietf-nat-app-guide,07,2013-03-02 16:57:22+00:00,,1998-11-17 08:00:00+00:00,1998-11-17 08:00:00+00:00,docevent,2002
/api/v1/doc/document/rfc3236/,3236,rfc3236,The 'application/xhtml+xml' Media Type,2002-01-01 08:00:00+00:00,/api/v1/doc/document/draft-baker-xhtml-media-reg/,/api/v1/doc/document/draft-baker-xhtml-media-reg/,0,draft-baker-xhtml-media-reg,02,2013-03-02 16:57:22+00:00,,2000-12-18 08:00:00+00:00,2000-12-18 08:00:00+00:00,docevent,2002
/api/v1/doc/document/rfc3237/,3237,rfc3237,Requirements for Reliable Server Pooling,2002-01-01 08:00:00+00:00,/api/v1/doc/document/draft-ietf-rserpool-reqts/,/api/v1/doc/document/draft-ietf-rserpool-reqts/,0,draft-ietf-rserpool-reqts,03,2013-03-02 16:57:22+00:00,,2001-01-11 08:00:00+00:00,2001-01-11 08:00:00+00:00,docevent,2002
/api/v1/doc/document/rfc3238/,3238,rfc3238,IAB Architectural and Policy Considerations for Open Pluggable Edge Services,2002-01-01 08:00:00+00:00,/api/v1/doc/document/draft-iab-opes/,/api/v1/doc/document/draft-iab-opes/,0,draft-iab-opes,01,2013-03-02 16:57:22+00:00,,2001-10-23 07:00:00+00:00,2001-10-23 07:00:00+00:00,docevent,2002
/api/v1/doc/document/rfc3205/,3205,rfc3205,On the use of HTTP as a Substrate,2002-02-01 08:00:00+00:00,/api/v1/doc/document/draft-moore-using-http/,/api/v1/doc/document/draft-moore-using-http/,0,draft-moore-using-http,01,2020-07-29 07:29:58+00:00,,2000-05-05 07:00:00+00:00,2000-05-05 07:00:00+00:00,docevent,2002
/api/v1/doc/document/rfc3206/,3206,rfc3206,The SYS and AUTH POP Response Codes,2002-02-01 08:00:00+00:00,/api/v1/doc/document/draft-gellens-pop-err/,/api/v1/doc/document/draft-gellens-pop-err/,0,draft-gellens-pop-err,01,2013-03-02 16:57:21+00:00,,2000-02-28 08:00:00+00:00,2000-02-28 08:00:00+00:00,docevent,2002
/api/v1/doc/document/rfc3207/,3207,rfc3207,SMTP Service Extension for Secure SMTP over Transport Layer Security,2002-02-01 08:00:00+00:00,/api/v1/doc/document/draft-hoffman-rfc2487bis/,/api/v1/doc/document/draft-hoffman-rfc2487bis/,0,draft-hoffman-rfc2487bis,06,2020-01-21 08:24:27+00:00,,1999-04-16 07:00:00+00:00,1999-04-16 07:00:00+00:00,docevent,2002
/api/v1/doc/document/rfc3227/,3227,rfc3227,Guidelines for Evidence Collection and Archiving,2002-02-01 08:00:00+00:00,/api/v1/doc/document/draft-ietf-grip-prot-evidence/,/api/v1/doc/document/draft-ietf-grip-prot-evidence/,0,draft-ietf-grip-prot-evidence,05,2013-03-02 16:57:22+00:00,,2000-04-06 07:00:00+00:00,2000-04-06 07:00:00+00:00,docevent,2002
/api/v1/doc/document/rfc3228/,3228,rfc3228,IANA Considerations for IPv4 Internet Group Management Protocol (IGMP),2002-02-01 08:00:00+00:00,/api/v1/doc/document/draft-ietf-magma-igmp-iana/,/api/v1/doc/document/draft-ietf-magma-igmp-iana/,0,draft-ietf-magma-igmp-iana,01,2013-03-02 16:57:22+00:00,,2001-10-12 07:00:00+00:00,2001-10-12 07:00:00+00:00,docevent,2002
/api/v1/doc/document/rfc3233/,3233,rfc3233,Defining the IETF,2002-02-01 08:00:00+00:00,/api/v1/doc/document/draft-hoffman-what-is-ietf/,/api/v1/doc/document/draft-hoffman-what-is-ietf/,0,draft-hoffman-what-is-ietf,05,2013-03-02 16:57:22+00:00,,1999-09-13 07:00:00+00:00,1999-09-13 07:00:00+00:00,docevent,2002
/api/v1/doc/document/rfc3234/,3234,rfc3234,Middleboxes: Taxonomy and Issues,2002-02-01 08:00:00+00:00,/api/v1/doc/document/draft-carpenter-midtax/,/api/v1/doc/document/draft-carpenter-midtax/,0,draft-carpenter-midtax,03,2013-03-02 16:57:22+00:00,,2001-01-30 08:00:00+00:00,2001-01-30 08:00:00+00:00,docevent,2002
/api/v1/doc/document/rfc3239/,3239,rfc3239,"Internet Printing Protocol (IPP): Requirements for Job, Printer, and Device Administrative Operations",2002-02-01 08:00:00+00:00,/api/v1/doc/document/draft-ietf-ipp-ops-admin-req/,/api/v1/doc/document/draft-ietf-ipp-ops-admin-req/,0,draft-ietf-ipp-ops-admin-req,00,2013-03-02 16:57:22+00:00,,2000-08-17 07:00:00+00:00,2000-08-17 07:00:00+00:00,docevent,2002
/api/v1/doc/document/rfc3240/,3240,rfc3240,Digital Imaging and Communications in Medicine (DICOM) - Application/dicom MIME Sub-type Registration,2002-02-01 08:00:00+00:00,/api/v1/doc/document/draft-dicom-media-type/,/api/v1/doc/document/draft-dicom-media-type/,0,draft-dicom-media-type,00,2020-03-18 07:25:59+00:00,,2001-06-27 07:00:00+00:00,2001-06-27 07:00:00+00:00,docevent,2002
/api/v1/doc/document/rfc3244/,3244,rfc3244,Microsoft Windows 2000 Kerberos Change Password and Set Password Protocols,2002-02-01 08:00:00+00:00,/api/v1/doc/document/draft-trostle-win2k-cat-kerberos-set-passwd/,/api/v1/doc/document/draft-trostle-win2k-cat-kerberos-set-passwd/,0,draft-trostle-win2k-cat-kerberos-set-passwd,04,2013-03-02 16:57:23+00:00,,2000-02-15 08:00:00+00:00,2000-02-15 08:00:00+00:00,docevent,2002
/api/v1/doc/document/rfc3245/,3245,rfc3245,The History and Context of Telephone Number Mapping (ENUM) Operational Decisions: Informational Documents Contributed to ITU-T Study Group 2 (SG2),2002-03-01 08:00:00+00:00,/api/v1/doc/document/draft-iab-itu-enum-notes/,/api/v1/doc/document/draft-iab-itu-enum-notes/,0,draft-iab-itu-enum-notes,00,2020-01-21 08:24:31+00:00,,2002-01-21 08:00:00+00:00,2002-01-21 08:00:00+00:00,docevent,2002
/api/v1/doc/document/rfc3246/,3246,rfc3246,An Expedited Forwarding PHB (Per-Hop Behavior),2002-03-01 08:00:00+00:00,/api/v1/doc/document/draft-ietf-diffserv-rfc2598bis/,/api/v1/doc/document/draft-ietf-diffserv-rfc2598bis/,0,draft-ietf-diffserv-rfc2598bis,02,2013-03-02 16:57:23+00:00,,2001-02-19 08:00:00+00:00,2001-02-19 08:00:00+00:00,docevent,2002
/api/v1/doc/document/rfc3247/,3247,rfc3247,Supplemental Information for the New Definition of the EF PHB (Expedited Forwarding Per-Hop Behavior),2002-03-01 08:00:00+00:00,/api/v1/doc/document/draft-ietf-diffserv-ef-supplemental/,/api/v1/doc/document/draft-ietf-diffserv-ef-supplemental/,0,draft-ietf-diffserv-ef-supplemental,01,2020-01-21 08:24:32+00:00,,2001-02-23 08:00:00+00:00,2001-02-23 08:00:00+00:00,docevent,2002
/api/v1/doc/document/rfc3248/,3248,rfc3248,A Delay Bound alternative revision of RFC 2598,2002-03-01 08:00:00+00:00,/api/v1/doc/document/draft-ietf-diffserv-efresolve/,/api/v1/doc/document/draft-ietf-diffserv-efresolve/,0,draft-ietf-diffserv-efresolve,01,2013-03-02 16:57:23+00:00,,2000-11-17 08:00:00+00:00,2000-11-17 08:00:00+00:00,docevent,2002
/api/v1/doc/document/rfc3253/,3253,rfc3253,Versioning Extensions to WebDAV (Web Distributed Authoring and Versioning),2002-03-01 08:00:00+00:00,/api/v1/doc/document/draft-ietf-deltav-versioning/,/api/v1/doc/document/draft-ietf-deltav-versioning/,0,draft-ietf-deltav-versioning,20,2020-01-21 08:24:33+00:00,,1999-10-21 07:00:00+00:00,1999-10-21 07:00:00+00:00,docevent,2002
/api/v1/doc/document/rfc3275/,3275,rfc3275,(Extensible Markup Language) XML-Signature Syntax and Processing,2002-03-01 08:00:00+00:00,/api/v1/doc/document/draft-ietf-xmldsig-core-2/,/api/v1/doc/document/draft-ietf-xmldsig-core-2/,0,draft-ietf-xmldsig-core-2,03,2020-01-21 08:24:39+00:00,,2001-04-25 07:00:00+00:00,2001-04-25 07:00:00+00:00,docevent,2002
/api/v1/doc/document/rfc3242/,3242,rfc3242,RObust Header Compression (ROHC): A Link-Layer Assisted Profile for IP/UDP/RTP,2002-04-01 08:00:00+00:00,/api/v1/doc/document/draft-ietf-rohc-rtp-lla/,/api/v1/doc/document/draft-ietf-rohc-rtp-lla/,0,draft-ietf-rohc-rtp-lla,03,2013-03-02 16:57:22+00:00,,2001-08-15 07:00:00+00:00,2001-08-15 07:00:00+00:00,docevent,2002
/api/v1/doc/document/rfc3243/,3243,rfc3243,RObust Header Compression (ROHC): Requirements and Assumptions for 0-byte IP/UDP/RTP Compression,2002-04-01 08:00:00+00:00,/api/v1/doc/document/draft-ietf-rohc-rtp-0-byte-requirements/,/api/v1/doc/document/draft-ietf-rohc-rtp-0-byte-requirements/,0,draft-ietf-rohc-rtp-0-byte-requirements,02,2013-03-02 16:57:23+00:00,,2001-05-21 07:00:00+00:00,2001-05-21 07:00:00+00:00,docevent,2002
/api/v1/doc/document/rfc3251/,3251,rfc3251,Electricity over IP,2002-04-01 08:00:00+00:00,/api/v1/doc/document/draft-bala-mplamps/,/api/v1/doc/document/draft-bala-mplamps/,0,draft-bala-mplamps,04,2013-03-02 16:57:23+00:00,,2000-09-11 07:00:00+00:00,2000-09-11 07:00:00+00:00,docevent,2002
/api/v1/doc/document/rfc3254/,3254,rfc3254,Definitions for talking about directories,2002-04-01 08:00:00+00:00,/api/v1/doc/document/draft-alvestrand-directory-defs/,/api/v1/doc/document/draft-alvestrand-directory-defs/,0,draft-alvestrand-directory-defs,03,2013-03-02 16:57:23+00:00,,1999-10-21 07:00:00+00:00,1999-10-21 07:00:00+00:00,docevent,2002
/api/v1/doc/document/rfc3255/,3255,rfc3255,"Extending Point-to-Point Protocol (PPP) over Synchronous Optical NETwork/Synchronous Digital Hierarchy (SONET/SDH) with virtual concatenation, high order and low order payloads",2002-04-01 08:00:00+00:00,/api/v1/doc/document/draft-ietf-pppext-posvcholo/,/api/v1/doc/document/draft-ietf-pppext-posvcholo/,0,draft-ietf-pppext-posvcholo,06,2013-03-02 16:57:23+00:00,,1999-12-14 08:00:01+00:00,1999-12-14 08:00:01+00:00,docevent,2002
/api/v1/doc/document/rfc3256/,3256,rfc3256,The DOCSIS (Data-Over-Cable Service Interface Specifications) Device Class DHCP (Dynamic Host Configuration Protocol) Relay Agent Information Sub-option,2002-04-01 08:00:00+00:00,/api/v1/doc/document/draft-ietf-dhc-agentoptions-device-class/,/api/v1/doc/document/draft-ietf-dhc-agentoptions-device-class/,0,draft-ietf-dhc-agentoptions-device-class,04,2013-03-02 16:57:23+00:00,,2000-11-20 08:00:00+00:00,2000-11-20 08:00:00+00:00,docevent,2002
/api/v1/doc/document/rfc3257/,3257,rfc3257,Stream Control Transmission Protocol Applicability Statement,2002-04-01 08:00:00+00:00,/api/v1/doc/document/draft-ietf-sigtran-sctp-applicability/,/api/v1/doc/document/draft-ietf-sigtran-sctp-applicability/,0,draft-ietf-sigtran-sctp-applicability,08,2015-10-14 20:50:00+00:00,,2000-03-08 08:00:00+00:00,2000-03-08 08:00:00+00:00,docevent,2002
/api/v1/doc/document/rfc3258/,3258,rfc3258,Distributing Authoritative Name Servers via Shared Unicast Addresses,2002-04-01 08:00:00+00:00,/api/v1/doc/document/draft-ietf-dnsop-hardie-shared-root-server/,/api/v1/doc/document/draft-ietf-dnsop-hardie-shared-root-server/,0,draft-ietf-dnsop-hardie-shared-root-server,07,2013-03-02 16:57:23+00:00,,1999-10-13 07:00:00+00:00,1999-10-13 07:00:00+00:00,docevent,2002
/api/v1/doc/document/rfc3260/,3260,rfc3260,New Terminology and Clarifications for Diffserv,2002-04-01 08:00:00+00:00,/api/v1/doc/document/draft-ietf-diffserv-new-terms/,/api/v1/doc/document/draft-ietf-diffserv-new-terms/,0,draft-ietf-diffserv-new-terms,08,2013-03-02 16:57:23+00:00,,1999-10-05 07:00:00+00:00,1999-10-05 07:00:00+00:00,docevent,2002
/api/v1/doc/document/rfc3271/,3271,rfc3271,The Internet is for Everyone,2002-04-01 08:00:00+00:00,/api/v1/doc/document/draft-isoc-internet-for-everyone/,/api/v1/doc/document/draft-isoc-internet-for-everyone/,0,draft-isoc-internet-for-everyone,01,2020-01-21 08:24:37+00:00,,1999-05-03 07:00:00+00:00,1999-05-03 07:00:00+00:00,docevent,2002
/api/v1/doc/document/rfc3277/,3277,rfc3277,Intermediate System to Intermediate System (IS-IS) Transient Blackhole Avoidance,2002-04-01 08:00:00+00:00,/api/v1/doc/document/draft-ietf-isis-transient/,/api/v1/doc/document/draft-ietf-isis-transient/,0,draft-ietf-isis-transient,01,2022-09-14 07:14:34+00:00,,2001-02-20 08:00:00+00:00,2001-02-20 08:00:00+00:00,docevent,2002
/api/v1/doc/document/rfc3241/,3241,rfc3241,Robust Header Compression (ROHC) over PPP,2002-05-09 16:16:53+00:00,/api/v1/doc/document/draft-ietf-rohc-over-ppp/,/api/v1/doc/document/draft-ietf-rohc-over-ppp/,0,draft-ietf-rohc-over-ppp,04,2015-10-14 20:50:08+00:00,,2000-11-20 08:00:00+00:00,2000-11-20 08:00:00+00:00,docevent,2002
/api/v1/doc/document/rfc3269/,3269,rfc3269,Author Guidelines for Reliable Multicast Transport (RMT) Building Blocks and Protocol Instantiation documents,2002-05-09 23:33:06+00:00,/api/v1/doc/document/draft-ietf-rmt-author-guidelines/,/api/v1/doc/document/draft-ietf-rmt-author-guidelines/,0,draft-ietf-rmt-author-guidelines,03,2015-10-14 20:50:03+00:00,,2000-07-11 07:00:00+00:00,2000-07-11 07:00:00+00:00,docevent,2002
/api/v1/doc/document/rfc3278/,3278,rfc3278,Use of Elliptic Curve Cryptography (ECC) Algorithms in Cryptographic Message Syntax (CMS),2002-05-10 23:58:11+00:00,/api/v1/doc/document/draft-ietf-smime-ecc/,/api/v1/doc/document/draft-ietf-smime-ecc/,0,draft-ietf-smime-ecc,06,2021-04-15 07:28:08+00:00,,1999-10-26 07:00:00+00:00,1999-10-26 07:00:00+00:00,docevent,2002
/api/v1/doc/document/rfc3279/,3279,rfc3279,Algorithms and Identifiers for the Internet X.509 Public Key Infrastructure Certificate and Certificate Revocation List (CRL) Profile,2002-05-11 00:00:43+00:00,/api/v1/doc/document/draft-ietf-pkix-ipki-pkalgs/,/api/v1/doc/document/draft-ietf-pkix-ipki-pkalgs/,0,draft-ietf-pkix-ipki-pkalgs,05,2020-01-21 08:24:39+00:00,,2000-07-21 07:00:00+00:00,2000-07-21 07:00:00+00:00,docevent,2002
/api/v1/doc/document/rfc3280/,3280,rfc3280,Internet X.509 Public Key Infrastructure Certificate and Certificate Revocation List (CRL) Profile,2002-05-11 00:04:47+00:00,/api/v1/doc/document/draft-ietf-pkix-new-part1/,/api/v1/doc/document/draft-ietf-pkix-new-part1/,0,draft-ietf-pkix-new-part1,12,2020-01-21 08:24:40+00:00,,1999-10-26 07:00:00+00:00,1999-10-26 07:00:00+00:00,docevent,2002
/api/v1/doc/document/rfc3281/,3281,rfc3281,An Internet Attribute Certificate Profile for Authorization,2002-05-11 00:09:48+00:00,/api/v1/doc/document/draft-ietf-pkix-ac509prof/,/api/v1/doc/document/draft-ietf-pkix-ac509prof/,0,draft-ietf-pkix-ac509prof,09,2020-01-21 08:24:40+00:00,,1999-04-29 07:00:00+00:00,1999-04-29 07:00:00+00:00,docevent,2002
/api/v1/doc/document/rfc3259/,3259,rfc3259,A Message Bus for Local Coordination,2002-05-13 19:02:10+00:00,/api/v1/doc/document/draft-ietf-mmusic-mbus-transport/,/api/v1/doc/document/draft-ietf-mmusic-mbus-transport/,0,draft-ietf-mmusic-mbus-transport,06,2015-10-14 20:49:54+00:00,,1998-08-14 07:00:00+00:00,1998-08-14 07:00:00+00:00,docevent,2002
/api/v1/doc/document/rfc3291/,3291,rfc3291,Textual Conventions for Internet Network Addresses,2002-05-17 20:04:09+00:00,/api/v1/doc/document/draft-ietf-ops-rfc2851-update/,/api/v1/doc/document/draft-ietf-ops-rfc2851-update/,0,draft-ietf-ops-rfc2851-update,06,2013-03-02 16:57:25+00:00,,2001-02-22 08:00:00+00:00,2001-02-22 08:00:00+00:00,docevent,2002
/api/v1/doc/document/rfc3270/,3270,rfc3270,Multi-Protocol Label Switching (MPLS) Support of Differentiated Services,2002-05-21 17:50:31+00:00,/api/v1/doc/document/draft-ietf-mpls-diff-ext/,/api/v1/doc/document/draft-ietf-mpls-diff-ext/,0,draft-ietf-mpls-diff-ext,09,2020-07-29 07:29:59+00:00,,1999-03-23 08:00:00+00:00,1999-03-23 08:00:00+00:00,docevent,2002
/api/v1/doc/document/rfc3272/,3272,rfc3272,Overview and Principles of Internet Traffic Engineering,2002-05-21 23:08:30+00:00,/api/v1/doc/document/draft-ietf-tewg-principles/,/api/v1/doc/document/draft-ietf-tewg-principles/,0,draft-ietf-tewg-principles,02,2020-01-21 08:24:39+00:00,,2001-08-21 07:00:00+00:00,2001-08-21 07:00:00+00:00,docevent,2002
/api/v1/doc/document/rfc3276/,3276,rfc3276,Definitions of Managed Objects for High Bit-Rate DSL - 2nd generation (HDSL2) and Single-Pair High-Speed Digital Subscriber Line (SHDSL) Lines Processing,2002-05-23 00:02:00+00:00,/api/v1/doc/document/draft-ietf-adslmib-hdsl2/,/api/v1/doc/document/draft-ietf-adslmib-hdsl2/,0,draft-ietf-adslmib-hdsl2,12,2013-03-02 16:57:24+00:00,,2000-05-08 07:00:00+00:00,2000-05-08 07:00:00+00:00,docevent,2002
/api/v1/doc/document/rfc3114/,3114,rfc3114,Implementing Company Classification Policy with the S/MIME Security Label,2002-05-23 23:09:16+00:00,/api/v1/doc/document/draft-ietf-smime-seclabel/,/api/v1/doc/document/draft-ietf-smime-seclabel/,0,draft-ietf-smime-seclabel,04,2013-03-02 16:57:16+00:00,,1999-12-21 08:00:00+00:00,1999-12-21 08:00:00+00:00,docevent,2002
/api/v1/doc/document/rfc3286/,3286,rfc3286,An Introduction to the Stream Control Transmission Protocol (SCTP),2002-05-29 18:38:52+00:00,/api/v1/doc/document/draft-ong-sigtran-sctpover/,/api/v1/doc/document/draft-ong-sigtran-sctpover/,0,draft-ong-sigtran-sctpover,02,2015-10-14 20:50:09+00:00,,2001-01-08 08:00:00+00:00,2001-01-08 08:00:00+00:00,docevent,2002
/api/v1/doc/document/rfc3282/,3282,rfc3282,Content Language Headers,2002-05-30 23:10:04+00:00,/api/v1/doc/document/draft-alvestrand-content-language/,/api/v1/doc/document/draft-alvestrand-content-language/,0,draft-alvestrand-content-language,03,2015-10-14 20:50:05+00:00,,2000-08-22 07:00:00+00:00,2000-08-22 07:00:00+00:00,docevent,2002
/api/v1/doc/document/rfc3285/,3285,rfc3285,Using Microsoft Word to create Internet Drafts and RFCs,2002-05-30 23:12:24+00:00,/api/v1/doc/document/draft-hain-msword-template/,/api/v1/doc/document/draft-hain-msword-template/,0,draft-hain-msword-template,08,2013-03-02 16:57:25+00:00,,1999-03-04 08:00:00+00:00,1999-03-04 08:00:00+00:00,docevent,2002
/api/v1/doc/document/rfc3289/,3289,rfc3289,Management Information Base for the Differentiated Services Architecture,2002-06-07 23:23:22+00:00,/api/v1/doc/document/draft-ietf-diffserv-mib/,/api/v1/doc/document/draft-ietf-diffserv-mib/,0,draft-ietf-diffserv-mib,16,2020-01-21 08:24:40+00:00,,1999-07-16 07:00:00+00:00,1999-07-16 07:00:00+00:00,docevent,2002
/api/v1/doc/document/rfc3290/,3290,rfc3290,An Informal Management Model for Diffserv Routers,2002-06-07 23:25:36+00:00,/api/v1/doc/document/draft-ietf-diffserv-model/,/api/v1/doc/document/draft-ietf-diffserv-model/,0,draft-ietf-diffserv-model,06,2015-10-14 20:49:56+00:00,,1999-06-25 07:00:00+00:00,1999-06-25 07:00:00+00:00,docevent,2002
/api/v1/doc/document/rfc3274/,3274,rfc3274,Compressed Data Content Type for Cryptographic Message Syntax (CMS),2002-06-11 21:18:52+00:00,/api/v1/doc/document/draft-ietf-smime-compression/,/api/v1/doc/document/draft-ietf-smime-compression/,0,draft-ietf-smime-compression,07,2013-03-02 16:57:24+00:00,,1999-12-03 08:00:00+00:00,1999-12-03 08:00:00+00:00,docevent,2002
/api/v1/doc/document/rfc3292/,3292,rfc3292,General Switch Management Protocol (GSMP) V3,2002-06-13 17:35:23+00:00,/api/v1/doc/document/draft-ietf-gsmp/,/api/v1/doc/document/draft-ietf-gsmp/,0,draft-ietf-gsmp,11,2015-10-14 20:49:57+00:00,,1999-07-01 07:00:00+00:00,1999-07-01 07:00:00+00:00,docevent,2002
/api/v1/doc/document/rfc3293/,3293,rfc3293,"General Switch Management Protocol (GSMP) Packet Encapsulations for Asynchronous Transfer Mode (ATM), Ethernet and Transmission Control Protocol (TCP)",2002-06-13 17:38:06+00:00,/api/v1/doc/document/draft-ietf-gsmp-encaps/,/api/v1/doc/document/draft-ietf-gsmp-encaps/,0,draft-ietf-gsmp-encaps,05,2015-10-14 20:49:59+00:00,,2000-01-25 08:00:00+00:00,2000-01-25 08:00:00+00:00,docevent,2002
/api/v1/doc/document/rfc3294/,3294,rfc3294,General Switch Management Protocol (GSMP) Applicability,2002-06-13 17:40:58+00:00,/api/v1/doc/document/draft-ietf-gsmp-applicability/,/api/v1/doc/document/draft-ietf-gsmp-applicability/,0,draft-ietf-gsmp-applicability,02,2015-10-14 20:50:01+00:00,,2000-03-15 08:00:00+00:00,2000-03-15 08:00:00+00:00,docevent,2002
/api/v1/doc/document/rfc3295/,3295,rfc3295,Definitions of Managed Objects for the General Switch Management Protocol (GSMP),2002-06-13 17:43:18+00:00,/api/v1/doc/document/draft-ietf-gsmp-mib/,/api/v1/doc/document/draft-ietf-gsmp-mib/,0,draft-ietf-gsmp-mib,07,2015-10-14 20:49:58+00:00,,1999-10-12 07:00:00+00:00,1999-10-12 07:00:00+00:00,docevent,2002
/api/v1/doc/document/rfc3301/,3301,rfc3301,Layer Two Tunnelling Protocol (L2TP): ATM access network extensions,2002-06-19 17:17:37+00:00,/api/v1/doc/document/draft-ietf-l2tpext-atmext/,/api/v1/doc/document/draft-ietf-l2tpext-atmext/,0,draft-ietf-l2tpext-atmext,04,2012-02-26 10:01:19+00:00,,1999-10-26 07:00:00+00:00,1999-10-26 07:00:00+00:00,docevent,2002
/api/v1/doc/document/rfc3288/,3288,rfc3288,Using the Simple Object Access Protocol (SOAP) in Blocks Extensible Exchange Protocol (BEEP),2002-06-27 21:45:19+00:00,/api/v1/doc/document/draft-etal-beep-soap/,/api/v1/doc/document/draft-etal-beep-soap/,0,draft-etal-beep-soap,06,2013-03-02 16:57:25+00:00,,2001-06-11 07:00:00+00:00,2001-06-11 07:00:00+00:00,docevent,2002
/api/v1/doc/document/rfc3283/,3283,rfc3283,Guide to Internet Calendaring,2002-07-02 00:25:07+00:00,/api/v1/doc/document/draft-ietf-calsch-inetcal-guide/,/api/v1/doc/document/draft-ietf-calsch-inetcal-guide/,0,draft-ietf-calsch-inetcal-guide,02,2013-03-02 16:57:25+00:00,,2001-02-22 08:00:00+00:00,2001-02-22 08:00:00+00:00,docevent,2002
/api/v1/doc/document/rfc3284/,3284,rfc3284,The VCDIFF Generic Differencing and Compression Data Format,2002-07-02 00:29:48+00:00,/api/v1/doc/document/draft-korn-vcdiff/,/api/v1/doc/document/draft-korn-vcdiff/,0,draft-korn-vcdiff,06,2013-03-02 16:57:25+00:00,,1999-02-23 08:00:00+00:00,1999-02-23 08:00:00+00:00,docevent,2002
/api/v1/doc/document/rfc3261/,3261,rfc3261,SIP: Session Initiation Protocol,2002-07-03 19:47:42+00:00,/api/v1/doc/document/draft-ietf-sip-rfc2543bis/,/api/v1/doc/document/draft-ietf-sip-rfc2543bis/,0,draft-ietf-sip-rfc2543bis,09,2020-01-21 08:24:33+00:00,,2000-07-17 07:00:00+00:00,2000-07-17 07:00:00+00:00,docevent,2002
/api/v1/doc/document/rfc3262/,3262,rfc3262,Reliability of Provisional Responses in Session Initiation Protocol (SIP),2002-07-03 19:50:03+00:00,/api/v1/doc/document/draft-ietf-sip-100rel/,/api/v1/doc/document/draft-ietf-sip-100rel/,0,draft-ietf-sip-100rel,06,2020-01-21 08:24:34+00:00,,2000-01-19 08:00:00+00:00,2000-01-19 08:00:00+00:00,docevent,2002
/api/v1/doc/document/rfc3263/,3263,rfc3263,Session Initiation Protocol (SIP): Locating SIP Servers,2002-07-03 19:52:12+00:00,/api/v1/doc/document/draft-ietf-sip-srv/,/api/v1/doc/document/draft-ietf-sip-srv/,0,draft-ietf-sip-srv,06,2015-12-07 21:01:55+00:00,,2000-10-06 07:00:00+00:00,2000-10-06 07:00:00+00:00,docevent,2002
/api/v1/doc/document/rfc3264/,3264,rfc3264,An Offer/Answer Model with Session Description Protocol (SDP),2002-07-03 19:54:23+00:00,/api/v1/doc/document/draft-ietf-mmusic-sdp-offer-answer/,/api/v1/doc/document/draft-ietf-mmusic-sdp-offer-answer/,0,draft-ietf-mmusic-sdp-offer-answer,02,2020-01-21 08:24:35+00:00,,2002-01-31 08:00:00+00:00,2002-01-31 08:00:00+00:00,docevent,2002
/api/v1/doc/document/rfc3265/,3265,rfc3265,Session Initiation Protocol (SIP)-Specific Event Notification,2002-07-03 19:56:23+00:00,/api/v1/doc/document/draft-ietf-sip-events/,/api/v1/doc/document/draft-ietf-sip-events/,0,draft-ietf-sip-events,05,2020-01-21 08:24:35+00:00,,2001-07-05 07:00:00+00:00,2001-07-05 07:00:00+00:00,docevent,2002
/api/v1/doc/document/rfc3266/,3266,rfc3266,Support for IPv6 in Session Description Protocol (SDP),2002-07-03 20:11:51+00:00,/api/v1/doc/document/draft-ietf-mmusic-sdp-ipv6/,/api/v1/doc/document/draft-ietf-mmusic-sdp-ipv6/,0,draft-ietf-mmusic-sdp-ipv6,03,2020-01-21 08:24:36+00:00,,2002-01-14 08:00:00+00:00,2002-01-14 08:00:00+00:00,docevent,2002
/api/v1/doc/document/rfc3267/,3267,rfc3267,Real-Time Transport Protocol (RTP) Payload Format and File Storage Format for the Adaptive Multi-Rate (AMR) and Adaptive Multi-Rate Wideband (AMR-WB) Audio Codecs,2002-07-03 20:14:36+00:00,/api/v1/doc/document/draft-ietf-avt-rtp-amr/,/api/v1/doc/document/draft-sjoberg-avt-rtp-amr/,1,draft-sjoberg-avt-rtp-amr,01,2008-07-11 07:00:00+00:00,,2000-03-13 08:00:00+00:00,2000-03-13 08:00:00+00:00,docevent,2002
/api/v1/doc/document/rfc3267/,3267,rfc3267,Real-Time Transport Protocol (RTP) Payload Format and File Storage Format for the Adaptive Multi-Rate (AMR) and Adaptive Multi-Rate Wideband (AMR-WB) Audio Codecs,2002-07-03 20:14:36+00:00,/api/v1/doc/document/draft-ietf-avt-rtp-amr/,/api/v1/doc/document/draft-ietf-avt-rtp-amr/,0,draft-ietf-avt-rtp-amr,13,2020-01-21 08:24:37+00:00,,2000-08-14 07:00:00+00:00,2000-08-14 07:00:00+00:00,docevent,2002
/api/v1/doc/document/rfc3268/,3268,rfc3268,Advanced Encryption Standard (AES) Ciphersuites for Transport Layer Security (TLS),2002-07-03 20:17:35+00:00,/api/v1/doc/document/draft-ietf-tls-ciphersuite/,/api/v1/doc/document/draft-ietf-tls-ciphersuite/,0,draft-ietf-tls-ciphersuite,06,2013-03-02 16:57:24+00:00,,2000-10-03 07:00:00+00:00,2000-10-03 07:00:00+00:00,docevent,2002
/api/v1/doc/document/rfc3287/,3287,rfc3287,Remote Monitoring MIB Extensions for Differentiated Services,2002-07-08 22:02:08+00:00,/api/v1/doc/document/draft-ietf-rmonmib-dsmon-mib/,/api/v1/doc/document/draft-ietf-rmonmib-dsmon-mib/,0,draft-ietf-rmonmib-dsmon-mib,09,2015-10-14 20:50:00+00:00,,2000-03-09 08:00:00+00:00,2000-03-09 08:00:00+00:00,docevent,2002
/api/v1/doc/document/rfc3273/,3273,rfc3273,Remote Network Monitoring Management Information Base for High Capacity Networks,2002-07-15 18:13:30+00:00,/api/v1/doc/document/draft-ietf-rmonmib-hcrmon/,/api/v1/doc/document/draft-ietf-rmonmib-hcrmon/,0,draft-ietf-rmonmib-hcrmon,10,2015-10-14 20:49:51+00:00,,1997-02-26 08:00:00+00:00,1997-02-26 08:00:00+00:00,docevent,2002
/api/v1/doc/document/rfc3296/,3296,rfc3296,Named Subordinate References in Lightweight Directory Access Protocol (LDAP) Directories,2002-07-22 21:53:53+00:00,/api/v1/doc/document/draft-zeilenga-ldap-namedref/,/api/v1/doc/document/draft-zeilenga-ldap-namedref/,0,draft-zeilenga-ldap-namedref,05,2015-10-14 20:50:02+00:00,,2000-07-07 07:00:00+00:00,2000-07-07 07:00:00+00:00,docevent,2002
/api/v1/doc/document/rfc3348/,3348,rfc3348,The Internet Message Action Protocol (IMAP4) Child Mailbox Extension,2002-07-23 23:51:56+00:00,/api/v1/doc/document/draft-gahrns-imap-child-mailbox/,/api/v1/doc/document/draft-gahrns-imap-child-mailbox/,0,draft-gahrns-imap-child-mailbox,04,2020-01-21 08:24:49+00:00,,1998-08-14 07:00:00+00:00,1998-08-14 07:00:00+00:00,docevent,2002
/api/v1/doc/document/rfc3297/,3297,rfc3297,Content Negotiation for Messaging Services based on Email,2002-07-24 23:14:11+00:00,/api/v1/doc/document/draft-ietf-fax-content-negotiation/,/api/v1/doc/document/draft-ietf-fax-content-negotiation/,0,draft-ietf-fax-content-negotiation,05,2020-01-21 08:24:41+00:00,,1999-10-19 07:00:00+00:00,1999-10-19 07:00:00+00:00,docevent,2002
/api/v1/doc/document/rfc3339/,3339,rfc3339,Date and Time on the Internet: Timestamps,2002-07-24 23:16:46+00:00,/api/v1/doc/document/draft-ietf-impp-datetime/,/api/v1/doc/document/draft-ietf-impp-datetime/,0,draft-ietf-impp-datetime,04,2020-01-21 08:24:47+00:00,,2001-04-03 07:00:00+00:00,2001-04-03 07:00:00+00:00,docevent,2002
/api/v1/doc/document/rfc3340/,3340,rfc3340,The Application Exchange Core,2002-07-24 23:19:03+00:00,/api/v1/doc/document/draft-ietf-apex-core/,/api/v1/doc/document/draft-ietf-apex-core/,0,draft-ietf-apex-core,06,2015-10-14 20:50:13+00:00,,2001-04-09 07:00:00+00:00,2001-04-09 07:00:00+00:00,docevent,2002
/api/v1/doc/document/rfc3341/,3341,rfc3341,The Application Exchange (APEX) Access Service,2002-07-24 23:21:02+00:00,/api/v1/doc/document/draft-ietf-apex-access/,/api/v1/doc/document/draft-ietf-apex-access/,0,draft-ietf-apex-access,08,2015-10-14 20:50:13+00:00,,2001-04-09 07:00:00+00:00,2001-04-09 07:00:00+00:00,docevent,2002
/api/v1/doc/document/rfc3342/,3342,rfc3342,"The Application Exchange (APEX) Option Party Pack, Part Deux!",2002-07-24 23:23:55+00:00,/api/v1/doc/document/draft-ietf-apex-party/,/api/v1/doc/document/draft-ietf-apex-party/,0,draft-ietf-apex-party,04,2015-10-14 20:50:15+00:00,,2001-06-07 07:00:00+00:00,2001-06-07 07:00:00+00:00,docevent,2002
/api/v1/doc/document/rfc3347/,3347,rfc3347,Small Computer Systems Interface protocol over the Internet (iSCSI) Requirements and Design Considerations,2002-07-24 23:25:50+00:00,/api/v1/doc/document/draft-ietf-ips-iscsi-reqmts/,/api/v1/doc/document/draft-ietf-ips-iscsi-reqmts/,0,draft-ietf-ips-iscsi-reqmts,05,2015-10-14 20:50:08+00:00,,2000-11-27 08:00:00+00:00,2000-11-27 08:00:00+00:00,docevent,2002
/api/v1/doc/document/rfc3365/,3365,rfc3365,Strong Security Requirements for Internet Engineering Task Force Standard Protocols,2002-08-01 07:00:00+00:00,/api/v1/doc/document/draft-ietf-saag-whyenc/,/api/v1/doc/document/draft-ietf-saag-whyenc/,0,draft-ietf-saag-whyenc,00,2015-10-14 20:50:16+00:00,,2001-07-11 07:00:00+00:00,2001-07-11 07:00:00+00:00,docevent,2002
/api/v1/doc/document/rfc3368/,3368,rfc3368,The 'go' URI Scheme for the Common Name Resolution Protocol,2002-08-01 07:00:00+00:00,/api/v1/doc/document/draft-ietf-cnrp-uri/,/api/v1/doc/document/draft-ietf-cnrp-uri/,0,draft-ietf-cnrp-uri,07,2015-10-14 20:50:00+00:00,,2000-02-21 08:00:00+00:00,2000-02-21 08:00:00+00:00,docevent,2002
/api/v1/doc/document/rfc3349/,3349,rfc3349,A Transient Prefix for Identifying Profiles under Development by the Working Groups of the Internet Engineering Task Force,2002-08-01 21:43:54+00:00,/api/v1/doc/document/draft-mrose-beep-transientid/,/api/v1/doc/document/draft-mrose-beep-transientid/,0,draft-mrose-beep-transientid,02,2013-03-02 16:57:28+00:00,,2001-09-07 07:00:00+00:00,2001-09-07 07:00:00+00:00,docevent,2002
/api/v1/doc/document/rfc3345/,3345,rfc3345,Border Gateway Protocol (BGP) Persistent Route Oscillation Condition,2002-08-01 21:45:44+00:00,/api/v1/doc/document/draft-ietf-idr-route-oscillation/,/api/v1/doc/document/draft-mcpherson-bgp-route-oscillation/,1,draft-mcpherson-bgp-route-oscillation,01,2001-02-28 08:00:00+00:00,,2001-01-03 08:00:00+00:00,2001-01-03 08:00:00+00:00,docevent,2002
/api/v1/doc/document/rfc3345/,3345,rfc3345,Border Gateway Protocol (BGP) Persistent Route Oscillation Condition,2002-08-01 21:45:44+00:00,/api/v1/doc/document/draft-ietf-idr-route-oscillation/,/api/v1/doc/document/draft-ietf-idr-route-oscillation/,0,draft-ietf-idr-route-oscillation,00,2020-01-21 08:24:47+00:00,,2001-03-30 08:00:00+00:00,2001-03-30 08:00:00+00:00,docevent,2002
/api/v1/doc/document/rfc3354/,3354,rfc3354,Internet Open Trading Protocol Version 2 Requirements,2002-08-14 18:38:27+00:00,/api/v1/doc/document/draft-ietf-trade-iotp2-req/,/api/v1/doc/document/draft-ietf-trade-iotp2-req/,0,draft-ietf-trade-iotp2-req,02,2015-10-14 20:50:12+00:00,,2001-02-27 08:00:00+00:00,2001-02-27 08:00:00+00:00,docevent,2002
/api/v1/doc/document/rfc3360/,3360,rfc3360,Inappropriate TCP Resets Considered Harmful,2002-08-14 18:40:22+00:00,/api/v1/doc/document/draft-floyd-tcp-reset/,/api/v1/doc/document/draft-floyd-tcp-reset/,0,draft-floyd-tcp-reset,04,2015-10-14 20:50:14+00:00,,2001-05-07 07:00:00+00:00,2001-05-07 07:00:00+00:00,docevent,2002
/api/v1/doc/document/rfc3346/,3346,rfc3346,Applicability Statement for Traffic Engineering with MPLS,2002-08-15 23:46:33+00:00,/api/v1/doc/document/draft-ietf-tewg-te-applicability/,/api/v1/doc/document/draft-ietf-tewg-te-applicability/,0,draft-ietf-tewg-te-applicability,01,2015-10-14 20:50:22+00:00,,2001-10-31 08:00:00+00:00,2001-10-31 08:00:00+00:00,docevent,2002
/api/v1/doc/document/rfc3357/,3357,rfc3357,One-way Loss Pattern Sample Metrics,2002-08-15 23:48:09+00:00,/api/v1/doc/document/draft-ietf-ippm-loss-pattern/,/api/v1/doc/document/draft-ietf-ippm-loss-pattern/,0,draft-ietf-ippm-loss-pattern,06,2013-03-02 16:57:38+00:00,,1999-03-03 08:00:00+00:00,1999-03-03 08:00:00+00:00,docevent,2002
/api/v1/doc/document/rfc3351/,3351,rfc3351,"User Requirements for the Session Initiation Protocol (SIP) in Support of Deaf, Hard of Hearing and Speech-impaired Individuals",2002-08-15 23:50:40+00:00,/api/v1/doc/document/draft-ietf-sipping-deaf-req/,/api/v1/doc/document/draft-ietf-sipping-deaf-req/,0,draft-ietf-sipping-deaf-req,03,2015-10-14 20:50:27+00:00,,2002-02-22 08:00:00+00:00,2002-02-22 08:00:00+00:00,docevent,2002
/api/v1/doc/document/rfc3356/,3356,rfc3356,Internet Engineering Task Force and International Telecommunication Union - Telecommunications Standardization Sector Collaboration Guidelines,2002-08-15 23:52:16+00:00,/api/v1/doc/document/draft-fishman-2436bis/,/api/v1/doc/document/draft-fishman-2436bis/,0,draft-fishman-2436bis,02,2015-10-14 20:50:24+00:00,,2001-12-13 08:00:00+00:00,2001-12-13 08:00:00+00:00,docevent,2002
/api/v1/doc/document/rfc3303/,3303,rfc3303,Middlebox communication architecture and framework,2002-08-19 23:49:20+00:00,/api/v1/doc/document/draft-ietf-midcom-framework/,/api/v1/doc/document/draft-ietf-midcom-framework/,0,draft-ietf-midcom-framework,07,2015-10-14 20:50:10+00:00,,2001-02-21 08:00:00+00:00,2001-02-21 08:00:00+00:00,docevent,2002
/api/v1/doc/document/rfc3304/,3304,rfc3304,Middlebox Communications (midcom) Protocol Requirements,2002-08-19 23:51:12+00:00,/api/v1/doc/document/draft-ietf-midcom-requirements/,/api/v1/doc/document/draft-ietf-midcom-requirements/,0,draft-ietf-midcom-requirements,05,2020-01-21 08:24:43+00:00,,2001-02-28 08:00:00+00:00,2001-02-28 08:00:00+00:00,docevent,2002
/api/v1/doc/document/rfc3358/,3358,rfc3358,Optional Checksums in Intermediate System to Intermediate System (ISIS),2002-08-21 22:54:45+00:00,/api/v1/doc/document/draft-ietf-isis-wg-snp-checksum/,/api/v1/doc/document/draft-ietf-isis-wg-snp-checksum/,0,draft-ietf-isis-wg-snp-checksum,02,2013-03-02 16:57:38+00:00,,1998-11-24 08:00:00+00:00,1998-11-24 08:00:00+00:00,docevent,2002
/api/v1/doc/document/rfc3359/,3359,rfc3359,"Reserved Type, Length and Value (TLV) Codepoints in Intermediate System to Intermediate System",2002-08-21 22:56:35+00:00,/api/v1/doc/document/draft-ietf-isis-wg-tlv-codepoints/,/api/v1/doc/document/draft-ietf-isis-wg-tlv-codepoints/,0,draft-ietf-isis-wg-tlv-codepoints,00,2013-03-02 16:57:38+00:00,,2001-07-23 07:00:00+00:00,2001-07-23 07:00:00+00:00,docevent,2002
/api/v1/doc/document/rfc3363/,3363,rfc3363,Representing Internet Protocol version 6 (IPv6) Addresses in the Domain Name System (DNS),2002-08-21 22:58:53+00:00,/api/v1/doc/document/draft-ietf-dnsext-ipv6-addresses/,/api/v1/doc/document/draft-ietf-dnsext-ipv6-addresses/,0,draft-ietf-dnsext-ipv6-addresses,02,2020-07-29 07:30:03+00:00,,2001-09-27 07:00:00+00:00,2001-09-27 07:00:00+00:00,docevent,2002
/api/v1/doc/document/rfc3364/,3364,rfc3364,Tradeoffs in Domain Name System (DNS) Support for Internet Protocol version 6 (IPv6),2002-08-21 23:02:18+00:00,/api/v1/doc/document/draft-ietf-dnsext-ipv6-dns-tradeoffs/,/api/v1/doc/document/draft-ietf-dnsext-ipv6-dns-tradeoffs/,0,draft-ietf-dnsext-ipv6-dns-tradeoffs,02,2020-01-21 08:24:50+00:00,,2001-07-10 07:00:00+00:00,2001-07-10 07:00:00+00:00,docevent,2002
/api/v1/doc/document/rfc3353/,3353,rfc3353,Overview of IP Multicast in a Multi-Protocol Label Switching (MPLS) Environment,2002-08-27 22:38:01+00:00,/api/v1/doc/document/draft-ietf-mpls-multicast/,/api/v1/doc/document/draft-ietf-mpls-multicast/,0,draft-ietf-mpls-multicast,08,2015-10-14 20:49:56+00:00,,1999-06-16 07:00:00+00:00,1999-06-16 07:00:00+00:00,docevent,2002
/api/v1/doc/document/rfc3361/,3361,rfc3361,Dynamic Host Configuration Protocol (DHCP-for-IPv4) Option for Session Initiation Protocol (SIP) Servers,2002-08-27 22:40:05+00:00,/api/v1/doc/document/draft-ietf-sip-dhcp/,/api/v1/doc/document/draft-ietf-sip-dhcp/,0,draft-ietf-sip-dhcp,06,2015-10-14 20:50:00+00:00,,2000-02-28 08:00:00+00:00,2000-02-28 08:00:00+00:00,docevent,2002
/api/v1/doc/document/rfc3305/,3305,rfc3305,"Report from the Joint W3C/IETF URI Planning Interest Group: Uniform Resource Identifiers (URIs), URLs, and Uniform Resource Names (URNs): Clarifications and Recommendations",2002-08-30 21:51:05+00:00,/api/v1/doc/document/draft-mealling-uri-ig/,/api/v1/doc/document/draft-mealling-uri-ig/,0,draft-mealling-uri-ig,02,2020-01-21 08:24:43+00:00,,2001-09-04 07:00:00+00:00,2001-09-04 07:00:00+00:00,docevent,2002
/api/v1/doc/document/rfc3298/,3298,rfc3298,Service in the Public Switched Telephone Network/Intelligent Network (PSTN/IN) Requesting InTernet Service (SPIRITS) Protocol Requirements,2002-09-03 23:54:29+00:00,/api/v1/doc/document/draft-ietf-spirits-reqs/,/api/v1/doc/document/draft-ietf-spirits-reqs/,0,draft-ietf-spirits-reqs,04,2013-03-02 16:57:26+00:00,,2001-02-20 08:00:00+00:00,2001-02-20 08:00:00+00:00,docevent,2002
/api/v1/doc/document/rfc3306/,3306,rfc3306,Unicast-Prefix-based IPv6 Multicast Addresses,2002-09-03 23:56:26+00:00,/api/v1/doc/document/draft-ietf-ipngwg-uni-based-mcast/,/api/v1/doc/document/draft-ietf-ipngwg-uni-based-mcast/,0,draft-ietf-ipngwg-uni-based-mcast,02,2015-10-14 20:50:06+00:00,,2000-09-27 07:00:00+00:00,2000-09-27 07:00:00+00:00,docevent,2002
/api/v1/doc/document/rfc3307/,3307,rfc3307,Allocation Guidelines for IPv6 Multicast Addresses,2002-09-03 23:58:31+00:00,/api/v1/doc/document/draft-ietf-malloc-ipv6-guide/,/api/v1/doc/document/draft-ietf-malloc-ipv6-guide/,0,draft-ietf-malloc-ipv6-guide,04,2015-10-14 20:50:02+00:00,,2000-05-26 07:00:00+00:00,2000-05-26 07:00:00+00:00,docevent,2002
/api/v1/doc/document/rfc3362/,3362,rfc3362,Real-time Facsimile (T.38) - image/t38 MIME Sub-type Registration,2002-09-04 00:00:20+00:00,/api/v1/doc/document/draft-parsons-itu-t38-reg/,/api/v1/doc/document/draft-parsons-itu-t38-reg/,0,draft-parsons-itu-t38-reg,00,2015-10-14 20:50:26+00:00,,2002-01-21 08:00:00+00:00,2002-01-21 08:00:00+00:00,docevent,2002
/api/v1/doc/document/rfc3366/,3366,rfc3366,Advice to link designers on link Automatic Repeat reQuest (ARQ),2002-09-05 16:39:43+00:00,/api/v1/doc/document/draft-ietf-pilc-link-arq-issues/,/api/v1/doc/document/draft-ietf-pilc-link-arq-issues/,0,draft-ietf-pilc-link-arq-issues,04,2015-10-14 20:50:08+00:00,,2000-11-21 08:00:00+00:00,2000-11-21 08:00:00+00:00,docevent,2002
/api/v1/doc/document/rfc3369/,3369,rfc3369,Cryptographic Message Syntax (CMS),2002-09-05 16:51:07+00:00,/api/v1/doc/document/draft-ietf-smime-rfc2630bis/,/api/v1/doc/document/draft-ietf-smime-rfc2630bis/,0,draft-ietf-smime-rfc2630bis,08,2020-01-21 08:24:50+00:00,,2001-04-25 07:00:00+00:00,2001-04-25 07:00:00+00:00,docevent,2002
/api/v1/doc/document/rfc3370/,3370,rfc3370,Cryptographic Message Syntax (CMS) Algorithms,2002-09-05 16:53:20+00:00,/api/v1/doc/document/draft-ietf-smime-cmsalg/,/api/v1/doc/document/draft-ietf-smime-cmsalg/,0,draft-ietf-smime-cmsalg,08,2020-01-21 08:24:50+00:00,,2001-04-25 07:00:00+00:00,2001-04-25 07:00:00+00:00,docevent,2002
/api/v1/doc/document/rfc3355/,3355,rfc3355,Layer Two Tunnelling Protocol (L2TP) Over ATM Adaptation Layer 5 (AAL5),2002-09-05 23:38:17+00:00,/api/v1/doc/document/draft-ietf-l2tpext-l2tp-atm/,/api/v1/doc/document/draft-ietf-l2tpext-l2tp-atm/,0,draft-ietf-l2tpext-l2tp-atm,03,2013-03-02 16:57:38+00:00,,1999-12-09 08:00:00+00:00,1999-12-09 08:00:00+00:00,docevent,2002
/api/v1/doc/document/rfc3367/,3367,rfc3367,Common Name Resolution Protocol (CNRP),2002-09-05 23:40:45+00:00,/api/v1/doc/document/draft-ietf-cnrp/,/api/v1/doc/document/draft-ietf-cnrp/,0,draft-ietf-cnrp,12,2015-10-14 20:49:59+00:00,,1999-12-29 08:00:00+00:00,1999-12-29 08:00:00+00:00,docevent,2002
/api/v1/doc/document/rfc3371/,3371,rfc3371,"Layer Two Tunneling Protocol ""L2TP"" Management Information Base",2002-09-05 23:45:51+00:00,/api/v1/doc/document/draft-ietf-l2tpext-l2tp-mib/,/api/v1/doc/document/draft-ietf-l2tpext-l2tp-mib/,0,draft-ietf-l2tpext-l2tp-mib,04,2013-03-02 16:57:39+00:00,,2000-03-07 08:00:00+00:00,2000-03-07 08:00:00+00:00,docevent,2002
/api/v1/doc/document/rfc3335/,3335,rfc3335,MIME-based Secure Peer-to-Peer Business Data Interchange over the Internet,2002-09-16 23:52:46+00:00,/api/v1/doc/document/draft-ietf-ediint-as1/,/api/v1/doc/document/draft-ietf-ediint-as1/,0,draft-ietf-ediint-as1,17,2015-10-14 20:49:50+00:00,,1996-10-22 07:00:00+00:00,1996-10-22 07:00:00+00:00,docevent,2002
/api/v1/doc/document/rfc3372/,3372,rfc3372,Session Initiation Protocol for Telephones (SIP-T): Context and Architectures,2002-09-16 23:54:58+00:00,/api/v1/doc/document/draft-ietf-sipping-sipt/,/api/v1/doc/document/draft-ietf-sipping-sipt/,0,draft-ietf-sipping-sipt,04,2020-01-21 08:24:50+00:00,,2001-11-16 08:00:00+00:00,2001-11-16 08:00:00+00:00,docevent,2002
/api/v1/doc/document/rfc3374/,3374,rfc3374,Problem Description: Reasons For Performing Context Transfers Between Nodes in an IP Access Network,2002-09-16 23:57:28+00:00,/api/v1/doc/document/draft-ietf-seamoby-context-transfer-problem-stat/,/api/v1/doc/document/draft-ietf-seamoby-context-transfer-problem-stat/,0,draft-ietf-seamoby-context-transfer-problem-stat,04,2015-10-14 20:50:10+00:00,,2001-02-19 08:00:00+00:00,2001-02-19 08:00:00+00:00,docevent,2002
/api/v1/doc/document/rfc3375/,3375,rfc3375,Generic Registry-Registrar Protocol Requirements,2002-09-16 23:59:20+00:00,/api/v1/doc/document/draft-ietf-provreg-grrp-reqs/,/api/v1/doc/document/draft-ietf-provreg-grrp-reqs/,0,draft-ietf-provreg-grrp-reqs,06,2015-10-14 20:50:10+00:00,,2001-02-21 08:00:00+00:00,2001-02-21 08:00:00+00:00,docevent,2002
/api/v1/doc/document/rfc3377/,3377,rfc3377,Lightweight Directory Access Protocol (v3): Technical Specification,2002-09-19 00:19:16+00:00,/api/v1/doc/document/draft-ietf-ldapbis-ldapv3-ts/,/api/v1/doc/document/draft-ietf-ldapbis-ldapv3-ts/,0,draft-ietf-ldapbis-ldapv3-ts,01,2020-01-21 08:24:51+00:00,,2001-01-15 08:00:00+00:00,2001-01-15 08:00:00+00:00,docevent,2002
/api/v1/doc/document/rfc3379/,3379,rfc3379,Delegated Path Validation and Delegated Path Discovery Protocol Requirements,2002-09-19 00:21:36+00:00,/api/v1/doc/document/draft-ietf-pkix-dpv-dpd-req/,/api/v1/doc/document/draft-ietf-pkix-dpv-dpd-req/,0,draft-ietf-pkix-dpv-dpd-req,05,2015-10-14 20:50:23+00:00,,2001-11-29 08:00:00+00:00,2001-11-29 08:00:00+00:00,docevent,2002
/api/v1/doc/document/rfc3373/,3373,rfc3373,Three-Way Handshake for Intermediate System to Intermediate System (IS-IS) Point-to-Point Adjacencies,2002-09-20 16:44:10+00:00,/api/v1/doc/document/draft-ietf-isis-3way/,/api/v1/doc/document/draft-ietf-isis-3way/,0,draft-ietf-isis-3way,05,2015-10-14 20:49:50+00:00,,1999-03-25 08:00:01+00:00,1999-03-25 08:00:01+00:00,docevent,2002
/api/v1/doc/document/rfc3383/,3383,rfc3383,Internet Assigned Numbers Authority (IANA) Considerations for the Lightweight Directory Access Protocol (LDAP),2002-09-20 16:48:59+00:00,/api/v1/doc/document/draft-ietf-ldapbis-iana/,/api/v1/doc/document/draft-ietf-ldapbis-iana/,0,draft-ietf-ldapbis-iana,09,2015-10-14 20:50:13+00:00,,2001-04-02 07:00:00+00:00,2001-04-02 07:00:00+00:00,docevent,2002
/api/v1/doc/document/rfc3310/,3310,rfc3310,Hypertext Transfer Protocol (HTTP) Digest Authentication Using Authentication and Key Agreement (AKA),2002-09-20 22:21:36+00:00,/api/v1/doc/document/draft-ietf-sip-digest-aka/,/api/v1/doc/document/draft-ietf-sip-digest-aka/,0,draft-ietf-sip-digest-aka,03,2015-10-14 20:50:30+00:00,,2002-04-17 07:00:00+00:00,2002-04-17 07:00:00+00:00,docevent,2002
/api/v1/doc/document/rfc3314/,3314,rfc3314,Recommendations for IPv6 in Third Generation Partnership Project (3GPP) Standards,2002-09-20 22:23:38+00:00,/api/v1/doc/document/draft-ietf-ipv6-3gpp-recommend/,/api/v1/doc/document/draft-ietf-ipv6-3gpp-recommend/,0,draft-ietf-ipv6-3gpp-recommend,01,2020-07-29 07:30:01+00:00,,2002-01-22 08:00:00+00:00,2002-01-22 08:00:00+00:00,docevent,2002
/api/v1/doc/document/rfc3331/,3331,rfc3331,Signaling System 7 (SS7) Message Transfer Part 2 (MTP2) - User Adaptation Layer,2002-09-20 22:25:46+00:00,/api/v1/doc/document/draft-ietf-sigtran-m2ua/,/api/v1/doc/document/draft-ietf-sigtran-m2ua/,0,draft-ietf-sigtran-m2ua,15,2015-10-14 20:49:58+00:00,,1999-09-28 07:00:00+00:00,1999-09-28 07:00:00+00:00,docevent,2002
/api/v1/doc/document/rfc3332/,3332,rfc3332,Signaling System 7 (SS7) Message Transfer Part 3 (MTP3) - User Adaptation Layer (M3UA),2002-09-20 22:28:40+00:00,/api/v1/doc/document/draft-ietf-sigtran-m3ua/,/api/v1/doc/document/draft-ietf-sigtran-m3ua/,0,draft-ietf-sigtran-m3ua,12,2015-10-14 20:49:58+00:00,,1999-10-11 07:00:00+00:00,1999-10-11 07:00:00+00:00,docevent,2002
/api/v1/doc/document/rfc3378/,3378,rfc3378,EtherIP: Tunneling Ethernet Frames in IP Datagrams,2002-09-20 22:30:32+00:00,/api/v1/doc/document/draft-housley-etherip/,/api/v1/doc/document/draft-housley-etherip/,0,draft-housley-etherip,04,2015-10-14 20:50:06+00:00,,2000-10-13 07:00:00+00:00,2000-10-13 07:00:00+00:00,docevent,2002
/api/v1/doc/document/rfc3249/,3249,rfc3249,Implementers Guide for Facsimile Using Internet Mail,2002-09-26 00:30:10+00:00,/api/v1/doc/document/draft-ietf-fax-implementers-guide/,/api/v1/doc/document/draft-ietf-fax-implementers-guide/,0,draft-ietf-fax-implementers-guide,08,2015-10-14 20:49:58+00:00,,1999-10-25 07:00:00+00:00,1999-10-25 07:00:00+00:00,docevent,2002
/api/v1/doc/document/rfc3250/,3250,rfc3250,Tag Image File Format Fax eXtended (TIFF-FX) - image/tiff-fx MIME Sub-type Registration,2002-09-26 00:32:09+00:00,/api/v1/doc/document/draft-ietf-fax-tiff-fx-reg/,/api/v1/doc/document/draft-ietf-fax-tiff-fx-reg/,0,draft-ietf-fax-tiff-fx-reg,01,2015-10-14 20:50:22+00:00,,2001-11-08 08:00:00+00:00,2001-11-08 08:00:00+00:00,docevent,2002
/api/v1/doc/document/rfc3302/,3302,rfc3302,Tag Image File Format (TIFF) - image/tiff MIME Sub-type Registration,2002-09-27 23:13:41+00:00,/api/v1/doc/document/draft-ietf-fax-tiff-regbis/,/api/v1/doc/document/draft-ietf-fax-tiff-regbis/,0,draft-ietf-fax-tiff-regbis,05,2015-10-14 20:50:00+00:00,,2000-03-07 08:00:00+00:00,2000-03-07 08:00:00+00:00,docevent,2002
/api/v1/doc/document/rfc3309/,3309,rfc3309,Stream Control Transmission Protocol (SCTP) Checksum Change,2002-09-30 22:22:30+00:00,/api/v1/doc/document/draft-ietf-tsvwg-sctpcsum/,/api/v1/doc/document/draft-ietf-tsvwg-sctpcsum/,0,draft-ietf-tsvwg-sctpcsum,07,2013-03-02 16:57:26+00:00,,2001-06-29 07:00:00+00:00,2001-06-29 07:00:00+00:00,docevent,2002
/api/v1/doc/document/rfc3385/,3385,rfc3385,Internet Protocol Small Computer System Interface (iSCSI) Cyclic Redundancy Check (CRC)/Checksum Considerations,2002-09-30 22:25:02+00:00,/api/v1/doc/document/draft-sheinwald-iscsi-crc/,/api/v1/doc/document/draft-sheinwald-iscsi-crc/,0,draft-sheinwald-iscsi-crc,02,2020-01-21 08:24:54+00:00,,2001-05-08 07:00:00+00:00,2001-05-08 07:00:00+00:00,docevent,2002
/api/v1/doc/document/rfc3395/,3395,rfc3395,Remote Network Monitoring MIB Protocol Identifier Reference Extensions,2002-09-30 22:29:51+00:00,/api/v1/doc/document/draft-ietf-rmonmib-appverbs/,/api/v1/doc/document/draft-ietf-rmonmib-appverbs/,0,draft-ietf-rmonmib-appverbs,04,2015-10-14 20:50:04+00:00,,2000-07-24 07:00:00+00:00,2000-07-24 07:00:00+00:00,docevent,2002
/api/v1/doc/document/rfc3380/,3380,rfc3380,Internet Printing Protocol (IPP): Job and Printer Set Operations,2002-10-01 22:37:50+00:00,/api/v1/doc/document/draft-ietf-ipp-job-printer-set-ops/,/api/v1/doc/document/draft-ietf-ipp-job-printer-set-ops/,0,draft-ietf-ipp-job-printer-set-ops,04,2020-01-21 08:24:52+00:00,,2000-03-06 08:00:00+00:00,2000-03-06 08:00:00+00:00,docevent,2002
/api/v1/doc/document/rfc3389/,3389,rfc3389,Real-time Transport Protocol (RTP) Payload for Comfort Noise (CN),2002-10-01 23:38:24+00:00,/api/v1/doc/document/draft-ietf-avt-rtp-cn/,/api/v1/doc/document/draft-ietf-avt-rtp-cn/,0,draft-ietf-avt-rtp-cn,06,2020-01-21 08:24:55+00:00,,2000-03-08 08:00:00+00:00,2000-03-08 08:00:00+00:00,docevent,2002
/api/v1/doc/document/rfc3394/,3394,rfc3394,Advanced Encryption Standard (AES) Key Wrap Algorithm,2002-10-01 23:42:11+00:00,/api/v1/doc/document/draft-ietf-smime-aes-keywrap/,/api/v1/doc/document/draft-ietf-smime-aes-keywrap/,0,draft-ietf-smime-aes-keywrap,00,2020-01-21 08:24:56+00:00,,2002-02-06 08:00:00+00:00,2002-02-06 08:00:00+00:00,docevent,2002
/api/v1/doc/document/rfc3330/,3330,rfc3330,Special-Use IPv4 Addresses,2002-10-02 22:43:32+00:00,/api/v1/doc/document/draft-iana-special-ipv4/,/api/v1/doc/document/draft-iana-special-ipv4/,0,draft-iana-special-ipv4,05,2015-10-14 20:50:27+00:00,,2002-02-25 08:00:00+00:00,2002-02-25 08:00:00+00:00,docevent,2002
/api/v1/doc/document/rfc3381/,3381,rfc3381,Internet Printing Protocol (IPP): Job Progress Attributes,2002-10-02 22:53:47+00:00,/api/v1/doc/document/draft-ietf-ipp-job-prog/,/api/v1/doc/document/draft-ietf-ipp-job-prog/,0,draft-ietf-ipp-job-prog,02,2020-01-21 08:24:53+00:00,,2000-07-07 07:00:00+00:00,2000-07-07 07:00:00+00:00,docevent,2002
/api/v1/doc/document/rfc3382/,3382,rfc3382,Internet Printing Protocol (IPP): The 'collection' attribute syntax,2002-10-02 22:57:00+00:00,/api/v1/doc/document/draft-ietf-ipp-collection/,/api/v1/doc/document/draft-ietf-ipp-collection/,0,draft-ietf-ipp-collection,04,2015-10-14 20:49:59+00:00,,1999-12-15 08:00:00+00:00,1999-12-15 08:00:00+00:00,docevent,2002
/api/v1/doc/document/rfc3387/,3387,rfc3387,Considerations from the Service Management Research Group (SMRG) on Quality of Service (QoS) in the IP Network,2002-10-04 16:29:12+00:00,/api/v1/doc/document/draft-irtf-smrg-ipsmf/,/api/v1/doc/document/draft-irtf-smrg-ipsmf/,0,draft-irtf-smrg-ipsmf,03,2015-10-14 20:50:16+00:00,,2001-07-11 07:00:00+00:00,2001-07-11 07:00:00+00:00,docevent,2002
/api/v1/doc/document/rfc3338/,3338,rfc3338,"Dual Stack Hosts Using ""Bump-in-the-API"" (BIA)",2002-10-09 23:06:38+00:00,/api/v1/doc/document/draft-ietf-ngtrans-bia/,/api/v1/doc/document/draft-ietf-ngtrans-bia/,0,draft-ietf-ngtrans-bia,05,2015-10-14 20:50:16+00:00,,2001-07-13 07:00:00+00:00,2001-07-13 07:00:00+00:00,docevent,2002
/api/v1/doc/document/rfc3311/,3311,rfc3311,The Session Initiation Protocol (SIP) UPDATE Method,2002-10-15 18:55:38+00:00,/api/v1/doc/document/draft-ietf-sip-update/,/api/v1/doc/document/draft-ietf-sip-update/,0,draft-ietf-sip-update,02,2015-10-14 20:50:27+00:00,,2002-02-18 08:00:00+00:00,2002-02-18 08:00:00+00:00,docevent,2002
/api/v1/doc/document/rfc3334/,3334,rfc3334,Policy-Based Accounting,2002-10-15 18:57:27+00:00,/api/v1/doc/document/draft-irtf-aaaarch-pol-acct/,/api/v1/doc/document/draft-irtf-aaaarch-pol-acct/,0,draft-irtf-aaaarch-pol-acct,05,2015-10-14 20:50:04+00:00,,2000-07-21 07:00:00+00:00,2000-07-21 07:00:00+00:00,docevent,2002
/api/v1/doc/document/rfc3312/,3312,rfc3312,Integration of Resource Management and Session Initiation Protocol (SIP),2002-10-17 23:22:26+00:00,/api/v1/doc/document/draft-ietf-sip-manyfolks-resource/,/api/v1/doc/document/draft-ietf-sip-manyfolks-resource/,0,draft-ietf-sip-manyfolks-resource,07,2015-10-14 20:50:07+00:00,,2000-11-10 08:00:00+00:00,2000-11-10 08:00:00+00:00,docevent,2002
/api/v1/doc/document/rfc3376/,3376,rfc3376,"Internet Group Management Protocol, Version 3",2002-10-17 23:24:30+00:00,/api/v1/doc/document/draft-ietf-idmr-igmp-v3/,/api/v1/doc/document/draft-ietf-idmr-igmp-v3/,0,draft-ietf-idmr-igmp-v3,10,2020-01-21 08:24:51+00:00,,1998-04-07 07:00:00+00:00,1998-04-07 07:00:00+00:00,docevent,2002
/api/v1/doc/document/rfc3401/,3401,rfc3401,Dynamic Delegation Discovery System (DDDS) Part One: The Comprehensive DDDS,2002-10-17 23:53:05+00:00,/api/v1/doc/document/draft-ietf-urn-ddds-toc/,/api/v1/doc/document/draft-ietf-urn-ddds-toc/,0,draft-ietf-urn-ddds-toc,03,2020-01-21 08:24:56+00:00,,2001-10-29 08:00:00+00:00,2001-10-29 08:00:00+00:00,docevent,2002
/api/v1/doc/document/rfc3402/,3402,rfc3402,Dynamic Delegation Discovery System (DDDS) Part Two: The Algorithm,2002-10-17 23:55:22+00:00,/api/v1/doc/document/draft-ietf-urn-ddds/,/api/v1/doc/document/draft-ietf-urn-ddds/,0,draft-ietf-urn-ddds,07,2022-07-26 07:14:39+00:00,,2000-07-19 07:00:00+00:00,2000-07-19 07:00:00+00:00,docevent,2002
/api/v1/doc/document/rfc3403/,3403,rfc3403,Dynamic Delegation Discovery System (DDDS) Part Three: The Domain Name System (DNS) Database,2002-10-17 23:57:56+00:00,/api/v1/doc/document/draft-ietf-urn-dns-ddds-database/,/api/v1/doc/document/draft-ietf-urn-dns-ddds-database/,0,draft-ietf-urn-dns-ddds-database,09,2015-10-14 20:50:04+00:00,,2000-07-19 07:00:00+00:00,2000-07-19 07:00:00+00:00,docevent,2002
/api/v1/doc/document/rfc3404/,3404,rfc3404,Dynamic Delegation Discovery System (DDDS) Part Four: The Uniform Resource Identifiers (URI),2002-10-18 00:00:24+00:00,/api/v1/doc/document/draft-ietf-urn-uri-res-ddds/,/api/v1/doc/document/draft-ietf-urn-uri-res-ddds/,0,draft-ietf-urn-uri-res-ddds,07,2020-01-21 08:24:57+00:00,,2000-07-19 07:00:00+00:00,2000-07-19 07:00:00+00:00,docevent,2002
/api/v1/doc/document/rfc3405/,3405,rfc3405,Dynamic Delegation Discovery System (DDDS) Part Five: URI.ARPA Assignment Procedures,2002-10-18 00:04:51+00:00,/api/v1/doc/document/draft-ietf-urn-net-procedures/,/api/v1/doc/document/draft-ietf-urn-net-procedures/,0,draft-ietf-urn-net-procedures,11,2020-01-21 08:24:57+00:00,,1998-08-14 07:00:00+00:00,1998-08-14 07:00:00+00:00,docevent,2002
/api/v1/doc/document/rfc3406/,3406,rfc3406,Uniform Resource Names (URN) Namespace Definition Mechanisms,2002-10-18 00:07:49+00:00,/api/v1/doc/document/draft-ietf-urn-rfc2611bis/,/api/v1/doc/document/draft-ietf-urn-rfc2611bis/,0,draft-ietf-urn-rfc2611bis,04,2020-01-21 08:24:57+00:00,,2000-11-13 08:00:00+00:00,2000-11-13 08:00:00+00:00,docevent,2002
/api/v1/doc/document/rfc3407/,3407,rfc3407,Session Description Protocol (SDP) Simple Capability Declaration,2002-10-18 00:09:51+00:00,/api/v1/doc/document/draft-andreasen-mmusic-sdp-simcap/,/api/v1/doc/document/draft-andreasen-mmusic-sdp-simcap/,0,draft-andreasen-mmusic-sdp-simcap,05,2015-10-14 20:50:07+00:00,,2000-11-17 08:00:00+00:00,2000-11-17 08:00:00+00:00,docevent,2002
/api/v1/doc/document/rfc3384/,3384,rfc3384,Lightweight Directory Access Protocol (version 3) Replication Requirements,2002-10-23 18:07:06+00:00,/api/v1/doc/document/draft-ietf-ldup-replica-req/,/api/v1/doc/document/draft-ietf-ldup-replica-req/,0,draft-ietf-ldup-replica-req,12,2015-10-14 20:49:55+00:00,,1999-02-22 08:00:00+00:00,1999-02-22 08:00:00+00:00,docevent,2002
/api/v1/doc/document/rfc3390/,3390,rfc3390,Increasing TCP's Initial Window,2002-11-02 00:58:17+00:00,/api/v1/doc/document/draft-ietf-tsvwg-initwin/,/api/v1/doc/document/draft-ietf-tsvwg-initwin/,0,draft-ietf-tsvwg-initwin,04,2020-01-21 08:24:55+00:00,,2001-05-25 07:00:00+00:00,2001-05-25 07:00:00+00:00,docevent,2002
/api/v1/doc/document/rfc3308/,3308,rfc3308,Layer Two Tunneling Protocol (L2TP) Differentiated Services Extension,2002-11-08 23:42:17+00:00,/api/v1/doc/document/draft-ietf-l2tpext-ds/,/api/v1/doc/document/draft-ietf-l2tpext-ds/,0,draft-ietf-l2tpext-ds,05,2012-02-26 10:01:20+00:00,,2000-03-03 08:00:00+00:00,2000-03-03 08:00:00+00:00,docevent,2002
/api/v1/doc/document/rfc3386/,3386,rfc3386,Network Hierarchy and Multilayer Survivability,2002-11-08 23:45:28+00:00,/api/v1/doc/document/draft-ietf-tewg-restore-hierarchy/,/api/v1/doc/document/draft-ietf-tewg-restore-hierarchy/,0,draft-ietf-tewg-restore-hierarchy,01,2015-10-14 20:50:20+00:00,,2001-10-02 07:00:00+00:00,2001-10-02 07:00:00+00:00,docevent,2002
/api/v1/doc/document/rfc3396/,3396,rfc3396,Encoding Long Options in the Dynamic Host Configuration Protocol (DHCPv4),2002-11-08 23:47:46+00:00,/api/v1/doc/document/draft-ietf-dhc-concat/,/api/v1/doc/document/draft-ietf-dhc-concat/,0,draft-ietf-dhc-concat,05,2013-03-02 16:57:40+00:00,,2001-03-01 08:00:00+00:00,2001-03-01 08:00:00+00:00,docevent,2002
/api/v1/doc/document/rfc3397/,3397,rfc3397,Dynamic Host Configuration Protocol (DHCP) Domain Search Option,2002-11-08 23:49:50+00:00,/api/v1/doc/document/draft-aboba-dhc-domsearch/,/api/v1/doc/document/draft-aboba-dhc-domsearch/,0,draft-aboba-dhc-domsearch,09,2012-02-26 10:01:23+00:00,,2000-10-20 07:00:00+00:00,2000-10-20 07:00:00+00:00,docevent,2002
/api/v1/doc/document/rfc3392/,3392,rfc3392,Capabilities Advertisement with BGP-4,2002-11-13 20:45:49+00:00,/api/v1/doc/document/draft-ietf-idr-rfc2842bis/,/api/v1/doc/document/draft-ietf-idr-rfc2842bis/,0,draft-ietf-idr-rfc2842bis,01,2015-10-14 20:50:24+00:00,,2002-01-11 08:00:00+00:00,2002-01-11 08:00:00+00:00,docevent,2002
/api/v1/doc/document/rfc3393/,3393,rfc3393,IP Packet Delay Variation Metric for IP Performance Metrics (IPPM),2002-11-16 01:10:37+00:00,/api/v1/doc/document/draft-ietf-ippm-ipdv/,/api/v1/doc/document/draft-ietf-ippm-ipdv/,0,draft-ietf-ippm-ipdv,09,2022-06-17 07:14:45+00:00,,1998-04-07 07:00:00+00:00,1998-04-07 07:00:00+00:00,docevent,2002
/api/v1/doc/document/rfc3420/,3420,rfc3420,Internet Media Type message/sipfrag,2002-11-16 01:12:37+00:00,/api/v1/doc/document/draft-ietf-sip-sipfrag/,/api/v1/doc/document/draft-ietf-sip-sipfrag/,0,draft-ietf-sip-sipfrag,00,2020-01-21 08:25:02+00:00,,2002-05-20 07:00:00+00:00,2002-05-20 07:00:00+00:00,docevent,2002
/api/v1/doc/document/rfc3423/,3423,rfc3423,XACCT's Common Reliable Accounting for Network Element (CRANE) Protocol Specification Version 1.0,2002-11-20 01:19:36+00:00,/api/v1/doc/document/draft-kzhang-crane-protocol/,/api/v1/doc/document/draft-kzhang-crane-protocol/,0,draft-kzhang-crane-protocol,05,2015-10-14 20:50:15+00:00,,2001-06-20 07:00:00+00:00,2001-06-20 07:00:00+00:00,docevent,2002
/api/v1/doc/document/rfc3424/,3424,rfc3424,IAB Considerations for UNilateral Self-Address Fixing (UNSAF) Across Network Address Translation,2002-11-20 01:21:56+00:00,/api/v1/doc/document/draft-iab-unsaf-considerations/,/api/v1/doc/document/draft-iab-unsaf-considerations/,0,draft-iab-unsaf-considerations,02,2020-01-21 08:25:02+00:00,,2002-01-14 08:00:00+00:00,2002-01-14 08:00:00+00:00,docevent,2002
/api/v1/doc/document/rfc3426/,3426,rfc3426,General Architectural and Policy Considerations,2002-11-20 01:23:30+00:00,/api/v1/doc/document/draft-iab-considerations/,/api/v1/doc/document/draft-iab-considerations/,0,draft-iab-considerations,03,2013-03-02 16:57:41+00:00,,2002-05-16 07:00:00+00:00,2002-05-16 07:00:00+00:00,docevent,2002
/api/v1/doc/document/rfc3425/,3425,rfc3425,Obsoleting IQUERY,2002-11-21 00:52:25+00:00,/api/v1/doc/document/draft-ietf-dnsext-obsolete-iquery/,/api/v1/doc/document/draft-ietf-dnsext-obsolete-iquery/,0,draft-ietf-dnsext-obsolete-iquery,04,2015-10-14 20:50:12+00:00,,2001-02-28 08:00:00+00:00,2001-02-28 08:00:00+00:00,docevent,2002
/api/v1/doc/document/rfc3429/,3429,rfc3429,Assignment of the 'OAM Alert Label' for Multiprotocol Label Switching Architecture (MPLS) Operation and Maintenance (OAM) Functions,2002-11-21 00:54:17+00:00,/api/v1/doc/document/draft-ohta-mpls-label-value/,/api/v1/doc/document/draft-ohta-mpls-label-value/,0,draft-ohta-mpls-label-value,03,2013-03-02 16:57:42+00:00,,2001-08-15 07:00:00+00:00,2001-08-15 07:00:00+00:00,docevent,2002
/api/v1/doc/document/rfc3422/,3422,rfc3422,Forwarding Media Access Control (MAC) Frames over Multiple Access Protocol over Synchronous Optical Network/Synchronous Digital Hierarchy (MAPOS),2002-11-22 18:08:51+00:00,/api/v1/doc/document/draft-okamoto-mac-over-mapos/,/api/v1/doc/document/draft-okamoto-mac-over-mapos/,0,draft-okamoto-mac-over-mapos,02,2015-10-14 20:50:09+00:00,,2001-01-17 08:00:00+00:00,2001-01-17 08:00:00+00:00,docevent,2002
/api/v1/doc/document/rfc3421/,3421,rfc3421,Select and Sort Extensions for the Service Location Protocol (SLP),2002-11-25 23:29:28+00:00,/api/v1/doc/document/draft-zhao-slp-customization/,/api/v1/doc/document/draft-zhao-slp-customization/,0,draft-zhao-slp-customization,05,2015-10-14 20:50:15+00:00,,2001-06-22 07:00:00+00:00,2001-06-22 07:00:00+00:00,docevent,2002
/api/v1/doc/document/rfc3337/,3337,rfc3337,Class Extensions for PPP over Asynchronous Transfer Mode Adaptation Layer 2,2002-12-01 08:00:00+00:00,/api/v1/doc/document/draft-ietf-pppext-ppp-over-aal2-class/,/api/v1/doc/document/draft-ietf-pppext-ppp-over-aal2-class/,0,draft-ietf-pppext-ppp-over-aal2-class,02,2013-03-02 16:57:27+00:00,,2001-07-02 07:00:00+00:00,2001-07-02 07:00:00+00:00,docevent,2002
/api/v1/doc/document/rfc3323/,3323,rfc3323,A Privacy Mechanism for the Session Initiation Protocol (SIP),2002-12-04 22:37:10+00:00,/api/v1/doc/document/draft-ietf-sip-privacy-general/,/api/v1/doc/document/draft-ietf-sip-privacy-general/,0,draft-ietf-sip-privacy-general,01,2017-11-16 08:17:19+00:00,,2002-05-28 07:00:00+00:00,2002-05-28 07:00:00+00:00,docevent,2002
/api/v1/doc/document/rfc3324/,3324,rfc3324,Short Term Requirements for Network Asserted Identity,2002-12-04 22:39:16+00:00,/api/v1/doc/document/draft-ietf-sipping-nai-reqs/,/api/v1/doc/document/draft-ietf-sipping-nai-reqs/,0,draft-ietf-sipping-nai-reqs,02,2015-10-14 20:50:31+00:00,,2002-05-10 07:00:00+00:00,2002-05-10 07:00:00+00:00,docevent,2002
/api/v1/doc/document/rfc3325/,3325,rfc3325,Private Extensions to the Session Initiation Protocol (SIP) for Asserted Identity within Trusted Networks,2002-12-04 22:42:14+00:00,/api/v1/doc/document/draft-ietf-sip-asserted-identity/,/api/v1/doc/document/draft-ietf-sip-asserted-identity/,0,draft-ietf-sip-asserted-identity,02,2020-01-21 08:24:46+00:00,,2002-05-28 07:00:00+00:00,2002-05-28 07:00:00+00:00,docevent,2002
/api/v1/doc/document/rfc3432/,3432,rfc3432,Network performance measurement with periodic streams,2002-12-04 23:04:22+00:00,/api/v1/doc/document/draft-ietf-ippm-npmps/,/api/v1/doc/document/draft-ietf-ippm-npmps/,0,draft-ietf-ippm-npmps,07,2013-03-02 16:57:42+00:00,,2000-03-14 08:00:00+00:00,2000-03-14 08:00:00+00:00,docevent,2002
/api/v1/doc/document/rfc3428/,3428,rfc3428,Session Initiation Protocol (SIP) Extension for Instant Messaging,2002-12-06 22:19:21+00:00,/api/v1/doc/document/draft-ietf-sip-message/,/api/v1/doc/document/draft-ietf-sip-message/,0,draft-ietf-sip-message,07,2015-10-14 20:50:23+00:00,,2001-11-16 08:00:00+00:00,2001-11-16 08:00:00+00:00,docevent,2002
/api/v1/doc/document/rfc3431/,3431,rfc3431,Sieve Extension: Relational Tests,2002-12-06 22:21:28+00:00,/api/v1/doc/document/draft-segmuller-sieve-relation/,/api/v1/doc/document/draft-segmuller-sieve-relation/,0,draft-segmuller-sieve-relation,02,2015-10-14 20:50:13+00:00,,2001-04-10 07:00:00+00:00,2001-04-10 07:00:00+00:00,docevent,2002
/api/v1/doc/document/rfc3326/,3326,rfc3326,The Reason Header Field for the Session Initiation Protocol (SIP),2002-12-06 22:24:21+00:00,/api/v1/doc/document/draft-ietf-sip-reason/,/api/v1/doc/document/draft-ietf-sip-reason/,0,draft-ietf-sip-reason,01,2015-10-14 20:50:30+00:00,,2002-04-23 07:00:00+00:00,2002-04-23 07:00:00+00:00,docevent,2002
/api/v1/doc/document/rfc3398/,3398,rfc3398,Integrated Services Digital Network (ISDN) User Part (ISUP) to Session Initiation Protocol (SIP) Mapping,2002-12-06 22:26:47+00:00,/api/v1/doc/document/draft-ietf-sipping-isup/,/api/v1/doc/document/draft-ietf-sipping-isup/,0,draft-ietf-sipping-isup,06,2015-10-14 20:50:22+00:00,,2001-11-16 08:00:00+00:00,2001-11-16 08:00:00+00:00,docevent,2002
/api/v1/doc/document/rfc3408/,3408,rfc3408,Zero-byte Support for Bidirectional Reliable Mode (R-mode) in Extended Link-Layer Assisted RObust Header Compression (ROHC) Profile,2002-12-11 22:20:28+00:00,/api/v1/doc/document/draft-ietf-rohc-rtp-lla-r-mode/,/api/v1/doc/document/draft-ietf-rohc-rtp-lla-r-mode/,0,draft-ietf-rohc-rtp-lla-r-mode,03,2013-03-02 16:57:40+00:00,,2002-01-04 08:00:00+00:00,2002-01-04 08:00:00+00:00,docevent,2002
/api/v1/doc/document/rfc3409/,3409,rfc3409,Lower Layer Guidelines for Robust RTP/UDP/IP Header Compression,2002-12-11 22:22:19+00:00,/api/v1/doc/document/draft-ietf-rohc-rtp-lower-layer-guidelines/,/api/v1/doc/document/draft-ietf-rohc-lower-layer-guidelines/,1,draft-ietf-rohc-lower-layer-guidelines,00,2000-05-24 07:00:00+00:00,,2000-05-24 07:00:00+00:00,2000-05-24 07:00:00+00:00,docevent,2002
/api/v1/doc/document/rfc3409/,3409,rfc3409,Lower Layer Guidelines for Robust RTP/UDP/IP Header Compression,2002-12-11 22:22:19+00:00,/api/v1/doc/document/draft-ietf-rohc-rtp-lower-layer-guidelines/,/api/v1/doc/document/draft-ietf-rohc-rtp-lower-layer-guidelines/,0,draft-ietf-rohc-rtp-lower-layer-guidelines,03,2013-03-02 16:57:40+00:00,,2000-10-12 07:00:00+00:00,2000-10-12 07:00:00+00:00,docevent,2002
/api/v1/doc/document/rfc3439/,3439,rfc3439,Some Internet Architectural Guidelines and Philosophy,2002-12-11 22:23:57+00:00,/api/v1/doc/document/draft-ymbk-arch-guidelines/,/api/v1/doc/document/draft-ymbk-arch-guidelines/,0,draft-ymbk-arch-guidelines,05,2020-01-21 08:25:03+00:00,,2002-05-20 07:00:00+00:00,2002-05-20 07:00:00+00:00,docevent,2002
/api/v1/doc/document/rfc3327/,3327,rfc3327,Session Initiation Protocol (SIP) Extension Header Field for Registering Non-Adjacent Contacts,2002-12-14 01:11:25+00:00,/api/v1/doc/document/draft-willis-sip-path/,/api/v1/doc/document/draft-willis-sip-path/,0,draft-willis-sip-path,08,2015-10-14 20:50:26+00:00,,2002-02-07 08:00:01+00:00,2002-02-07 08:00:01+00:00,docevent,2002
/api/v1/doc/document/rfc3336/,3336,rfc3336,PPP Over Asynchronous Transfer Mode Adaptation Layer 2 (AAL2),2002-12-14 01:14:46+00:00,/api/v1/doc/document/draft-ietf-pppext-ppp-over-aal2/,/api/v1/doc/document/draft-ietf-pppext-ppp-over-aal2/,0,draft-ietf-pppext-ppp-over-aal2,03,2013-03-02 16:57:27+00:00,,2001-03-05 08:00:00+00:00,2001-03-05 08:00:00+00:00,docevent,2002
/api/v1/doc/document/rfc3442/,3442,rfc3442,The Classless Static Route Option for Dynamic Host Configuration Protocol (DHCP) version 4,2002-12-14 01:19:52+00:00,/api/v1/doc/document/draft-ietf-dhc-csr/,/api/v1/doc/document/draft-ietf-dhc-csr/,0,draft-ietf-dhc-csr,07,2013-03-02 16:57:42+00:00,,2000-01-31 08:00:00+00:00,2000-01-31 08:00:00+00:00,docevent,2002
/api/v1/doc/document/rfc3436/,3436,rfc3436,Transport Layer Security over Stream Control Transmission Protocol,2002-12-18 18:05:20+00:00,/api/v1/doc/document/draft-ietf-tsvwg-tls-over-sctp/,/api/v1/doc/document/draft-ietf-tsvwg-tls-over-sctp/,0,draft-ietf-tsvwg-tls-over-sctp,00,2013-03-02 16:57:42+00:00,,2001-11-19 08:00:00+00:00,2001-11-19 08:00:00+00:00,docevent,2002
/api/v1/doc/document/rfc3445/,3445,rfc3445,Limiting the Scope of the KEY Resource Record (RR),2002-12-18 18:10:02+00:00,/api/v1/doc/document/draft-ietf-dnsext-restrict-key-for-dnssec/,/api/v1/doc/document/draft-ietf-dnsext-restrict-key-for-dnssec/,0,draft-ietf-dnsext-restrict-key-for-dnssec,04,2020-01-21 08:25:04+00:00,,2001-11-06 08:00:00+00:00,2001-11-06 08:00:00+00:00,docevent,2002
/api/v1/doc/document/rfc3410/,3410,rfc3410,Introduction and Applicability Statements for Internet-Standard Management Framework,2002-12-19 01:06:05+00:00,/api/v1/doc/document/draft-ietf-snmpv3-rfc2570bis/,/api/v1/doc/document/draft-ietf-snmpv3-rfc2570bis/,0,draft-ietf-snmpv3-rfc2570bis,03,2020-01-21 08:24:58+00:00,,2002-02-26 08:00:00+00:00,2002-02-26 08:00:00+00:00,docevent,2002
/api/v1/doc/document/rfc3411/,3411,rfc3411,An Architecture for Describing Simple Network Management Protocol (SNMP) Management Frameworks,2002-12-19 01:08:48+00:00,/api/v1/doc/document/draft-ietf-snmpv3-arch-v2/,/api/v1/doc/document/draft-ietf-snmpv3-arch-v2/,0,draft-ietf-snmpv3-arch-v2,02,2015-10-14 20:50:12+00:00,,2001-02-27 08:00:00+00:00,2001-02-27 08:00:00+00:00,docevent,2002
/api/v1/doc/document/rfc3412/,3412,rfc3412,Message Processing and Dispatching for the Simple Network Management Protocol (SNMP),2002-12-19 01:11:45+00:00,/api/v1/doc/document/draft-ietf-snmpv3-mpd-v2/,/api/v1/doc/document/draft-ietf-snmpv3-mpd-v2/,0,draft-ietf-snmpv3-mpd-v2,02,2020-12-01 08:25:58+00:00,,2001-02-27 08:00:00+00:00,2001-02-27 08:00:00+00:00,docevent,2002
/api/v1/doc/document/rfc3413/,3413,rfc3413,Simple Network Management Protocol (SNMP) Applications,2002-12-19 01:13:41+00:00,/api/v1/doc/document/draft-ietf-snmpv3-appl-v3/,/api/v1/doc/document/draft-ietf-snmpv3-appl-v3/,0,draft-ietf-snmpv3-appl-v3,01,2020-01-21 08:24:58+00:00,,2001-02-22 08:00:00+00:00,2001-02-22 08:00:00+00:00,docevent,2002
/api/v1/doc/document/rfc3414/,3414,rfc3414,User-based Security Model (USM) for version 3 of the Simple Network Management Protocol (SNMPv3),2002-12-19 01:15:39+00:00,/api/v1/doc/document/draft-ietf-snmpv3-usm-v2-rfc2574bis/,/api/v1/doc/document/draft-ietf-snmpv3-usm-v2-rfc2574bis/,0,draft-ietf-snmpv3-usm-v2-rfc2574bis,01,2020-01-21 08:24:59+00:00,,2001-02-27 08:00:00+00:00,2001-02-27 08:00:00+00:00,docevent,2002
/api/v1/doc/document/rfc3415/,3415,rfc3415,View-based Access Control Model (VACM) for the Simple Network Management Protocol (SNMP),2002-12-19 01:17:31+00:00,/api/v1/doc/document/draft-ietf-snmpv3-vacm-v2/,/api/v1/doc/document/draft-ietf-snmpv3-vacm-v2/,0,draft-ietf-snmpv3-vacm-v2,01,2020-01-21 08:24:59+00:00,,2001-02-27 08:00:00+00:00,2001-02-27 08:00:00+00:00,docevent,2002
/api/v1/doc/document/rfc3416/,3416,rfc3416,Version 2 of the Protocol Operations for the Simple Network Management Protocol (SNMP),2002-12-19 01:19:49+00:00,/api/v1/doc/document/draft-ietf-snmpv3-update-proto/,/api/v1/doc/document/draft-ietf-snmpv3-update-proto/,0,draft-ietf-snmpv3-update-proto,08,2020-01-21 08:24:59+00:00,,2000-01-10 08:00:00+00:00,2000-01-10 08:00:00+00:00,docevent,2002
/api/v1/doc/document/rfc3417/,3417,rfc3417,Transport Mappings for the Simple Network Management Protocol (SNMP),2002-12-19 01:29:01+00:00,/api/v1/doc/document/draft-ietf-snmpv3-update-transmap/,/api/v1/doc/document/draft-ietf-snmpv3-update-transmap/,0,draft-ietf-snmpv3-update-transmap,08,2015-10-14 20:49:59+00:00,,2000-01-10 08:00:00+00:00,2000-01-10 08:00:00+00:00,docevent,2002
/api/v1/doc/document/rfc3418/,3418,rfc3418,Management Information Base (MIB) for the Simple Network Management Protocol (SNMP),2002-12-19 01:31:49+00:00,/api/v1/doc/document/draft-ietf-snmpv3-update-mib/,/api/v1/doc/document/draft-ietf-snmpv3-update-mib/,0,draft-ietf-snmpv3-update-mib,07,2020-01-21 08:25:01+00:00,,2000-01-10 08:00:00+00:00,2000-01-10 08:00:00+00:00,docevent,2002
/api/v1/doc/document/rfc3419/,3419,rfc3419,Textual Conventions for Transport Addresses,2002-12-19 01:33:23+00:00,/api/v1/doc/document/draft-ietf-ops-taddress-mib/,/api/v1/doc/document/draft-ietf-ops-taddress-mib/,0,draft-ietf-ops-taddress-mib,05,2013-03-02 16:57:41+00:00,,2001-09-20 07:00:01+00:00,2001-09-20 07:00:01+00:00,docevent,2002
/api/v1/doc/document/rfc3430/,3430,rfc3430,Simple Network Management Protocol Over Transmission Control Protocol Transport Mapping,2002-12-19 01:35:10+00:00,/api/v1/doc/document/draft-irtf-nmrg-snmp-tcp/,/api/v1/doc/document/draft-irtf-nmrg-snmp-tcp/,0,draft-irtf-nmrg-snmp-tcp,09,2015-10-14 20:49:56+00:00,,1999-03-23 08:00:00+00:00,1999-03-23 08:00:00+00:00,docevent,2002
/api/v1/doc/document/rfc3388/,3388,rfc3388,Grouping of Media Lines in the Session Description Protocol (SDP),2002-12-20 01:33:21+00:00,/api/v1/doc/document/draft-ietf-mmusic-fid/,/api/v1/doc/document/draft-ietf-mmusic-fid/,0,draft-ietf-mmusic-fid,06,2013-03-02 16:57:40+00:00,,2000-12-20 08:00:00+00:00,2000-12-20 08:00:00+00:00,docevent,2002
/api/v1/doc/document/rfc3391/,3391,rfc3391,The MIME Application/Vnd.pwg-multiplexed Content-Type,2002-12-20 01:35:03+00:00,/api/v1/doc/document/draft-herriot-application-multiplexed/,/api/v1/doc/document/draft-herriot-application-multiplexed/,0,draft-herriot-application-multiplexed,05,2015-10-14 20:50:14+00:00,,2001-05-01 07:00:00+00:00,2001-05-01 07:00:00+00:00,docevent,2002
/api/v1/doc/document/rfc3449/,3449,rfc3449,TCP Performance Implications of Network Path Asymmetry,2002-12-20 01:37:08+00:00,/api/v1/doc/document/draft-ietf-pilc-asym/,/api/v1/doc/document/draft-ietf-pilc-asym/,0,draft-ietf-pilc-asym,08,2015-10-14 20:49:58+00:00,,1999-10-04 07:00:00+00:00,1999-10-04 07:00:00+00:00,docevent,2002
/api/v1/doc/document/rfc3427/,3427,rfc3427,Change Process for the Session Initiation Protocol (SIP),2002-12-21 00:37:51+00:00,/api/v1/doc/document/draft-tsvarea-sipchange/,/api/v1/doc/document/draft-tsvarea-sipchange/,0,draft-tsvarea-sipchange,03,2020-02-26 08:23:59+00:00,,2001-11-15 08:00:00+00:00,2001-11-15 08:00:00+00:00,docevent,2002
/api/v1/doc/document/rfc3433/,3433,rfc3433,Entity Sensor Management Information Base,2002-12-21 00:40:03+00:00,/api/v1/doc/document/draft-ietf-entmib-sensor-mib/,/api/v1/doc/document/draft-ietf-entmib-sensor-mib/,0,draft-ietf-entmib-sensor-mib,02,2020-01-21 08:25:03+00:00,,2002-01-21 08:00:00+00:00,2002-01-21 08:00:00+00:00,docevent,2002
/api/v1/doc/document/rfc3450/,3450,rfc3450,Asynchronous Layered Coding (ALC) Protocol Instantiation,2002-12-24 19:00:09+00:00,/api/v1/doc/document/draft-ietf-rmt-pi-alc/,/api/v1/doc/document/draft-ietf-rmt-pi-alc/,0,draft-ietf-rmt-pi-alc,08,2015-10-14 20:50:01+00:00,,2000-03-10 08:00:00+00:00,2000-03-10 08:00:00+00:00,docevent,2002
/api/v1/doc/document/rfc3451/,3451,rfc3451,Layered Coding Transport (LCT) Building Block,2002-12-24 19:02:00+00:00,/api/v1/doc/document/draft-ietf-rmt-bb-lct/,/api/v1/doc/document/draft-ietf-rmt-bb-lct/,0,draft-ietf-rmt-bb-lct,04,2015-10-14 20:50:08+00:00,,2000-11-22 08:00:00+00:00,2000-11-22 08:00:00+00:00,docevent,2002
/api/v1/doc/document/rfc3452/,3452,rfc3452,Forward Error Correction (FEC) Building Block,2002-12-24 19:03:58+00:00,/api/v1/doc/document/draft-ietf-rmt-bb-fec/,/api/v1/doc/document/draft-ietf-rmt-bb-fec/,0,draft-ietf-rmt-bb-fec,07,2015-10-14 20:50:01+00:00,,2000-03-10 08:00:00+00:00,2000-03-10 08:00:00+00:00,docevent,2002
/api/v1/doc/document/rfc3453/,3453,rfc3453,The Use of Forward Error Correction (FEC) in Reliable Multicast,2002-12-24 19:06:32+00:00,/api/v1/doc/document/draft-ietf-rmt-info-fec/,/api/v1/doc/document/draft-ietf-rmt-info-fec/,0,draft-ietf-rmt-info-fec,03,2015-10-14 20:50:08+00:00,,2000-11-22 08:00:00+00:00,2000-11-22 08:00:00+00:00,docevent,2002
/api/v1/doc/document/rfc3438/,3438,rfc3438,Layer Two Tunneling Protocol (L2TP) Internet Assigned Numbers Authority (IANA) Considerations Update,2002-12-24 21:07:27+00:00,/api/v1/doc/document/draft-ietf-l2tpext-rfc2661-iana/,/api/v1/doc/document/draft-ietf-l2tpext-rfc2661-iana/,0,draft-ietf-l2tpext-rfc2661-iana,01,2015-10-14 20:50:30+00:00,,2002-04-15 07:00:00+00:00,2002-04-15 07:00:00+00:00,docevent,2002
/api/v1/doc/document/rfc3434/,3434,rfc3434,Remote Monitoring MIB Extensions for High Capacity Alarms,2002-12-24 21:09:52+00:00,/api/v1/doc/document/draft-ietf-rmonmib-hc-alarm-mib/,/api/v1/doc/document/draft-bierman-rmonmib-hc-alarm-mib/,1,draft-bierman-rmonmib-hc-alarm-mib,00,2013-02-19 20:52:23+00:00,,2001-11-12 08:00:00+00:00,2001-11-12 08:00:00+00:00,docevent,2002
/api/v1/doc/document/rfc3434/,3434,rfc3434,Remote Monitoring MIB Extensions for High Capacity Alarms,2002-12-24 21:09:52+00:00,/api/v1/doc/document/draft-ietf-rmonmib-hc-alarm-mib/,/api/v1/doc/document/draft-ietf-rmonmib-hc-alarm-mib/,0,draft-ietf-rmonmib-hc-alarm-mib,02,2015-10-14 20:50:26+00:00,,2002-01-21 08:00:00+00:00,2002-01-21 08:00:00+00:00,docevent,2002
/api/v1/doc/document/rfc3437/,3437,rfc3437,Layer-Two Tunneling Protocol Extensions for PPP Link Control Protocol Negotiation,2003-01-02 17:36:55+00:00,/api/v1/doc/document/draft-ietf-l2tpext-link/,/api/v1/doc/document/draft-ietf-l2tpext-link/,0,draft-ietf-l2tpext-link,07,2015-10-14 20:49:59+00:00,,1999-12-08 08:00:00+00:00,1999-12-08 08:00:00+00:00,docevent,2003
/api/v1/doc/document/rfc3440/,3440,rfc3440,Definitions of Extension Managed Objects for Asymmetric Digital Subscriber Lines,2003-01-02 17:39:19+00:00,/api/v1/doc/document/draft-ietf-adslmib-adslext/,/api/v1/doc/document/draft-ietf-adslmib-adslext/,0,draft-ietf-adslmib-adslext,12,2013-03-02 16:57:42+00:00,,2000-04-18 07:00:04+00:00,2000-04-18 07:00:04+00:00,docevent,2003
/api/v1/doc/document/rfc3454/,3454,rfc3454,"Preparation of Internationalized Strings (""stringprep"")",2003-01-02 17:42:09+00:00,/api/v1/doc/document/draft-hoffman-stringprep/,/api/v1/doc/document/draft-hoffman-stringprep/,0,draft-hoffman-stringprep,07,2020-01-21 08:25:07+00:00,,2001-09-27 07:00:00+00:00,2001-09-27 07:00:00+00:00,docevent,2003
/api/v1/doc/document/rfc3320/,3320,rfc3320,Signaling Compression (SigComp),2003-01-06 23:40:26+00:00,/api/v1/doc/document/draft-ietf-rohc-sigcomp/,/api/v1/doc/document/draft-ietf-rohc-sigcomp-algorithm/,1,draft-ietf-rohc-sigcomp-algorithm,00,2001-11-26 08:00:00+00:00,,2001-11-26 08:00:00+00:00,2001-11-26 08:00:00+00:00,docevent,2003
/api/v1/doc/document/rfc3320/,3320,rfc3320,Signaling Compression (SigComp),2003-01-06 23:40:26+00:00,/api/v1/doc/document/draft-ietf-rohc-sigcomp/,/api/v1/doc/document/draft-ietf-rohc-sigcomp-udvm/,1,draft-ietf-rohc-sigcomp-udvm,00,2002-01-28 08:00:00+00:00,,2002-01-28 08:00:00+00:00,2002-01-28 08:00:00+00:00,docevent,2003
/api/v1/doc/document/rfc3320/,3320,rfc3320,Signaling Compression (SigComp),2003-01-06 23:40:26+00:00,/api/v1/doc/document/draft-ietf-rohc-sigcomp/,/api/v1/doc/document/draft-ietf-rohc-sigcomp/,0,draft-ietf-rohc-sigcomp,07,2013-03-02 16:57:27+00:00,,2001-10-19 07:00:00+00:00,2001-10-19 07:00:00+00:00,docevent,2003
/api/v1/doc/document/rfc3321/,3321,rfc3321,Signaling Compression (SigComp) - Extended Operations,2003-01-06 23:42:45+00:00,/api/v1/doc/document/draft-ietf-rohc-sigcomp-extended/,/api/v1/doc/document/draft-ietf-rohc-sigcomp-extended/,0,draft-ietf-rohc-sigcomp-extended,04,2013-03-02 16:57:27+00:00,,2001-11-21 08:00:00+00:00,2001-11-21 08:00:00+00:00,docevent,2003
/api/v1/doc/document/rfc3322/,3322,rfc3322,Signaling Compression (SigComp) Requirements & Assumptions,2003-01-06 23:44:46+00:00,/api/v1/doc/document/draft-ietf-rohc-signaling-req-assump/,/api/v1/doc/document/draft-ietf-rohc-signaling-req-assump/,0,draft-ietf-rohc-signaling-req-assump,06,2013-03-02 16:57:27+00:00,,2001-06-12 07:00:00+00:00,2001-06-12 07:00:00+00:00,docevent,2003
/api/v1/doc/document/rfc3329/,3329,rfc3329,Security Mechanism Agreement for the Session Initiation Protocol (SIP),2003-01-06 23:46:48+00:00,/api/v1/doc/document/draft-ietf-sip-sec-agree/,/api/v1/doc/document/draft-ietf-sip-sec-agree/,0,draft-ietf-sip-sec-agree,05,2020-01-21 08:24:46+00:00,,2002-04-24 07:00:00+00:00,2002-04-24 07:00:00+00:00,docevent,2003
/api/v1/doc/document/rfc3455/,3455,rfc3455,Private Header (P-Header) Extensions to the Session Initiation Protocol (SIP) for the 3rd-Generation Partnership Project (3GPP),2003-01-13 17:57:20+00:00,/api/v1/doc/document/draft-garcia-sipping-3gpp-p-headers/,/api/v1/doc/document/draft-garcia-sipping-3gpp-p-headers/,0,draft-garcia-sipping-3gpp-p-headers,02,2022-12-08 23:15:39+00:00,,2002-06-25 07:00:00+00:00,2002-06-25 07:00:00+00:00,docevent,2003
/api/v1/doc/document/rfc3435/,3435,rfc3435,Media Gateway Control Protocol (MGCP) Version 1.0,2003-01-15 00:00:56+00:00,/api/v1/doc/document/draft-andreasen-mgcp-rfc2705bis/,/api/v1/doc/document/draft-andreasen-mgcp-rfc2705bis/,0,draft-andreasen-mgcp-rfc2705bis,05,2020-01-21 08:25:03+00:00,,2001-01-17 08:00:00+00:00,2001-01-17 08:00:00+00:00,docevent,2003
/api/v1/doc/document/rfc3441/,3441,rfc3441,Asynchronous Transfer Mode (ATM) Package for the Media Gateway Control Protocol (MGCP),2003-01-15 00:02:39+00:00,/api/v1/doc/document/draft-rajeshkumar-mgcp-atm-package/,/api/v1/doc/document/draft-rajeshkumar-mgcp-atm-package/,0,draft-rajeshkumar-mgcp-atm-package,07,2015-10-14 20:50:07+00:00,,2000-11-13 08:00:00+00:00,2000-11-13 08:00:00+00:00,docevent,2003
/api/v1/doc/document/rfc3444/,3444,rfc3444,On the Difference between Information Models and Data Models,2003-01-17 17:51:52+00:00,/api/v1/doc/document/draft-irtf-nmrg-im-dm/,/api/v1/doc/document/draft-irtf-nmrg-im-dm/,0,draft-irtf-nmrg-im-dm,02,2015-10-14 20:50:34+00:00,,2002-07-24 07:00:00+00:00,2002-07-24 07:00:00+00:00,docevent,2003
/api/v1/doc/document/rfc3443/,3443,rfc3443,Time To Live (TTL) Processing in Multi-Protocol Label Switching (MPLS) Networks,2003-01-17 17:54:38+00:00,/api/v1/doc/document/draft-ietf-mpls-ttl/,/api/v1/doc/document/draft-agarwal-mpls-ttl/,1,draft-agarwal-mpls-ttl,01,2010-01-05 08:00:00+00:00,,2001-02-22 08:00:00+00:00,2001-02-22 08:00:00+00:00,docevent,2003
/api/v1/doc/document/rfc3443/,3443,rfc3443,Time To Live (TTL) Processing in Multi-Protocol Label Switching (MPLS) Networks,2003-01-17 17:54:38+00:00,/api/v1/doc/document/draft-ietf-mpls-ttl/,/api/v1/doc/document/draft-ietf-mpls-ttl/,0,draft-ietf-mpls-ttl,04,2015-10-14 20:50:11+00:00,,2002-02-05 08:00:00+00:00,2002-02-05 08:00:00+00:00,docevent,2003
/api/v1/doc/document/rfc3460/,3460,rfc3460,Policy Core Information Model (PCIM) Extensions,2003-01-17 17:56:52+00:00,/api/v1/doc/document/draft-ietf-policy-pcim-ext/,/api/v1/doc/document/draft-ietf-policy-pcim-ext/,0,draft-ietf-policy-pcim-ext,08,2015-10-14 20:50:11+00:00,,2001-02-26 08:00:00+00:00,2001-02-26 08:00:00+00:00,docevent,2003
/api/v1/doc/document/rfc3461/,3461,rfc3461,Simple Mail Transfer Protocol (SMTP) Service Extension for Delivery Status Notifications (DSNs),2003-01-23 17:31:37+00:00,/api/v1/doc/document/draft-moore-rfc1891bis/,/api/v1/doc/document/draft-moore-rfc1891bis/,0,draft-moore-rfc1891bis,02,2020-01-21 08:25:07+00:00,,2001-06-21 07:00:00+00:00,2001-06-21 07:00:00+00:00,docevent,2003
/api/v1/doc/document/rfc3462/,3462,rfc3462,The Multipart/Report Content Type for the Reporting of Mail System Administrative Messages,2003-01-23 17:34:53+00:00,/api/v1/doc/document/draft-vaudreuil-1892bis/,/api/v1/doc/document/draft-vaudreuil-1892bis/,0,draft-vaudreuil-1892bis,02,2015-10-14 20:50:15+00:00,,2001-06-19 07:00:00+00:00,2001-06-19 07:00:00+00:00,docevent,2003
/api/v1/doc/document/rfc3463/,3463,rfc3463,Enhanced Mail System Status Codes,2003-01-23 17:40:20+00:00,/api/v1/doc/document/draft-vaudreuil-1893bis/,/api/v1/doc/document/draft-vaudreuil-1893bis/,0,draft-vaudreuil-1893bis,03,2015-10-14 20:50:15+00:00,,2001-06-19 07:00:00+00:00,2001-06-19 07:00:00+00:00,docevent,2003
/api/v1/doc/document/rfc3464/,3464,rfc3464,An Extensible Message Format for Delivery Status Notifications,2003-01-23 17:42:08+00:00,/api/v1/doc/document/draft-vaudreuil-1894bis/,/api/v1/doc/document/draft-vaudreuil-1894bis/,0,draft-vaudreuil-1894bis,02,2020-01-21 08:25:08+00:00,,2001-06-19 07:00:00+00:00,2001-06-19 07:00:00+00:00,docevent,2003
/api/v1/doc/document/rfc3313/,3313,rfc3313,Private Session Initiation Protocol (SIP) Extensions for Media Authorization,2003-01-23 17:44:46+00:00,/api/v1/doc/document/draft-ietf-sip-call-auth/,/api/v1/doc/document/draft-ietf-sip-call-auth/,0,draft-ietf-sip-call-auth,06,2015-10-14 20:50:07+00:00,,2000-11-06 08:00:00+00:00,2000-11-06 08:00:00+00:00,docevent,2003
/api/v1/doc/document/rfc3470/,3470,rfc3470,Guidelines for the Use of Extensible Markup Language (XML) within IETF Protocols,2003-01-24 19:36:40+00:00,/api/v1/doc/document/draft-hollenbeck-ietf-xml-guidelines/,/api/v1/doc/document/draft-hollenbeck-ietf-xml-guidelines/,0,draft-hollenbeck-ietf-xml-guidelines,07,2020-01-21 08:25:09+00:00,,2002-04-05 08:00:00+00:00,2002-04-05 08:00:00+00:00,docevent,2003
/api/v1/doc/document/rfc3101/,3101,rfc3101,The OSPF Not-So-Stubby Area (NSSA) Option,2003-01-27 20:10:59+00:00,/api/v1/doc/document/draft-ietf-ospf-nssa-update/,/api/v1/doc/document/draft-ietf-ospf-nssa-update/,0,draft-ietf-ospf-nssa-update,11,2020-07-29 07:29:54+00:00,,1997-03-26 08:00:00+00:00,1997-03-26 08:00:00+00:00,docevent,2003
/api/v1/doc/document/rfc3448/,3448,rfc3448,TCP Friendly Rate Control (TFRC): Protocol Specification,2003-01-27 20:13:04+00:00,/api/v1/doc/document/draft-ietf-tsvwg-tfrc/,/api/v1/doc/document/draft-ietf-tsvwg-tfrc/,0,draft-ietf-tsvwg-tfrc,05,2020-01-21 08:25:06+00:00,,2000-11-21 08:00:00+00:00,2000-11-21 08:00:00+00:00,docevent,2003
/api/v1/doc/document/rfc3446/,3446,rfc3446,Anycast Rendevous Point (RP) mechanism using Protocol Independent Multicast (PIM) and Multicast Source Discovery Protocol (MSDP),2003-01-29 18:29:19+00:00,/api/v1/doc/document/draft-ietf-mboned-anycast-rp/,/api/v1/doc/document/draft-ietf-mboned-anycast-rp/,0,draft-ietf-mboned-anycast-rp,08,2022-06-18 07:14:47+00:00,,1999-10-15 07:00:00+00:00,1999-10-15 07:00:00+00:00,docevent,2003
/api/v1/doc/document/rfc3458/,3458,rfc3458,Message Context for Internet Mail,2003-01-30 18:25:16+00:00,/api/v1/doc/document/draft-ietf-vpim-hint/,/api/v1/doc/document/draft-ietf-vpim-hint/,0,draft-ietf-vpim-hint,08,2023-06-09 07:15:26+00:00,,2000-08-09 07:00:00+00:00,2000-08-09 07:00:00+00:00,docevent,2003
/api/v1/doc/document/rfc3459/,3459,rfc3459,Critical Content Multi-purpose Internet Mail Extensions (MIME) Parameter,2003-01-30 18:28:47+00:00,/api/v1/doc/document/draft-ietf-vpim-cc/,/api/v1/doc/document/draft-ietf-vpim-cc/,0,draft-ietf-vpim-cc,08,2015-10-14 20:50:05+00:00,,2000-08-09 07:00:00+00:00,2000-08-09 07:00:00+00:00,docevent,2003
/api/v1/doc/document/rfc3456/,3456,rfc3456,Dynamic Host Configuration Protocol (DHCPv4) Configuration of IPsec Tunnel Mode,2003-01-31 22:45:30+00:00,/api/v1/doc/document/draft-ietf-ipsec-dhcp/,/api/v1/doc/document/draft-ietf-ipsec-dhcp/,0,draft-ietf-ipsec-dhcp,12,2015-10-14 20:49:52+00:00,,1998-04-07 07:00:00+00:00,1998-04-07 07:00:00+00:00,docevent,2003
/api/v1/doc/document/rfc3457/,3457,rfc3457,Requirements for IPsec Remote Access Scenarios,2003-01-31 22:48:08+00:00,/api/v1/doc/document/draft-ietf-ipsra-reqmts/,/api/v1/doc/document/draft-ietf-ipsra-reqmts/,0,draft-ietf-ipsra-reqmts,04,2015-10-14 20:50:00+00:00,,2000-03-10 08:00:00+00:00,2000-03-10 08:00:00+00:00,docevent,2003
/api/v1/doc/document/rfc3486/,3486,rfc3486,Compressing the Session Initiation Protocol (SIP),2003-02-01 08:00:00+00:00,/api/v1/doc/document/draft-ietf-sip-compression/,/api/v1/doc/document/draft-ietf-sip-compression/,0,draft-ietf-sip-compression,02,2015-10-14 20:50:35+00:00,,2002-08-05 07:00:00+00:00,2002-08-05 07:00:00+00:00,docevent,2003
/api/v1/doc/document/rfc3465/,3465,rfc3465,TCP Congestion Control with Appropriate Byte Counting (ABC),2003-02-06 17:53:38+00:00,/api/v1/doc/document/draft-allman-tcp-abc/,/api/v1/doc/document/draft-allman-tcp-abc/,0,draft-allman-tcp-abc,04,2015-10-14 20:50:03+00:00,,2000-07-11 07:00:00+00:00,2000-07-11 07:00:00+00:00,docevent,2003
/api/v1/doc/document/rfc3447/,3447,rfc3447,Public-Key Cryptography Standards (PKCS) #1: RSA Cryptography Specifications Version 2.1,2003-02-06 17:58:42+00:00,/api/v1/doc/document/draft-jonsson-pkcs1-v2dot1/,/api/v1/doc/document/draft-jonsson-pkcs1-v2dot1/,0,draft-jonsson-pkcs1-v2dot1,00,2020-01-21 08:25:05+00:00,,2002-08-27 07:00:00+00:00,2002-08-27 07:00:00+00:00,docevent,2003
/api/v1/doc/document/rfc3471/,3471,rfc3471,Generalized Multi-Protocol Label Switching (GMPLS) Signaling Functional Description,2003-02-13 23:56:03+00:00,/api/v1/doc/document/draft-ietf-mpls-generalized-signaling/,/api/v1/doc/document/draft-ietf-mpls-generalized-signaling/,0,draft-ietf-mpls-generalized-signaling,09,2020-01-21 08:25:11+00:00,,2000-10-23 07:00:00+00:00,2000-10-23 07:00:00+00:00,docevent,2003
/api/v1/doc/document/rfc3472/,3472,rfc3472,Generalized Multi-Protocol Label Switching (GMPLS) Signaling Constraint-based Routed Label Distribution Protocol (CR-LDP) Extensions,2003-02-14 00:11:49+00:00,/api/v1/doc/document/draft-ietf-mpls-generalized-cr-ldp/,/api/v1/doc/document/draft-ietf-mpls-generalized-cr-ldp/,0,draft-ietf-mpls-generalized-cr-ldp,07,2013-03-02 16:57:44+00:00,,2000-11-22 08:00:00+00:00,2000-11-22 08:00:00+00:00,docevent,2003
/api/v1/doc/document/rfc3473/,3473,rfc3473,Generalized Multi-Protocol Label Switching (GMPLS) Signaling Resource ReserVation Protocol-Traffic Engineering (RSVP-TE) Extensions,2003-02-14 00:14:00+00:00,/api/v1/doc/document/draft-ietf-mpls-generalized-rsvp-te/,/api/v1/doc/document/draft-ietf-mpls-generalized-rsvp-te/,0,draft-ietf-mpls-generalized-rsvp-te,09,2020-01-21 08:25:12+00:00,,2000-11-22 08:00:00+00:00,2000-11-22 08:00:00+00:00,docevent,2003
/api/v1/doc/document/rfc3477/,3477,rfc3477,Signalling Unnumbered Links in Resource ReSerVation Protocol - Traffic Engineering (RSVP-TE),2003-02-14 00:16:02+00:00,/api/v1/doc/document/draft-ietf-mpls-rsvp-unnum/,/api/v1/doc/document/draft-ietf-mpls-rsvp-unnum/,0,draft-ietf-mpls-rsvp-unnum,08,2015-10-14 20:50:07+00:00,,2000-11-08 08:00:00+00:00,2000-11-08 08:00:00+00:00,docevent,2003
/api/v1/doc/document/rfc3469/,3469,rfc3469,Framework for Multi-Protocol Label Switching (MPLS)-based Recovery,2003-02-19 00:46:54+00:00,/api/v1/doc/document/draft-ietf-mpls-recovery-frmwrk/,/api/v1/doc/document/draft-ietf-mpls-recovery-frmwrk/,0,draft-ietf-mpls-recovery-frmwrk,08,2015-10-14 20:50:05+00:00,,2000-09-11 07:00:00+00:00,2000-09-11 07:00:00+00:00,docevent,2003
/api/v1/doc/document/rfc3481/,3481,rfc3481,TCP over Second (2.5G) and Third (3G) Generation Wireless Networks,2003-02-19 00:49:03+00:00,/api/v1/doc/document/draft-ietf-pilc-2.5g3g/,/api/v1/doc/document/draft-ietf-pilc-2.5g3g/,0,draft-ietf-pilc-2.5g3g,12,2015-10-14 20:50:11+00:00,,2001-02-23 08:00:00+00:00,2001-02-23 08:00:00+00:00,docevent,2003
/api/v1/doc/document/rfc3478/,3478,rfc3478,Graceful Restart Mechanism for Label Distribution Protocol,2003-02-19 22:37:19+00:00,/api/v1/doc/document/draft-ietf-mpls-ldp-restart/,/api/v1/doc/document/draft-ietf-mpls-ldp-restart/,0,draft-ietf-mpls-ldp-restart,06,2015-10-14 20:50:27+00:00,,2002-02-13 08:00:00+00:00,2002-02-13 08:00:00+00:00,docevent,2003
/api/v1/doc/document/rfc3479/,3479,rfc3479,Fault Tolerance for the Label Distribution Protocol (LDP),2003-02-19 22:39:34+00:00,/api/v1/doc/document/draft-ietf-mpls-ldp-ft/,/api/v1/doc/document/draft-ietf-mpls-ldp-ft/,0,draft-ietf-mpls-ldp-ft,06,2015-10-14 20:50:06+00:00,,2000-10-13 07:00:00+00:00,2000-10-13 07:00:00+00:00,docevent,2003
/api/v1/doc/document/rfc3482/,3482,rfc3482,Number Portability in the Global Switched Telephone Network (GSTN): An Overview,2003-02-19 22:41:40+00:00,/api/v1/doc/document/draft-ietf-enum-e164-gstn-np/,/api/v1/doc/document/draft-foster-e164-gstn-np/,1,draft-foster-e164-gstn-np,00,2010-04-26 07:00:00+00:00,,2000-03-16 08:00:00+00:00,2000-03-16 08:00:00+00:00,docevent,2003
/api/v1/doc/document/rfc3482/,3482,rfc3482,Number Portability in the Global Switched Telephone Network (GSTN): An Overview,2003-02-19 22:41:40+00:00,/api/v1/doc/document/draft-ietf-enum-e164-gstn-np/,/api/v1/doc/document/draft-ietf-enum-e164-gstn-np/,0,draft-ietf-enum-e164-gstn-np,05,2015-10-14 20:50:01+00:00,,2000-07-24 07:00:00+00:00,2000-07-24 07:00:00+00:00,docevent,2003
/api/v1/doc/document/rfc3468/,3468,rfc3468,The Multiprotocol Label Switching (MPLS) Working Group decision on MPLS signaling protocols,2003-02-25 23:11:04+00:00,/api/v1/doc/document/draft-andersson-mpls-sig-decision/,/api/v1/doc/document/draft-andersson-mpls-sig-decision/,0,draft-andersson-mpls-sig-decision,03,2020-01-21 08:25:09+00:00,,2002-09-09 07:00:00+00:00,2002-09-09 07:00:00+00:00,docevent,2003
/api/v1/doc/document/rfc3480/,3480,rfc3480,Signalling Unnumbered Links in CR-LDP (Constraint-Routing Label Distribution Protocol),2003-02-25 23:19:50+00:00,/api/v1/doc/document/draft-ietf-mpls-crldp-unnum/,/api/v1/doc/document/draft-ietf-mpls-crldp-unnum/,0,draft-ietf-mpls-crldp-unnum,10,2015-10-14 20:50:07+00:00,,2000-11-08 08:00:00+00:00,2000-11-08 08:00:00+00:00,docevent,2003
/api/v1/doc/document/rfc3467/,3467,rfc3467,Role of the Domain Name System (DNS),2003-03-04 20:44:11+00:00,/api/v1/doc/document/draft-klensin-dns-role/,/api/v1/doc/document/draft-klensin-dns-role/,0,draft-klensin-dns-role,05,2013-03-02 16:57:44+00:00,,2000-11-13 08:00:00+00:00,2000-11-13 08:00:00+00:00,docevent,2003
/api/v1/doc/document/rfc3484/,3484,rfc3484,Default Address Selection for Internet Protocol version 6 (IPv6),2003-03-04 23:40:20+00:00,/api/v1/doc/document/draft-ietf-ipv6-default-addr-select/,/api/v1/doc/document/draft-ietf-ipv6-default-addr-select/,0,draft-ietf-ipv6-default-addr-select,08,2015-10-14 20:49:58+00:00,,2002-03-08 08:00:07+00:00,2002-03-08 08:00:07+00:00,docevent,2003
/api/v1/doc/document/rfc3487/,3487,rfc3487,Requirements for Resource Priority Mechanisms for the Session Initiation Protocol (SIP),2003-03-04 23:42:35+00:00,/api/v1/doc/document/draft-ietf-ieprep-sip-reqs/,/api/v1/doc/document/draft-ietf-ieprep-sip-reqs/,0,draft-ietf-ieprep-sip-reqs,02,2015-10-14 20:50:35+00:00,,2002-08-15 07:00:00+00:00,2002-08-15 07:00:00+00:00,docevent,2003
/api/v1/doc/document/rfc3488/,3488,rfc3488,Cisco Systems Router-port Group Management Protocol (RGMP),2003-03-04 23:44:35+00:00,/api/v1/doc/document/draft-wu-rgmp/,/api/v1/doc/document/draft-wu-rgmp/,0,draft-wu-rgmp,03,2013-03-02 16:57:45+00:00,,2000-11-27 08:00:00+00:00,2000-11-27 08:00:00+00:00,docevent,2003
/api/v1/doc/document/rfc3466/,3466,rfc3466,A Model for Content Internetworking (CDI),2003-03-04 23:46:58+00:00,/api/v1/doc/document/draft-ietf-cdi-model/,/api/v1/doc/document/draft-ietf-cdi-model/,0,draft-ietf-cdi-model,02,2015-10-14 20:50:27+00:00,,2002-02-22 08:00:00+00:00,2002-02-22 08:00:00+00:00,docevent,2003
/api/v1/doc/document/rfc3485/,3485,rfc3485,The Session Initiation Protocol (SIP) and Session Description Protocol (SDP) Static Dictionary for Signaling Compression (SigComp),2003-03-04 23:50:26+00:00,/api/v1/doc/document/draft-ietf-sipping-sigcomp-sip-dictionary/,/api/v1/doc/document/draft-ietf-sipping-sigcomp-sip-dictionary/,0,draft-ietf-sipping-sigcomp-sip-dictionary,05,2015-10-14 20:50:31+00:00,,2002-05-14 07:00:00+00:00,2002-05-14 07:00:00+00:00,docevent,2003
/api/v1/doc/document/rfc3352/,3352,rfc3352,Connection-less Lightweight Directory Access Protocol (CLDAP) to Historic Status,2003-03-05 23:39:24+00:00,/api/v1/doc/document/draft-zeilenga-cldap/,/api/v1/doc/document/draft-zeilenga-cldap/,0,draft-zeilenga-cldap,02,2015-10-14 20:50:21+00:00,,2001-10-15 07:00:00+00:00,2001-10-15 07:00:00+00:00,docevent,2003
/api/v1/doc/document/rfc3494/,3494,rfc3494,Lightweight Directory Access Protocol version 2 (LDAPv2) to Historic Status,2003-03-05 23:40:51+00:00,/api/v1/doc/document/draft-zeilenga-ldapv2/,/api/v1/doc/document/draft-zeilenga-ldapv2/,0,draft-zeilenga-ldapv2,04,2020-01-21 08:25:13+00:00,,2001-10-15 07:00:00+00:00,2001-10-15 07:00:00+00:00,docevent,2003
/api/v1/doc/document/rfc3495/,3495,rfc3495,Dynamic Host Configuration Protocol (DHCP) Option for CableLabs Client Configuration,2003-03-05 23:42:53+00:00,/api/v1/doc/document/draft-ietf-dhc-packetcable/,/api/v1/doc/document/draft-ietf-dhc-packetcable/,0,draft-ietf-dhc-packetcable,06,2014-10-11 07:09:36+00:00,,2000-03-13 08:00:00+00:00,2000-03-13 08:00:00+00:00,docevent,2003
/api/v1/doc/document/rfc3317/,3317,rfc3317,Differentiated Services Quality of Service Policy Information Base,2003-03-07 22:57:52+00:00,/api/v1/doc/document/draft-ietf-diffserv-pib/,/api/v1/doc/document/draft-ietf-diffserv-pib/,0,draft-ietf-diffserv-pib,09,2016-04-28 07:10:36+00:00,,2000-03-15 08:00:00+00:00,2000-03-15 08:00:00+00:00,docevent,2003
/api/v1/doc/document/rfc3318/,3318,rfc3318,Framework Policy Information Base,2003-03-07 22:59:42+00:00,/api/v1/doc/document/draft-ietf-rap-frameworkpib/,/api/v1/doc/document/draft-ietf-rap-frameworkpib/,0,draft-ietf-rap-frameworkpib,09,2018-12-20 08:19:32+00:00,,2000-03-15 08:00:00+00:00,2000-03-15 08:00:00+00:00,docevent,2003
/api/v1/doc/document/rfc3498/,3498,rfc3498,Definitions of Managed Objects for Synchronous Optical Network (SONET) Linear Automatic Protection Switching (APS) Architectures,2003-03-07 23:02:20+00:00,/api/v1/doc/document/draft-ietf-atommib-sonetaps-mib/,/api/v1/doc/document/draft-ietf-atommib-sonetaps-mib/,0,draft-ietf-atommib-sonetaps-mib,10,2015-10-14 20:49:59+00:00,,1999-12-08 08:00:00+00:00,1999-12-08 08:00:00+00:00,docevent,2003
/api/v1/doc/document/rfc3490/,3490,rfc3490,Internationalizing Domain Names in Applications (IDNA),2003-03-08 00:55:58+00:00,/api/v1/doc/document/draft-ietf-idn-idna/,/api/v1/doc/document/draft-ietf-idn-idna/,0,draft-ietf-idn-idna,13,2020-01-21 08:25:13+00:00,,2000-09-13 07:00:00+00:00,2000-09-13 07:00:00+00:00,docevent,2003
/api/v1/doc/document/rfc3491/,3491,rfc3491,Nameprep: A Stringprep Profile for Internationalized Domain Names (IDN),2003-03-08 00:58:12+00:00,/api/v1/doc/document/draft-ietf-idn-nameprep/,/api/v1/doc/document/draft-ietf-idn-nameprep/,0,draft-ietf-idn-nameprep,10,2015-10-14 20:50:02+00:00,,2000-07-06 07:00:00+00:00,2000-07-06 07:00:00+00:00,docevent,2003
/api/v1/doc/document/rfc3492/,3492,rfc3492,Punycode: A Bootstring encoding of Unicode for Internationalized Domain Names in Applications (IDNA),2003-03-08 01:00:01+00:00,/api/v1/doc/document/draft-ietf-idn-punycode/,/api/v1/doc/document/draft-ietf-idn-punycode/,0,draft-ietf-idn-punycode,02,2020-01-21 08:25:13+00:00,,2002-01-10 08:00:00+00:00,2002-01-10 08:00:00+00:00,docevent,2003
/api/v1/doc/document/rfc3497/,3497,rfc3497,RTP Payload Format for Society of Motion Picture and Television Engineers (SMPTE) 292M Video,2003-03-08 01:02:48+00:00,/api/v1/doc/document/draft-ietf-avt-smpte292-video/,/api/v1/doc/document/draft-ietf-avt-smpte292-video/,0,draft-ietf-avt-smpte292-video,08,2015-10-14 20:50:03+00:00,,2000-07-14 07:00:00+00:00,2000-07-14 07:00:00+00:00,docevent,2003
/api/v1/doc/document/rfc3496/,3496,rfc3496,Protocol Extension for Support of Asynchronous Transfer Mode (ATM) Service Class-aware Multiprotocol Label Switching (MPLS) Traffic Engineering,2003-03-12 20:44:32+00:00,/api/v1/doc/document/draft-malis-diff-te-serviceclass/,/api/v1/doc/document/draft-malis-diff-te-serviceclass/,0,draft-malis-diff-te-serviceclass,04,2015-10-14 20:50:30+00:00,,2002-04-24 07:00:00+00:00,2002-04-24 07:00:00+00:00,docevent,2003
/api/v1/doc/document/rfc3504/,3504,rfc3504,"Internet Open Trading Protocol (IOTP) Version 1, Errata",2003-03-14 00:19:36+00:00,/api/v1/doc/document/draft-ietf-trade-iotp-v1-errata/,/api/v1/doc/document/draft-ietf-trade-iotp-v1-errata/,0,draft-ietf-trade-iotp-v1-errata,01,2015-10-14 20:50:14+00:00,,2001-05-18 07:00:00+00:00,2001-05-18 07:00:00+00:00,docevent,2003
/api/v1/doc/document/rfc3505/,3505,rfc3505,Electronic Commerce Modeling Language (ECML): Version 2 Requirements,2003-03-14 00:21:20+00:00,/api/v1/doc/document/draft-ietf-trade-ecml2-req/,/api/v1/doc/document/draft-ietf-trade-ecml2-req/,0,draft-ietf-trade-ecml2-req,05,2015-10-14 20:50:10+00:00,,2001-02-14 08:00:00+00:00,2001-02-14 08:00:00+00:00,docevent,2003
/api/v1/doc/document/rfc3506/,3506,rfc3506,Requirements and Design for Voucher Trading System (VTS),2003-03-14 00:23:06+00:00,/api/v1/doc/document/draft-ietf-trade-drt-requirements/,/api/v1/doc/document/draft-ietf-trade-drt-requirements/,0,draft-ietf-trade-drt-requirements,04,2015-10-14 20:49:59+00:00,,2000-02-02 08:00:00+00:00,2000-02-02 08:00:00+00:00,docevent,2003
/api/v1/doc/document/rfc3501/,3501,rfc3501,INTERNET MESSAGE ACCESS PROTOCOL - VERSION 4rev1,2003-03-18 23:33:41+00:00,/api/v1/doc/document/draft-crispin-imapv/,/api/v1/doc/document/draft-melnikov-imap-content-location/,1,draft-melnikov-imap-content-location,00,2013-10-18 15:53:20+00:00,,2002-06-05 07:00:00+00:00,2002-06-05 07:00:00+00:00,docevent,2003
/api/v1/doc/document/rfc3501/,3501,rfc3501,INTERNET MESSAGE ACCESS PROTOCOL - VERSION 4rev1,2003-03-18 23:33:41+00:00,/api/v1/doc/document/draft-crispin-imapv/,/api/v1/doc/document/draft-crispin-imapv/,0,draft-crispin-imapv,20,2020-01-21 08:25:13+00:00,,1997-09-12 07:00:00+00:00,1997-09-12 07:00:00+00:00,docevent,2003
/api/v1/doc/document/rfc3502/,3502,rfc3502,Internet Message Access Protocol (IMAP) - MULTIAPPEND Extension,2003-03-18 23:35:07+00:00,/api/v1/doc/document/draft-crispin-imap-multiappend/,/api/v1/doc/document/draft-crispin-imap-multiappend/,0,draft-crispin-imap-multiappend,07,2013-03-02 16:57:46+00:00,,2000-02-11 08:00:00+00:00,2000-02-11 08:00:00+00:00,docevent,2003
/api/v1/doc/document/rfc3503/,3503,rfc3503,Message Disposition Notification (MDN) profile for Internet Message Access Protocol (IMAP),2003-03-18 23:36:35+00:00,/api/v1/doc/document/draft-melnikov-imap-mdn/,/api/v1/doc/document/draft-melnikov-imap-mdn/,0,draft-melnikov-imap-mdn,05,2013-03-02 16:57:46+00:00,,1998-08-14 07:00:00+00:00,1998-08-14 07:00:00+00:00,docevent,2003
/api/v1/doc/document/rfc3493/,3493,rfc3493,Basic Socket Interface Extensions for IPv6,2003-03-18 23:38:46+00:00,/api/v1/doc/document/draft-ietf-ipngwg-rfc2553bis/,/api/v1/doc/document/draft-ietf-ipngwg-rfc2553bis/,0,draft-ietf-ipngwg-rfc2553bis,09,2015-10-14 20:50:02+00:00,,2000-05-11 07:00:00+00:00,2000-05-11 07:00:00+00:00,docevent,2003
/api/v1/doc/document/rfc3489/,3489,rfc3489,STUN - Simple Traversal of User Datagram Protocol (UDP) Through Network Address Translators (NATs),2003-03-21 00:51:59+00:00,/api/v1/doc/document/draft-ietf-midcom-stun/,/api/v1/doc/document/draft-ietf-midcom-stun/,0,draft-ietf-midcom-stun,04,2015-10-14 20:50:30+00:00,,2002-04-05 08:00:00+00:00,2002-04-05 08:00:00+00:00,docevent,2003
/api/v1/doc/document/rfc3483/,3483,rfc3483,Framework for Policy Usage Feedback for Common Open Policy Service with Policy Provisioning (COPS-PR),2003-03-28 01:19:02+00:00,/api/v1/doc/document/draft-ietf-rap-feedback-frwk/,/api/v1/doc/document/draft-ietf-rap-feedback-frwk/,0,draft-ietf-rap-feedback-frwk,04,2015-10-14 20:50:17+00:00,,2001-07-17 07:00:00+00:00,2001-07-17 07:00:00+00:00,docevent,2003
/api/v1/doc/document/rfc3474/,3474,rfc3474,Documentation of IANA assignments for Generalized MultiProtocol Label Switching (GMPLS) Resource Reservation Protocol - Traffic Engineering (RSVP-TE) Usage and Extensions for Automatically Switched Optical Network (ASON),2003-04-02 22:34:41+00:00,/api/v1/doc/document/draft-lin-ccamp-gmpls-ason-rsvpte/,/api/v1/doc/document/draft-lin-ccamp-gmpls-ason-rsvpte/,0,draft-lin-ccamp-gmpls-ason-rsvpte,04,2021-04-15 07:28:14+00:00,,2002-06-17 07:00:00+00:00,2002-06-17 07:00:00+00:00,docevent,2003
/api/v1/doc/document/rfc3475/,3475,rfc3475,Documentation of IANA assignments for Constraint-Based LSP setup using LDP (CR-LDP) Extensions for Automatic Switched Optical Network (ASON),2003-04-02 22:36:01+00:00,/api/v1/doc/document/draft-aboulmagd-ccamp-crldp-ason-ext/,/api/v1/doc/document/draft-aboulmagd-ccamp-crldp-ason-ext/,0,draft-aboulmagd-ccamp-crldp-ason-ext,02,2015-10-14 20:50:33+00:00,,2002-06-25 07:00:00+00:00,2002-06-25 07:00:00+00:00,docevent,2003
/api/v1/doc/document/rfc3476/,3476,rfc3476,"Documentation of IANA Assignments for Label Distribution Protocol (LDP), Resource ReSerVation Protocol (RSVP), and Resource ReSerVation Protocol-Traffic Engineering (RSVP-TE) Extensions for Optical UNI Signaling",2003-04-02 22:37:23+00:00,/api/v1/doc/document/draft-bala-uni-ldp-rsvp-extensions/,/api/v1/doc/document/draft-bala-uni-ldp-rsvp-extensions/,0,draft-bala-uni-ldp-rsvp-extensions,04,2015-10-14 20:50:34+00:00,,2002-08-06 07:00:00+00:00,2002-08-06 07:00:00+00:00,docevent,2003
/api/v1/doc/document/rfc3508/,3508,rfc3508,H.323 Uniform Resource Locator (URL) Scheme Registration,2003-04-02 22:38:43+00:00,/api/v1/doc/document/draft-levin-iptel-h323-url-scheme/,/api/v1/doc/document/draft-levin-iptel-h323-url-scheme/,0,draft-levin-iptel-h323-url-scheme,05,2015-10-14 20:50:05+00:00,,2000-08-10 07:00:00+00:00,2000-08-10 07:00:00+00:00,docevent,2003
/api/v1/doc/document/rfc3510/,3510,rfc3510,Internet Printing Protocol/1.1: IPP URL Scheme,2003-04-02 22:40:35+00:00,/api/v1/doc/document/draft-ietf-ipp-url-scheme/,/api/v1/doc/document/draft-ietf-ipp-url-scheme/,0,draft-ietf-ipp-url-scheme,04,2015-10-14 20:50:09+00:00,,2001-01-12 08:00:00+00:00,2001-01-12 08:00:00+00:00,docevent,2003
/api/v1/doc/document/rfc3512/,3512,rfc3512,Configuring Networks and Devices with Simple Network Management Protocol (SNMP),2003-04-04 18:02:34+00:00,/api/v1/doc/document/draft-ietf-snmpconf-bcp/,/api/v1/doc/document/draft-ietf-snmpconf-bcp/,0,draft-ietf-snmpconf-bcp,12,2015-10-14 20:50:02+00:00,,2000-03-16 08:00:00+00:00,2000-03-16 08:00:00+00:00,docevent,2003
/api/v1/doc/document/rfc3509/,3509,rfc3509,Alternative Implementations of OSPF Area Border Routers,2003-04-07 21:59:00+00:00,/api/v1/doc/document/draft-ietf-ospf-abr-alt/,/api/v1/doc/document/draft-ietf-ospf-abr-alt/,0,draft-ietf-ospf-abr-alt,05,2015-10-14 20:49:57+00:00,,1999-07-13 07:00:00+00:00,1999-07-13 07:00:00+00:00,docevent,2003
/api/v1/doc/document/rfc3515/,3515,rfc3515,The Session Initiation Protocol (SIP) Refer Method,2003-04-11 00:12:24+00:00,/api/v1/doc/document/draft-ietf-sip-refer/,/api/v1/doc/document/draft-ietf-sip-refer/,0,draft-ietf-sip-refer,07,2016-03-31 07:11:09+00:00,,2001-08-28 07:00:00+00:00,2001-08-28 07:00:00+00:00,docevent,2003
/api/v1/doc/document/rfc3517/,3517,rfc3517,A Conservative Selective Acknowledgment (SACK)-based Loss Recovery Algorithm for TCP,2003-04-11 00:14:56+00:00,/api/v1/doc/document/draft-allman-tcp-sack/,/api/v1/doc/document/draft-allman-tcp-sack/,0,draft-allman-tcp-sack,13,2013-03-02 16:57:47+00:00,,2000-11-02 08:00:00+00:00,2000-11-02 08:00:00+00:00,docevent,2003
/api/v1/doc/document/rfc3513/,3513,rfc3513,Internet Protocol Version 6 (IPv6) Addressing Architecture,2003-04-11 23:50:31+00:00,/api/v1/doc/document/draft-ietf-ipngwg-addr-arch-v3/,/api/v1/doc/document/draft-ietf-ipngwg-addr-arch-v3/,0,draft-ietf-ipngwg-addr-arch-v3,10,2015-10-14 20:50:01+00:00,,2000-03-15 08:00:00+00:00,2000-03-15 08:00:00+00:00,docevent,2003
/api/v1/doc/document/rfc3507/,3507,rfc3507,Internet Content Adaptation Protocol (ICAP),2003-04-14 22:23:14+00:00,/api/v1/doc/document/draft-elson-icap/,/api/v1/doc/document/draft-elson-icap/,0,draft-elson-icap,01,2021-03-04 08:28:08+00:00,,2001-10-11 07:00:00+00:00,2001-10-11 07:00:00+00:00,docevent,2003
/api/v1/doc/document/rfc3511/,3511,rfc3511,Benchmarking Methodology for Firewall Performance,2003-04-14 22:25:01+00:00,/api/v1/doc/document/draft-ietf-bmwg-firewall/,/api/v1/doc/document/draft-ietf-bmwg-firewall/,0,draft-ietf-bmwg-firewall,08,2015-10-14 20:50:04+00:00,,2000-07-20 07:00:00+00:00,2000-07-20 07:00:00+00:00,docevent,2003
/api/v1/doc/document/rfc3518/,3518,rfc3518,Point-to-Point Protocol (PPP) Bridging Control Protocol (BCP),2003-04-14 22:30:50+00:00,/api/v1/doc/document/draft-ietf-pppext-rfc2878bis/,/api/v1/doc/document/draft-ietf-pppext-rfc2878bis/,0,draft-ietf-pppext-rfc2878bis,01,2013-03-02 16:57:47+00:00,,2002-04-18 07:00:00+00:00,2002-04-18 07:00:00+00:00,docevent,2003
/api/v1/doc/document/rfc3520/,3520,rfc3520,Session Authorization Policy Element,2003-04-14 22:33:14+00:00,/api/v1/doc/document/draft-ietf-rap-rsvp-authsession/,/api/v1/doc/document/draft-ietf-rap-rsvp-authsession/,0,draft-ietf-rap-rsvp-authsession,05,2015-10-14 20:50:13+00:00,,2001-04-30 07:00:00+00:00,2001-04-30 07:00:00+00:00,docevent,2003
/api/v1/doc/document/rfc3521/,3521,rfc3521,Framework for Session Set-up with Media Authorization,2003-04-14 22:35:03+00:00,/api/v1/doc/document/draft-ietf-rap-session-auth/,/api/v1/doc/document/draft-ietf-rap-session-auth/,0,draft-ietf-rap-session-auth,04,2015-10-14 20:50:14+00:00,,2001-04-30 07:00:00+00:00,2001-04-30 07:00:00+00:00,docevent,2003
/api/v1/doc/document/rfc3516/,3516,rfc3516,IMAP4 Binary Content Extension,2003-04-17 22:15:57+00:00,/api/v1/doc/document/draft-nerenberg-imap-binary/,/api/v1/doc/document/draft-nerenberg-imap-binary/,0,draft-nerenberg-imap-binary,07,2020-01-21 08:25:15+00:00,,2000-11-20 08:00:00+00:00,2000-11-20 08:00:00+00:00,docevent,2003
/api/v1/doc/document/rfc3523/,3523,rfc3523,Internet Emergency Preparedness (IEPREP) Telephony Topology Terminology,2003-04-17 22:18:01+00:00,/api/v1/doc/document/draft-polk-ieprep-scenarios/,/api/v1/doc/document/draft-polk-ieprep-scenarios/,0,draft-polk-ieprep-scenarios,03,2015-10-14 20:50:36+00:00,,2002-09-18 07:00:00+00:00,2002-09-18 07:00:00+00:00,docevent,2003
/api/v1/doc/document/rfc3527/,3527,rfc3527,Link Selection sub-option for the Relay Agent Information Option for DHCPv4,2003-04-24 21:30:32+00:00,/api/v1/doc/document/draft-ietf-dhc-agent-subnet-selection/,/api/v1/doc/document/draft-ietf-dhc-agent-subnet-selection/,0,draft-ietf-dhc-agent-subnet-selection,04,2013-03-02 16:57:47+00:00,,2001-07-17 07:00:00+00:00,2001-07-17 07:00:00+00:00,docevent,2003
/api/v1/doc/document/rfc3524/,3524,rfc3524,Mapping of Media Streams to Resource Reservation Flows,2003-04-28 21:31:54+00:00,/api/v1/doc/document/draft-ietf-mmusic-reservation-flows/,/api/v1/doc/document/draft-ietf-mmusic-reservation-flows/,0,draft-ietf-mmusic-reservation-flows,01,2013-03-02 16:57:47+00:00,,2002-10-14 07:00:00+00:00,2002-10-14 07:00:00+00:00,docevent,2003
/api/v1/doc/document/rfc3531/,3531,rfc3531,A Flexible Method for Managing the Assignment of Bits of an IPv6 Address Block,2003-04-28 21:33:42+00:00,/api/v1/doc/document/draft-ietf-ipv6-ipaddressassign/,/api/v1/doc/document/draft-ietf-ipv6-ipaddressassign/,0,draft-ietf-ipv6-ipaddressassign,05,2015-10-14 20:49:54+00:00,,2002-04-23 18:27:04+00:00,2002-04-23 18:27:04+00:00,docevent,2003
/api/v1/doc/document/rfc3522/,3522,rfc3522,The Eifel Detection Algorithm for TCP,2003-04-30 23:01:08+00:00,/api/v1/doc/document/draft-ietf-tsvwg-tcp-eifel-alg/,/api/v1/doc/document/draft-ludwig-tsvwg-tcp-eifel-alg/,1,draft-ludwig-tsvwg-tcp-eifel-alg,00,2000-11-20 08:00:00+00:00,,2000-11-20 08:00:00+00:00,2000-11-20 08:00:00+00:00,docevent,2003
/api/v1/doc/document/rfc3522/,3522,rfc3522,The Eifel Detection Algorithm for TCP,2003-04-30 23:01:08+00:00,/api/v1/doc/document/draft-ietf-tsvwg-tcp-eifel-alg/,/api/v1/doc/document/draft-ietf-tsvwg-tcp-eifel-alg/,0,draft-ietf-tsvwg-tcp-eifel-alg,07,2013-03-02 16:57:47+00:00,,2001-02-26 08:00:00+00:00,2001-02-26 08:00:00+00:00,docevent,2003
/api/v1/doc/document/rfc3529/,3529,rfc3529,Using Extensible Markup Language-Remote Procedure Calling (XML-RPC) in Blocks Extensible Exchange Protocol (BEEP),2003-04-30 23:02:53+00:00,/api/v1/doc/document/draft-harold-beep-xmlrpc/,/api/v1/doc/document/draft-harold-beep-xmlrpc/,0,draft-harold-beep-xmlrpc,03,2015-10-14 20:50:29+00:00,,2002-03-26 08:00:00+00:00,2002-03-26 08:00:00+00:00,docevent,2003
/api/v1/doc/document/rfc3530/,3530,rfc3530,Network File System (NFS) version 4 Protocol,2003-04-30 23:14:02+00:00,/api/v1/doc/document/draft-ietf-nfsv4-rfc3010bis/,/api/v1/doc/document/draft-ietf-nfsv4-rfc3010bis/,0,draft-ietf-nfsv4-rfc3010bis,05,2020-01-21 08:25:15+00:00,,2001-11-20 08:00:00+00:00,2001-11-20 08:00:00+00:00,docevent,2003
/api/v1/doc/document/rfc3316/,3316,rfc3316,Internet Protocol Version 6 (IPv6) for Some Second and Third Generation Cellular Hosts,2003-05-01 19:21:35+00:00,/api/v1/doc/document/draft-ietf-ipv6-cellular-host/,/api/v1/doc/document/draft-ietf-ipv6-cellular-host/,0,draft-ietf-ipv6-cellular-host,02,2015-10-14 20:50:28+00:00,,2002-02-27 08:00:00+00:00,2002-02-27 08:00:00+00:00,docevent,2003
/api/v1/doc/document/rfc3343/,3343,rfc3343,The Application Exchange (APEX) Presence Service,2003-05-01 19:23:06+00:00,/api/v1/doc/document/draft-ietf-apex-presence/,/api/v1/doc/document/draft-ietf-apex-presence/,0,draft-ietf-apex-presence,06,2015-10-14 20:50:13+00:00,,2001-04-09 07:00:00+00:00,2001-04-09 07:00:00+00:00,docevent,2003
/api/v1/doc/document/rfc3528/,3528,rfc3528,Mesh-enhanced Service Location Protocol (mSLP),2003-05-01 19:24:29+00:00,/api/v1/doc/document/draft-zhao-slp-da-interaction/,/api/v1/doc/document/draft-zhao-slp-da-interaction/,0,draft-zhao-slp-da-interaction,16,2015-10-14 20:49:58+00:00,,1999-11-16 08:00:00+00:00,1999-11-16 08:00:00+00:00,docevent,2003
/api/v1/doc/document/rfc3532/,3532,rfc3532,Requirements for the Dynamic Partitioning of Switching Elements,2003-05-05 16:41:26+00:00,/api/v1/doc/document/draft-ietf-gsmp-dyn-part-reqs/,/api/v1/doc/document/draft-ietf-gsmp-dyn-part-reqs/,0,draft-ietf-gsmp-dyn-part-reqs,03,2015-10-14 20:50:16+00:00,,2001-07-12 07:00:00+00:00,2001-07-12 07:00:00+00:00,docevent,2003
/api/v1/doc/document/rfc3541/,3541,rfc3541,A Uniform Resource Name (URN) Namespace for the Web3D Consortium (Web3D),2003-05-12 23:41:15+00:00,/api/v1/doc/document/draft-walsh-urn-web3d/,/api/v1/doc/document/draft-walsh-urn-web3d/,0,draft-walsh-urn-web3d,00,2015-10-14 20:50:29+00:00,,2002-03-27 08:00:00+00:00,2002-03-27 08:00:00+00:00,docevent,2003
/api/v1/doc/document/rfc3526/,3526,rfc3526,More Modular Exponential (MODP) Diffie-Hellman groups for Internet Key Exchange (IKE),2003-05-14 15:51:50+00:00,/api/v1/doc/document/draft-ietf-ipsec-ike-modp-groups/,/api/v1/doc/document/draft-ietf-ipsec-ike-modp-groups/,0,draft-ietf-ipsec-ike-modp-groups,04,2023-08-03 07:15:43+00:00,,2000-10-16 07:00:00+00:00,2000-10-16 07:00:00+00:00,docevent,2003
/api/v1/doc/document/rfc3536/,3536,rfc3536,Terminology Used in Internationalization in the IETF,2003-05-15 22:47:29+00:00,/api/v1/doc/document/draft-hoffman-i18n-terms/,/api/v1/doc/document/draft-hoffman-i18n-terms/,0,draft-hoffman-i18n-terms,11,2015-10-14 20:50:07+00:00,,2000-11-17 08:00:00+00:00,2000-11-17 08:00:00+00:00,docevent,2003
/api/v1/doc/document/rfc3533/,3533,rfc3533,The Ogg Encapsulation Format Version 0,2003-05-16 16:48:36+00:00,/api/v1/doc/document/draft-pfeiffer-ogg-fileformat/,/api/v1/doc/document/draft-pfeiffer-ogg-fileformat/,0,draft-pfeiffer-ogg-fileformat,02,2021-12-28 08:39:19+00:00,,2002-12-06 08:00:00+00:00,2002-12-06 08:00:00+00:00,docevent,2003
/api/v1/doc/document/rfc3534/,3534,rfc3534,The application/ogg Media Type,2003-05-16 17:17:55+00:00,/api/v1/doc/document/draft-walleij-ogg-mediatype/,/api/v1/doc/document/draft-walleij-ogg-mediatype/,0,draft-walleij-ogg-mediatype,08,2018-07-18 18:09:47+00:00,,2001-05-21 07:00:00+00:00,2001-05-21 07:00:00+00:00,docevent,2003
/api/v1/doc/document/rfc3519/,3519,rfc3519,Mobile IP Traversal of Network Address Translation (NAT) Devices,2003-05-20 19:03:27+00:00,/api/v1/doc/document/draft-ietf-mobileip-nat-traversal/,/api/v1/doc/document/draft-ietf-mobileip-nat-traversal/,0,draft-ietf-mobileip-nat-traversal,07,2020-07-29 07:30:07+00:00,,2002-01-18 08:00:00+00:00,2002-01-18 08:00:00+00:00,docevent,2003
/api/v1/doc/document/rfc3535/,3535,rfc3535,Overview of the 2002 IAB Network Management Workshop,2003-05-20 19:26:10+00:00,/api/v1/doc/document/draft-iab-nm-workshop/,/api/v1/doc/document/draft-iab-nm-workshop/,0,draft-iab-nm-workshop,02,2013-03-02 16:57:48+00:00,,2002-10-09 07:00:00+00:00,2002-10-09 07:00:00+00:00,docevent,2003
/api/v1/doc/document/rfc3537/,3537,rfc3537,Wrapping a Hashed Message Authentication Code (HMAC) key with a Triple-Data Encryption Standard (DES) Key or an Advanced Encryption Standard (AES) Key,2003-05-31 00:07:23+00:00,/api/v1/doc/document/draft-ietf-smime-hmac-key-wrap/,/api/v1/doc/document/draft-ietf-smime-hmac-key-wrap/,0,draft-ietf-smime-hmac-key-wrap,02,2020-01-21 08:25:16+00:00,,2002-02-06 08:00:00+00:00,2002-02-06 08:00:00+00:00,docevent,2003
/api/v1/doc/document/rfc3538/,3538,rfc3538,Secure Electronic Transaction (SET) Supplement for the v1.0 Internet Open Trading Protocol (IOTP),2003-06-01 07:00:00+00:00,/api/v1/doc/document/draft-ietf-trade-iotp-v1.0-set/,/api/v1/doc/document/draft-ietf-trade-iotp-v1.0-set/,0,draft-ietf-trade-iotp-v1.0-set,02,2015-10-14 20:50:00+00:00,,2000-03-10 08:00:00+00:00,2000-03-10 08:00:00+00:00,docevent,2003
/api/v1/doc/document/rfc3540/,3540,rfc3540,Robust Explicit Congestion Notification (ECN) Signaling with Nonces,2003-06-01 07:00:00+00:00,/api/v1/doc/document/draft-ietf-tsvwg-tcp-nonce/,/api/v1/doc/document/draft-ietf-tsvwg-tcp-nonce/,0,draft-ietf-tsvwg-tcp-nonce,04,2017-11-29 08:14:13+00:00,,2001-02-23 08:00:00+00:00,2001-02-23 08:00:00+00:00,docevent,2003
/api/v1/doc/document/rfc3542/,3542,rfc3542,Advanced Sockets Application Program Interface (API) for IPv6,2003-06-02 21:49:08+00:00,/api/v1/doc/document/draft-ietf-ipngwg-rfc2292bis/,/api/v1/doc/document/draft-ietf-ipngwg-rfc2292bis/,0,draft-ietf-ipngwg-rfc2292bis,08,2020-01-21 08:25:16+00:00,,1999-10-28 07:00:01+00:00,1999-10-28 07:00:01+00:00,docevent,2003
/api/v1/doc/document/rfc3525/,3525,rfc3525,Gateway Control Protocol Version 1,2003-06-09 16:58:48+00:00,/api/v1/doc/document/draft-ietf-megaco-3015corr/,/api/v1/doc/document/draft-ietf-megaco-3015corr/,0,draft-ietf-megaco-3015corr,03,2020-01-21 08:25:15+00:00,,2001-10-25 07:00:00+00:00,2001-10-25 07:00:00+00:00,docevent,2003
/api/v1/doc/document/rfc3546/,3546,rfc3546,Transport Layer Security (TLS) Extensions,2003-06-19 18:57:03+00:00,/api/v1/doc/document/draft-ietf-tls-extensions/,/api/v1/doc/document/draft-ietf-tls-extensions/,0,draft-ietf-tls-extensions,06,2013-03-02 16:57:48+00:00,,2001-06-22 07:00:00+00:00,2001-06-22 07:00:00+00:00,docevent,2003
/api/v1/doc/document/rfc3559/,3559,rfc3559,Multicast Address Allocation MIB,2003-06-19 18:59:21+00:00,/api/v1/doc/document/draft-ietf-malloc-malloc-mib/,/api/v1/doc/document/draft-ietf-malloc-malloc-mib/,0,draft-ietf-malloc-malloc-mib,08,2015-10-14 20:49:55+00:00,,1999-01-18 08:00:00+00:00,1999-01-18 08:00:00+00:00,docevent,2003
/api/v1/doc/document/rfc3539/,3539,rfc3539,"Authentication, Authorization and Accounting (AAA) Transport Profile",2003-06-20 23:07:34+00:00,/api/v1/doc/document/draft-ietf-aaa-transport/,/api/v1/doc/document/draft-ietf-aaa-transport/,0,draft-ietf-aaa-transport,12,2015-10-14 20:50:08+00:00,,2000-11-20 08:00:00+00:00,2000-11-20 08:00:00+00:00,docevent,2003
/api/v1/doc/document/rfc3553/,3553,rfc3553,An IETF URN Sub-namespace for Registered Protocol Parameters,2003-06-28 00:33:13+00:00,/api/v1/doc/document/draft-mealling-iana-urn/,/api/v1/doc/document/draft-mealling-iana-urn/,0,draft-mealling-iana-urn,14,2015-10-14 20:50:08+00:00,,2000-11-21 08:00:00+00:00,2000-11-21 08:00:00+00:00,docevent,2003
/api/v1/doc/document/rfc3547/,3547,rfc3547,The Group Domain of Interpretation,2003-07-02 23:16:18+00:00,/api/v1/doc/document/draft-ietf-msec-gdoi/,/api/v1/doc/document/draft-irtf-smug-gdoi/,1,draft-irtf-smug-gdoi,01,2010-04-08 07:00:00+00:00,,2000-09-25 07:00:00+00:00,2000-09-25 07:00:00+00:00,docevent,2003
/api/v1/doc/document/rfc3547/,3547,rfc3547,The Group Domain of Interpretation,2003-07-02 23:16:18+00:00,/api/v1/doc/document/draft-ietf-msec-gdoi/,/api/v1/doc/document/draft-ietf-msec-gdoi/,0,draft-ietf-msec-gdoi,08,2015-10-14 20:50:06+00:00,,2001-02-26 08:00:00+00:00,2001-02-26 08:00:00+00:00,docevent,2003
/api/v1/doc/document/rfc3549/,3549,rfc3549,Linux Netlink as an IP Services Protocol,2003-07-02 23:18:07+00:00,/api/v1/doc/document/draft-ietf-forces-netlink/,/api/v1/doc/document/draft-ietf-forces-netlink/,0,draft-ietf-forces-netlink,04,2020-03-12 07:25:21+00:00,,2001-10-01 07:00:00+00:00,2001-10-01 07:00:00+00:00,docevent,2003
/api/v1/doc/document/rfc3562/,3562,rfc3562,Key Management Considerations for the TCP MD5 Signature Option,2003-07-07 19:57:14+00:00,/api/v1/doc/document/draft-ietf-idr-md5-keys/,/api/v1/doc/document/draft-ietf-idr-md5-keys/,0,draft-ietf-idr-md5-keys,00,2015-10-14 20:50:31+00:00,,2002-05-13 07:00:00+00:00,2002-05-13 07:00:00+00:00,docevent,2003
/api/v1/doc/document/rfc3561/,3561,rfc3561,Ad hoc On-Demand Distance Vector (AODV) Routing,2003-07-07 19:59:04+00:00,/api/v1/doc/document/draft-ietf-manet-aodv/,/api/v1/doc/document/draft-ietf-manet-aodv/,0,draft-ietf-manet-aodv,13,2013-03-02 16:57:49+00:00,,1998-04-10 07:00:00+00:00,1998-04-10 07:00:00+00:00,docevent,2003
/api/v1/doc/document/rfc3548/,3548,rfc3548,"The Base16, Base32, and Base64 Data Encodings",2003-07-08 23:36:01+00:00,/api/v1/doc/document/draft-josefsson-base-encoding/,/api/v1/doc/document/draft-josefsson-base-encoding/,0,draft-josefsson-base-encoding,04,2020-01-21 08:25:17+00:00,,2000-08-22 07:00:00+00:00,2000-08-22 07:00:00+00:00,docevent,2003
/api/v1/doc/document/rfc3554/,3554,rfc3554,On the Use of Stream Control Transmission Protocol (SCTP) with IPsec,2003-07-08 23:38:03+00:00,/api/v1/doc/document/draft-ietf-ipsec-sctp/,/api/v1/doc/document/draft-ietf-ipsec-sctp/,0,draft-ietf-ipsec-sctp,05,2015-10-14 20:50:10+00:00,,2001-02-19 08:00:00+00:00,2001-02-19 08:00:00+00:00,docevent,2003
/api/v1/doc/document/rfc3563/,3563,rfc3563,Cooperative Agreement Between the ISOC/IETF and ISO/IEC Joint Technical Committee 1/Sub Committee 6 (JTC1/SC6) on IS-IS Routing Protocol Development,2003-07-08 23:40:14+00:00,/api/v1/doc/document/draft-zinin-ietf-jtc1-aggr/,/api/v1/doc/document/draft-zinin-ietf-jtc1-aggr/,0,draft-zinin-ietf-jtc1-aggr,01,2018-08-07 07:17:56+00:00,,2002-10-24 07:00:00+00:00,2002-10-24 07:00:00+00:00,docevent,2003
/api/v1/doc/document/rfc3569/,3569,rfc3569,An Overview of Source-Specific Multicast (SSM),2003-07-08 23:41:55+00:00,/api/v1/doc/document/draft-ietf-ssm-overview/,/api/v1/doc/document/draft-ietf-ssm-overview/,0,draft-ietf-ssm-overview,05,2015-10-14 20:50:14+00:00,,2001-05-30 07:00:00+00:00,2001-05-30 07:00:00+00:00,docevent,2003
/api/v1/doc/document/rfc3572/,3572,rfc3572,Internet Protocol Version 6 over MAPOS (Multiple Access Protocol Over SONET/SDH),2003-07-11 16:54:35+00:00,/api/v1/doc/document/draft-ogura-ipv6-mapos/,/api/v1/doc/document/draft-ogura-ipv6-mapos/,0,draft-ogura-ipv6-mapos,02,2015-10-14 20:50:30+00:00,,2002-04-24 07:00:00+00:00,2002-04-24 07:00:00+00:00,docevent,2003
/api/v1/doc/document/rfc3567/,3567,rfc3567,Intermediate System to Intermediate System (IS-IS) Cryptographic Authentication,2003-07-17 23:15:51+00:00,/api/v1/doc/document/draft-ietf-isis-hmac/,/api/v1/doc/document/draft-ietf-isis-hmac/,0,draft-ietf-isis-hmac,04,2015-10-14 20:49:55+00:00,,1999-01-07 08:00:00+00:00,1999-01-07 08:00:00+00:00,docevent,2003
/api/v1/doc/document/rfc3573/,3573,rfc3573,Signalling of Modem-On-Hold status in Layer 2 Tunneling Protocol (L2TP),2003-07-17 23:21:12+00:00,/api/v1/doc/document/draft-ietf-l2tpext-v92-moh/,/api/v1/doc/document/draft-ietf-l2tpext-v92-moh/,0,draft-ietf-l2tpext-v92-moh,05,2013-03-02 16:57:50+00:00,,2002-05-10 07:00:00+00:00,2002-05-10 07:00:00+00:00,docevent,2003
/api/v1/doc/document/rfc3560/,3560,rfc3560,Use of the RSAES-OAEP Key Transport Algorithm in Cryptographic Message Syntax (CMS),2003-07-23 18:12:24+00:00,/api/v1/doc/document/draft-ietf-smime-cms-rsaes-oaep/,/api/v1/doc/document/draft-ietf-smime-cms-rsaes-oaep/,0,draft-ietf-smime-cms-rsaes-oaep,07,2013-03-02 16:57:49+00:00,,2000-03-10 08:00:00+00:00,2000-03-10 08:00:00+00:00,docevent,2003
/api/v1/doc/document/rfc3565/,3565,rfc3565,Use of the Advanced Encryption Standard (AES) Encryption Algorithm in Cryptographic Message Syntax (CMS),2003-07-23 18:14:16+00:00,/api/v1/doc/document/draft-ietf-smime-aes-alg/,/api/v1/doc/document/draft-ietf-smime-aes-alg/,0,draft-ietf-smime-aes-alg,07,2013-03-02 16:57:49+00:00,,2000-11-22 08:00:00+00:00,2000-11-22 08:00:00+00:00,docevent,2003
/api/v1/doc/document/rfc3568/,3568,rfc3568,Known Content Network (CN) Request-Routing Mechanisms,2003-07-23 18:16:17+00:00,/api/v1/doc/document/draft-ietf-cdi-known-request-routing/,/api/v1/doc/document/draft-ietf-cdi-known-request-routing/,0,draft-ietf-cdi-known-request-routing,03,2015-10-14 20:50:27+00:00,,2002-02-22 08:00:00+00:00,2002-02-22 08:00:00+00:00,docevent,2003
/api/v1/doc/document/rfc3564/,3564,rfc3564,Requirements for Support of Differentiated Services-aware MPLS Traffic Engineering,2003-07-25 16:46:56+00:00,/api/v1/doc/document/draft-ietf-tewg-diff-te-reqts/,/api/v1/doc/document/draft-ietf-tewg-diff-te-reqts/,0,draft-ietf-tewg-diff-te-reqts,07,2015-10-14 20:50:10+00:00,,2001-02-19 08:00:00+00:00,2001-02-19 08:00:00+00:00,docevent,2003
/api/v1/doc/document/rfc3570/,3570,rfc3570,Content Internetworking (CDI) Scenarios,2003-07-28 21:44:52+00:00,/api/v1/doc/document/draft-ietf-cdi-scenarios/,/api/v1/doc/document/draft-ietf-cdi-scenarios/,0,draft-ietf-cdi-scenarios,01,2015-10-14 20:50:27+00:00,,2002-02-25 08:00:00+00:00,2002-02-25 08:00:00+00:00,docevent,2003
/api/v1/doc/document/rfc3550/,3550,rfc3550,RTP: A Transport Protocol for Real-Time Applications,2003-07-29 23:48:51+00:00,/api/v1/doc/document/draft-ietf-avt-rtp-new/,/api/v1/doc/document/draft-ietf-avt-rtp-new/,0,draft-ietf-avt-rtp-new,12,2015-10-14 20:49:52+00:00,,1998-04-07 07:00:00+00:00,1998-04-07 07:00:00+00:00,docevent,2003
/api/v1/doc/document/rfc3551/,3551,rfc3551,RTP Profile for Audio and Video Conferences with Minimal Control,2003-07-29 23:52:00+00:00,/api/v1/doc/document/draft-ietf-avt-profile-new/,/api/v1/doc/document/draft-ietf-avt-profile-new/,0,draft-ietf-avt-profile-new,13,2013-03-02 16:57:49+00:00,,1997-03-27 08:00:00+00:00,1997-03-27 08:00:00+00:00,docevent,2003
/api/v1/doc/document/rfc3555/,3555,rfc3555,MIME Type Registration of RTP Payload Formats,2003-07-29 23:53:45+00:00,/api/v1/doc/document/draft-ietf-avt-rtp-mime/,/api/v1/doc/document/draft-ietf-avt-rtp-mime/,0,draft-ietf-avt-rtp-mime,06,2013-03-02 16:57:49+00:00,,1999-07-02 07:00:00+00:00,1999-07-02 07:00:00+00:00,docevent,2003
/api/v1/doc/document/rfc3556/,3556,rfc3556,Session Description Protocol (SDP) Bandwidth Modifiers for RTP Control Protocol (RTCP) Bandwidth,2003-07-29 23:55:41+00:00,/api/v1/doc/document/draft-ietf-avt-rtcp-bw/,/api/v1/doc/document/draft-ietf-avt-rtcp-bw/,0,draft-ietf-avt-rtcp-bw,05,2013-03-02 16:57:49+00:00,,1999-07-02 07:00:00+00:00,1999-07-02 07:00:00+00:00,docevent,2003
/api/v1/doc/document/rfc3557/,3557,rfc3557,RTP Payload Format for European Telecommunications Standards Institute (ETSI) European Standard ES 201 108 Distributed Speech Recognition Encoding,2003-07-30 00:00:15+00:00,/api/v1/doc/document/draft-ietf-avt-dsr/,/api/v1/doc/document/draft-ietf-avt-dsr/,0,draft-ietf-avt-dsr,05,2013-03-02 16:57:49+00:00,,2001-11-16 08:00:00+00:00,2001-11-16 08:00:00+00:00,docevent,2003
/api/v1/doc/document/rfc3558/,3558,rfc3558,RTP Payload Format for Enhanced Variable Rate Codecs (EVRC) and Selectable Mode Vocoders (SMV),2003-07-30 00:02:28+00:00,/api/v1/doc/document/draft-ietf-avt-evrc-smv/,/api/v1/doc/document/draft-ietf-avt-evrc-smv/,0,draft-ietf-avt-evrc-smv,03,2013-03-02 16:57:49+00:00,,2002-02-05 08:00:00+00:00,2002-02-05 08:00:00+00:00,docevent,2003
/api/v1/doc/document/rfc3315/,3315,rfc3315,Dynamic Host Configuration Protocol for IPv6 (DHCPv6),2003-07-30 23:11:27+00:00,/api/v1/doc/document/draft-ietf-dhc-dhcpv6/,/api/v1/doc/document/draft-ietf-dhc-dhcpv6/,0,draft-ietf-dhc-dhcpv6,28,2020-01-21 08:24:44+00:00,,1995-02-03 08:00:00+00:00,1995-02-03 08:00:00+00:00,docevent,2003
/api/v1/doc/document/rfc3552/,3552,rfc3552,Guidelines for Writing RFC Text on Security Considerations,2003-07-30 23:25:15+00:00,/api/v1/doc/document/draft-iab-sec-cons/,/api/v1/doc/document/draft-iab-sec-cons/,0,draft-iab-sec-cons,03,2020-01-21 08:25:17+00:00,,2002-06-15 07:00:00+00:00,2002-06-15 07:00:00+00:00,docevent,2003
/api/v1/doc/document/rfc3319/,3319,rfc3319,Dynamic Host Configuration Protocol (DHCPv6) Options for Session Initiation Protocol (SIP) Servers,2003-07-30 23:38:14+00:00,/api/v1/doc/document/draft-ietf-sip-dhcpv6/,/api/v1/doc/document/draft-ietf-sip-dhcpv6/,0,draft-ietf-sip-dhcpv6,01,2015-10-14 20:50:30+00:00,,2002-04-10 07:00:00+00:00,2002-04-10 07:00:00+00:00,docevent,2003
/api/v1/doc/document/rfc3575/,3575,rfc3575,IANA Considerations for RADIUS (Remote Authentication Dial In User Service),2003-07-30 23:49:21+00:00,/api/v1/doc/document/draft-aboba-radius-iana/,/api/v1/doc/document/draft-aboba-radius-iana/,0,draft-aboba-radius-iana,07,2020-01-21 08:25:18+00:00,,2003-02-10 08:00:00+00:00,2003-02-10 08:00:00+00:00,docevent,2003
/api/v1/doc/document/rfc3576/,3576,rfc3576,Dynamic Authorization Extensions to Remote Authentication Dial In User Service (RADIUS),2003-07-30 23:51:08+00:00,/api/v1/doc/document/draft-chiba-radius-dynamic-authorization/,/api/v1/doc/document/draft-chiba-radius-dynamic-authorization/,0,draft-chiba-radius-dynamic-authorization,20,2015-10-14 20:50:06+00:00,,2000-11-02 08:00:00+00:00,2000-11-02 08:00:00+00:00,docevent,2003
/api/v1/doc/document/rfc3544/,3544,rfc3544,IP Header Compression over PPP,2003-07-31 21:55:53+00:00,/api/v1/doc/document/draft-koren-pppext-rfc2509bis/,/api/v1/doc/document/draft-koren-avt-crtp-ipcp/,1,draft-koren-avt-crtp-ipcp,00,2000-11-22 08:00:00+00:00,,2000-11-22 08:00:00+00:00,2000-11-22 08:00:00+00:00,docevent,2003
/api/v1/doc/document/rfc3544/,3544,rfc3544,IP Header Compression over PPP,2003-07-31 21:55:53+00:00,/api/v1/doc/document/draft-koren-pppext-rfc2509bis/,/api/v1/doc/document/draft-koren-pppext-rfc2509bis/,0,draft-koren-pppext-rfc2509bis,03,2022-07-06 16:55:49+00:00,,2001-11-14 08:00:00+00:00,2001-11-14 08:00:00+00:00,docevent,2003
/api/v1/doc/document/rfc3545/,3545,rfc3545,"Enhanced Compressed RTP (CRTP) for Links with High Delay, Packet Loss and Reordering",2003-07-31 21:58:05+00:00,/api/v1/doc/document/draft-ietf-avt-crtp-enhance/,/api/v1/doc/document/draft-ietf-avt-crtp-enhance/,0,draft-ietf-avt-crtp-enhance,07,2013-03-02 16:57:48+00:00,,2000-07-18 07:00:00+00:00,2000-07-18 07:00:00+00:00,docevent,2003
/api/v1/doc/document/rfc3571/,3571,rfc3571,Framework Policy Information Base for Usage Feedback,2003-08-06 16:29:40+00:00,/api/v1/doc/document/draft-ietf-rap-feedback-fr-pib/,/api/v1/doc/document/draft-ietf-rap-feedback-fr-pib/,0,draft-ietf-rap-feedback-fr-pib,06,2016-04-28 07:10:39+00:00,,2001-07-17 07:00:00+00:00,2001-07-17 07:00:00+00:00,docevent,2003
/api/v1/doc/document/rfc3543/,3543,rfc3543,Registration Revocation in Mobile IPv4,2003-08-13 18:33:41+00:00,/api/v1/doc/document/draft-ietf-mobileip-reg-revok/,/api/v1/doc/document/draft-ietf-mobileip-reg-revok/,0,draft-ietf-mobileip-reg-revok,07,2015-10-14 20:50:13+00:00,,2001-04-13 07:00:00+00:00,2001-04-13 07:00:00+00:00,docevent,2003
/api/v1/doc/document/rfc3577/,3577,rfc3577,Introduction to the Remote Monitoring (RMON) Family of MIB Modules,2003-08-13 18:35:32+00:00,/api/v1/doc/document/draft-ietf-rmonmib-framework/,/api/v1/doc/document/draft-ietf-rmonmib-framework/,0,draft-ietf-rmonmib-framework,05,2015-10-14 20:50:33+00:00,,2002-06-26 07:00:00+00:00,2002-06-26 07:00:00+00:00,docevent,2003
/api/v1/doc/document/rfc3587/,3587,rfc3587,IPv6 Global Unicast Address Format,2003-08-13 18:37:44+00:00,/api/v1/doc/document/draft-ietf-ipv6-unicast-aggr-v2/,/api/v1/doc/document/draft-ietf-ipv6-unicast-aggr-v2/,0,draft-ietf-ipv6-unicast-aggr-v2,02,2017-10-13 07:17:10+00:00,,2003-01-30 08:00:00+00:00,2003-01-30 08:00:00+00:00,docevent,2003
/api/v1/doc/document/rfc3574/,3574,rfc3574,Transition Scenarios for 3GPP Networks,2003-08-18 22:46:14+00:00,/api/v1/doc/document/draft-ietf-v6ops-3gpp-cases/,/api/v1/doc/document/draft-ietf-v6ops-3gpp-cases/,0,draft-ietf-v6ops-3gpp-cases,03,2013-03-02 16:57:50+00:00,,2002-11-01 08:00:00+00:00,2002-11-01 08:00:00+00:00,docevent,2003
/api/v1/doc/document/rfc3578/,3578,rfc3578,Mapping of Integrated Services Digital Network (ISDN) User Part (ISUP) Overlap Signalling to the Session Initiation Protocol (SIP),2003-08-18 22:48:05+00:00,/api/v1/doc/document/draft-ietf-sipping-overlap/,/api/v1/doc/document/draft-ietf-sipping-overlap/,0,draft-ietf-sipping-overlap,04,2015-10-14 20:50:24+00:00,,2002-01-14 08:00:00+00:00,2002-01-14 08:00:00+00:00,docevent,2003
/api/v1/doc/document/rfc3582/,3582,rfc3582,Goals for IPv6 Site-Multihoming Architectures,2003-08-21 21:40:07+00:00,/api/v1/doc/document/draft-ietf-multi6-multihoming-requirements/,/api/v1/doc/document/draft-ietf-multi6-multihoming-requirements/,0,draft-ietf-multi6-multihoming-requirements,07,2015-10-14 20:50:12+00:00,,2001-03-22 08:00:00+00:00,2001-03-22 08:00:00+00:00,docevent,2003
/api/v1/doc/document/rfc3584/,3584,rfc3584,"Coexistence between Version 1, Version 2, and Version 3 of the Internet-standard Network Management Framework",2003-08-25 16:54:58+00:00,/api/v1/doc/document/draft-ietf-snmpv3-coex-v2/,/api/v1/doc/document/draft-ietf-snmpv3-coex-v2/,0,draft-ietf-snmpv3-coex-v2,04,2015-10-14 20:50:13+00:00,,2001-04-25 07:00:00+00:00,2001-04-25 07:00:00+00:00,docevent,2003
/api/v1/doc/document/rfc3581/,3581,rfc3581,An Extension to the Session Initiation Protocol (SIP) for Symmetric Response Routing,2003-08-26 22:47:09+00:00,/api/v1/doc/document/draft-ietf-sip-symmetric-response/,/api/v1/doc/document/draft-ietf-sip-symmetric-response/,0,draft-ietf-sip-symmetric-response,01,2015-10-14 20:50:36+00:00,,2002-09-30 07:00:00+00:00,2002-09-30 07:00:00+00:00,docevent,2003
/api/v1/doc/document/rfc3585/,3585,rfc3585,IPsec Configuration Policy Information Model,2003-08-28 19:30:17+00:00,/api/v1/doc/document/draft-ietf-ipsp-config-policy-model/,/api/v1/doc/document/draft-ietf-ipsp-config-policy-model/,0,draft-ietf-ipsp-config-policy-model,06,2015-10-14 20:50:01+00:00,,2000-03-14 08:00:00+00:00,2000-03-14 08:00:00+00:00,docevent,2003
/api/v1/doc/document/rfc3586/,3586,rfc3586,IP Security Policy (IPSP) Requirements,2003-08-28 19:32:12+00:00,/api/v1/doc/document/draft-ietf-ipsp-requirements/,/api/v1/doc/document/draft-ietf-ipsp-requirements/,0,draft-ietf-ipsp-requirements,01,2015-10-14 20:50:04+00:00,,2000-07-20 07:00:00+00:00,2000-07-20 07:00:00+00:00,docevent,2003
/api/v1/doc/document/rfc3579/,3579,rfc3579,RADIUS (Remote Authentication Dial In User Service) Support For Extensible Authentication Protocol (EAP),2003-09-03 23:20:40+00:00,/api/v1/doc/document/draft-aboba-radius-rfc2869bis/,/api/v1/doc/document/draft-aboba-radius-rfc2869bis/,0,draft-aboba-radius-rfc2869bis,22,2022-05-10 07:16:14+00:00,,2002-04-05 08:00:00+00:00,2002-04-05 08:00:00+00:00,docevent,2003
/api/v1/doc/document/rfc3580/,3580,rfc3580,IEEE 802.1X Remote Authentication Dial In User Service (RADIUS) Usage Guidelines,2003-09-03 23:22:13+00:00,/api/v1/doc/document/draft-congdon-radius-8021x/,/api/v1/doc/document/draft-congdon-radius-8021x/,0,draft-congdon-radius-8021x,29,2020-01-21 08:25:19+00:00,,2000-06-22 07:00:00+00:00,2000-06-22 07:00:00+00:00,docevent,2003
/api/v1/doc/document/rfc3583/,3583,rfc3583,Requirements of a Quality of Service (QoS) Solution for Mobile IP,2003-09-03 23:24:22+00:00,/api/v1/doc/document/draft-ietf-nsis-qos-requirements/,/api/v1/doc/document/draft-ietf-nsis-qos-requirements/,0,draft-ietf-nsis-qos-requirements,01,2013-03-02 16:57:51+00:00,,2003-04-04 08:00:00+00:00,2003-04-04 08:00:00+00:00,docevent,2003
/api/v1/doc/document/rfc3591/,3591,rfc3591,Definitions of Managed Objects for the Optical Interface Type,2003-09-03 23:28:14+00:00,/api/v1/doc/document/draft-ietf-atommib-opticalmib/,/api/v1/doc/document/draft-ietf-atommib-opticalmib/,0,draft-ietf-atommib-opticalmib,08,2015-10-14 20:50:16+00:00,,2001-07-05 07:00:00+00:00,2001-07-05 07:00:00+00:00,docevent,2003
/api/v1/doc/document/rfc3592/,3592,rfc3592,Definitions of Managed Objects for the Synchronous Optical Network/Synchronous Digital Hierarchy (SONET/SDH) Interface Type,2003-09-03 23:30:10+00:00,/api/v1/doc/document/draft-ietf-atommib-rfc2558bis/,/api/v1/doc/document/draft-ietf-atommib-rfc2558bis/,0,draft-ietf-atommib-rfc2558bis,01,2015-10-14 20:50:24+00:00,,2002-01-14 08:00:00+00:00,2002-01-14 08:00:00+00:00,docevent,2003
/api/v1/doc/document/rfc3593/,3593,rfc3593,Textual Conventions for MIB Modules Using Performance History Based on 15 Minute Intervals,2003-09-03 23:31:50+00:00,/api/v1/doc/document/draft-ietf-atommib-rfc2493bis/,/api/v1/doc/document/draft-ietf-atommib-rfc2493bis/,0,draft-ietf-atommib-rfc2493bis,01,2015-10-14 20:50:28+00:00,,2002-02-28 08:00:00+00:00,2002-02-28 08:00:00+00:00,docevent,2003
/api/v1/doc/document/rfc3590/,3590,rfc3590,Source Address Selection for the Multicast Listener Discovery (MLD) Protocol,2003-09-10 17:05:26+00:00,/api/v1/doc/document/draft-ietf-magma-mld-source/,/api/v1/doc/document/draft-ietf-magma-mld-source/,0,draft-ietf-magma-mld-source,07,2015-10-14 20:50:36+00:00,,2002-09-20 07:00:00+00:00,2002-09-20 07:00:00+00:00,docevent,2003
/api/v1/doc/document/rfc3594/,3594,rfc3594,PacketCable Security Ticket Control Sub-Option for the DHCP CableLabs Client Configuration (CCC) Option,2003-09-10 17:07:12+00:00,/api/v1/doc/document/draft-ietf-dhc-pktc-kerb-tckt/,/api/v1/doc/document/draft-ietf-dhc-pktc-kerb-tckt/,0,draft-ietf-dhc-pktc-kerb-tckt,03,2013-03-02 16:57:51+00:00,,2003-02-05 08:00:00+00:00,2003-02-05 08:00:00+00:00,docevent,2003
/api/v1/doc/document/rfc3597/,3597,rfc3597,Handling of Unknown DNS Resource Record (RR) Types,2003-09-10 17:11:46+00:00,/api/v1/doc/document/draft-ietf-dnsext-unknown-rrs/,/api/v1/doc/document/draft-ietf-dnsext-unknown-rrs/,0,draft-ietf-dnsext-unknown-rrs,06,2020-01-21 08:25:21+00:00,,2000-11-13 08:00:00+00:00,2000-11-13 08:00:00+00:00,docevent,2003
/api/v1/doc/document/rfc3598/,3598,rfc3598,Sieve Email Filtering -- Subaddress Extension,2003-09-10 17:13:29+00:00,/api/v1/doc/document/draft-murchison-sieve-subaddress/,/api/v1/doc/document/draft-murchison-sieve-subaddress/,0,draft-murchison-sieve-subaddress,06,2018-07-18 18:09:51+00:00,,2000-04-07 07:00:00+00:00,2000-04-07 07:00:00+00:00,docevent,2003
/api/v1/doc/document/rfc3601/,3601,rfc3601,Text String Notation for Dial Sequences and Global Switched Telephone Network (GSTN) / E.164 Addresses,2003-09-10 17:15:02+00:00,/api/v1/doc/document/draft-allocchio-gstn/,/api/v1/doc/document/draft-allocchio-gstn/,0,draft-allocchio-gstn,05,2018-07-18 18:09:52+00:00,,2001-11-13 08:00:00+00:00,2001-11-13 08:00:00+00:00,docevent,2003
/api/v1/doc/document/rfc3588/,3588,rfc3588,Diameter Base Protocol,2003-09-12 20:37:24+00:00,/api/v1/doc/document/draft-ietf-aaa-diameter/,/api/v1/doc/document/draft-ietf-aaa-diameter/,0,draft-ietf-aaa-diameter,16,2020-01-21 08:25:19+00:00,,2001-02-09 08:00:00+00:00,2001-02-09 08:00:00+00:00,docevent,2003
/api/v1/doc/document/rfc3589/,3589,rfc3589,Diameter Command Codes for Third Generation Partnership Project (3GPP) Release 5,2003-09-12 20:38:44+00:00,/api/v1/doc/document/draft-loughney-aaa-cc-3gpp/,/api/v1/doc/document/draft-loughney-aaa-cc-3gpp/,0,draft-loughney-aaa-cc-3gpp,01,2020-01-21 08:25:20+00:00,,2002-10-22 07:00:00+00:00,2002-10-22 07:00:00+00:00,docevent,2003
/api/v1/doc/document/rfc3595/,3595,rfc3595,Textual Conventions for IPv6 Flow Label,2003-09-12 20:40:26+00:00,/api/v1/doc/document/draft-ietf-ops-ipv6-flowlabel/,/api/v1/doc/document/draft-ietf-ops-ipv6-flowlabel/,0,draft-ietf-ops-ipv6-flowlabel,01,2018-07-18 18:09:50+00:00,,2003-02-13 08:00:00+00:00,2003-02-13 08:00:00+00:00,docevent,2003
/api/v1/doc/document/rfc3607/,3607,rfc3607,Chinese Lottery Cryptanalysis Revisited: The Internet as a Codebreaking Tool,2003-09-12 20:41:48+00:00,/api/v1/doc/document/draft-leech-chinese-lottery/,/api/v1/doc/document/draft-leech-chinese-lottery/,0,draft-leech-chinese-lottery,04,2015-10-14 20:50:35+00:00,,2002-08-09 07:00:00+00:00,2002-08-09 07:00:00+00:00,docevent,2003
/api/v1/doc/document/rfc3612/,3612,rfc3612,Applicability Statement for Restart Mechanisms for the Label Distribution Protocol (LDP),2003-09-12 20:43:33+00:00,/api/v1/doc/document/draft-ietf-mpls-ldp-restart-applic/,/api/v1/doc/document/draft-ietf-mpls-ldp-restart-applic/,0,draft-ietf-mpls-ldp-restart-applic,01,2015-10-14 20:50:42+00:00,,2003-02-14 08:00:00+00:00,2003-02-14 08:00:00+00:00,docevent,2003
/api/v1/doc/document/rfc3566/,3566,rfc3566,The AES-XCBC-MAC-96 Algorithm and Its Use With IPsec,2003-09-15 23:47:26+00:00,/api/v1/doc/document/draft-ietf-ipsec-ciph-aes-xcbc-mac/,/api/v1/doc/document/draft-ietf-ipsec-ciph-aes-xcbc-mac/,0,draft-ietf-ipsec-ciph-aes-xcbc-mac,03,2015-10-14 20:50:22+00:00,,2001-11-15 08:00:00+00:00,2001-11-15 08:00:00+00:00,docevent,2003
/api/v1/doc/document/rfc3615/,3615,rfc3615,A Uniform Resource Name (URN) Namespace for SWIFT Financial Messaging,2003-09-15 23:48:54+00:00,/api/v1/doc/document/draft-gustin-goyens-urn-id/,/api/v1/doc/document/draft-gustin-goyens-urn-id/,0,draft-gustin-goyens-urn-id,02,2015-10-14 20:50:24+00:00,,2002-01-15 08:00:00+00:00,2002-01-15 08:00:00+00:00,docevent,2003
/api/v1/doc/document/rfc3616/,3616,rfc3616,A Uniform Resource Name (URN) Namespace for Foundation for Intelligent Physical Agents (FIPA),2003-09-15 23:50:01+00:00,/api/v1/doc/document/draft-bellifemine-urn-fipa/,/api/v1/doc/document/draft-bellifemine-urn-fipa/,0,draft-bellifemine-urn-fipa,00,2015-10-14 20:50:40+00:00,,2002-11-04 08:00:00+00:00,2002-11-04 08:00:00+00:00,docevent,2003
/api/v1/doc/document/rfc3614/,3614,rfc3614,A Uniform Resource Name (URN) Namespace for the Motion Picture Experts Group (MPEG),2003-09-17 23:45:27+00:00,/api/v1/doc/document/draft-smith-urn-mpeg/,/api/v1/doc/document/draft-smith-urn-mpeg/,0,draft-smith-urn-mpeg,01,2013-03-02 16:57:52+00:00,,2001-11-27 08:00:00+00:00,2001-11-27 08:00:00+00:00,docevent,2003
/api/v1/doc/document/rfc3627/,3627,rfc3627,Use of /127 Prefix Length Between Routers Considered Harmful,2003-09-17 23:46:48+00:00,/api/v1/doc/document/draft-savola-ipv6-127-prefixlen/,/api/v1/doc/document/draft-savola-ipv6-127-prefixlen/,0,draft-savola-ipv6-127-prefixlen,04,2020-01-21 08:25:23+00:00,,2002-02-04 08:00:00+00:00,2002-02-04 08:00:00+00:00,docevent,2003
/api/v1/doc/document/rfc3610/,3610,rfc3610,Counter with CBC-MAC (CCM),2003-09-23 16:43:44+00:00,/api/v1/doc/document/draft-housley-ccm-mode/,/api/v1/doc/document/draft-housley-ccm-mode/,0,draft-housley-ccm-mode,02,2022-01-28 08:41:45+00:00,,2002-07-30 07:00:00+00:00,2002-07-30 07:00:00+00:00,docevent,2003
/api/v1/doc/document/rfc3602/,3602,rfc3602,The AES-CBC Cipher Algorithm and Its Use with IPsec,2003-09-24 23:15:11+00:00,/api/v1/doc/document/draft-ietf-ipsec-ciph-aes-cbc/,/api/v1/doc/document/draft-ietf-ipsec-ciph-aes-cbc/,0,draft-ietf-ipsec-ciph-aes-cbc,04,2015-10-14 20:50:00+00:00,,2000-03-08 08:00:00+00:00,2000-03-08 08:00:00+00:00,docevent,2003
/api/v1/doc/document/rfc3609/,3609,rfc3609,Tracing Requirements for Generic Tunnels,2003-10-01 18:25:59+00:00,/api/v1/doc/document/draft-ietf-ccamp-tracereq/,/api/v1/doc/document/draft-ietf-ccamp-tracereq/,0,draft-ietf-ccamp-tracereq,05,2015-10-14 20:50:36+00:00,,2002-09-03 07:00:00+00:00,2002-09-03 07:00:00+00:00,docevent,2003
/api/v1/doc/document/rfc3625/,3625,rfc3625,The QCP File Format and Media Types for Speech Data,2003-10-01 18:27:29+00:00,/api/v1/doc/document/draft-gellens-qcp/,/api/v1/doc/document/draft-gellens-qcp/,0,draft-gellens-qcp,01,2020-01-21 08:25:23+00:00,,2003-05-29 07:00:00+00:00,2003-05-29 07:00:00+00:00,docevent,2003
/api/v1/doc/document/rfc3630/,3630,rfc3630,Traffic Engineering (TE) Extensions to OSPF Version 2,2003-10-01 18:29:19+00:00,/api/v1/doc/document/draft-katz-yeung-ospf-traffic/,/api/v1/doc/document/draft-katz-yeung-ospf-traffic/,0,draft-katz-yeung-ospf-traffic,10,2015-10-14 20:49:56+00:00,,1999-04-21 07:00:00+00:00,1999-04-21 07:00:00+00:00,docevent,2003
/api/v1/doc/document/rfc3635/,3635,rfc3635,Definitions of Managed Objects for the Ethernet-like Interface Types,2003-10-01 18:31:07+00:00,/api/v1/doc/document/draft-ietf-hubmib-etherif-mib-v3/,/api/v1/doc/document/draft-ietf-hubmib-etherif-mib-v3/,0,draft-ietf-hubmib-etherif-mib-v3,03,2015-10-14 20:50:15+00:00,,2001-06-27 07:00:00+00:00,2001-06-27 07:00:00+00:00,docevent,2003
/api/v1/doc/document/rfc3636/,3636,rfc3636,Definitions of Managed Objects for IEEE 802.3 Medium Attachment Units (MAUs),2003-10-01 18:33:37+00:00,/api/v1/doc/document/draft-ietf-hubmib-mau-mib-v3/,/api/v1/doc/document/draft-ietf-hubmib-mau-mib-v3/,0,draft-ietf-hubmib-mau-mib-v3,04,2015-10-14 20:50:15+00:00,,2001-06-27 07:00:00+00:00,2001-06-27 07:00:00+00:00,docevent,2003
/api/v1/doc/document/rfc3637/,3637,rfc3637,Definitions of Managed Objects for the Ethernet WAN Interface Sublayer,2003-10-01 18:35:26+00:00,/api/v1/doc/document/draft-ietf-hubmib-wis-mib/,/api/v1/doc/document/draft-ietf-hubmib-wis-mib/,0,draft-ietf-hubmib-wis-mib,07,2015-10-14 20:50:16+00:00,,2001-07-02 07:00:00+00:00,2001-07-02 07:00:00+00:00,docevent,2003
/api/v1/doc/document/rfc3638/,3638,rfc3638,Applicability Statement for Reclassification of RFC 1643 to Historic Status,2003-10-01 18:37:17+00:00,/api/v1/doc/document/draft-ietf-hubmib-1643-to-historic/,/api/v1/doc/document/draft-ietf-hubmib-1643-to-historic/,0,draft-ietf-hubmib-1643-to-historic,01,2015-10-14 20:50:31+00:00,,2002-05-02 07:00:00+00:00,2002-05-02 07:00:00+00:00,docevent,2003
/api/v1/doc/document/rfc3604/,3604,rfc3604,Requirements for Adding Optical Support to the General Switch Management Protocol version 3 (GSMPv3),2003-10-07 18:11:14+00:00,/api/v1/doc/document/draft-ietf-gsmp-reqs/,/api/v1/doc/document/draft-ietf-gsmp-reqs/,0,draft-ietf-gsmp-reqs,06,2015-10-14 20:50:17+00:00,,2001-07-18 07:00:00+00:00,2001-07-18 07:00:00+00:00,docevent,2003
/api/v1/doc/document/rfc3596/,3596,rfc3596,DNS Extensions to Support IP Version 6,2003-10-07 18:13:19+00:00,/api/v1/doc/document/draft-ietf-dnsext-rfc1886bis/,/api/v1/doc/document/draft-ietf-dnsext-rfc1886bis/,0,draft-ietf-dnsext-rfc1886bis,03,2017-07-14 07:15:11+00:00,,2002-09-11 07:00:00+00:00,2002-09-11 07:00:00+00:00,docevent,2003
/api/v1/doc/document/rfc3608/,3608,rfc3608,Session Initiation Protocol (SIP) Extension Header Field for Service Route Discovery During Registration,2003-10-09 00:00:50+00:00,/api/v1/doc/document/draft-ietf-sip-scvrtdisco/,/api/v1/doc/document/draft-ietf-sip-scvrtdisco/,0,draft-ietf-sip-scvrtdisco,04,2015-10-14 20:50:35+00:00,,2002-08-06 07:00:00+00:00,2002-08-06 07:00:00+00:00,docevent,2003
/api/v1/doc/document/rfc3645/,3645,rfc3645,Generic Security Service Algorithm for Secret Key Transaction Authentication for DNS (GSS-TSIG),2003-10-09 22:33:33+00:00,/api/v1/doc/document/draft-ietf-dnsext-gss-tsig/,/api/v1/doc/document/draft-ietf-dnsext-gss-tsig/,0,draft-ietf-dnsext-gss-tsig,06,2015-10-14 20:50:04+00:00,,2000-07-20 07:00:00+00:00,2000-07-20 07:00:00+00:00,docevent,2003
/api/v1/doc/document/rfc3603/,3603,rfc3603,Private Session Initiation Protocol (SIP) Proxy-to-Proxy Extensions for Supporting the PacketCable Distributed Call Signaling Architecture,2003-10-11 00:01:15+00:00,/api/v1/doc/document/draft-dcsgroup-sipping-proxy-proxy/,/api/v1/doc/document/draft-dcsgroup-sipping-proxy-proxy/,0,draft-dcsgroup-sipping-proxy-proxy,03,2015-10-14 20:50:32+00:00,,2002-06-07 07:00:00+00:00,2002-06-07 07:00:00+00:00,docevent,2003
/api/v1/doc/document/rfc3605/,3605,rfc3605,Real Time Control Protocol (RTCP) attribute in Session Description Protocol (SDP),2003-10-11 00:03:19+00:00,/api/v1/doc/document/draft-ietf-mmusic-sdp4nat/,/api/v1/doc/document/draft-ietf-mmusic-sdp4nat/,0,draft-ietf-mmusic-sdp4nat,05,2020-01-21 08:25:22+00:00,,2001-08-24 07:00:00+00:00,2001-08-24 07:00:00+00:00,docevent,2003
/api/v1/doc/document/rfc3639/,3639,rfc3639,Considerations on the use of a Service Identifier in Packet Headers,2003-10-11 00:04:30+00:00,/api/v1/doc/document/draft-iab-service-id-considerations/,/api/v1/doc/document/draft-iab-service-id-considerations/,0,draft-iab-service-id-considerations,02,2013-03-02 16:57:54+00:00,,2003-01-06 08:00:00+00:00,2003-01-06 08:00:00+00:00,docevent,2003
/api/v1/doc/document/rfc3626/,3626,rfc3626,Optimized Link State Routing Protocol (OLSR),2003-10-13 23:20:46+00:00,/api/v1/doc/document/draft-ietf-manet-olsr/,/api/v1/doc/document/draft-ietf-manet-olsr/,0,draft-ietf-manet-olsr,11,2017-08-22 07:16:00+00:00,,1998-11-19 08:00:00+00:00,1998-11-19 08:00:00+00:00,docevent,2003
/api/v1/doc/document/rfc3617/,3617,rfc3617,Uniform Resource Identifier (URI) Scheme and Applicability Statement for the Trivial File Transfer Protocol (TFTP),2003-10-21 22:45:42+00:00,/api/v1/doc/document/draft-lear-tftp-uri/,/api/v1/doc/document/draft-lear-tftp-uri/,0,draft-lear-tftp-uri,06,2015-10-14 20:50:24+00:00,,2002-01-10 08:00:00+00:00,2002-01-10 08:00:00+00:00,docevent,2003
/api/v1/doc/document/rfc3618/,3618,rfc3618,Multicast Source Discovery Protocol (MSDP),2003-10-21 22:47:29+00:00,/api/v1/doc/document/draft-ietf-msdp-spec/,/api/v1/doc/document/draft-ietf-msdp-spec/,0,draft-ietf-msdp-spec,20,2020-07-29 07:30:09+00:00,,1999-12-08 08:00:00+00:00,1999-12-08 08:00:00+00:00,docevent,2003
/api/v1/doc/document/rfc3620/,3620,rfc3620,The TUNNEL Profile,2003-10-21 22:49:20+00:00,/api/v1/doc/document/draft-ietf-idwg-beep-tunnel/,/api/v1/doc/document/draft-ietf-idwg-beep-tunnel/,0,draft-ietf-idwg-beep-tunnel,05,2015-10-14 20:50:10+00:00,,2001-02-14 08:00:00+00:00,2001-02-14 08:00:00+00:00,docevent,2003
/api/v1/doc/document/rfc3641/,3641,rfc3641,Generic String Encoding Rules (GSER) for ASN.1 Types,2003-10-21 22:50:57+00:00,/api/v1/doc/document/draft-legg-ldap-gser/,/api/v1/doc/document/draft-legg-ldap-gser/,0,draft-legg-ldap-gser,04,2018-07-18 18:09:54+00:00,,2002-03-27 08:00:00+00:00,2002-03-27 08:00:00+00:00,docevent,2003
/api/v1/doc/document/rfc3642/,3642,rfc3642,Common Elements of Generic String Encoding Rules (GSER) Encodings,2003-10-21 22:52:05+00:00,/api/v1/doc/document/draft-legg-ldap-gser-abnf/,/api/v1/doc/document/draft-legg-ldap-gser-abnf/,0,draft-legg-ldap-gser-abnf,07,2020-01-21 08:25:24+00:00,,2001-11-12 08:00:00+00:00,2001-11-12 08:00:00+00:00,docevent,2003
/api/v1/doc/document/rfc3619/,3619,rfc3619,Extreme Networks' Ethernet Automatic Protection Switching (EAPS) Version 1,2003-10-28 00:58:45+00:00,/api/v1/doc/document/draft-shah-extreme-eaps/,/api/v1/doc/document/draft-shah-extreme-eaps/,0,draft-shah-extreme-eaps,03,2015-10-14 20:50:40+00:00,,2002-12-18 08:00:00+00:00,2002-12-18 08:00:00+00:00,docevent,2003
/api/v1/doc/document/rfc3650/,3650,rfc3650,Handle System Overview,2003-11-01 08:00:00+00:00,/api/v1/doc/document/draft-sun-handle-system/,/api/v1/doc/document/draft-sun-handle-system/,0,draft-sun-handle-system,12,2020-01-21 08:25:25+00:00,,1997-11-19 08:00:00+00:00,1997-11-19 08:00:00+00:00,docevent,2003
/api/v1/doc/document/rfc3613/,3613,rfc3613,Definition of a Uniform Resource Name (URN) Namespace for the Middleware Architecture Committee for Education (MACE),2003-11-04 01:16:31+00:00,/api/v1/doc/document/draft-hazelton-mace-urn-namespace/,/api/v1/doc/document/draft-hazelton-mace-urn-namespace/,0,draft-hazelton-mace-urn-namespace,02,2015-10-14 20:50:31+00:00,,2002-05-13 07:00:00+00:00,2002-05-13 07:00:00+00:00,docevent,2003
/api/v1/doc/document/rfc3606/,3606,rfc3606,Definitions of Supplemental Managed Objects for ATM Interface,2003-11-05 19:02:40+00:00,/api/v1/doc/document/draft-ietf-atommib-atm2/,/api/v1/doc/document/draft-ietf-atommib-atm2/,0,draft-ietf-atommib-atm2,19,2015-10-14 20:49:50+00:00,,1995-03-24 08:00:00+00:00,1995-03-24 08:00:00+00:00,docevent,2003
/api/v1/doc/document/rfc3611/,3611,rfc3611,RTP Control Protocol Extended Reports (RTCP XR),2003-11-05 19:04:44+00:00,/api/v1/doc/document/draft-ietf-avt-rtcp-report-extns/,/api/v1/doc/document/draft-ietf-avt-rtcp-report-extns/,0,draft-ietf-avt-rtcp-report-extns,06,2020-01-21 08:25:23+00:00,,2002-10-16 07:00:00+00:00,2002-10-16 07:00:00+00:00,docevent,2003
/api/v1/doc/document/rfc3628/,3628,rfc3628,Policy Requirements for Time-Stamping Authorities (TSAs),2003-11-05 19:08:27+00:00,/api/v1/doc/document/draft-ietf-pkix-pr-tsa/,/api/v1/doc/document/draft-ietf-pkix-pr-tsa/,0,draft-ietf-pkix-pr-tsa,05,2015-10-14 20:50:29+00:00,,2002-03-21 08:00:00+00:00,2002-03-21 08:00:00+00:00,docevent,2003
/api/v1/doc/document/rfc3647/,3647,rfc3647,Internet X.509 Public Key Infrastructure Certificate Policy and Certification Practices Framework,2003-11-05 19:10:55+00:00,/api/v1/doc/document/draft-ietf-pkix-ipki-new-rfc2527/,/api/v1/doc/document/draft-ietf-pkix-ipki-new-rfc2527/,0,draft-ietf-pkix-ipki-new-rfc2527,02,2020-01-21 08:25:24+00:00,,2001-07-23 07:00:00+00:00,2001-07-23 07:00:00+00:00,docevent,2003
/api/v1/doc/document/rfc3655/,3655,rfc3655,Redefinition of DNS Authenticated Data (AD) bit,2003-11-05 19:13:00+00:00,/api/v1/doc/document/draft-ietf-dnsext-ad-is-secure/,/api/v1/doc/document/draft-ietf-dnsext-ad-is-secure/,0,draft-ietf-dnsext-ad-is-secure,06,2015-10-14 20:50:08+00:00,,2000-11-21 08:00:00+00:00,2000-11-21 08:00:00+00:00,docevent,2003
/api/v1/doc/document/rfc3629/,3629,rfc3629,"UTF-8, a transformation format of ISO 10646",2003-11-10 23:23:15+00:00,/api/v1/doc/document/draft-yergeau-rfc2279bis/,/api/v1/doc/document/draft-yergeau-rfc2279bis/,0,draft-yergeau-rfc2279bis,05,2018-07-30 19:37:05+00:00,,2002-04-12 07:00:00+00:00,2002-04-12 07:00:00+00:00,docevent,2003
/api/v1/doc/document/rfc3651/,3651,rfc3651,Handle System Namespace and Service Definition,2003-11-10 23:28:02+00:00,/api/v1/doc/document/draft-sun-handle-system-def/,/api/v1/doc/document/draft-sun-handle-system-def/,0,draft-sun-handle-system-def,08,2020-01-21 08:25:25+00:00,,1999-06-29 07:00:00+00:00,1999-06-29 07:00:00+00:00,docevent,2003
/api/v1/doc/document/rfc3652/,3652,rfc3652,Handle System Protocol (ver 2.1) Specification,2003-11-10 23:29:23+00:00,/api/v1/doc/document/draft-sun-handle-system-protocol/,/api/v1/doc/document/draft-sun-handle-system-protocol/,0,draft-sun-handle-system-protocol,05,2015-10-14 20:50:06+00:00,,2000-10-27 07:00:00+00:00,2000-10-27 07:00:00+00:00,docevent,2003
/api/v1/doc/document/rfc3623/,3623,rfc3623,Graceful OSPF Restart,2003-11-14 23:24:57+00:00,/api/v1/doc/document/draft-ietf-ospf-hitless-restart/,/api/v1/doc/document/draft-ietf-ospf-hitless-restart/,0,draft-ietf-ospf-hitless-restart,08,2015-10-14 20:50:10+00:00,,2001-02-20 08:00:00+00:00,2001-02-20 08:00:00+00:00,docevent,2003
/api/v1/doc/document/rfc3624/,3624,rfc3624,The Media Gateway Control Protocol (MGCP) Bulk Audit Package,2003-11-18 21:43:41+00:00,/api/v1/doc/document/draft-foster-mgcp-bulkaudits/,/api/v1/doc/document/draft-foster-mgcp-bulkaudits/,0,draft-foster-mgcp-bulkaudits,09,2015-10-14 20:50:16+00:00,,2001-07-10 07:00:00+00:00,2001-07-10 07:00:00+00:00,docevent,2003
/api/v1/doc/document/rfc3644/,3644,rfc3644,Policy Quality of Service (QoS) Information Model,2003-11-18 21:46:30+00:00,/api/v1/doc/document/draft-ietf-policy-qos-info-model/,/api/v1/doc/document/draft-ietf-policy-qos-info-model/,0,draft-ietf-policy-qos-info-model,05,2015-10-14 20:50:00+00:00,,2000-03-09 08:00:00+00:00,2000-03-09 08:00:00+00:00,docevent,2003
/api/v1/doc/document/rfc3632/,3632,rfc3632,VeriSign Registry Registrar Protocol (RRP) Version 2.0.0,2003-12-01 20:18:22+00:00,/api/v1/doc/document/draft-hollenbeck-rfc2832bis/,/api/v1/doc/document/draft-hollenbeck-rfc2832bis/,0,draft-hollenbeck-rfc2832bis,03,2015-10-14 20:50:26+00:00,,2002-01-25 08:00:00+00:00,2002-01-25 08:00:00+00:00,docevent,2003
/api/v1/doc/document/rfc3640/,3640,rfc3640,RTP Payload Format for Transport of MPEG-4 Elementary Streams,2003-12-01 20:20:05+00:00,/api/v1/doc/document/draft-ietf-avt-mpeg4-simple/,/api/v1/doc/document/draft-ietf-avt-mpeg4-simple/,0,draft-ietf-avt-mpeg4-simple,08,2013-03-02 16:57:54+00:00,,2001-09-21 07:00:00+00:00,2001-09-21 07:00:00+00:00,docevent,2003
/api/v1/doc/document/rfc3654/,3654,rfc3654,Requirements for Separation of IP Control and Forwarding,2003-12-01 20:21:54+00:00,/api/v1/doc/document/draft-ietf-forces-requirements/,/api/v1/doc/document/draft-ietf-forces-requirements/,0,draft-ietf-forces-requirements,10,2013-03-02 16:57:55+00:00,,2001-10-18 07:00:00+00:00,2001-10-18 07:00:00+00:00,docevent,2003
/api/v1/doc/document/rfc3646/,3646,rfc3646,DNS Configuration options for Dynamic Host Configuration Protocol for IPv6 (DHCPv6),2003-12-09 20:05:20+00:00,/api/v1/doc/document/draft-ietf-dhc-dhcpv6-opt-dnsconfig/,/api/v1/doc/document/draft-ietf-dhc-dhcpv6-opt-dnsconfig/,0,draft-ietf-dhc-dhcpv6-opt-dnsconfig,04,2015-10-14 20:50:26+00:00,,2002-02-04 08:00:00+00:00,2002-02-04 08:00:00+00:00,docevent,2003
/api/v1/doc/document/rfc3643/,3643,rfc3643,Fibre Channel (FC) Frame Encapsulation,2003-12-11 00:33:22+00:00,/api/v1/doc/document/draft-ietf-ips-fcencapsulation/,/api/v1/doc/document/draft-ietf-ips-fcencapsulation/,0,draft-ietf-ips-fcencapsulation,08,2015-10-14 20:50:13+00:00,,2001-04-20 07:00:00+00:00,2001-04-20 07:00:00+00:00,docevent,2003
/api/v1/doc/document/rfc3677/,3677,rfc3677,IETF ISOC Board of Trustee Appointment Procedures,2003-12-11 00:34:50+00:00,/api/v1/doc/document/draft-iab-isocbot/,/api/v1/doc/document/draft-iab-isocbot/,0,draft-iab-isocbot,01,2020-01-21 08:25:26+00:00,,2003-01-27 08:00:00+00:00,2003-01-27 08:00:00+00:00,docevent,2003
/api/v1/doc/document/rfc3649/,3649,rfc3649,HighSpeed TCP for Large Congestion Windows,2003-12-12 18:35:21+00:00,/api/v1/doc/document/draft-ietf-tsvwg-highspeed/,/api/v1/doc/document/draft-ietf-tsvwg-highspeed/,0,draft-ietf-tsvwg-highspeed,01,2013-03-02 16:57:54+00:00,,2003-07-25 07:00:00+00:00,2003-07-25 07:00:00+00:00,docevent,2003
/api/v1/doc/document/rfc3648/,3648,rfc3648,Web Distributed Authoring and Versioning (WebDAV) Ordered Collections Protocol,2003-12-16 00:37:56+00:00,/api/v1/doc/document/draft-ietf-webdav-ordering-protocol/,/api/v1/doc/document/draft-ietf-webdav-ordering-protocol/,0,draft-ietf-webdav-ordering-protocol,10,2015-10-14 20:49:57+00:00,,1999-08-23 07:00:00+00:00,1999-08-23 07:00:00+00:00,docevent,2003
/api/v1/doc/document/rfc3653/,3653,rfc3653,XML-Signature XPath Filter 2.0,2003-12-16 00:39:54+00:00,/api/v1/doc/document/draft-ietf-xmldsig-xpf2/,/api/v1/doc/document/draft-ietf-xmldsig-xpf2/,0,draft-ietf-xmldsig-xpf2,01,2015-10-14 20:50:41+00:00,,2003-01-23 08:00:00+00:00,2003-01-23 08:00:00+00:00,docevent,2003
/api/v1/doc/document/rfc3656/,3656,rfc3656,The Mailbox Update (MUPDATE) Distributed Mailbox Database Protocol,2003-12-16 00:41:20+00:00,/api/v1/doc/document/draft-siemborski-mupdate/,/api/v1/doc/document/draft-siemborski-mupdate/,0,draft-siemborski-mupdate,04,2015-10-14 20:50:29+00:00,,2002-03-26 08:00:00+00:00,2002-03-26 08:00:00+00:00,docevent,2003
/api/v1/doc/document/rfc3631/,3631,rfc3631,Security Mechanisms for the Internet,2003-12-19 00:26:59+00:00,/api/v1/doc/document/draft-iab-secmech/,/api/v1/doc/document/draft-iab-secmech/,0,draft-iab-secmech,03,2013-03-02 16:57:53+00:00,,1998-11-24 08:00:00+00:00,1998-11-24 08:00:00+00:00,docevent,2003
/api/v1/doc/document/rfc3633/,3633,rfc3633,IPv6 Prefix Options for Dynamic Host Configuration Protocol (DHCP) version 6,2003-12-19 00:28:54+00:00,/api/v1/doc/document/draft-ietf-dhc-dhcpv6-opt-prefix-delegation/,/api/v1/doc/document/draft-ietf-dhc-dhcpv6-opt-prefix-delegation/,0,draft-ietf-dhc-dhcpv6-opt-prefix-delegation,05,2020-01-21 08:25:23+00:00,,2002-10-24 07:00:00+00:00,2002-10-24 07:00:00+00:00,docevent,2003
/api/v1/doc/document/rfc3673/,3673,rfc3673,Lightweight Directory Access Protocol version 3 (LDAPv3): All Operational Attributes,2003-12-19 00:30:12+00:00,/api/v1/doc/document/draft-zeilenga-ldap-opattrs/,/api/v1/doc/document/draft-zeilenga-ldap-opattrs/,0,draft-zeilenga-ldap-opattrs,05,2018-07-18 18:09:57+00:00,,2001-04-04 07:00:00+00:00,2001-04-04 07:00:00+00:00,docevent,2003
/api/v1/doc/document/rfc3674/,3674,rfc3674,Feature Discovery in Lightweight Directory Access Protocol (LDAP),2003-12-19 00:31:32+00:00,/api/v1/doc/document/draft-zeilenga-ldap-features/,/api/v1/doc/document/draft-zeilenga-ldap-features/,0,draft-zeilenga-ldap-features,05,2018-07-18 18:09:57+00:00,,2001-04-04 07:00:00+00:00,2001-04-04 07:00:00+00:00,docevent,2003
/api/v1/doc/document/rfc3658/,3658,rfc3658,Delegation Signer (DS) Resource Record (RR),2003-12-19 00:34:39+00:00,/api/v1/doc/document/draft-ietf-dnsext-delegation-signer/,/api/v1/doc/document/draft-ietf-dnsext-delegation-signer/,0,draft-ietf-dnsext-delegation-signer,15,2015-10-14 20:50:14+00:00,,2001-05-30 07:00:00+00:00,2001-05-30 07:00:00+00:00,docevent,2003
/api/v1/doc/document/rfc3662/,3662,rfc3662,A Lower Effort Per-Domain Behavior (PDB) for Differentiated Services,2003-12-19 00:35:55+00:00,/api/v1/doc/document/draft-bless-diffserv-pdb-le/,/api/v1/doc/document/draft-bless-diffserv-pdb-le/,0,draft-bless-diffserv-pdb-le,01,2015-10-14 20:50:33+00:00,,2002-06-27 07:00:00+00:00,2002-06-27 07:00:00+00:00,docevent,2003
/api/v1/doc/document/rfc3663/,3663,rfc3663,Domain Administrative Data in Lightweight Directory Access Protocol (LDAP),2003-12-19 00:37:05+00:00,/api/v1/doc/document/draft-newton-ldap-whois/,/api/v1/doc/document/draft-newton-ldap-whois/,0,draft-newton-ldap-whois,04,2013-03-02 16:57:55+00:00,,2001-07-13 07:00:00+00:00,2001-07-13 07:00:00+00:00,docevent,2003
/api/v1/doc/document/rfc3634/,3634,rfc3634,Key Distribution Center (KDC) Server Address Sub-option for the Dynamic Host Configuration Protocol (DHCP) CableLabs Client Configuration (CCC) Option,2003-12-24 20:41:02+00:00,/api/v1/doc/document/draft-ietf-dhc-suboptions-kdc-serveraddress/,/api/v1/doc/document/draft-ietf-dhc-suboptions-kdc-serveraddress/,0,draft-ietf-dhc-suboptions-kdc-serveraddress,04,2013-03-02 16:57:53+00:00,,2002-10-10 07:00:00+00:00,2002-10-10 07:00:00+00:00,docevent,2003
/api/v1/doc/document/rfc3671/,3671,rfc3671,Collective Attributes in the Lightweight Directory Access Protocol (LDAP),2003-12-24 20:42:52+00:00,/api/v1/doc/document/draft-zeilenga-ldap-collective/,/api/v1/doc/document/draft-zeilenga-ldap-collective/,0,draft-zeilenga-ldap-collective,08,2018-07-18 18:09:56+00:00,,2001-04-26 07:00:00+00:00,2001-04-26 07:00:00+00:00,docevent,2003
/api/v1/doc/document/rfc3672/,3672,rfc3672,Subentries in the Lightweight Directory Access Protocol (LDAP),2003-12-24 20:44:11+00:00,/api/v1/doc/document/draft-zeilenga-ldap-subentry/,/api/v1/doc/document/draft-zeilenga-ldap-subentry/,0,draft-zeilenga-ldap-subentry,07,2018-07-18 18:09:57+00:00,,2001-10-16 07:00:00+00:00,2001-10-16 07:00:00+00:00,docevent,2003
/api/v1/doc/document/rfc3660/,3660,rfc3660,Basic Media Gateway Control Protocol (MGCP) Packages,2003-12-24 20:45:40+00:00,/api/v1/doc/document/draft-foster-mgcp-basic-packages/,/api/v1/doc/document/draft-foster-mgcp-basic-packages/,0,draft-foster-mgcp-basic-packages,10,2015-10-14 20:50:09+00:00,,2001-01-17 08:00:00+00:00,2001-01-17 08:00:00+00:00,docevent,2003
/api/v1/doc/document/rfc3661/,3661,rfc3661,Media Gateway Control Protocol (MGCP) Return Code Usage,2003-12-24 20:46:48+00:00,/api/v1/doc/document/draft-foster-mgcp-returncodes/,/api/v1/doc/document/draft-foster-mgcp-returncodes/,0,draft-foster-mgcp-returncodes,03,2015-10-14 20:50:30+00:00,,2002-04-22 07:00:00+00:00,2002-04-22 07:00:00+00:00,docevent,2003
/api/v1/doc/document/rfc3621/,3621,rfc3621,Power Ethernet MIB,2003-12-24 20:48:23+00:00,/api/v1/doc/document/draft-ietf-hubmib-power-ethernet-mib/,/api/v1/doc/document/draft-ietf-hubmib-power-ethernet-mib/,0,draft-ietf-hubmib-power-ethernet-mib,08,2015-10-14 20:50:15+00:00,,2001-06-25 07:00:00+00:00,2001-06-25 07:00:00+00:00,docevent,2003
/api/v1/doc/document/rfc3665/,3665,rfc3665,Session Initiation Protocol (SIP) Basic Call Flow Examples,2004-01-05 20:28:19+00:00,/api/v1/doc/document/draft-ietf-sipping-basic-call-flows/,/api/v1/doc/document/draft-ietf-sipping-basic-call-flows/,0,draft-ietf-sipping-basic-call-flows,02,2020-01-21 08:25:26+00:00,,2002-08-27 07:00:00+00:00,2002-08-27 07:00:00+00:00,docevent,2004
/api/v1/doc/document/rfc3666/,3666,rfc3666,Session Initiation Protocol (SIP) Public Switched Telephone Network (PSTN) Call Flows,2004-01-05 20:30:04+00:00,/api/v1/doc/document/draft-ietf-sipping-pstn-call-flows/,/api/v1/doc/document/draft-ietf-sipping-pstn-call-flows/,0,draft-ietf-sipping-pstn-call-flows,02,2020-01-21 08:25:26+00:00,,2002-08-27 07:00:00+00:00,2002-08-27 07:00:00+00:00,docevent,2004
/api/v1/doc/document/rfc3657/,3657,rfc3657,Use of the Camellia Encryption Algorithm in Cryptographic Message Syntax (CMS),2004-01-07 19:53:56+00:00,/api/v1/doc/document/draft-ietf-smime-camellia/,/api/v1/doc/document/draft-ietf-smime-camellia/,0,draft-ietf-smime-camellia,05,2013-03-02 16:57:55+00:00,,2002-10-31 08:00:00+00:00,2002-10-31 08:00:00+00:00,docevent,2004
/api/v1/doc/document/rfc3670/,3670,rfc3670,Information Model for Describing Network Device QoS Datapath Mechanisms,2004-01-07 19:56:37+00:00,/api/v1/doc/document/draft-ietf-policy-qos-device-info-model/,/api/v1/doc/document/draft-ietf-policy-qos-device-info-model/,0,draft-ietf-policy-qos-device-info-model,10,2015-10-14 20:50:02+00:00,,2000-04-10 07:00:00+00:00,2000-04-10 07:00:00+00:00,docevent,2004
/api/v1/doc/document/rfc3664/,3664,rfc3664,The AES-XCBC-PRF-128 Algorithm for the Internet Key Exchange Protocol (IKE),2004-01-20 20:39:38+00:00,/api/v1/doc/document/draft-ietf-ipsec-aes-xcbc-prf/,/api/v1/doc/document/draft-ietf-ipsec-aes-xcbc-prf/,0,draft-ietf-ipsec-aes-xcbc-prf,01,2013-03-02 16:57:55+00:00,,2003-07-25 07:00:00+00:00,2003-07-25 07:00:00+00:00,docevent,2004
/api/v1/doc/document/rfc3678/,3678,rfc3678,Socket Interface Extensions for Multicast Source Filters,2004-01-20 20:41:29+00:00,/api/v1/doc/document/draft-ietf-magma-msf-api/,/api/v1/doc/document/draft-ietf-magma-msf-api/,0,draft-ietf-magma-msf-api,05,2020-01-21 08:25:27+00:00,,2002-07-26 07:00:03+00:00,2002-07-26 07:00:03+00:00,docevent,2004
/api/v1/doc/document/rfc3681/,3681,rfc3681,Delegation of E.F.F.3.IP6.ARPA,2004-01-20 20:43:01+00:00,/api/v1/doc/document/draft-ymbk-6bone-arpa-delegation/,/api/v1/doc/document/draft-ymbk-6bone-arpa-delegation/,0,draft-ymbk-6bone-arpa-delegation,01,2018-07-19 07:23:25+00:00,,2003-04-01 08:00:00+00:00,2003-04-01 08:00:00+00:00,docevent,2004
/api/v1/doc/document/rfc3679/,3679,rfc3679,Unused Dynamic Host Configuration Protocol (DHCP) Option Codes,2004-01-24 00:14:41+00:00,/api/v1/doc/document/draft-ietf-dhc-unused-optioncodes/,/api/v1/doc/document/draft-ietf-dhc-unused-optioncodes/,0,draft-ietf-dhc-unused-optioncodes,07,2015-10-14 20:50:42+00:00,,2003-02-19 08:00:00+00:00,2003-02-19 08:00:00+00:00,docevent,2004
/api/v1/doc/document/rfc3686/,3686,rfc3686,Using Advanced Encryption Standard (AES) Counter Mode With IPsec Encapsulating Security Payload (ESP),2004-01-31 00:47:04+00:00,/api/v1/doc/document/draft-ietf-ipsec-ciph-aes-ctr/,/api/v1/doc/document/draft-ietf-ipsec-ciph-aes-ctr/,0,draft-ietf-ipsec-ciph-aes-ctr,05,2015-10-14 20:50:34+00:00,,2002-07-23 07:00:00+00:00,2002-07-23 07:00:00+00:00,docevent,2004
/api/v1/doc/document/rfc3688/,3688,rfc3688,The IETF XML Registry,2004-01-31 00:48:25+00:00,/api/v1/doc/document/draft-mealling-iana-xmlns-registry/,/api/v1/doc/document/draft-mealling-iana-xmlns-registry/,0,draft-mealling-iana-xmlns-registry,05,2013-03-02 16:57:56+00:00,,2000-11-21 08:00:00+00:00,2000-11-21 08:00:00+00:00,docevent,2004
/api/v1/doc/document/rfc3692/,3692,rfc3692,Assigning Experimental and Testing Numbers Considered Useful,2004-01-31 00:49:57+00:00,/api/v1/doc/document/draft-narten-iana-experimental-allocations/,/api/v1/doc/document/draft-narten-iana-experimental-allocations/,0,draft-narten-iana-experimental-allocations,05,2015-10-14 20:50:16+00:00,,2001-07-16 07:00:00+00:00,2001-07-16 07:00:00+00:00,docevent,2004
/api/v1/doc/document/rfc3675/,3675,rfc3675,.sex Considered Dangerous,2004-02-04 23:39:53+00:00,/api/v1/doc/document/draft-eastlake-xxx/,/api/v1/doc/document/draft-eastlake-xxx/,0,draft-eastlake-xxx,06,2015-10-14 20:50:12+00:00,,2001-02-27 08:00:00+00:00,2001-02-27 08:00:00+00:00,docevent,2004
/api/v1/doc/document/rfc3622/,3622,rfc3622,A Uniform Resource Name (URN) Namespace for the Liberty Alliance Project,2004-02-04 23:41:39+00:00,/api/v1/doc/document/draft-mealling-liberty-urn/,/api/v1/doc/document/draft-mealling-liberty-urn/,0,draft-mealling-liberty-urn,00,2015-10-14 20:50:45+00:00,,2003-04-11 07:00:00+00:00,2003-04-11 07:00:00+00:00,docevent,2004
/api/v1/doc/document/rfc3685/,3685,rfc3685,SIEVE Email Filtering: Spamtest and VirusTest Extensions,2004-02-06 18:49:50+00:00,/api/v1/doc/document/draft-daboo-sieve-spamtest/,/api/v1/doc/document/draft-daboo-sieve-spamtest/,0,draft-daboo-sieve-spamtest,04,2018-07-18 18:09:58+00:00,,2002-07-23 07:00:00+00:00,2002-07-23 07:00:00+00:00,docevent,2004
/api/v1/doc/document/rfc3689/,3689,rfc3689,General Requirements for Emergency Telecommunication Service (ETS),2004-02-06 18:51:32+00:00,/api/v1/doc/document/draft-ietf-ieprep-ets-general/,/api/v1/doc/document/draft-ietf-ieprep-ets-general/,0,draft-ietf-ieprep-ets-general,04,2015-10-14 20:50:40+00:00,,2003-01-08 08:00:00+00:00,2003-01-08 08:00:00+00:00,docevent,2004
/api/v1/doc/document/rfc3690/,3690,rfc3690,IP Telephony Requirements for Emergency Telecommunication Service (ETS),2004-02-06 18:53:02+00:00,/api/v1/doc/document/draft-ietf-ieprep-ets-telephony/,/api/v1/doc/document/draft-ietf-ieprep-ets-telephony/,0,draft-ietf-ieprep-ets-telephony,07,2015-10-14 20:50:40+00:00,,2003-01-08 08:00:00+00:00,2003-01-08 08:00:00+00:00,docevent,2004
/api/v1/doc/document/rfc3707/,3707,rfc3707,Cross Registry Internet Service Protocol (CRISP) Requirements,2004-02-06 18:55:24+00:00,/api/v1/doc/document/draft-ietf-crisp-requirements/,/api/v1/doc/document/draft-ietf-crisp-requirements/,0,draft-ietf-crisp-requirements,06,2015-10-14 20:50:34+00:00,,2002-08-02 07:00:00+00:00,2002-08-02 07:00:00+00:00,docevent,2004
/api/v1/doc/document/rfc3687/,3687,rfc3687,Lightweight Directory Access Protocol (LDAP) and X.500 Component Matching Rules,2004-02-10 18:27:39+00:00,/api/v1/doc/document/draft-legg-ldapext-component-matching/,/api/v1/doc/document/draft-legg-ldapext-component-matching/,0,draft-legg-ldapext-component-matching,11,2018-07-18 18:09:59+00:00,,2000-10-23 07:00:00+00:00,2000-10-23 07:00:00+00:00,docevent,2004
/api/v1/doc/document/rfc3705/,3705,rfc3705,High Capacity Textual Conventions for MIB Modules Using Performance History Based on 15 Minute Intervals,2004-02-10 18:29:48+00:00,/api/v1/doc/document/draft-ietf-adslmib-hc-tc/,/api/v1/doc/document/draft-ietf-adslmib-hc-tc/,0,draft-ietf-adslmib-hc-tc,07,2013-03-02 16:57:57+00:00,,2002-04-03 08:00:00+00:00,2002-04-03 08:00:00+00:00,docevent,2004
/api/v1/doc/document/rfc3667/,3667,rfc3667,IETF Rights in Contributions,2004-02-18 20:14:07+00:00,/api/v1/doc/document/draft-ietf-ipr-submission-rights/,/api/v1/doc/document/draft-ietf-ipr-submission-rights/,0,draft-ietf-ipr-submission-rights,08,2022-02-25 17:35:06+00:00,,2002-10-31 08:00:00+00:00,2002-10-31 08:00:00+00:00,docevent,2004
/api/v1/doc/document/rfc3668/,3668,rfc3668,Intellectual Property Rights in IETF Technology,2004-02-18 20:16:08+00:00,/api/v1/doc/document/draft-ietf-ipr-technology-rights/,/api/v1/doc/document/draft-ietf-ipr-technology-rights/,0,draft-ietf-ipr-technology-rights,12,2013-03-02 16:57:55+00:00,,2002-10-31 08:00:00+00:00,2002-10-31 08:00:00+00:00,docevent,2004
/api/v1/doc/document/rfc3669/,3669,rfc3669,Guidelines for Working Groups on Intellectual Property Issues,2004-02-18 20:17:21+00:00,/api/v1/doc/document/draft-ietf-ipr-wg-guidelines/,/api/v1/doc/document/draft-ietf-ipr-wg-guidelines/,0,draft-ietf-ipr-wg-guidelines,05,2013-03-02 16:57:55+00:00,,2002-10-28 08:00:00+00:00,2002-10-28 08:00:00+00:00,docevent,2004
/api/v1/doc/document/rfc3676/,3676,rfc3676,The Text/Plain Format and DelSp Parameters,2004-02-19 18:47:38+00:00,/api/v1/doc/document/draft-gellens-format-bis/,/api/v1/doc/document/draft-gellens-format-bis/,0,draft-gellens-format-bis,04,2015-10-14 20:50:43+00:00,,2003-02-25 08:00:00+00:00,2003-02-25 08:00:00+00:00,docevent,2004
/api/v1/doc/document/rfc3682/,3682,rfc3682,The Generalized TTL Security Mechanism (GTSM),2004-02-19 18:48:51+00:00,/api/v1/doc/document/draft-gill-gtsh/,/api/v1/doc/document/draft-gill-gtsh/,0,draft-gill-gtsh,04,2015-10-14 20:50:49+00:00,,2003-08-06 07:00:00+00:00,2003-08-06 07:00:00+00:00,docevent,2004
/api/v1/doc/document/rfc3693/,3693,rfc3693,Geopriv Requirements,2004-02-19 18:50:50+00:00,/api/v1/doc/document/draft-ietf-geopriv-reqs/,/api/v1/doc/document/draft-ietf-geopriv-reqs/,0,draft-ietf-geopriv-reqs,04,2016-02-18 08:11:45+00:00,,2002-06-25 07:00:00+00:00,2002-06-25 07:00:00+00:00,docevent,2004
/api/v1/doc/document/rfc3694/,3694,rfc3694,Threat Analysis of the Geopriv Protocol,2004-02-19 18:52:24+00:00,/api/v1/doc/document/draft-ietf-geopriv-threat-analysis/,/api/v1/doc/document/draft-ietf-geopriv-threat-analysis/,0,draft-ietf-geopriv-threat-analysis,01,2013-03-02 16:57:57+00:00,,2003-02-26 08:00:00+00:00,2003-02-26 08:00:00+00:00,docevent,2004
/api/v1/doc/document/rfc3702/,3702,rfc3702,"Authentication, Authorization, and Accounting Requirements for the Session Initiation Protocol (SIP)",2004-02-19 18:54:26+00:00,/api/v1/doc/document/draft-ietf-sipping-aaa-req/,/api/v1/doc/document/draft-ietf-sipping-aaa-req/,0,draft-ietf-sipping-aaa-req,04,2015-10-14 20:50:36+00:00,,2002-09-10 07:00:00+00:00,2002-09-10 07:00:00+00:00,docevent,2004
/api/v1/doc/document/rfc3706/,3706,rfc3706,A Traffic-Based Method of Detecting Dead Internet Key Exchange (IKE) Peers,2004-02-19 18:55:54+00:00,/api/v1/doc/document/draft-ietf-ipsec-dpd/,/api/v1/doc/document/draft-ietf-ipsec-dpd/,0,draft-ietf-ipsec-dpd,04,2015-10-14 20:50:16+00:00,,2001-07-06 07:00:00+00:00,2001-07-06 07:00:00+00:00,docevent,2004
/api/v1/doc/document/rfc3709/,3709,rfc3709,Internet X.509 Public Key Infrastructure: Logotypes in X.509 Certificates,2004-02-19 18:57:56+00:00,/api/v1/doc/document/draft-ietf-pkix-logotypes/,/api/v1/doc/document/draft-ietf-pkix-logotypes/,0,draft-ietf-pkix-logotypes,13,2015-10-14 20:50:18+00:00,,2001-07-26 07:00:00+00:00,2001-07-26 07:00:00+00:00,docevent,2004
/api/v1/doc/document/rfc3684/,3684,rfc3684,Topology Dissemination Based on Reverse-Path Forwarding (TBRPF),2004-02-20 23:04:14+00:00,/api/v1/doc/document/draft-ietf-manet-tbrpf/,/api/v1/doc/document/draft-ietf-manet-tbrpf/,0,draft-ietf-manet-tbrpf,11,2013-03-02 16:57:56+00:00,,2000-08-31 07:00:00+00:00,2000-08-31 07:00:00+00:00,docevent,2004
/api/v1/doc/document/rfc3691/,3691,rfc3691,Internet Message Access Protocol (IMAP) UNSELECT command,2004-02-20 23:05:34+00:00,/api/v1/doc/document/draft-melnikov-imap-unselect/,/api/v1/doc/document/draft-melnikov-imap-unselect/,0,draft-melnikov-imap-unselect,01,2015-10-14 20:50:37+00:00,,2002-10-16 07:00:00+00:00,2002-10-16 07:00:00+00:00,docevent,2004
/api/v1/doc/document/rfc3710/,3710,rfc3710,An IESG charter,2004-02-20 23:07:03+00:00,/api/v1/doc/document/draft-iesg-charter/,/api/v1/doc/document/draft-iesg-charter/,0,draft-iesg-charter,03,2013-03-02 16:57:58+00:00,,2002-12-06 08:00:00+00:00,2002-12-06 08:00:00+00:00,docevent,2004
/api/v1/doc/document/rfc3695/,3695,rfc3695,Compact Forward Error Correction (FEC) Schemes,2004-02-26 19:43:10+00:00,/api/v1/doc/document/draft-ietf-rmt-bb-fec-supp-compact/,/api/v1/doc/document/draft-ietf-rmt-bb-fec-supp-compact/,0,draft-ietf-rmt-bb-fec-supp-compact,01,2015-10-14 20:50:41+00:00,,2003-05-14 07:00:01+00:00,2003-05-14 07:00:01+00:00,docevent,2004
/api/v1/doc/document/rfc3698/,3698,rfc3698,Lightweight Directory Access Protocol (LDAP): Additional Matching Rules,2004-02-26 19:46:20+00:00,/api/v1/doc/document/draft-zeilenga-ldap-user-schema-mr/,/api/v1/doc/document/draft-zeilenga-ldap-user-schema-mr/,0,draft-zeilenga-ldap-user-schema-mr,00,2018-07-18 18:09:59+00:00,,2003-06-06 07:00:00+00:00,2003-06-06 07:00:00+00:00,docevent,2004
/api/v1/doc/document/rfc3703/,3703,rfc3703,Policy Core Lightweight Directory Access Protocol (LDAP) Schema,2004-02-26 19:49:20+00:00,/api/v1/doc/document/draft-ietf-policy-core-schema/,/api/v1/doc/document/draft-ietf-policy-core-schema/,0,draft-ietf-policy-core-schema,16,2015-10-14 20:49:55+00:00,,1998-11-23 08:00:00+00:00,1998-11-23 08:00:00+00:00,docevent,2004
/api/v1/doc/document/rfc3708/,3708,rfc3708,Using TCP Duplicate Selective Acknowledgement (DSACKs) and Stream Control Transmission Protocol (SCTP) Duplicate Transmission Sequence Numbers (TSNs) to Detect Spurious Retransmissions,2004-02-26 19:51:35+00:00,/api/v1/doc/document/draft-ietf-tsvwg-dsack-use/,/api/v1/doc/document/draft-ietf-tsvwg-dsack-use/,0,draft-ietf-tsvwg-dsack-use,02,2015-10-14 20:50:48+00:00,,2003-06-23 07:00:00+00:00,2003-06-23 07:00:00+00:00,docevent,2004
/api/v1/doc/document/rfc3712/,3712,rfc3712,Lightweight Directory Access Protocol (LDAP): Schema for Printer Services,2004-02-26 20:00:01+00:00,/api/v1/doc/document/draft-fleming-ldap-printer-schema/,/api/v1/doc/document/draft-fleming-ldap-printer-schema/,0,draft-fleming-ldap-printer-schema,02,2020-01-21 08:25:30+00:00,,2002-01-15 08:00:00+00:00,2002-01-15 08:00:00+00:00,docevent,2004
/api/v1/doc/document/rfc3696/,3696,rfc3696,Application Techniques for Checking and Transformation of Names,2004-02-27 02:04:43+00:00,/api/v1/doc/document/draft-klensin-name-filters/,/api/v1/doc/document/draft-klensin-name-filters/,0,draft-klensin-name-filters,03,2020-01-21 08:25:28+00:00,,2003-02-26 08:00:00+00:00,2003-02-26 08:00:00+00:00,docevent,2004
/api/v1/doc/document/rfc3718/,3718,rfc3718,"A Summary of Unicode Consortium Procedures, Policies, Stability, and Public Access",2004-02-27 02:06:07+00:00,/api/v1/doc/document/draft-rmcgowan-unicode-procs/,/api/v1/doc/document/draft-rmcgowan-unicode-procs/,0,draft-rmcgowan-unicode-procs,03,2013-03-02 16:57:58+00:00,,2001-07-09 07:00:00+00:00,2001-07-09 07:00:00+00:00,docevent,2004
/api/v1/doc/document/rfc3719/,3719,rfc3719,Recommendations for Interoperable Networks using Intermediate System to Intermediate System (IS-IS),2004-02-27 02:08:26+00:00,/api/v1/doc/document/draft-ietf-isis-iso-interoperable/,/api/v1/doc/document/draft-ietf-isis-iso-interoperable/,0,draft-ietf-isis-iso-interoperable,02,2013-03-02 16:57:58+00:00,,2002-11-04 08:00:00+00:00,2002-11-04 08:00:00+00:00,docevent,2004
/api/v1/doc/document/rfc3727/,3727,rfc3727,ASN.1 Module Definition for the LDAP and X.500 Component Matching Rules,2004-02-27 02:10:02+00:00,/api/v1/doc/document/draft-legg-ldap-cmr-module/,/api/v1/doc/document/draft-legg-ldap-cmr-module/,0,draft-legg-ldap-cmr-module,00,2013-03-02 16:57:59+00:00,,2004-01-09 08:00:00+00:00,2004-01-09 08:00:00+00:00,docevent,2004
/api/v1/doc/document/rfc3728/,3728,rfc3728,Definitions of Managed Objects for Very High Speed Digital Subscriber Lines (VDSL),2004-02-27 02:11:49+00:00,/api/v1/doc/document/draft-ietf-adslmib-vdsl/,/api/v1/doc/document/draft-ietf-adslmib-vdsl/,0,draft-ietf-adslmib-vdsl,12,2020-01-21 08:25:31+00:00,,2001-11-05 08:00:00+00:00,2001-11-05 08:00:00+00:00,docevent,2004
/api/v1/doc/document/rfc3697/,3697,rfc3697,IPv6 Flow Label Specification,2004-03-02 23:30:18+00:00,/api/v1/doc/document/draft-ietf-ipv6-flow-label/,/api/v1/doc/document/draft-ietf-ipv6-flow-label/,0,draft-ietf-ipv6-flow-label,09,2015-10-14 20:50:28+00:00,,2002-02-28 08:00:00+00:00,2002-02-28 08:00:00+00:00,docevent,2004
/api/v1/doc/document/rfc3717/,3717,rfc3717,IP over Optical Networks: A Framework,2004-03-02 23:32:15+00:00,/api/v1/doc/document/draft-ietf-ipo-framework/,/api/v1/doc/document/draft-ietf-ipo-framework/,0,draft-ietf-ipo-framework,05,2015-10-14 20:50:17+00:00,,2001-07-17 07:00:00+00:00,2001-07-17 07:00:00+00:00,docevent,2004
/api/v1/doc/document/rfc3729/,3729,rfc3729,Application Performance Measurement MIB,2004-03-02 23:34:04+00:00,/api/v1/doc/document/draft-ietf-rmonmib-apm-mib/,/api/v1/doc/document/draft-ietf-rmonmib-apm-mib/,0,draft-ietf-rmonmib-apm-mib,12,2015-10-14 20:50:02+00:00,,2000-05-09 07:00:00+00:00,2000-05-09 07:00:00+00:00,docevent,2004
/api/v1/doc/document/rfc3701/,3701,rfc3701,6bone (IPv6 Testing Address Allocation) Phaseout,2004-03-05 20:52:28+00:00,/api/v1/doc/document/draft-fink-6bone-phaseout/,/api/v1/doc/document/draft-fink-6bone-phaseout/,0,draft-fink-6bone-phaseout,04,2015-10-14 20:50:41+00:00,,2003-01-10 08:00:00+00:00,2003-01-10 08:00:00+00:00,docevent,2004
/api/v1/doc/document/rfc3683/,3683,rfc3683,A Practice for Revoking Posting Rights to IETF Mailing Lists,2004-03-12 23:28:33+00:00,/api/v1/doc/document/draft-mrose-ietf-posting/,/api/v1/doc/document/draft-mrose-ietf-posting/,0,draft-mrose-ietf-posting,04,2018-07-19 07:23:25+00:00,,2003-04-16 07:00:00+00:00,2003-04-16 07:00:00+00:00,docevent,2004
/api/v1/doc/document/rfc3711/,3711,rfc3711,The Secure Real-time Transport Protocol (SRTP),2004-03-12 23:30:16+00:00,/api/v1/doc/document/draft-ietf-avt-srtp/,/api/v1/doc/document/draft-ietf-avt-srtp/,0,draft-ietf-avt-srtp,09,2013-03-02 16:57:58+00:00,,2001-02-27 08:00:00+00:00,2001-02-27 08:00:00+00:00,docevent,2004
/api/v1/doc/document/rfc3715/,3715,rfc3715,IPsec-Network Address Translation (NAT) Compatibility Requirements,2004-03-12 23:32:00+00:00,/api/v1/doc/document/draft-ietf-ipsec-nat-reqts/,/api/v1/doc/document/draft-ietf-ipsec-nat-reqts/,0,draft-ietf-ipsec-nat-reqts,06,2020-01-21 08:25:30+00:00,,2001-06-21 07:00:00+00:00,2001-06-21 07:00:00+00:00,docevent,2004
/api/v1/doc/document/rfc3704/,3704,rfc3704,Ingress Filtering for Multihomed Networks,2004-03-19 22:54:49+00:00,/api/v1/doc/document/draft-savola-bcp38-multihoming-update/,/api/v1/doc/document/draft-savola-bcp38-multihoming-update/,0,draft-savola-bcp38-multihoming-update,03,2015-10-14 20:50:46+00:00,,2003-05-27 07:00:00+00:00,2003-05-27 07:00:00+00:00,docevent,2004
/api/v1/doc/document/rfc3739/,3739,rfc3739,Internet X.509 Public Key Infrastructure: Qualified Certificates Profile,2004-03-19 22:56:15+00:00,/api/v1/doc/document/draft-ietf-pkix-sonof3039/,/api/v1/doc/document/draft-ietf-pkix-sonof3039/,0,draft-ietf-pkix-sonof3039,06,2020-01-21 08:25:34+00:00,,2003-03-05 08:00:00+00:00,2003-03-05 08:00:00+00:00,docevent,2004
/api/v1/doc/document/rfc3716/,3716,rfc3716,IETF in the Large:  Administration and Execution,2004-03-27 01:17:21+00:00,/api/v1/doc/document/draft-iab-advcomm/,/api/v1/doc/document/draft-iab-advcomm/,0,draft-iab-advcomm,01,2020-02-28 08:24:55+00:00,,2003-12-01 08:00:00+00:00,2003-12-01 08:00:00+00:00,docevent,2004
/api/v1/doc/document/rfc3714/,3714,rfc3714,IAB Concerns Regarding Congestion Control for Voice Traffic in the Internet,2004-03-27 01:17:24+00:00,/api/v1/doc/document/draft-iab-congestion/,/api/v1/doc/document/draft-iab-congestion/,0,draft-iab-congestion,02,2013-03-02 16:57:58+00:00,,2003-06-24 07:00:00+00:00,2003-06-24 07:00:00+00:00,docevent,2004
/api/v1/doc/document/rfc3730/,3730,rfc3730,Extensible Provisioning Protocol (EPP),2004-03-27 01:19:20+00:00,/api/v1/doc/document/draft-ietf-provreg-epp/,/api/v1/doc/document/draft-ietf-provreg-epp/,0,draft-ietf-provreg-epp,09,2020-01-21 08:25:33+00:00,,2001-02-21 08:00:00+00:00,2001-02-21 08:00:00+00:00,docevent,2004
/api/v1/doc/document/rfc3731/,3731,rfc3731,Extensible Provisioning Protocol (EPP) Domain Name Mapping,2004-03-27 01:24:21+00:00,/api/v1/doc/document/draft-ietf-provreg-epp-domain/,/api/v1/doc/document/draft-ietf-provreg-epp-domain/,0,draft-ietf-provreg-epp-domain,07,2015-10-14 20:50:14+00:00,,2001-05-30 07:00:00+00:00,2001-05-30 07:00:00+00:00,docevent,2004
/api/v1/doc/document/rfc3732/,3732,rfc3732,Extensible Provisioning Protocol (EPP) Host Mapping,2004-03-27 01:26:24+00:00,/api/v1/doc/document/draft-ietf-provreg-epp-host/,/api/v1/doc/document/draft-ietf-provreg-epp-host/,0,draft-ietf-provreg-epp-host,07,2015-10-14 20:50:14+00:00,,2001-05-30 07:00:00+00:00,2001-05-30 07:00:00+00:00,docevent,2004
/api/v1/doc/document/rfc3733/,3733,rfc3733,Extensible Provisioning Protocol (EPP) Contact Mapping,2004-03-27 01:34:21+00:00,/api/v1/doc/document/draft-ietf-provreg-epp-contact/,/api/v1/doc/document/draft-ietf-provreg-epp-contact/,0,draft-ietf-provreg-epp-contact,07,2020-01-21 08:25:33+00:00,,2001-05-30 07:00:00+00:00,2001-05-30 07:00:00+00:00,docevent,2004
/api/v1/doc/document/rfc3734/,3734,rfc3734,Extensible Provisioning Protocol (EPP) Transport Over TCP,2004-03-27 01:35:52+00:00,/api/v1/doc/document/draft-ietf-provreg-epp-tcp/,/api/v1/doc/document/draft-ietf-provreg-epp-tcp/,0,draft-ietf-provreg-epp-tcp,06,2015-10-14 20:50:14+00:00,,2001-05-30 07:00:00+00:00,2001-05-30 07:00:00+00:00,docevent,2004
/api/v1/doc/document/rfc3735/,3735,rfc3735,Guidelines for Extending the Extensible Provisioning Protocol (EPP),2004-03-27 01:38:06+00:00,/api/v1/doc/document/draft-ietf-provreg-epp-ext/,/api/v1/doc/document/draft-ietf-provreg-epp-ext/,0,draft-ietf-provreg-epp-ext,03,2015-10-14 20:50:37+00:00,,2002-10-22 07:00:00+00:00,2002-10-22 07:00:00+00:00,docevent,2004
/api/v1/doc/document/rfc3742/,3742,rfc3742,Limited Slow-Start for TCP with Large Congestion Windows,2004-03-31 00:57:15+00:00,/api/v1/doc/document/draft-ietf-tsvwg-slowstart/,/api/v1/doc/document/draft-ietf-tsvwg-slowstart/,0,draft-ietf-tsvwg-slowstart,00,2020-01-21 08:25:36+00:00,,2003-07-25 07:00:00+00:00,2003-07-25 07:00:00+00:00,docevent,2004
/api/v1/doc/document/rfc3680/,3680,rfc3680,A Session Initiation Protocol (SIP) Event Package for Registrations,2004-04-01 01:02:31+00:00,/api/v1/doc/document/draft-ietf-sipping-reg-event/,/api/v1/doc/document/draft-rosenberg-sip-reg/,1,draft-rosenberg-sip-reg,00,2002-05-28 07:00:00+00:00,,2002-05-28 07:00:00+00:00,2002-05-28 07:00:00+00:00,docevent,2004
/api/v1/doc/document/rfc3680/,3680,rfc3680,A Session Initiation Protocol (SIP) Event Package for Registrations,2004-04-01 01:02:31+00:00,/api/v1/doc/document/draft-ietf-sipping-reg-event/,/api/v1/doc/document/draft-ietf-sipping-reg-event/,0,draft-ietf-sipping-reg-event,00,2020-01-21 08:25:27+00:00,,2002-10-31 08:00:00+00:00,2002-10-31 08:00:00+00:00,docevent,2004
/api/v1/doc/document/rfc3724/,3724,rfc3724,The Rise of the Middle and the Future of End-to-End: Reflections on the Evolution of the Internet Architecture,2004-04-01 01:05:36+00:00,/api/v1/doc/document/draft-iab-e2e-futures/,/api/v1/doc/document/draft-iab-e2e-futures/,0,draft-iab-e2e-futures,05,2013-03-02 16:57:58+00:00,,2003-01-14 08:00:00+00:00,2003-01-14 08:00:00+00:00,docevent,2004
/api/v1/doc/document/rfc3740/,3740,rfc3740,The Multicast Group Security Architecture,2004-04-01 01:07:32+00:00,/api/v1/doc/document/draft-ietf-msec-arch/,/api/v1/doc/document/draft-ietf-msec-arch/,0,draft-ietf-msec-arch,05,2013-03-02 16:57:59+00:00,,2003-03-25 08:00:00+00:00,2003-03-25 08:00:00+00:00,docevent,2004
/api/v1/doc/document/rfc3741/,3741,rfc3741,"Exclusive XML Canonicalization, Version 1.0",2004-04-01 01:10:38+00:00,/api/v1/doc/document/draft-ietf-xmldsig-xc14n/,/api/v1/doc/document/draft-ietf-xmldsig-xc14n/,0,draft-ietf-xmldsig-xc14n,02,2020-01-21 08:25:35+00:00,,2002-08-13 07:00:00+00:00,2002-08-13 07:00:00+00:00,docevent,2004
/api/v1/doc/document/rfc3736/,3736,rfc3736,Stateless Dynamic Host Configuration Protocol (DHCP) Service for IPv6,2004-04-09 18:17:49+00:00,/api/v1/doc/document/draft-ietf-dhc-dhcpv6-stateless/,/api/v1/doc/document/draft-ietf-dhc-dhcpv6-stateless/,0,draft-ietf-dhc-dhcpv6-stateless,04,2020-01-21 08:25:34+00:00,,2003-04-07 07:00:00+00:00,2003-04-07 07:00:00+00:00,docevent,2004
/api/v1/doc/document/rfc3737/,3737,rfc3737,IANA Guidelines for the Registry of Remote Monitoring (RMON) MIB modules,2004-04-09 18:17:54+00:00,/api/v1/doc/document/draft-ietf-rmonmib-rmon-oid-assignments/,/api/v1/doc/document/draft-ietf-rmonmib-rmon-oid-assignments/,0,draft-ietf-rmonmib-rmon-oid-assignments,01,2015-10-14 20:50:51+00:00,,2003-09-24 07:00:00+00:00,2003-09-24 07:00:00+00:00,docevent,2004
/api/v1/doc/document/rfc3745/,3745,rfc3745,MIME Type Registrations for JPEG 2000 (ISO/IEC 15444),2004-04-09 18:17:58+00:00,/api/v1/doc/document/draft-singer-jp2/,/api/v1/doc/document/draft-singer-jp2/,0,draft-singer-jp2,02,2015-10-14 20:50:16+00:00,,2001-07-12 07:00:00+00:00,2001-07-12 07:00:00+00:00,docevent,2004
/api/v1/doc/document/rfc3725/,3725,rfc3725,Best Current Practices for Third Party Call Control (3pcc) in the Session Initiation Protocol (SIP),2004-04-13 23:19:06+00:00,/api/v1/doc/document/draft-ietf-sipping-3pcc/,/api/v1/doc/document/draft-rosenberg-sip-3pcc/,1,draft-rosenberg-sip-3pcc,03,2001-11-29 08:00:00+00:00,,2000-03-16 08:00:00+00:00,2000-03-16 08:00:00+00:00,docevent,2004
/api/v1/doc/document/rfc3725/,3725,rfc3725,Best Current Practices for Third Party Call Control (3pcc) in the Session Initiation Protocol (SIP),2004-04-13 23:19:06+00:00,/api/v1/doc/document/draft-ietf-sipping-3pcc/,/api/v1/doc/document/draft-ietf-sipping-3pcc/,0,draft-ietf-sipping-3pcc,06,2015-10-14 20:50:01+00:00,,2002-05-10 07:00:00+00:00,2002-05-10 07:00:00+00:00,docevent,2004
/api/v1/doc/document/rfc3747/,3747,rfc3747,The Differentiated Services Configuration MIB,2004-04-13 23:22:02+00:00,/api/v1/doc/document/draft-ietf-snmpconf-diffpolicy/,/api/v1/doc/document/draft-ietf-snmpconf-diffpolicy/,0,draft-ietf-snmpconf-diffpolicy,09,2015-10-14 20:50:01+00:00,,2000-03-13 08:00:00+00:00,2000-03-13 08:00:00+00:00,docevent,2004
/api/v1/doc/document/rfc3750/,3750,rfc3750,Unmanaged Networks IPv6 Transition Scenarios,2004-04-13 23:23:03+00:00,/api/v1/doc/document/draft-ietf-v6ops-unman-scenarios/,/api/v1/doc/document/draft-ietf-v6ops-unman-scenarios/,0,draft-ietf-v6ops-unman-scenarios,03,2013-03-02 16:58:00+00:00,,2003-01-15 08:00:00+00:00,2003-01-15 08:00:00+00:00,docevent,2004
/api/v1/doc/document/rfc3765/,3765,rfc3765,NOPEER Community for Border Gateway Protocol (BGP) Route Scope Control,2004-04-13 23:25:06+00:00,/api/v1/doc/document/draft-ietf-ptomaine-nopeer/,/api/v1/doc/document/draft-ietf-ptomaine-nopeer/,0,draft-ietf-ptomaine-nopeer,03,2015-10-14 20:50:30+00:00,,2002-04-03 08:00:00+00:00,2002-04-03 08:00:00+00:00,docevent,2004
/api/v1/doc/document/rfc3743/,3743,rfc3743,"Joint Engineering Team (JET) Guidelines for Internationalized Domain Names (IDN) Registration and Administration for Chinese, Japanese, and Korean",2004-04-14 23:48:42+00:00,/api/v1/doc/document/draft-jseng-idn-admin/,/api/v1/doc/document/draft-jseng-idn-admin/,0,draft-jseng-idn-admin,05,2018-03-07 08:19:42+00:00,,2002-05-08 07:00:00+00:00,2002-05-08 07:00:00+00:00,docevent,2004
/api/v1/doc/document/rfc3760/,3760,rfc3760,Securely Available Credentials (SACRED) - Credential Server Framework,2004-04-14 23:50:28+00:00,/api/v1/doc/document/draft-ietf-sacred-framework/,/api/v1/doc/document/draft-ietf-sacred-framework/,0,draft-ietf-sacred-framework,07,2015-10-14 20:50:08+00:00,,2000-11-21 08:00:00+00:00,2000-11-21 08:00:00+00:00,docevent,2004
/api/v1/doc/document/rfc3768/,3768,rfc3768,Virtual Router Redundancy Protocol (VRRP),2004-04-14 23:53:55+00:00,/api/v1/doc/document/draft-ietf-vrrp-spec-v2/,/api/v1/doc/document/draft-ietf-vrrp-spec-v2/,0,draft-ietf-vrrp-spec-v2,10,2015-10-14 20:49:55+00:00,,1999-02-17 08:00:00+00:00,1999-02-17 08:00:00+00:00,docevent,2004
/api/v1/doc/document/rfc3726/,3726,rfc3726,Requirements for Signaling Protocols,2004-04-17 00:08:23+00:00,/api/v1/doc/document/draft-ietf-nsis-req/,/api/v1/doc/document/draft-ietf-nsis-req/,0,draft-ietf-nsis-req,09,2013-03-02 16:57:58+00:00,,2002-02-25 08:00:00+00:00,2002-02-25 08:00:00+00:00,docevent,2004
/api/v1/doc/document/rfc3752/,3752,rfc3752,Open Pluggable Edge Services (OPES) Use Cases and Deployment Scenarios,2004-04-17 00:11:06+00:00,/api/v1/doc/document/draft-ietf-opes-scenarios/,/api/v1/doc/document/draft-ietf-opes-scenarios/,0,draft-ietf-opes-scenarios,01,2022-05-11 07:16:29+00:00,,2002-06-24 07:00:00+00:00,2002-06-24 07:00:00+00:00,docevent,2004
/api/v1/doc/document/rfc3738/,3738,rfc3738,Wave and Equation Based Rate Control (WEBRC) Building Block,2004-04-23 17:57:57+00:00,/api/v1/doc/document/draft-ietf-rmt-bb-webrc/,/api/v1/doc/document/draft-ietf-rmt-bb-webrc/,0,draft-ietf-rmt-bb-webrc,04,2013-03-02 16:57:59+00:00,,2001-10-19 07:00:00+00:00,2001-10-19 07:00:00+00:00,docevent,2004
/api/v1/doc/document/rfc3754/,3754,rfc3754,IP Multicast in Differentiated Services (DS) Networks,2004-04-23 17:58:50+00:00,/api/v1/doc/document/draft-bless-diffserv-multicast/,/api/v1/doc/document/draft-bless-diffserv-multicast/,0,draft-bless-diffserv-multicast,07,2015-10-14 20:49:57+00:00,,1999-09-10 07:00:00+00:00,1999-09-10 07:00:00+00:00,docevent,2004
/api/v1/doc/document/rfc3759/,3759,rfc3759,RObust Header Compression (ROHC): Terminology and Channel Mapping Examples,2004-04-23 18:02:20+00:00,/api/v1/doc/document/draft-ietf-rohc-terminology-and-examples/,/api/v1/doc/document/draft-ietf-rohc-terminology-and-examples/,0,draft-ietf-rohc-terminology-and-examples,02,2013-03-02 16:58:01+00:00,,2002-10-24 07:00:00+00:00,2002-10-24 07:00:00+00:00,docevent,2004
/api/v1/doc/document/rfc3782/,3782,rfc3782,The NewReno Modification to TCP's Fast Recovery Algorithm,2004-04-26 23:14:00+00:00,/api/v1/doc/document/draft-ietf-tsvwg-newreno/,/api/v1/doc/document/draft-ietf-tsvwg-newreno/,0,draft-ietf-tsvwg-newreno,02,2020-01-21 08:25:38+00:00,,2003-06-20 07:00:00+00:00,2003-06-20 07:00:00+00:00,docevent,2004
/api/v1/doc/document/rfc3766/,3766,rfc3766,Determining Strengths For Public Keys Used For Exchanging Symmetric Keys,2004-04-26 23:16:09+00:00,/api/v1/doc/document/draft-orman-public-key-lengths/,/api/v1/doc/document/draft-orman-public-key-lengths/,0,draft-orman-public-key-lengths,08,2015-10-14 20:50:00+00:00,,2000-02-04 08:00:00+00:00,2000-02-04 08:00:00+00:00,docevent,2004
/api/v1/doc/document/rfc3771/,3771,rfc3771,The Lightweight Directory Access Protocol (LDAP) Intermediate Response Message,2004-04-27 23:15:39+00:00,/api/v1/doc/document/draft-rharrison-ldap-intermediate-resp/,/api/v1/doc/document/draft-rharrison-ldap-intermediate-resp/,0,draft-rharrison-ldap-intermediate-resp,01,2018-07-18 18:10:02+00:00,,2001-04-02 07:00:00+00:00,2001-04-02 07:00:00+00:00,docevent,2004
/api/v1/doc/document/rfc3720/,3720,rfc3720,Internet Small Computer Systems Interface (iSCSI),2004-04-28 23:58:46+00:00,/api/v1/doc/document/draft-ietf-ips-iscsi/,/api/v1/doc/document/draft-ietf-ips-iscsi/,0,draft-ietf-ips-iscsi,20,2020-01-21 08:25:30+00:00,,2000-11-06 08:00:00+00:00,2000-11-06 08:00:00+00:00,docevent,2004
/api/v1/doc/document/rfc3721/,3721,rfc3721,Internet Small Computer Systems Interface (iSCSI) Naming and Discovery,2004-04-29 00:01:03+00:00,/api/v1/doc/document/draft-ietf-ips-iscsi-name-disc/,/api/v1/doc/document/draft-ietf-ips-iscsi-name-disc/,0,draft-ietf-ips-iscsi-name-disc,10,2015-10-14 20:50:12+00:00,,2001-02-28 08:00:00+00:00,2001-02-28 08:00:00+00:00,docevent,2004
/api/v1/doc/document/rfc3722/,3722,rfc3722,String Profile for Internet Small Computer Systems Interface (iSCSI) Names,2004-04-29 00:01:48+00:00,/api/v1/doc/document/draft-ietf-ips-iscsi-string-prep/,/api/v1/doc/document/draft-ietf-ips-iscsi-string-prep/,0,draft-ietf-ips-iscsi-string-prep,06,2015-10-14 20:50:26+00:00,,2002-01-23 08:00:00+00:00,2002-01-23 08:00:00+00:00,docevent,2004
/api/v1/doc/document/rfc3723/,3723,rfc3723,Securing Block Storage Protocols over IP,2004-04-29 00:03:49+00:00,/api/v1/doc/document/draft-ietf-ips-security/,/api/v1/doc/document/draft-ietf-ips-security/,0,draft-ietf-ips-security,19,2015-10-14 20:50:20+00:00,,2001-09-14 07:00:00+00:00,2001-09-14 07:00:00+00:00,docevent,2004
/api/v1/doc/document/rfc3746/,3746,rfc3746,Forwarding and Control Element Separation (ForCES) Framework,2004-04-29 00:05:53+00:00,/api/v1/doc/document/draft-ietf-forces-framework/,/api/v1/doc/document/draft-ietf-forces-framework/,0,draft-ietf-forces-framework,13,2018-05-01 07:17:21+00:00,,2002-06-24 07:00:00+00:00,2002-06-24 07:00:00+00:00,docevent,2004
/api/v1/doc/document/rfc3713/,3713,rfc3713,A Description of the Camellia Encryption Algorithm,2004-04-30 23:57:55+00:00,/api/v1/doc/document/draft-nakajima-camellia/,/api/v1/doc/document/draft-nakajima-camellia/,0,draft-nakajima-camellia,03,2015-10-14 20:50:05+00:00,,2000-08-31 07:00:00+00:00,2000-08-31 07:00:00+00:00,docevent,2004
/api/v1/doc/document/rfc3761/,3761,rfc3761,The E.164 to Uniform Resource Identifiers (URI) Dynamic Delegation Discovery System (DDDS) Application (ENUM),2004-04-30 23:59:24+00:00,/api/v1/doc/document/draft-ietf-enum-rfc2916bis/,/api/v1/doc/document/draft-ietf-enum-rfc2916bis/,0,draft-ietf-enum-rfc2916bis,07,2015-10-14 20:50:28+00:00,,2002-02-27 08:00:00+00:00,2002-02-27 08:00:00+00:00,docevent,2004
/api/v1/doc/document/rfc3762/,3762,rfc3762,Telephone Number Mapping (ENUM) Service Registration for H.323,2004-05-01 00:01:25+00:00,/api/v1/doc/document/draft-ietf-enum-h323/,/api/v1/doc/document/draft-levin-enum-h323/,1,draft-levin-enum-h323,00,2010-04-09 07:00:00+00:00,,2002-11-01 08:00:00+00:00,2002-11-01 08:00:00+00:00,docevent,2004
/api/v1/doc/document/rfc3762/,3762,rfc3762,Telephone Number Mapping (ENUM) Service Registration for H.323,2004-05-01 00:01:25+00:00,/api/v1/doc/document/draft-ietf-enum-h323/,/api/v1/doc/document/draft-ietf-enum-h323/,0,draft-ietf-enum-h323,01,2015-10-14 20:50:39+00:00,,2003-02-19 08:00:00+00:00,2003-02-19 08:00:00+00:00,docevent,2004
/api/v1/doc/document/rfc3763/,3763,rfc3763,One-way Active Measurement Protocol (OWAMP) Requirements,2004-05-01 00:03:18+00:00,/api/v1/doc/document/draft-ietf-ippm-owdp-reqs/,/api/v1/doc/document/draft-ietf-ippm-owdp-reqs/,0,draft-ietf-ippm-owdp-reqs,06,2013-03-02 16:58:01+00:00,,2001-07-10 07:00:00+00:00,2001-07-10 07:00:00+00:00,docevent,2004
/api/v1/doc/document/rfc3764/,3764,rfc3764,enumservice registration for Session Initiation Protocol (SIP) Addresses-of-Record,2004-05-01 00:05:32+00:00,/api/v1/doc/document/draft-ietf-enum-sip/,/api/v1/doc/document/draft-peterson-enum-sip/,1,draft-peterson-enum-sip,00,2010-04-09 07:00:00+00:00,,2002-10-29 08:00:00+00:00,2002-10-29 08:00:00+00:00,docevent,2004
/api/v1/doc/document/rfc3764/,3764,rfc3764,enumservice registration for Session Initiation Protocol (SIP) Addresses-of-Record,2004-05-01 00:05:32+00:00,/api/v1/doc/document/draft-ietf-enum-sip/,/api/v1/doc/document/draft-ietf-enum-sip/,0,draft-ietf-enum-sip,01,2015-10-14 20:50:38+00:00,,2003-02-26 08:00:00+00:00,2003-02-26 08:00:00+00:00,docevent,2004
/api/v1/doc/document/rfc3774/,3774,rfc3774,IETF Problem Statement,2004-05-05 23:26:37+00:00,/api/v1/doc/document/draft-ietf-problem-issue-statement/,/api/v1/doc/document/draft-ietf-problem-issue-statement/,0,draft-ietf-problem-issue-statement,05,2013-03-02 16:58:01+00:00,,2003-02-27 08:00:00+00:00,2003-02-27 08:00:00+00:00,docevent,2004
/api/v1/doc/document/rfc3744/,3744,rfc3744,Web Distributed Authoring and Versioning (WebDAV) Access Control Protocol,2004-05-07 22:35:53+00:00,/api/v1/doc/document/draft-ietf-webdav-acl/,/api/v1/doc/document/draft-ietf-webdav-acl/,0,draft-ietf-webdav-acl,13,2020-01-21 08:25:36+00:00,,1998-04-10 07:00:00+00:00,1998-04-10 07:00:00+00:00,docevent,2004
/api/v1/doc/document/rfc3756/,3756,rfc3756,IPv6 Neighbor Discovery (ND) Trust Models and Threats,2004-05-13 00:25:46+00:00,/api/v1/doc/document/draft-ietf-send-psreq/,/api/v1/doc/document/draft-ietf-send-psreq/,0,draft-ietf-send-psreq,04,2020-07-29 07:30:13+00:00,,2002-10-17 07:00:00+00:00,2002-10-17 07:00:00+00:00,docevent,2004
/api/v1/doc/document/rfc3798/,3798,rfc3798,Message Disposition Notification,2004-05-13 23:41:04+00:00,/api/v1/doc/document/draft-vaudreuil-mdnbis/,/api/v1/doc/document/draft-vaudreuil-mdnbis/,0,draft-vaudreuil-mdnbis,05,2020-01-21 08:25:40+00:00,,2001-08-24 07:00:00+00:00,2001-08-24 07:00:00+00:00,docevent,2004
/api/v1/doc/document/rfc3780/,3780,rfc3780,SMIng - Next Generation Structure of Management Information,2004-05-14 23:46:52+00:00,/api/v1/doc/document/draft-irtf-nmrg-sming/,/api/v1/doc/document/draft-irtf-nmrg-sming/,0,draft-irtf-nmrg-sming,07,2015-10-14 20:49:56+00:00,,1999-06-18 07:00:00+00:00,1999-06-18 07:00:00+00:00,docevent,2004
/api/v1/doc/document/rfc3749/,3749,rfc3749,Transport Layer Security Protocol Compression Methods,2004-05-14 23:46:53+00:00,/api/v1/doc/document/draft-ietf-tls-compression/,/api/v1/doc/document/draft-ietf-tls-compression/,0,draft-ietf-tls-compression,07,2013-03-02 16:58:00+00:00,,2002-09-05 07:00:00+00:00,2002-09-05 07:00:00+00:00,docevent,2004
/api/v1/doc/document/rfc3781/,3781,rfc3781,Next Generation Structure of Management Information (SMIng) Mappings to the Simple Network Management Protocol (SNMP),2004-05-14 23:48:49+00:00,/api/v1/doc/document/draft-irtf-nmrg-sming-snmp/,/api/v1/doc/document/draft-irtf-nmrg-sming-snmp/,0,draft-irtf-nmrg-sming-snmp,05,2020-01-21 08:25:38+00:00,,2000-11-10 08:00:00+00:00,2000-11-10 08:00:00+00:00,docevent,2004
/api/v1/doc/document/rfc3758/,3758,rfc3758,Stream Control Transmission Protocol (SCTP) Partial Reliability Extension,2004-05-26 23:08:37+00:00,/api/v1/doc/document/draft-ietf-tsvwg-prsctp/,/api/v1/doc/document/draft-ietf-tsvwg-usctp/,2,draft-ietf-tsvwg-usctp,00,2023-02-15 20:24:53+00:00,,2001-04-04 07:00:00+00:00,2001-04-04 07:00:00+00:00,docevent,2004
/api/v1/doc/document/rfc3758/,3758,rfc3758,Stream Control Transmission Protocol (SCTP) Partial Reliability Extension,2004-05-26 23:08:37+00:00,/api/v1/doc/document/draft-ietf-tsvwg-prsctp/,/api/v1/doc/document/draft-stewart-tsvwg-prsctp/,1,draft-stewart-tsvwg-prsctp,04,2023-02-16 08:34:48+00:00,,2002-05-17 07:00:00+00:00,2002-05-17 07:00:00+00:00,docevent,2004
/api/v1/doc/document/rfc3758/,3758,rfc3758,Stream Control Transmission Protocol (SCTP) Partial Reliability Extension,2004-05-26 23:08:37+00:00,/api/v1/doc/document/draft-ietf-tsvwg-prsctp/,/api/v1/doc/document/draft-ietf-tsvwg-prsctp/,0,draft-ietf-tsvwg-prsctp,03,2013-03-02 16:58:01+00:00,,2003-06-19 07:00:00+00:00,2003-06-19 07:00:00+00:00,docevent,2004
/api/v1/doc/document/rfc3770/,3770,rfc3770,Certificate Extensions and Attributes Supporting Authentication in Point-to-Point Protocol (PPP) and Wireless Local Area Networks (WLAN),2004-05-26 23:10:39+00:00,/api/v1/doc/document/draft-ietf-pkix-wlan-extns/,/api/v1/doc/document/draft-ietf-pkix-wlan-extns/,0,draft-ietf-pkix-wlan-extns,05,2020-01-21 08:25:37+00:00,,2002-06-12 07:00:00+00:00,2002-06-12 07:00:00+00:00,docevent,2004
/api/v1/doc/document/rfc3778/,3778,rfc3778,The application/pdf Media Type,2004-05-26 23:12:21+00:00,/api/v1/doc/document/draft-zilles-pdf/,/api/v1/doc/document/draft-zilles-pdf/,0,draft-zilles-pdf,03,2013-03-02 16:58:02+00:00,,2003-10-21 07:00:00+00:00,2003-10-21 07:00:00+00:00,docevent,2004
/api/v1/doc/document/rfc3783/,3783,rfc3783,Small Computer Systems Interface (SCSI) Command Ordering Considerations with iSCSI,2004-05-26 23:13:59+00:00,/api/v1/doc/document/draft-ietf-ips-command-ordering/,/api/v1/doc/document/draft-ietf-ips-command-ordering/,0,draft-ietf-ips-command-ordering,02,2020-01-21 08:25:39+00:00,,2003-06-09 07:00:00+00:00,2003-06-09 07:00:00+00:00,docevent,2004
/api/v1/doc/document/rfc3755/,3755,rfc3755,Legacy Resolver Compatibility for Delegation Signer (DS),2004-05-27 23:04:50+00:00,/api/v1/doc/document/draft-ietf-dnsext-dnssec-2535typecode-change/,/api/v1/doc/document/draft-ietf-dnsext-dnssec-2535typecode-change/,0,draft-ietf-dnsext-dnssec-2535typecode-change,06,2015-10-14 20:50:46+00:00,,2003-05-15 07:00:00+00:00,2003-05-15 07:00:00+00:00,docevent,2004
/api/v1/doc/document/rfc3757/,3757,rfc3757,Domain Name System KEY (DNSKEY) Resource Record (RR) Secure Entry Point (SEP) Flag,2004-05-27 23:04:51+00:00,/api/v1/doc/document/draft-ietf-dnsext-keyrr-key-signing-flag/,/api/v1/doc/document/draft-ietf-dnsext-keyrr-key-signing-flag/,0,draft-ietf-dnsext-keyrr-key-signing-flag,12,2014-06-21 07:11:17+00:00,,2002-09-03 07:00:00+00:00,2002-09-03 07:00:00+00:00,docevent,2004
/api/v1/doc/document/rfc3772/,3772,rfc3772,Point-to-Point Protocol (PPP) Vendor Protocol,2004-05-27 23:06:49+00:00,/api/v1/doc/document/draft-ietf-pppext-vendor-protocol/,/api/v1/doc/document/draft-ietf-pppext-vendor-protocol/,0,draft-ietf-pppext-vendor-protocol,02,2013-03-02 16:58:01+00:00,,2003-07-24 07:00:00+00:00,2003-07-24 07:00:00+00:00,docevent,2004
/api/v1/doc/document/rfc3786/,3786,rfc3786,Extending the Number of Intermediate System to Intermediate System (IS-IS) Link State PDU (LSP) Fragments Beyond the 256 Limit,2004-05-27 23:09:08+00:00,/api/v1/doc/document/draft-ietf-isis-ext-lsp-frags/,/api/v1/doc/document/draft-ietf-isis-ext-lsp-frags/,0,draft-ietf-isis-ext-lsp-frags,02,2013-03-02 16:58:02+00:00,,2002-04-09 07:00:00+00:00,2002-04-09 07:00:00+00:00,docevent,2004
/api/v1/doc/document/rfc3787/,3787,rfc3787,Recommendations for Interoperable IP Networks using Intermediate System to Intermediate System (IS-IS),2004-05-27 23:10:48+00:00,/api/v1/doc/document/draft-ietf-isis-ip-interoperable/,/api/v1/doc/document/draft-ietf-isis-ip-interoperable/,0,draft-ietf-isis-ip-interoperable,02,2013-03-02 16:58:02+00:00,,2002-11-04 08:00:00+00:00,2002-11-04 08:00:00+00:00,docevent,2004
/api/v1/doc/document/rfc3785/,3785,rfc3785,Use of Interior Gateway Protocol (IGP) Metric as a second MPLS Traffic Engineering (TE) Metric,2004-05-28 20:45:58+00:00,/api/v1/doc/document/draft-ietf-tewg-te-metric-igp/,/api/v1/doc/document/draft-ietf-tewg-te-metric-igp/,0,draft-ietf-tewg-te-metric-igp,02,2015-10-14 20:50:29+00:00,,2002-03-25 08:00:00+00:00,2002-03-25 08:00:00+00:00,docevent,2004
/api/v1/doc/document/rfc3773/,3773,rfc3773,High-Level Requirements for Internet Voice Mail,2004-06-10 00:00:44+00:00,/api/v1/doc/document/draft-ietf-vpim-ivm-goals/,/api/v1/doc/document/draft-ietf-vpim-ivm-goals/,0,draft-ietf-vpim-ivm-goals,06,2015-10-14 20:50:07+00:00,,2000-11-15 08:00:00+00:00,2000-11-15 08:00:00+00:00,docevent,2004
/api/v1/doc/document/rfc3809/,3809,rfc3809,Generic Requirements for Provider Provisioned Virtual Private Networks (PPVPN),2004-06-10 00:01:53+00:00,/api/v1/doc/document/draft-ietf-l3vpn-generic-reqts/,/api/v1/doc/document/draft-ietf-l3vpn-generic-reqts/,0,draft-ietf-l3vpn-generic-reqts,03,2015-10-14 20:50:40+00:00,,2003-01-15 23:16:46+00:00,2003-01-15 23:16:46+00:00,docevent,2004
/api/v1/doc/document/rfc3810/,3810,rfc3810,Multicast Listener Discovery Version 2 (MLDv2) for IPv6,2004-06-10 00:03:43+00:00,/api/v1/doc/document/draft-vida-mld-v2/,/api/v1/doc/document/draft-vida-mld-v2/,0,draft-vida-mld-v2,08,2016-08-13 07:07:32+00:00,,2001-02-26 08:00:00+00:00,2001-02-26 08:00:00+00:00,docevent,2004
/api/v1/doc/document/rfc3816/,3816,rfc3816,Definitions of Managed Objects for RObust Header Compression (ROHC),2004-06-10 00:05:46+00:00,/api/v1/doc/document/draft-ietf-rohc-mib-rtp/,/api/v1/doc/document/draft-ietf-rohc-mib-rtp/,0,draft-ietf-rohc-mib-rtp,09,2013-03-02 16:58:04+00:00,,2001-11-19 08:00:00+00:00,2001-11-19 08:00:00+00:00,docevent,2004
/api/v1/doc/document/rfc3753/,3753,rfc3753,Mobility Related Terminology,2004-06-10 00:18:44+00:00,/api/v1/doc/document/draft-ietf-seamoby-mobility-terminology/,/api/v1/doc/document/draft-ietf-seamoby-mobility-terminology/,0,draft-ietf-seamoby-mobility-terminology,06,2015-10-14 20:50:36+00:00,,2002-09-03 07:00:00+00:00,2002-09-03 07:00:00+00:00,docevent,2004
/api/v1/doc/document/rfc3775/,3775,rfc3775,Mobility Support in IPv6,2004-06-10 00:20:46+00:00,/api/v1/doc/document/draft-ietf-mobileip-ipv6/,/api/v1/doc/document/draft-ietf-mobileip-ipv6/,0,draft-ietf-mobileip-ipv6,24,2015-10-14 20:49:50+00:00,,1996-01-29 08:00:00+00:00,1996-01-29 08:00:00+00:00,docevent,2004
/api/v1/doc/document/rfc3776/,3776,rfc3776,Using IPsec to Protect Mobile IPv6 Signaling Between Mobile Nodes and Home Agents,2004-06-10 00:22:51+00:00,/api/v1/doc/document/draft-ietf-mobileip-mipv6-ha-ipsec/,/api/v1/doc/document/draft-ietf-mobileip-mipv6-ha-ipsec/,0,draft-ietf-mobileip-mipv6-ha-ipsec,06,2015-10-14 20:50:36+00:00,,2002-09-20 07:00:00+00:00,2002-09-20 07:00:00+00:00,docevent,2004
/api/v1/doc/document/rfc3789/,3789,rfc3789,Introduction to the Survey of IPv4 Addresses in Currently Deployed IETF Standards Track and Experimental Documents,2004-06-10 00:23:50+00:00,/api/v1/doc/document/draft-ietf-v6ops-ipv4survey-intro/,/api/v1/doc/document/draft-ietf-v6ops-ipv4survey-intro/,0,draft-ietf-v6ops-ipv4survey-intro,06,2013-03-02 16:58:02+00:00,,2003-02-14 08:00:00+00:00,2003-02-14 08:00:00+00:00,docevent,2004
/api/v1/doc/document/rfc3790/,3790,rfc3790,Survey of IPv4 Addresses in Currently Deployed IETF Internet Area Standards Track and Experimental Documents,2004-06-10 00:26:09+00:00,/api/v1/doc/document/draft-ietf-v6ops-ipv4survey-int/,/api/v1/doc/document/draft-ietf-v6ops-ipv4survey-int/,0,draft-ietf-v6ops-ipv4survey-int,03,2013-03-02 16:58:02+00:00,,2003-02-14 08:00:00+00:00,2003-02-14 08:00:00+00:00,docevent,2004
/api/v1/doc/document/rfc3791/,3791,rfc3791,Survey of IPv4 Addresses in Currently Deployed IETF Routing Area Standards Track and Experimental Documents,2004-06-10 00:27:51+00:00,/api/v1/doc/document/draft-ietf-v6ops-ipv4survey-routing/,/api/v1/doc/document/draft-ietf-v6ops-ipv4survey-routing/,0,draft-ietf-v6ops-ipv4survey-routing,03,2013-03-02 16:58:03+00:00,,2003-02-14 08:00:00+00:00,2003-02-14 08:00:00+00:00,docevent,2004
/api/v1/doc/document/rfc3792/,3792,rfc3792,Survey of IPv4 Addresses in Currently Deployed IETF Security Area Standards Track and Experimental Documents,2004-06-10 00:28:50+00:00,/api/v1/doc/document/draft-ietf-v6ops-ipv4survey-sec/,/api/v1/doc/document/draft-ietf-v6ops-ipv4survey-sec/,0,draft-ietf-v6ops-ipv4survey-sec,04,2013-03-02 16:58:03+00:00,,2003-02-14 08:00:00+00:00,2003-02-14 08:00:00+00:00,docevent,2004
/api/v1/doc/document/rfc3793/,3793,rfc3793,Survey of IPv4 Addresses in Currently Deployed IETF Sub-IP Area Standards Track and Experimental Documents,2004-06-10 00:30:49+00:00,/api/v1/doc/document/draft-ietf-v6ops-ipv4survey-subip/,/api/v1/doc/document/draft-ietf-v6ops-ipv4survey-subip/,0,draft-ietf-v6ops-ipv4survey-subip,04,2013-03-02 16:58:03+00:00,,2003-02-14 08:00:00+00:00,2003-02-14 08:00:00+00:00,docevent,2004
/api/v1/doc/document/rfc3794/,3794,rfc3794,Survey of IPv4 Addresses in Currently Deployed IETF Transport Area Standards Track and Experimental Documents,2004-06-10 00:32:45+00:00,/api/v1/doc/document/draft-ietf-v6ops-ipv4survey-trans/,/api/v1/doc/document/draft-ietf-v6ops-ipv4survey-trans/,0,draft-ietf-v6ops-ipv4survey-trans,05,2013-03-02 16:58:03+00:00,,2003-02-14 08:00:00+00:00,2003-02-14 08:00:00+00:00,docevent,2004
/api/v1/doc/document/rfc3795/,3795,rfc3795,Survey of IPv4 Addresses in Currently Deployed IETF Application Area Standards Track and Experimental Documents,2004-06-10 00:35:46+00:00,/api/v1/doc/document/draft-ietf-v6ops-ipv4survey-apps/,/api/v1/doc/document/draft-ietf-v6ops-ipv4survey-apps/,0,draft-ietf-v6ops-ipv4survey-apps,04,2013-03-02 16:58:03+00:00,,2003-02-14 08:00:00+00:00,2003-02-14 08:00:00+00:00,docevent,2004
/api/v1/doc/document/rfc3796/,3796,rfc3796,Survey of IPv4 Addresses in Currently Deployed IETF Operations & Management Area Standards Track and Experimental Documents,2004-06-10 00:36:51+00:00,/api/v1/doc/document/draft-ietf-v6ops-ipv4survey-ops/,/api/v1/doc/document/draft-ietf-v6ops-ipv4survey-ops/,0,draft-ietf-v6ops-ipv4survey-ops,05,2013-03-02 16:58:03+00:00,,2003-02-14 08:00:00+00:00,2003-02-14 08:00:00+00:00,docevent,2004
/api/v1/doc/document/rfc3777/,3777,rfc3777,"IAB and IESG Selection, Confirmation, and Recall Process: Operation of the Nominating and Recall Committees",2004-06-16 20:31:16+00:00,/api/v1/doc/document/draft-ietf-nomcom-rfc2727bis/,/api/v1/doc/document/draft-ietf-nomcom-rfc2727bis/,0,draft-ietf-nomcom-rfc2727bis,09,2020-01-21 08:25:37+00:00,,2002-06-24 07:00:00+00:00,2002-06-24 07:00:00+00:00,docevent,2004
/api/v1/doc/document/rfc3805/,3805,rfc3805,Printer MIB v2,2004-06-16 20:34:27+00:00,/api/v1/doc/document/draft-ietf-printmib-mib-info/,/api/v1/doc/document/draft-ietf-printmib-mib-info/,0,draft-ietf-printmib-mib-info,15,2015-10-14 20:49:51+00:00,,1996-12-04 08:00:00+00:00,1996-12-04 08:00:00+00:00,docevent,2004
/api/v1/doc/document/rfc3806/,3806,rfc3806,Printer Finishing MIB,2004-06-16 20:35:49+00:00,/api/v1/doc/document/draft-ietf-printmib-finishing/,/api/v1/doc/document/draft-ietf-printmib-finishing/,0,draft-ietf-printmib-finishing,16,2015-10-14 20:49:53+00:00,,1998-02-25 08:00:00+00:00,1998-02-25 08:00:00+00:00,docevent,2004
/api/v1/doc/document/rfc3808/,3808,rfc3808,IANA Charset MIB,2004-06-16 20:37:09+00:00,/api/v1/doc/document/draft-mcdonald-iana-charset-mib/,/api/v1/doc/document/draft-mcdonald-iana-charset-mib/,0,draft-mcdonald-iana-charset-mib,02,2015-10-14 20:50:35+00:00,,2002-08-06 07:00:00+00:00,2002-08-06 07:00:00+00:00,docevent,2004
/api/v1/doc/document/rfc3811/,3811,rfc3811,Definitions of Textual Conventions (TCs) for Multiprotocol Label Switching (MPLS) Management,2004-06-16 20:38:30+00:00,/api/v1/doc/document/draft-ietf-mpls-tc-mib/,/api/v1/doc/document/draft-ietf-mpls-tc-mib/,0,draft-ietf-mpls-tc-mib,10,2020-01-21 08:25:42+00:00,,2001-05-14 07:00:00+00:00,2001-05-14 07:00:00+00:00,docevent,2004
/api/v1/doc/document/rfc3779/,3779,rfc3779,X.509 Extensions for IP Addresses and AS Identifiers,2004-06-17 23:05:23+00:00,/api/v1/doc/document/draft-ietf-pkix-x509-ipaddr-as-extn/,/api/v1/doc/document/draft-ietf-pkix-x509-ipaddr-as-extn/,0,draft-ietf-pkix-x509-ipaddr-as-extn,03,2020-01-21 08:25:38+00:00,,2002-02-27 08:00:00+00:00,2002-02-27 08:00:00+00:00,docevent,2004
/api/v1/doc/document/rfc3788/,3788,rfc3788,Security Considerations for Signaling Transport (SIGTRAN) Protocols,2004-06-17 23:07:13+00:00,/api/v1/doc/document/draft-ietf-sigtran-security/,/api/v1/doc/document/draft-ietf-sigtran-security/,0,draft-ietf-sigtran-security,03,2015-10-14 20:50:38+00:00,,2002-10-28 08:00:00+00:00,2002-10-28 08:00:00+00:00,docevent,2004
/api/v1/doc/document/rfc3797/,3797,rfc3797,Publicly Verifiable Nominations Committee (NomCom) Random Selection,2004-06-17 23:09:54+00:00,/api/v1/doc/document/draft-eastlake-rfc2777bis-selection/,/api/v1/doc/document/draft-eastlake-rfc2777bis-selection/,0,draft-eastlake-rfc2777bis-selection,04,2022-07-21 07:15:26+00:00,,2001-07-16 07:00:00+00:00,2001-07-16 07:00:00+00:00,docevent,2004
/api/v1/doc/document/rfc3807/,3807,rfc3807,V5.2-User Adaptation Layer (V5UA),2004-06-17 23:12:13+00:00,/api/v1/doc/document/draft-ietf-sigtran-v5ua/,/api/v1/doc/document/draft-ietf-sigtran-v5ua/,0,draft-ietf-sigtran-v5ua,04,2015-10-14 20:50:10+00:00,,2001-02-20 08:00:00+00:00,2001-02-20 08:00:00+00:00,docevent,2004
/api/v1/doc/document/rfc3826/,3826,rfc3826,The Advanced Encryption Standard (AES) Cipher Algorithm in the SNMP User-based Security Model,2004-06-17 23:13:43+00:00,/api/v1/doc/document/draft-blumenthal-aes-usm/,/api/v1/doc/document/draft-blumenthal-aes-usm/,0,draft-blumenthal-aes-usm,08,2018-07-18 18:10:04+00:00,,2001-02-23 08:00:00+00:00,2001-02-23 08:00:00+00:00,docevent,2004
/api/v1/doc/document/rfc3827/,3827,rfc3827,Additional Snoop Datalink Types,2004-06-17 23:16:12+00:00,/api/v1/doc/document/draft-sarcar-snoop-new-types/,/api/v1/doc/document/draft-sarcar-snoop-new-types/,0,draft-sarcar-snoop-new-types,01,2013-03-02 16:58:04+00:00,,2003-10-17 07:00:00+00:00,2003-10-17 07:00:00+00:00,docevent,2004
/api/v1/doc/document/rfc3748/,3748,rfc3748,Extensible Authentication Protocol (EAP),2004-06-21 18:54:29+00:00,/api/v1/doc/document/draft-ietf-eap-rfc2284bis/,/api/v1/doc/document/draft-ietf-eap-rfc2284bis/,0,draft-ietf-eap-rfc2284bis,09,2017-10-05 07:17:29+00:00,,2003-02-10 08:00:00+00:00,2003-02-10 08:00:00+00:00,docevent,2004
/api/v1/doc/document/rfc3769/,3769,rfc3769,Requirements for IPv6 Prefix Delegation,2004-06-21 18:57:31+00:00,/api/v1/doc/document/draft-ietf-ipv6-prefix-delegation-requirement/,/api/v1/doc/document/draft-miyakawa-ipv6-prefix-delegation-requirement/,1,draft-miyakawa-ipv6-prefix-delegation-requirement,00,2002-06-25 07:00:00+00:00,,2002-06-25 07:00:00+00:00,2002-06-25 07:00:00+00:00,docevent,2004
/api/v1/doc/document/rfc3769/,3769,rfc3769,Requirements for IPv6 Prefix Delegation,2004-06-21 18:57:31+00:00,/api/v1/doc/document/draft-ietf-ipv6-prefix-delegation-requirement/,/api/v1/doc/document/draft-ietf-ipv6-prefix-delegation-requirement/,0,draft-ietf-ipv6-prefix-delegation-requirement,04,2015-10-14 20:50:33+00:00,,2002-11-07 08:00:00+00:00,2002-11-07 08:00:00+00:00,docevent,2004
/api/v1/doc/document/rfc3767/,3767,rfc3767,Securely Available Credentials Protocol,2004-06-21 18:57:34+00:00,/api/v1/doc/document/draft-ietf-sacred-protocol-bss/,/api/v1/doc/document/draft-ietf-sacred-protocol-bss/,0,draft-ietf-sacred-protocol-bss,09,2015-10-14 20:50:21+00:00,,2001-10-26 07:00:00+00:00,2001-10-26 07:00:00+00:00,docevent,2004
/api/v1/doc/document/rfc3784/,3784,rfc3784,Intermediate System to Intermediate System (IS-IS) Extensions for Traffic Engineering (TE),2004-06-21 18:59:37+00:00,/api/v1/doc/document/draft-ietf-isis-traffic/,/api/v1/doc/document/draft-ietf-isis-traffic/,0,draft-ietf-isis-traffic,05,2015-10-14 20:49:55+00:00,,1999-02-02 08:00:00+00:00,1999-02-02 08:00:00+00:00,docevent,2004
/api/v1/doc/document/rfc3812/,3812,rfc3812,Multiprotocol Label Switching (MPLS) Traffic Engineering (TE) Management Information Base (MIB),2004-06-21 19:01:27+00:00,/api/v1/doc/document/draft-ietf-mpls-te-mib/,/api/v1/doc/document/draft-ietf-mpls-te-mib/,0,draft-ietf-mpls-te-mib,14,2015-10-14 20:49:55+00:00,,1999-02-23 08:00:00+00:00,1999-02-23 08:00:00+00:00,docevent,2004
/api/v1/doc/document/rfc3813/,3813,rfc3813,Multiprotocol Label Switching (MPLS) Label Switching Router (LSR) Management Information Base (MIB),2004-06-21 19:03:34+00:00,/api/v1/doc/document/draft-ietf-mpls-lsr-mib/,/api/v1/doc/document/draft-ietf-mpls-lsr-mib/,0,draft-ietf-mpls-lsr-mib,14,2020-01-21 08:25:42+00:00,,1999-06-16 07:00:00+00:00,1999-06-16 07:00:00+00:00,docevent,2004
/api/v1/doc/document/rfc3814/,3814,rfc3814,Multiprotocol Label Switching (MPLS) Forwarding Equivalence Class To Next Hop Label Forwarding Entry (FEC-To-NHLFE) Management Information Base (MIB),2004-06-21 19:05:42+00:00,/api/v1/doc/document/draft-ietf-mpls-ftn-mib/,/api/v1/doc/document/draft-ietf-mpls-ftn-mib/,0,draft-ietf-mpls-ftn-mib,09,2015-10-14 20:50:05+00:00,,2000-09-21 07:00:00+00:00,2000-09-21 07:00:00+00:00,docevent,2004
/api/v1/doc/document/rfc3815/,3815,rfc3815,"Definitions of Managed Objects for the Multiprotocol Label Switching (MPLS), Label Distribution Protocol (LDP)",2004-06-21 19:07:37+00:00,/api/v1/doc/document/draft-ietf-mpls-ldp-mib/,/api/v1/doc/document/draft-ietf-mpls-ldp-mib/,0,draft-ietf-mpls-ldp-mib,14,2015-10-14 20:49:54+00:00,,1998-09-01 07:00:00+00:00,1998-09-01 07:00:00+00:00,docevent,2004
/api/v1/doc/document/rfc3817/,3817,rfc3817,Layer 2 Tunneling Protocol (L2TP) Active Discovery Relay for PPP over Ethernet (PPPoE),2004-06-21 19:08:35+00:00,/api/v1/doc/document/draft-dasilva-l2tp-relaysvc/,/api/v1/doc/document/draft-dasilva-l2tp-relaysvc/,0,draft-dasilva-l2tp-relaysvc,08,2015-10-14 20:50:17+00:00,,2001-07-17 07:00:00+00:00,2001-07-17 07:00:00+00:00,docevent,2004
/api/v1/doc/document/rfc3818/,3818,rfc3818,IANA Considerations for the Point-to-Point Protocol (PPP),2004-06-21 19:10:30+00:00,/api/v1/doc/document/draft-schryver-pppext-iana/,/api/v1/doc/document/draft-schryver-pppext-iana/,0,draft-schryver-pppext-iana,01,2013-03-02 16:58:04+00:00,,2003-05-19 07:00:00+00:00,2003-05-19 07:00:00+00:00,docevent,2004
/api/v1/doc/document/rfc3801/,3801,rfc3801,Voice Profile for Internet Mail - version 2 (VPIMv2),2004-06-24 21:22:43+00:00,/api/v1/doc/document/draft-ietf-vpim-vpimv2r2/,/api/v1/doc/document/draft-ietf-vpim-vpimv2r2/,0,draft-ietf-vpim-vpimv2r2,05,2015-10-14 20:50:03+00:00,,2000-07-13 07:00:00+00:00,2000-07-13 07:00:00+00:00,docevent,2004
/api/v1/doc/document/rfc3802/,3802,rfc3802,Toll Quality Voice - 32 kbit/s Adaptive Differential Pulse Code Modulation (ADPCM) MIME Sub-type Registration,2004-06-24 21:24:45+00:00,/api/v1/doc/document/draft-ietf-vpim-vpimv2r2-32k/,/api/v1/doc/document/draft-ietf-vpim-vpimv2r2-32k/,0,draft-ietf-vpim-vpimv2r2-32k,03,2015-10-14 20:50:07+00:00,,2000-11-20 08:00:00+00:00,2000-11-20 08:00:00+00:00,docevent,2004
/api/v1/doc/document/rfc3803/,3803,rfc3803,Content Duration MIME Header Definition,2004-06-24 21:26:43+00:00,/api/v1/doc/document/draft-ietf-vpim-vpimv2r2-dur/,/api/v1/doc/document/draft-ietf-vpim-vpimv2r2-dur/,0,draft-ietf-vpim-vpimv2r2-dur,03,2015-10-14 20:50:07+00:00,,2000-11-20 08:00:00+00:00,2000-11-20 08:00:00+00:00,docevent,2004
/api/v1/doc/document/rfc3804/,3804,rfc3804,Voice Profile for Internet Mail (VPIM) Addressing,2004-06-24 21:29:00+00:00,/api/v1/doc/document/draft-ietf-vpim-address/,/api/v1/doc/document/draft-ietf-vpim-address/,0,draft-ietf-vpim-address,03,2015-10-14 20:50:07+00:00,,2000-11-17 08:00:00+00:00,2000-11-17 08:00:00+00:00,docevent,2004
/api/v1/doc/document/rfc3823/,3823,rfc3823,MIME Media Type for the Systems Biology Markup Language (SBML),2004-06-24 21:30:34+00:00,/api/v1/doc/document/draft-sbml-media-type/,/api/v1/doc/document/draft-sbml-media-type/,0,draft-sbml-media-type,02,2015-10-14 20:50:51+00:00,,2003-10-08 07:00:00+00:00,2003-10-08 07:00:00+00:00,docevent,2004
/api/v1/doc/document/rfc3824/,3824,rfc3824,Using E.164 numbers with the Session Initiation Protocol (SIP),2004-06-29 23:18:07+00:00,/api/v1/doc/document/draft-ietf-sipping-e164/,/api/v1/doc/document/draft-ietf-sipping-e164/,0,draft-ietf-sipping-e164,04,2013-03-02 16:58:04+00:00,,2001-11-16 08:00:00+00:00,2001-11-16 08:00:00+00:00,docevent,2004
/api/v1/doc/document/rfc3820/,3820,rfc3820,Internet X.509 Public Key Infrastructure (PKI) Proxy Certificate Profile,2004-06-30 23:25:05+00:00,/api/v1/doc/document/draft-ietf-pkix-proxy/,/api/v1/doc/document/draft-ietf-pkix-proxy/,0,draft-ietf-pkix-proxy,10,2013-03-02 16:58:04+00:00,,2001-07-11 07:00:00+00:00,2001-07-11 07:00:00+00:00,docevent,2004
/api/v1/doc/document/rfc3843/,3843,rfc3843,RObust Header Compression (ROHC): A Compression Profile for IP,2004-06-30 23:27:02+00:00,/api/v1/doc/document/draft-ietf-rohc-ip-only/,/api/v1/doc/document/draft-ietf-rohc-ip-only/,0,draft-ietf-rohc-ip-only,05,2013-03-02 16:58:05+00:00,,2002-10-31 08:00:00+00:00,2002-10-31 08:00:00+00:00,docevent,2004
/api/v1/doc/document/rfc3846/,3846,rfc3846,Mobile IPv4 Extension for Carrying Network Access Identifiers,2004-06-30 23:28:20+00:00,/api/v1/doc/document/draft-ietf-mip4-aaa-nai/,/api/v1/doc/document/draft-ietf-mip4-aaa-nai/,0,draft-ietf-mip4-aaa-nai,02,2013-03-02 16:58:05+00:00,,2003-09-22 07:00:00+00:00,2003-09-22 07:00:00+00:00,docevent,2004
/api/v1/doc/document/rfc3825/,3825,rfc3825,Dynamic Host Configuration Protocol Option for Coordinate-based Location Configuration Information,2004-07-08 21:39:33+00:00,/api/v1/doc/document/draft-ietf-geopriv-dhcp-lci-option/,/api/v1/doc/document/draft-ietf-geopriv-dhcp-lci-option/,0,draft-ietf-geopriv-dhcp-lci-option,03,2013-03-02 16:58:04+00:00,,2003-05-12 07:00:00+00:00,2003-05-12 07:00:00+00:00,docevent,2004
/api/v1/doc/document/rfc3829/,3829,rfc3829,Lightweight Directory Access Protocol (LDAP) Authorization Identity Request and Response Controls,2004-07-08 21:41:04+00:00,/api/v1/doc/document/draft-weltman-ldapv3-auth-response/,/api/v1/doc/document/draft-weltman-ldapv3-auth-response/,0,draft-weltman-ldapv3-auth-response,09,2020-01-21 08:25:43+00:00,,1999-08-17 07:00:00+00:00,1999-08-17 07:00:00+00:00,docevent,2004
/api/v1/doc/document/rfc3847/,3847,rfc3847,Restart Signaling for Intermediate System to Intermediate System (IS-IS),2004-07-08 21:42:37+00:00,/api/v1/doc/document/draft-ietf-isis-restart/,/api/v1/doc/document/draft-ietf-isis-restart/,0,draft-ietf-isis-restart,05,2015-10-14 20:50:20+00:00,,2001-09-21 07:00:00+00:00,2001-09-21 07:00:00+00:00,docevent,2004
/api/v1/doc/document/rfc3819/,3819,rfc3819,Advice for Internet Subnetwork Designers,2004-07-13 20:45:49+00:00,/api/v1/doc/document/draft-ietf-pilc-link-design/,/api/v1/doc/document/draft-ietf-pilc-link-design/,0,draft-ietf-pilc-link-design,15,2015-10-14 20:49:58+00:00,,1999-10-14 07:00:00+00:00,1999-10-14 07:00:00+00:00,docevent,2004
/api/v1/doc/document/rfc3828/,3828,rfc3828,The Lightweight User Datagram Protocol (UDP-Lite),2004-07-13 20:49:53+00:00,/api/v1/doc/document/draft-ietf-tsvwg-udp-lite/,/api/v1/doc/document/draft-ietf-tsvwg-udp-lite/,0,draft-ietf-tsvwg-udp-lite,02,2013-03-02 16:58:04+00:00,,2002-01-25 08:00:00+00:00,2002-01-25 08:00:00+00:00,docevent,2004
/api/v1/doc/document/rfc3839/,3839,rfc3839,MIME Type Registrations for 3rd Generation Partnership Project (3GPP) Multimedia files,2004-07-13 20:52:23+00:00,/api/v1/doc/document/draft-singer-avt-3gpp-mime/,/api/v1/doc/document/draft-singer-avt-3gpp-mime/,0,draft-singer-avt-3gpp-mime,01,2015-10-14 20:50:50+00:00,,2003-08-19 07:00:00+00:00,2003-08-19 07:00:00+00:00,docevent,2004
/api/v1/doc/document/rfc3821/,3821,rfc3821,Fibre Channel Over TCP/IP (FCIP),2004-07-21 23:43:31+00:00,/api/v1/doc/document/draft-ietf-ips-fcovertcpip/,/api/v1/doc/document/draft-ietf-ips-fcovertcpip/,0,draft-ietf-ips-fcovertcpip,12,2015-10-14 20:50:06+00:00,,2000-10-31 08:00:00+00:00,2000-10-31 08:00:00+00:00,docevent,2004
/api/v1/doc/document/rfc3822/,3822,rfc3822,Finding Fibre Channel over TCP/IP (FCIP) Entities Using Service Location Protocol version 2 (SLPv2),2004-07-21 23:46:34+00:00,/api/v1/doc/document/draft-ietf-ips-fcip-slp/,/api/v1/doc/document/draft-ietf-ips-fcip-slp/,0,draft-ietf-ips-fcip-slp,09,2020-01-21 08:25:43+00:00,,2001-08-21 07:00:00+00:00,2001-08-21 07:00:00+00:00,docevent,2004
/api/v1/doc/document/rfc3850/,3850,rfc3850,Secure/Multipurpose Internet Mail Extensions (S/MIME) Version 3.1 Certificate Handling,2004-07-21 23:48:28+00:00,/api/v1/doc/document/draft-ietf-smime-rfc2632bis/,/api/v1/doc/document/draft-ietf-smime-rfc2632bis/,0,draft-ietf-smime-rfc2632bis,07,2015-10-14 20:50:27+00:00,,2002-02-11 08:00:00+00:00,2002-02-11 08:00:00+00:00,docevent,2004
/api/v1/doc/document/rfc3851/,3851,rfc3851,Secure/Multipurpose Internet Mail Extensions (S/MIME) Version 3.1 Message Specification,2004-07-21 23:50:28+00:00,/api/v1/doc/document/draft-ietf-smime-rfc2633bis/,/api/v1/doc/document/draft-ietf-smime-rfc2633bis/,0,draft-ietf-smime-rfc2633bis,09,2015-10-14 20:50:27+00:00,,2002-02-11 08:00:00+00:00,2002-02-11 08:00:00+00:00,docevent,2004
/api/v1/doc/document/rfc3852/,3852,rfc3852,Cryptographic Message Syntax (CMS),2004-07-21 23:52:28+00:00,/api/v1/doc/document/draft-ietf-smime-rfc3369bis/,/api/v1/doc/document/draft-ietf-smime-rfc3369bis/,0,draft-ietf-smime-rfc3369bis,04,2020-01-21 08:25:46+00:00,,2004-03-16 08:00:00+00:00,2004-03-16 08:00:00+00:00,docevent,2004
/api/v1/doc/document/rfc3853/,3853,rfc3853,S/MIME Advanced Encryption Standard (AES) Requirement for the Session Initiation Protocol (SIP),2004-07-21 23:54:32+00:00,/api/v1/doc/document/draft-ietf-sip-smime-aes/,/api/v1/doc/document/draft-ietf-sip-smime-aes/,0,draft-ietf-sip-smime-aes,01,2015-10-14 20:50:43+00:00,,2003-02-26 08:00:00+00:00,2003-02-26 08:00:00+00:00,docevent,2004
/api/v1/doc/document/rfc3866/,3866,rfc3866,Language Tags and Ranges in the Lightweight Directory Access Protocol (LDAP),2004-07-21 23:55:59+00:00,/api/v1/doc/document/draft-zeilenga-ldap-rfc2596/,/api/v1/doc/document/draft-zeilenga-ldap-rfc2596/,0,draft-zeilenga-ldap-rfc2596,05,2020-01-21 08:25:47+00:00,,2001-11-14 08:00:00+00:00,2001-11-14 08:00:00+00:00,docevent,2004
/api/v1/doc/document/rfc3831/,3831,rfc3831,Transmission of IPv6 Packets over Fibre Channel,2004-07-24 00:45:39+00:00,/api/v1/doc/document/draft-ietf-imss-ipv6-over-fibre-channel/,/api/v1/doc/document/draft-desanti-ipv6-over-fibre-channel/,1,draft-desanti-ipv6-over-fibre-channel,02,2015-10-14 20:50:37+00:00,,2002-10-21 07:00:00+00:00,2002-10-21 07:00:00+00:00,docevent,2004
/api/v1/doc/document/rfc3831/,3831,rfc3831,Transmission of IPv6 Packets over Fibre Channel,2004-07-24 00:45:39+00:00,/api/v1/doc/document/draft-ietf-imss-ipv6-over-fibre-channel/,/api/v1/doc/document/draft-ietf-imss-ipv6-over-fibre-channel/,0,draft-ietf-imss-ipv6-over-fibre-channel,02,2015-10-14 20:50:37+00:00,,2003-10-21 07:00:00+00:00,2003-10-21 07:00:00+00:00,docevent,2004
/api/v1/doc/document/rfc3848/,3848,rfc3848,ESMTP and LMTP Transmission Types Registration,2004-07-24 00:49:09+00:00,/api/v1/doc/document/draft-newman-esmtpsa/,/api/v1/doc/document/draft-newman-esmtpsa/,0,draft-newman-esmtpsa,01,2015-10-14 20:50:49+00:00,,2003-07-25 07:00:00+00:00,2003-07-25 07:00:00+00:00,docevent,2004
/api/v1/doc/document/rfc3849/,3849,rfc3849,IPv6 Address Prefix Reserved for Documentation,2004-07-29 00:22:57+00:00,/api/v1/doc/document/draft-huston-ipv6-documentation-prefix/,/api/v1/doc/document/draft-huston-ipv6-documentation-prefix/,0,draft-huston-ipv6-documentation-prefix,03,2013-03-02 16:58:06+00:00,,2003-02-14 08:00:00+00:00,2003-02-14 08:00:00+00:00,docevent,2004
/api/v1/doc/document/rfc3854/,3854,rfc3854,Securing X.400 Content with Secure/Multipurpose Internet Mail Extensions (S/MIME),2004-07-29 00:23:57+00:00,/api/v1/doc/document/draft-ietf-smime-x400wrap/,/api/v1/doc/document/draft-ietf-smime-x400wrap/,0,draft-ietf-smime-x400wrap,09,2013-03-02 16:58:06+00:00,,2000-11-03 08:00:00+00:00,2000-11-03 08:00:00+00:00,docevent,2004
/api/v1/doc/document/rfc3855/,3855,rfc3855,Transporting Secure/Multipurpose Internet Mail Extensions (S/MIME) Objects in X.400,2004-07-29 00:27:04+00:00,/api/v1/doc/document/draft-ietf-smime-x400transport/,/api/v1/doc/document/draft-ietf-smime-x400transport/,0,draft-ietf-smime-x400transport,09,2021-01-29 08:26:55+00:00,,2000-11-03 08:00:00+00:00,2000-11-03 08:00:00+00:00,docevent,2004
/api/v1/doc/document/rfc3832/,3832,rfc3832,Remote Service Discovery in the Service Location Protocol (SLP) via DNS SRV,2004-07-29 22:46:14+00:00,/api/v1/doc/document/draft-zhao-slp-remote-da-discovery/,/api/v1/doc/document/draft-zhao-slp-remote-da-discovery/,0,draft-zhao-slp-remote-da-discovery,06,2015-10-14 20:50:17+00:00,,2001-07-17 07:00:00+00:00,2001-07-17 07:00:00+00:00,docevent,2004
/api/v1/doc/document/rfc3845/,3845,rfc3845,DNS Security (DNSSEC) NextSECure (NSEC) RDATA Format,2004-08-18 00:19:12+00:00,/api/v1/doc/document/draft-ietf-dnsext-nsec-rdata/,/api/v1/doc/document/draft-ietf-dnsext-nsec-rdata/,0,draft-ietf-dnsext-nsec-rdata,06,2015-10-14 20:50:56+00:00,,2003-12-01 08:00:00+00:00,2003-12-01 08:00:00+00:00,docevent,2004
/api/v1/doc/document/rfc3860/,3860,rfc3860,Common Profile for Instant Messaging (CPIM),2004-08-18 00:22:29+00:00,/api/v1/doc/document/draft-ietf-impp-im/,/api/v1/doc/document/draft-ietf-impp-im/,0,draft-ietf-impp-im,04,2015-10-14 20:50:39+00:00,,2002-10-29 08:00:00+00:00,2002-10-29 08:00:00+00:00,docevent,2004
/api/v1/doc/document/rfc3859/,3859,rfc3859,Common Profile for Presence (CPP),2004-08-18 00:22:32+00:00,/api/v1/doc/document/draft-ietf-impp-pres/,/api/v1/doc/document/draft-ietf-impp-pres/,0,draft-ietf-impp-pres,04,2017-03-08 08:09:40+00:00,,2002-10-29 08:00:00+00:00,2002-10-29 08:00:00+00:00,docevent,2004
/api/v1/doc/document/rfc3861/,3861,rfc3861,Address Resolution for Instant Messaging and Presence,2004-08-18 00:24:25+00:00,/api/v1/doc/document/draft-ietf-impp-srv/,/api/v1/doc/document/draft-ietf-impp-srv/,0,draft-ietf-impp-srv,04,2015-10-14 20:50:38+00:00,,2002-10-29 08:00:00+00:00,2002-10-29 08:00:00+00:00,docevent,2004
/api/v1/doc/document/rfc3862/,3862,rfc3862,Common Presence and Instant Messaging (CPIM): Message Format,2004-08-18 00:25:29+00:00,/api/v1/doc/document/draft-ietf-impp-cpim-msgfmt/,/api/v1/doc/document/draft-ietf-impp-cpim-msgfmt/,0,draft-ietf-impp-cpim-msgfmt,08,2015-10-14 20:50:10+00:00,,2001-02-12 08:00:00+00:00,2001-02-12 08:00:00+00:00,docevent,2004
/api/v1/doc/document/rfc3863/,3863,rfc3863,Presence Information Data Format (PIDF),2004-08-18 00:27:12+00:00,/api/v1/doc/document/draft-ietf-impp-cpim-pidf/,/api/v1/doc/document/draft-ietf-impp-cpim-pidf/,0,draft-ietf-impp-cpim-pidf,08,2020-01-21 08:25:47+00:00,,2001-08-16 07:00:00+00:00,2001-08-16 07:00:00+00:00,docevent,2004
/api/v1/doc/document/rfc3833/,3833,rfc3833,Threat Analysis of the Domain Name System (DNS),2004-08-24 23:57:48+00:00,/api/v1/doc/document/draft-ietf-dnsext-dns-threats/,/api/v1/doc/document/draft-ietf-dnsext-dns-threats/,0,draft-ietf-dnsext-dns-threats,07,2015-10-14 20:50:23+00:00,,2001-11-19 08:00:00+00:00,2001-11-19 08:00:00+00:00,docevent,2004
/api/v1/doc/document/rfc3869/,3869,rfc3869,IAB Concerns and Recommendations Regarding Internet Research and Evolution,2004-08-25 00:00:29+00:00,/api/v1/doc/document/draft-iab-research-funding/,/api/v1/doc/document/draft-iab-research-funding/,0,draft-iab-research-funding,03,2015-10-14 20:50:42+00:00,,2003-02-20 08:00:00+00:00,2003-02-20 08:00:00+00:00,docevent,2004
/api/v1/doc/document/rfc3834/,3834,rfc3834,Recommendations for Automatic Responses to Electronic Mail,2004-08-25 23:43:27+00:00,/api/v1/doc/document/draft-moore-auto-email-response/,/api/v1/doc/document/draft-moore-auto-email-response/,0,draft-moore-auto-email-response,05,2020-01-21 08:25:46+00:00,,2002-06-07 07:00:00+00:00,2002-06-07 07:00:00+00:00,docevent,2004
/api/v1/doc/document/rfc3830/,3830,rfc3830,MIKEY: Multimedia Internet KEYing,2004-08-27 23:56:21+00:00,/api/v1/doc/document/draft-ietf-msec-mikey/,/api/v1/doc/document/draft-ietf-msec-mikey/,0,draft-ietf-msec-mikey,08,2020-01-21 08:25:45+00:00,,2001-11-13 08:00:00+00:00,2001-11-13 08:00:00+00:00,docevent,2004
/api/v1/doc/document/rfc3844/,3844,rfc3844,IETF Problem Resolution Process,2004-08-27 23:58:14+00:00,/api/v1/doc/document/draft-ietf-problem-process/,/api/v1/doc/document/draft-ietf-problem-process/,0,draft-ietf-problem-process,04,2015-10-14 20:50:46+00:00,,2003-05-12 07:00:00+00:00,2003-05-12 07:00:00+00:00,docevent,2004
/api/v1/doc/document/rfc3840/,3840,rfc3840,Indicating User Agent Capabilities in the Session Initiation Protocol (SIP),2004-08-31 15:41:34+00:00,/api/v1/doc/document/draft-ietf-sip-callee-caps/,/api/v1/doc/document/draft-ietf-sip-callee-caps/,0,draft-ietf-sip-callee-caps,03,2015-10-14 20:50:49+00:00,,2003-06-26 07:00:00+00:00,2003-06-26 07:00:00+00:00,docevent,2004
/api/v1/doc/document/rfc3841/,3841,rfc3841,Caller Preferences for the Session Initiation Protocol (SIP),2004-08-31 15:43:33+00:00,/api/v1/doc/document/draft-ietf-sip-callerprefs/,/api/v1/doc/document/draft-ietf-sip-callerprefs/,0,draft-ietf-sip-callerprefs,10,2015-10-14 20:49:58+00:00,,1999-10-28 07:00:00+00:00,1999-10-28 07:00:00+00:00,docevent,2004
/api/v1/doc/document/rfc3842/,3842,rfc3842,A Message Summary and Message Waiting Indication Event Package for the Session Initiation Protocol (SIP),2004-08-31 15:45:46+00:00,/api/v1/doc/document/draft-ietf-sipping-mwi/,/api/v1/doc/document/draft-ietf-sipping-mwi/,0,draft-ietf-sipping-mwi,04,2015-10-14 20:50:32+00:00,,2002-06-20 07:00:00+00:00,2002-06-20 07:00:00+00:00,docevent,2004
/api/v1/doc/document/rfc3856/,3856,rfc3856,A Presence Event Package for the Session Initiation Protocol (SIP),2004-08-31 15:49:32+00:00,/api/v1/doc/document/draft-ietf-simple-presence/,/api/v1/doc/document/draft-ietf-simple-presence/,0,draft-ietf-simple-presence,10,2020-01-21 08:25:47+00:00,,2001-04-02 07:00:00+00:00,2001-04-02 07:00:00+00:00,docevent,2004
/api/v1/doc/document/rfc3857/,3857,rfc3857,A Watcher Information Event Template-Package for the Session Initiation Protocol (SIP),2004-08-31 15:54:02+00:00,/api/v1/doc/document/draft-ietf-simple-winfo-package/,/api/v1/doc/document/draft-ietf-simple-winfo-package/,0,draft-ietf-simple-winfo-package,05,2018-07-18 18:10:09+00:00,,2001-07-19 07:00:00+00:00,2001-07-19 07:00:00+00:00,docevent,2004
/api/v1/doc/document/rfc3858/,3858,rfc3858,An Extensible Markup Language (XML) Based Format for Watcher Information,2004-08-31 15:55:08+00:00,/api/v1/doc/document/draft-ietf-simple-winfo-format/,/api/v1/doc/document/draft-ietf-simple-winfo-format/,0,draft-ietf-simple-winfo-format,04,2018-07-18 18:10:11+00:00,,2001-07-18 07:00:00+00:00,2001-07-18 07:00:00+00:00,docevent,2004
/api/v1/doc/document/rfc3835/,3835,rfc3835,An Architecture for Open Pluggable Edge Services (OPES),2004-08-31 23:45:39+00:00,/api/v1/doc/document/draft-ietf-opes-architecture/,/api/v1/doc/document/draft-ietf-opes-architecture/,0,draft-ietf-opes-architecture,04,2015-10-14 20:50:31+00:00,,2002-05-03 07:00:00+00:00,2002-05-03 07:00:00+00:00,docevent,2004
/api/v1/doc/document/rfc3836/,3836,rfc3836,Requirements for Open Pluggable Edge Services (OPES) Callout Protocols,2004-08-31 23:46:36+00:00,/api/v1/doc/document/draft-ietf-opes-protocol-reqs/,/api/v1/doc/document/draft-ietf-opes-protocol-reqs/,0,draft-ietf-opes-protocol-reqs,03,2015-10-14 20:50:31+00:00,,2002-05-28 07:00:00+00:00,2002-05-28 07:00:00+00:00,docevent,2004
/api/v1/doc/document/rfc3837/,3837,rfc3837,Security Threats and Risks for Open Pluggable Edge Services (OPES),2004-08-31 23:48:41+00:00,/api/v1/doc/document/draft-ietf-opes-threats/,/api/v1/doc/document/draft-ietf-opes-threats/,0,draft-ietf-opes-threats,03,2015-10-14 20:50:37+00:00,,2002-10-21 07:00:00+00:00,2002-10-21 07:00:00+00:00,docevent,2004
/api/v1/doc/document/rfc3838/,3838,rfc3838,"Policy, Authorization, and Enforcement Requirements of the Open Pluggable Edge Services (OPES)",2004-08-31 23:49:38+00:00,/api/v1/doc/document/draft-ietf-opes-authorization/,/api/v1/doc/document/draft-ietf-opes-authorization/,0,draft-ietf-opes-authorization,03,2015-10-14 20:50:36+00:00,,2002-09-03 07:00:00+00:00,2002-09-03 07:00:00+00:00,docevent,2004
/api/v1/doc/document/rfc3870/,3870,rfc3870,application/rdf+xml Media Type Registration,2004-09-15 00:31:19+00:00,/api/v1/doc/document/draft-swartz-rdfcore-rdfxml-mediatype/,/api/v1/doc/document/draft-swartz-rdfcore-rdfxml-mediatype/,0,draft-swartz-rdfcore-rdfxml-mediatype,05,2015-10-14 20:50:30+00:00,,2002-04-05 08:00:00+00:00,2002-04-05 08:00:00+00:00,docevent,2004
/api/v1/doc/document/rfc3871/,3871,rfc3871,Operational Security Requirements for Large Internet Service Provider (ISP) IP Network Infrastructure,2004-09-15 00:31:25+00:00,/api/v1/doc/document/draft-jones-opsec/,/api/v1/doc/document/draft-jones-opsec/,0,draft-jones-opsec,06,2015-10-14 20:50:46+00:00,,2003-06-09 07:00:00+00:00,2003-06-09 07:00:00+00:00,docevent,2004
/api/v1/doc/document/rfc3874/,3874,rfc3874,A 224-bit One-way Hash Function: SHA-224,2004-09-15 00:33:29+00:00,/api/v1/doc/document/draft-ietf-pkix-sha224/,/api/v1/doc/document/draft-ietf-pkix-sha244/,1,draft-ietf-pkix-sha244,02,2003-12-18 08:00:00+00:00,,2003-12-05 08:00:00+00:00,2003-12-05 08:00:00+00:00,docevent,2004
/api/v1/doc/document/rfc3874/,3874,rfc3874,A 224-bit One-way Hash Function: SHA-224,2004-09-15 00:33:29+00:00,/api/v1/doc/document/draft-ietf-pkix-sha224/,/api/v1/doc/document/draft-ietf-pkix-sha224/,0,draft-ietf-pkix-sha224,01,2017-10-13 21:08:37+00:00,,2004-01-14 08:00:00+00:00,2004-01-14 08:00:00+00:00,docevent,2004
/api/v1/doc/document/rfc3876/,3876,rfc3876,Returning Matched Values with the Lightweight Directory Access Protocol version 3 (LDAPv3),2004-09-15 00:34:23+00:00,/api/v1/doc/document/draft-ietf-ldapext-matchedval/,/api/v1/doc/document/draft-ietf-ldapext-matchedval/,0,draft-ietf-ldapext-matchedval,07,2015-10-14 20:49:57+00:00,,1999-08-20 07:00:00+00:00,1999-08-20 07:00:00+00:00,docevent,2004
/api/v1/doc/document/rfc3879/,3879,rfc3879,Deprecating Site Local Addresses,2004-09-15 00:36:02+00:00,/api/v1/doc/document/draft-ietf-ipv6-deprecate-site-local/,/api/v1/doc/document/draft-ietf-ipv6-deprecate-site-local/,0,draft-ietf-ipv6-deprecate-site-local,03,2013-03-02 16:58:07+00:00,,2003-08-26 07:00:00+00:00,2003-08-26 07:00:00+00:00,docevent,2004
/api/v1/doc/document/rfc3864/,3864,rfc3864,Registration Procedures for Message Header Fields,2004-09-18 00:47:15+00:00,/api/v1/doc/document/draft-klyne-msghdr-registry/,/api/v1/doc/document/draft-klyne-msghdr-registry/,0,draft-klyne-msghdr-registry,07,2015-10-14 20:50:20+00:00,,2001-09-27 07:00:00+00:00,2001-09-27 07:00:00+00:00,docevent,2004
/api/v1/doc/document/rfc3865/,3865,rfc3865,A No Soliciting Simple Mail Transfer Protocol (SMTP) Service Extension,2004-09-18 00:47:17+00:00,/api/v1/doc/document/draft-malamud-no-soliciting/,/api/v1/doc/document/draft-malamud-no-soliciting/,0,draft-malamud-no-soliciting,07,2015-10-14 20:50:49+00:00,,2003-07-24 07:00:00+00:00,2003-07-24 07:00:00+00:00,docevent,2004
/api/v1/doc/document/rfc3872/,3872,rfc3872,Management Information Base for Telephony Routing over IP (TRIP),2004-09-18 00:49:10+00:00,/api/v1/doc/document/draft-ietf-iptel-trip-mib/,/api/v1/doc/document/draft-ietf-iptel-trip-mib/,0,draft-ietf-iptel-trip-mib,10,2015-10-14 20:50:19+00:00,,2001-08-20 07:00:00+00:00,2001-08-20 07:00:00+00:00,docevent,2004
/api/v1/doc/document/rfc3873/,3873,rfc3873,Stream Control Transmission Protocol (SCTP) Management Information Base (MIB),2004-09-18 00:57:16+00:00,/api/v1/doc/document/draft-ietf-sigtran-sctp-mib/,/api/v1/doc/document/draft-ietf-sigtran-sctp-mib/,0,draft-ietf-sigtran-sctp-mib,10,2018-12-20 08:19:39+00:00,,2000-03-07 08:00:00+00:00,2000-03-07 08:00:00+00:00,docevent,2004
/api/v1/doc/document/rfc3890/,3890,rfc3890,A Transport Independent Bandwidth Modifier for the Session Description Protocol (SDP),2004-09-18 01:00:16+00:00,/api/v1/doc/document/draft-ietf-mmusic-sdp-bwparam/,/api/v1/doc/document/draft-westerlund-mmusic-sdp-bwparam/,1,draft-westerlund-mmusic-sdp-bwparam,01,2008-07-11 07:00:00+00:00,,2002-10-07 07:00:00+00:00,2002-10-07 07:00:00+00:00,docevent,2004
/api/v1/doc/document/rfc3890/,3890,rfc3890,A Transport Independent Bandwidth Modifier for the Session Description Protocol (SDP),2004-09-18 01:00:16+00:00,/api/v1/doc/document/draft-ietf-mmusic-sdp-bwparam/,/api/v1/doc/document/draft-ietf-mmusic-sdp-bwparam/,0,draft-ietf-mmusic-sdp-bwparam,06,2018-12-20 08:19:41+00:00,,2003-01-30 08:00:00+00:00,2003-01-30 08:00:00+00:00,docevent,2004
/api/v1/doc/document/rfc3877/,3877,rfc3877,Alarm Management Information Base (MIB),2004-09-21 15:43:48+00:00,/api/v1/doc/document/draft-ietf-disman-alarm-mib/,/api/v1/doc/document/draft-chisholm-disman-active-alarm/,1,draft-chisholm-disman-active-alarm,01,2000-10-23 07:00:00+00:00,,2000-08-08 07:00:00+00:00,2000-08-08 07:00:00+00:00,docevent,2004
/api/v1/doc/document/rfc3877/,3877,rfc3877,Alarm Management Information Base (MIB),2004-09-21 15:43:48+00:00,/api/v1/doc/document/draft-ietf-disman-alarm-mib/,/api/v1/doc/document/draft-ietf-disman-alarm-mib/,0,draft-ietf-disman-alarm-mib,18,2020-01-21 08:25:48+00:00,,2001-01-30 08:00:00+00:00,2001-01-30 08:00:00+00:00,docevent,2004
/api/v1/doc/document/rfc3895/,3895,rfc3895,"Definitions of Managed Objects for the DS1, E1, DS2, and E2 Interface Types",2004-09-24 16:24:00+00:00,/api/v1/doc/document/draft-ietf-atommib-rfc2495bis/,/api/v1/doc/document/draft-ietf-atommib-rfc2495bis/,0,draft-ietf-atommib-rfc2495bis,06,2015-10-14 20:50:24+00:00,,2002-01-16 08:00:00+00:00,2002-01-16 08:00:00+00:00,docevent,2004
/api/v1/doc/document/rfc3896/,3896,rfc3896,Definitions of Managed Objects for the DS3/E3 Interface Type,2004-09-24 16:27:05+00:00,/api/v1/doc/document/draft-ietf-atommib-rfc2496bis/,/api/v1/doc/document/draft-ietf-atommib-rfc2496bis/,0,draft-ietf-atommib-rfc2496bis,06,2015-10-14 20:50:24+00:00,,2002-01-16 08:00:00+00:00,2002-01-16 08:00:00+00:00,docevent,2004
/api/v1/doc/document/rfc3897/,3897,rfc3897,Open Pluggable Edge Services (OPES) Entities and End Points Communication,2004-09-24 16:30:02+00:00,/api/v1/doc/document/draft-ietf-opes-end-comm/,/api/v1/doc/document/draft-ietf-opes-end-comm/,0,draft-ietf-opes-end-comm,08,2015-10-14 20:50:47+00:00,,2003-06-11 07:00:00+00:00,2003-06-11 07:00:00+00:00,docevent,2004
/api/v1/doc/document/rfc3901/,3901,rfc3901,DNS IPv6 Transport Operational Guidelines,2004-09-24 16:30:59+00:00,/api/v1/doc/document/draft-ietf-dnsop-ipv6-transport-guidelines/,/api/v1/doc/document/draft-ietf-dnsop-ipv6-transport-guidelines/,0,draft-ietf-dnsop-ipv6-transport-guidelines,02,2013-03-02 16:58:08+00:00,,2003-06-19 07:00:00+00:00,2003-06-19 07:00:00+00:00,docevent,2004
/api/v1/doc/document/rfc3905/,3905,rfc3905,A Template for IETF Patent Disclosures and Licensing Declarations,2004-09-24 16:35:58+00:00,/api/v1/doc/document/draft-ietf-ipr-template/,/api/v1/doc/document/draft-ietf-ipr-template/,0,draft-ietf-ipr-template,09,2020-07-29 07:30:16+00:00,,2003-05-06 07:00:00+00:00,2003-05-06 07:00:00+00:00,docevent,2004
/api/v1/doc/document/rfc3912/,3912,rfc3912,WHOIS Protocol Specification,2004-09-24 16:38:31+00:00,/api/v1/doc/document/draft-daigle-rfc954bis/,/api/v1/doc/document/draft-daigle-rfc954bis/,0,draft-daigle-rfc954bis,01,2013-03-02 16:58:09+00:00,,2003-06-12 07:00:00+00:00,2003-06-12 07:00:00+00:00,docevent,2004
/api/v1/doc/document/rfc3902/,3902,rfc3902,"The ""application/soap+xml"" media type",2004-09-28 22:00:01+00:00,/api/v1/doc/document/draft-baker-soap-media-reg/,/api/v1/doc/document/draft-baker-soap-media-reg/,0,draft-baker-soap-media-reg,06,2015-10-14 20:50:24+00:00,,2002-01-15 08:00:00+00:00,2002-01-15 08:00:00+00:00,docevent,2004
/api/v1/doc/document/rfc3884/,3884,rfc3884,Use of IPsec Transport Mode for Dynamic Routing,2004-09-28 22:02:24+00:00,/api/v1/doc/document/draft-touch-ipsec-vpn/,/api/v1/doc/document/draft-touch-ipsec-vpn/,0,draft-touch-ipsec-vpn,07,2015-10-14 20:50:01+00:00,,2000-12-01 08:00:00+00:00,2000-12-01 08:00:00+00:00,docevent,2004
/api/v1/doc/document/rfc3878/,3878,rfc3878,Alarm Reporting Control Management Information Base (MIB),2004-09-28 22:55:24+00:00,/api/v1/doc/document/draft-ietf-disman-conditionmib/,/api/v1/doc/document/draft-ietf-disman-conditionmib/,0,draft-ietf-disman-conditionmib,10,2015-10-14 20:50:17+00:00,,2001-07-23 07:00:00+00:00,2001-07-23 07:00:00+00:00,docevent,2004
/api/v1/doc/document/rfc3891/,3891,rfc3891,"The Session Initiation Protocol (SIP) ""Replaces"" Header",2004-09-28 22:57:26+00:00,/api/v1/doc/document/draft-ietf-sip-replaces/,/api/v1/doc/document/draft-ietf-sip-replaces/,0,draft-ietf-sip-replaces,05,2022-09-30 07:14:30+00:00,,2002-01-16 08:00:00+00:00,2002-01-16 08:00:00+00:00,docevent,2004
/api/v1/doc/document/rfc3892/,3892,rfc3892,The Session Initiation Protocol (SIP) Referred-By Mechanism,2004-09-28 23:01:14+00:00,/api/v1/doc/document/draft-ietf-sip-referredby/,/api/v1/doc/document/draft-ietf-sip-referredby/,0,draft-ietf-sip-referredby,05,2015-10-14 20:50:31+00:00,,2002-05-23 07:00:00+00:00,2002-05-23 07:00:00+00:00,docevent,2004
/api/v1/doc/document/rfc3893/,3893,rfc3893,Session Initiation Protocol (SIP) Authenticated Identity Body (AIB) Format,2004-09-28 23:01:25+00:00,/api/v1/doc/document/draft-ietf-sip-authid-body/,/api/v1/doc/document/draft-ietf-sip-authid-body/,0,draft-ietf-sip-authid-body,03,2015-10-14 20:50:39+00:00,,2002-10-31 08:00:00+00:00,2002-10-31 08:00:00+00:00,docevent,2004
/api/v1/doc/document/rfc3904/,3904,rfc3904,Evaluation of IPv6 Transition Mechanisms for Unmanaged Networks,2004-09-28 23:04:44+00:00,/api/v1/doc/document/draft-ietf-v6ops-unmaneval/,/api/v1/doc/document/draft-ietf-v6ops-unmaneval/,0,draft-ietf-v6ops-unmaneval,03,2013-03-02 16:58:08+00:00,,2003-06-27 07:00:00+00:00,2003-06-27 07:00:00+00:00,docevent,2004
/api/v1/doc/document/rfc3913/,3913,rfc3913,Border Gateway Multicast Protocol (BGMP): Protocol Specification,2004-09-28 23:05:38+00:00,/api/v1/doc/document/draft-ietf-bgmp-spec/,/api/v1/doc/document/draft-ietf-bgmp-spec/,0,draft-ietf-bgmp-spec,06,2015-10-14 20:49:59+00:00,,2000-01-10 08:00:00+00:00,2000-01-10 08:00:00+00:00,docevent,2004
/api/v1/doc/document/rfc3885/,3885,rfc3885,SMTP Service Extension for Message Tracking,2004-09-29 23:21:47+00:00,/api/v1/doc/document/draft-ietf-msgtrk-smtpext/,/api/v1/doc/document/draft-ietf-msgtrk-smtpext/,0,draft-ietf-msgtrk-smtpext,05,2015-10-14 20:50:09+00:00,,2000-12-19 08:00:00+00:00,2000-12-19 08:00:00+00:00,docevent,2004
/api/v1/doc/document/rfc3886/,3886,rfc3886,An Extensible Message Format for Message Tracking Responses,2004-09-29 23:21:50+00:00,/api/v1/doc/document/draft-ietf-msgtrk-trkstat/,/api/v1/doc/document/draft-ietf-msgtrk-trkstat/,0,draft-ietf-msgtrk-trkstat,05,2020-01-21 08:25:49+00:00,,2000-12-19 08:00:00+00:00,2000-12-19 08:00:00+00:00,docevent,2004
/api/v1/doc/document/rfc3887/,3887,rfc3887,Message Tracking Query Protocol,2004-09-29 23:21:52+00:00,/api/v1/doc/document/draft-ietf-msgtrk-mtqp/,/api/v1/doc/document/draft-ietf-msgtrk-mtqp/,0,draft-ietf-msgtrk-mtqp,12,2020-01-21 08:25:49+00:00,,2000-07-20 07:00:00+00:00,2000-07-20 07:00:00+00:00,docevent,2004
/api/v1/doc/document/rfc3888/,3888,rfc3888,Message Tracking Model and Requirements,2004-09-29 23:21:55+00:00,/api/v1/doc/document/draft-ietf-msgtrk-model/,/api/v1/doc/document/draft-ietf-msgtrk-model/,0,draft-ietf-msgtrk-model,07,2015-10-14 20:49:57+00:00,,1999-09-14 07:00:00+00:00,1999-09-14 07:00:00+00:00,docevent,2004
/api/v1/doc/document/rfc3881/,3881,rfc3881,Security Audit and Access Accountability Message XML Data Definitions for Healthcare Applications,2004-10-01 20:12:28+00:00,/api/v1/doc/document/draft-marshall-security-audit/,/api/v1/doc/document/draft-marshall-security-audit/,0,draft-marshall-security-audit,12,2015-10-14 20:50:40+00:00,,2002-12-02 08:00:00+00:00,2002-12-02 08:00:00+00:00,docevent,2004
/api/v1/doc/document/rfc3915/,3915,rfc3915,Domain Registry Grace Period Mapping for the Extensible Provisioning Protocol (EPP),2004-10-01 20:14:27+00:00,/api/v1/doc/document/draft-hollenbeck-epp-rgp/,/api/v1/doc/document/draft-hollenbeck-epp-rgp/,0,draft-hollenbeck-epp-rgp,04,2022-10-25 07:14:58+00:00,,2003-05-19 07:00:00+00:00,2003-05-19 07:00:00+00:00,docevent,2004
/api/v1/doc/document/rfc3916/,3916,rfc3916,Requirements for Pseudo-Wire Emulation Edge-to-Edge (PWE3),2004-10-01 20:15:03+00:00,/api/v1/doc/document/draft-ietf-pwe3-requirements/,/api/v1/doc/document/draft-ietf-pwe3-requirements/,0,draft-ietf-pwe3-requirements,08,2015-10-14 20:50:14+00:00,,2001-05-21 07:00:00+00:00,2001-05-21 07:00:00+00:00,docevent,2004
/api/v1/doc/document/rfc3882/,3882,rfc3882,Configuring BGP to Block Denial-of-Service Attacks,2004-10-01 23:34:31+00:00,/api/v1/doc/document/draft-turk-bgp-dos/,/api/v1/doc/document/draft-turk-bgp-dos/,0,draft-turk-bgp-dos,06,2015-10-14 20:50:34+00:00,,2002-08-29 07:00:01+00:00,2002-08-29 07:00:01+00:00,docevent,2004
/api/v1/doc/document/rfc3894/,3894,rfc3894,Sieve Extension: Copying Without Side Effects,2004-10-04 23:59:47+00:00,/api/v1/doc/document/draft-degener-sieve-copy/,/api/v1/doc/document/draft-degener-sieve-copy/,0,draft-degener-sieve-copy,03,2018-12-20 08:19:41+00:00,,2003-04-21 07:00:00+00:00,2003-04-21 07:00:00+00:00,docevent,2004
/api/v1/doc/document/rfc3918/,3918,rfc3918,Methodology for IP Multicast Benchmarking,2004-10-05 00:01:19+00:00,/api/v1/doc/document/draft-ietf-bmwg-mcastm/,/api/v1/doc/document/draft-ietf-bmwg-mcastm/,0,draft-ietf-bmwg-mcastm,14,2018-12-20 08:19:42+00:00,,1999-03-09 08:00:00+00:00,1999-03-09 08:00:00+00:00,docevent,2004
/api/v1/doc/document/rfc3920/,3920,rfc3920,Extensible Messaging and Presence Protocol (XMPP): Core,2004-10-05 00:03:29+00:00,/api/v1/doc/document/draft-ietf-xmpp-core/,/api/v1/doc/document/draft-ietf-xmpp-core/,0,draft-ietf-xmpp-core,24,2020-01-21 08:25:50+00:00,,2002-12-09 08:00:00+00:00,2002-12-09 08:00:00+00:00,docevent,2004
/api/v1/doc/document/rfc3921/,3921,rfc3921,Extensible Messaging and Presence Protocol (XMPP): Instant Messaging and Presence,2004-10-05 00:04:16+00:00,/api/v1/doc/document/draft-ietf-xmpp-im/,/api/v1/doc/document/draft-ietf-xmpp-im/,0,draft-ietf-xmpp-im,22,2015-10-14 20:50:40+00:00,,2002-12-09 08:00:00+00:00,2002-12-09 08:00:00+00:00,docevent,2004
/api/v1/doc/document/rfc3922/,3922,rfc3922,Mapping the Extensible Messaging and Presence Protocol (XMPP) to Common Presence and Instant Messaging (CPIM),2004-10-05 00:06:20+00:00,/api/v1/doc/document/draft-ietf-xmpp-cpim/,/api/v1/doc/document/draft-ietf-xmpp-cpim/,0,draft-ietf-xmpp-cpim,05,2015-10-14 20:50:48+00:00,,2003-06-24 07:00:00+00:00,2003-06-24 07:00:00+00:00,docevent,2004
/api/v1/doc/document/rfc3923/,3923,rfc3923,End-to-End Signing and Object Encryption for the Extensible Messaging and Presence Protocol (XMPP),2004-10-05 00:08:16+00:00,/api/v1/doc/document/draft-ietf-xmpp-e2e/,/api/v1/doc/document/draft-ietf-xmpp-e2e/,0,draft-ietf-xmpp-e2e,09,2015-10-14 20:50:41+00:00,,2003-02-06 08:00:00+00:00,2003-02-06 08:00:00+00:00,docevent,2004
/api/v1/doc/document/rfc3883/,3883,rfc3883,Detecting Inactive Neighbors over OSPF Demand Circuits (DC),2004-10-05 23:20:24+00:00,/api/v1/doc/document/draft-ietf-ospf-dc/,/api/v1/doc/document/draft-ietf-ospf-dc/,0,draft-ietf-ospf-dc,07,2015-10-14 20:50:07+00:00,,2000-11-14 08:00:00+00:00,2000-11-14 08:00:00+00:00,docevent,2004
/api/v1/doc/document/rfc3914/,3914,rfc3914,Open Pluggable Edge Services (OPES) Treatment of IAB Considerations,2004-10-05 23:28:19+00:00,/api/v1/doc/document/draft-ietf-opes-iab/,/api/v1/doc/document/draft-ietf-opes-iab/,0,draft-ietf-opes-iab,05,2013-03-02 16:58:09+00:00,,2003-06-12 07:00:00+00:00,2003-06-12 07:00:00+00:00,docevent,2004
/api/v1/doc/document/rfc3926/,3926,rfc3926,FLUTE - File Delivery over Unidirectional Transport,2004-10-05 23:32:22+00:00,/api/v1/doc/document/draft-ietf-rmt-flute/,/api/v1/doc/document/draft-ietf-rmt-flute/,0,draft-ietf-rmt-flute,08,2013-03-02 16:58:09+00:00,,2003-06-12 07:00:00+00:00,2003-06-12 07:00:00+00:00,docevent,2004
/api/v1/doc/document/rfc3868/,3868,rfc3868,Signalling Connection Control Part User Adaptation Layer (SUA),2004-10-07 23:30:34+00:00,/api/v1/doc/document/draft-ietf-sigtran-sua/,/api/v1/doc/document/draft-ietf-sigtran-sua/,0,draft-ietf-sigtran-sua,16,2015-10-14 20:50:02+00:00,,2000-05-12 07:00:00+00:00,2000-05-12 07:00:00+00:00,docevent,2004
/api/v1/doc/document/rfc3910/,3910,rfc3910,The SPIRITS (Services in PSTN requesting Internet Services) Protocol,2004-10-07 23:32:38+00:00,/api/v1/doc/document/draft-ietf-spirits-protocol/,/api/v1/doc/document/draft-ietf-spirits-protocol/,0,draft-ietf-spirits-protocol,08,2013-03-02 16:58:09+00:00,,2000-02-08 08:00:00+00:00,2000-02-08 08:00:00+00:00,docevent,2004
/api/v1/doc/document/rfc3917/,3917,rfc3917,Requirements for IP Flow Information Export (IPFIX),2004-10-07 23:34:38+00:00,/api/v1/doc/document/draft-ietf-ipfix-reqs/,/api/v1/doc/document/draft-ietf-ipfix-reqs/,0,draft-ietf-ipfix-reqs,16,2015-10-14 20:50:22+00:00,,2001-11-05 08:00:00+00:00,2001-11-05 08:00:00+00:00,docevent,2004
/api/v1/doc/document/rfc3898/,3898,rfc3898,Network Information Service (NIS) Configuration Options for Dynamic Host Configuration Protocol for IPv6 (DHCPv6),2004-10-08 23:38:56+00:00,/api/v1/doc/document/draft-ietf-dhc-dhcpv6-opt-nisconfig/,/api/v1/doc/document/draft-ietf-dhc-dhcpv6-opt-nisconfig/,0,draft-ietf-dhc-dhcpv6-opt-nisconfig,05,2013-03-02 16:58:08+00:00,,2002-02-18 08:00:00+00:00,2002-02-18 08:00:00+00:00,docevent,2004
/api/v1/doc/document/rfc3909/,3909,rfc3909,Lightweight Directory Access Protocol (LDAP) Cancel Operation,2004-10-08 23:41:24+00:00,/api/v1/doc/document/draft-zeilenga-ldap-cancel/,/api/v1/doc/document/draft-zeilenga-ldap-cancel/,0,draft-zeilenga-ldap-cancel,11,2013-03-02 16:58:09+00:00,,2001-01-22 08:00:00+00:00,2001-01-22 08:00:00+00:00,docevent,2004
/api/v1/doc/document/rfc3919/,3919,rfc3919,Remote Network Monitoring (RMON) Protocol Identifiers for IPv6 and Multi Protocol Label Switching (MPLS),2004-10-08 23:42:39+00:00,/api/v1/doc/document/draft-ietf-rmonmib-pi-ipv6/,/api/v1/doc/document/draft-ietf-rmonmib-pi-ipv6/,0,draft-ietf-rmonmib-pi-ipv6,04,2018-12-20 08:19:43+00:00,,2003-10-14 07:00:00+00:00,2003-10-14 07:00:00+00:00,docevent,2004
/api/v1/doc/document/rfc3932/,3932,rfc3932,The IESG and RFC Editor Documents: Procedures,2004-10-08 23:45:24+00:00,/api/v1/doc/document/draft-iesg-rfced-documents/,/api/v1/doc/document/draft-iesg-rfced-documents/,0,draft-iesg-rfced-documents,03,2018-12-20 08:19:44+00:00,,2004-03-25 08:00:00+00:00,2004-03-25 08:00:00+00:00,docevent,2004
/api/v1/doc/document/rfc3906/,3906,rfc3906,Calculating Interior Gateway Protocol (IGP) Routes Over Traffic Engineering Tunnels,2004-10-11 22:55:55+00:00,/api/v1/doc/document/draft-ietf-rtgwg-igp-shortcut/,/api/v1/doc/document/draft-ietf-rtgwg-igp-shortcut/,0,draft-ietf-rtgwg-igp-shortcut,01,2013-03-02 16:58:09+00:00,,2004-04-15 07:00:00+00:00,2004-04-15 07:00:00+00:00,docevent,2004
/api/v1/doc/document/rfc3911/,3911,rfc3911,"The Session Initiation Protocol (SIP) ""Join"" Header",2004-10-22 21:37:45+00:00,/api/v1/doc/document/draft-ietf-sip-join/,/api/v1/doc/document/draft-mahy-sip-join-and-fork/,1,draft-mahy-sip-join-and-fork,01,2002-07-02 07:00:00+00:00,,2002-07-02 07:00:01+00:00,2002-07-02 07:00:01+00:00,docevent,2004
/api/v1/doc/document/rfc3911/,3911,rfc3911,"The Session Initiation Protocol (SIP) ""Join"" Header",2004-10-22 21:37:45+00:00,/api/v1/doc/document/draft-ietf-sip-join/,/api/v1/doc/document/draft-ietf-sip-join/,0,draft-ietf-sip-join,03,2015-10-14 20:50:23+00:00,,2002-10-28 08:00:00+00:00,2002-10-28 08:00:00+00:00,docevent,2004
/api/v1/doc/document/rfc3925/,3925,rfc3925,Vendor-Identifying Vendor Options for Dynamic Host Configuration Protocol version 4 (DHCPv4),2004-10-22 21:39:54+00:00,/api/v1/doc/document/draft-ietf-dhc-vendor/,/api/v1/doc/document/draft-ietf-dhc-vendor/,0,draft-ietf-dhc-vendor,03,2013-03-02 16:58:09+00:00,,2003-09-30 07:00:00+00:00,2003-09-30 07:00:00+00:00,docevent,2004
/api/v1/doc/document/rfc3928/,3928,rfc3928,Lightweight Directory Access Protocol (LDAP) Client Update Protocol (LCUP),2004-10-22 21:40:34+00:00,/api/v1/doc/document/draft-ietf-ldup-lcup/,/api/v1/doc/document/draft-ietf-ldup-lcup/,0,draft-ietf-ldup-lcup,06,2013-03-02 16:58:10+00:00,,2001-05-11 07:00:00+00:00,2001-05-11 07:00:00+00:00,docevent,2004
/api/v1/doc/document/rfc3929/,3929,rfc3929,Alternative Decision Making Processes for Consensus-Blocked Decisions in the IETF,2004-10-22 21:43:10+00:00,/api/v1/doc/document/draft-hardie-alt-consensus/,/api/v1/doc/document/draft-hardie-alt-consensus/,0,draft-hardie-alt-consensus,02,2015-10-14 20:50:46+00:00,,2003-06-10 07:00:00+00:00,2003-06-10 07:00:00+00:00,docevent,2004
/api/v1/doc/document/rfc3934/,3934,rfc3934,Updates to RFC 2418 Regarding the Management of IETF Mailing Lists,2004-10-22 21:44:16+00:00,/api/v1/doc/document/draft-wasserman-rfc2418-ml-update/,/api/v1/doc/document/draft-wasserman-rfc2418-ml-update/,0,draft-wasserman-rfc2418-ml-update,01,2015-10-14 20:50:59+00:00,,2004-02-10 08:00:00+00:00,2004-02-10 08:00:00+00:00,docevent,2004
/api/v1/doc/document/rfc3935/,3935,rfc3935,A Mission Statement for the IETF,2004-10-22 21:45:28+00:00,/api/v1/doc/document/draft-alvestrand-ietf-mission/,/api/v1/doc/document/draft-alvestrand-ietf-mission/,0,draft-alvestrand-ietf-mission,02,2023-08-26 07:15:29+00:00,,2004-02-10 08:00:00+00:00,2004-02-10 08:00:00+00:00,docevent,2004
/api/v1/doc/document/rfc3936/,3936,rfc3936,Procedures for Modifying the Resource reSerVation Protocol (RSVP),2004-10-22 21:46:28+00:00,/api/v1/doc/document/draft-kompella-rsvp-change/,/api/v1/doc/document/draft-kompella-rsvp-change/,0,draft-kompella-rsvp-change,02,2015-10-14 20:50:43+00:00,,2003-02-26 08:00:00+00:00,2003-02-26 08:00:00+00:00,docevent,2004
/api/v1/doc/document/rfc3938/,3938,rfc3938,Video-Message Message-Context,2004-10-22 21:47:38+00:00,/api/v1/doc/document/draft-hansen-lemonade-msgctxt-videomsg/,/api/v1/doc/document/draft-hansen-lemonade-msgctxt-videomsg/,0,draft-hansen-lemonade-msgctxt-videomsg,01,2022-10-29 07:14:54+00:00,,2004-06-16 02:37:07+00:00,2004-06-16 02:37:07+00:00,docevent,2004
/api/v1/doc/document/rfc3930/,3930,rfc3930,The Protocol versus Document Points of View in Computer Protocols,2004-10-22 22:23:12+00:00,/api/v1/doc/document/draft-eastlake-proto-doc-pov/,/api/v1/doc/document/draft-eastlake-proto-doc-pov/,0,draft-eastlake-proto-doc-pov,05,2015-10-14 20:50:07+00:00,,2000-11-15 08:00:00+00:00,2000-11-15 08:00:00+00:00,docevent,2004
/api/v1/doc/document/rfc3875/,3875,rfc3875,The Common Gateway Interface (CGI) Version 1.1,2004-10-26 22:30:38+00:00,/api/v1/doc/document/draft-coar-cgi-v11/,/api/v1/doc/document/draft-coar-cgi-v11/,0,draft-coar-cgi-v11,04,2018-12-20 08:19:40+00:00,,1998-08-14 07:00:00+00:00,1998-08-14 07:00:00+00:00,docevent,2004
/api/v1/doc/document/rfc3954/,3954,rfc3954,Cisco Systems NetFlow Services Export Version 9,2004-10-28 17:46:54+00:00,/api/v1/doc/document/draft-claise-netflow-9/,/api/v1/doc/document/draft-claise-netflow-9/,0,draft-claise-netflow-9,08,2020-01-21 08:25:54+00:00,,2002-10-08 07:00:01+00:00,2002-10-08 07:00:01+00:00,docevent,2004
/api/v1/doc/document/rfc3955/,3955,rfc3955,Evaluation of Candidate Protocols for IP Flow Information Export (IPFIX),2004-10-28 17:48:11+00:00,/api/v1/doc/document/draft-leinen-ipfix-eval-contrib/,/api/v1/doc/document/draft-leinen-ipfix-eval-contrib/,0,draft-leinen-ipfix-eval-contrib,03,2015-10-14 20:50:39+00:00,,2002-10-31 08:00:00+00:00,2002-10-31 08:00:00+00:00,docevent,2004
/api/v1/doc/document/rfc3880/,3880,rfc3880,Call Processing Language (CPL): A Language for User Control of Internet Telephony Services,2004-11-01 17:10:26+00:00,/api/v1/doc/document/draft-ietf-iptel-cpl/,/api/v1/doc/document/draft-ietf-iptel-cpl/,0,draft-ietf-iptel-cpl,09,2015-10-14 20:49:56+00:00,,1999-03-04 08:00:00+00:00,1999-03-04 08:00:00+00:00,docevent,2004
/api/v1/doc/document/rfc3945/,3945,rfc3945,Generalized Multi-Protocol Label Switching (GMPLS) Architecture,2004-11-01 17:14:00+00:00,/api/v1/doc/document/draft-ietf-ccamp-gmpls-architecture/,/api/v1/doc/document/draft-ietf-ccamp-gmpls-architecture/,0,draft-ietf-ccamp-gmpls-architecture,07,2020-01-21 08:25:53+00:00,,2001-07-02 07:00:00+00:00,2001-07-02 07:00:00+00:00,docevent,2004
/api/v1/doc/document/rfc3946/,3946,rfc3946,Generalized Multi-Protocol Label Switching (GMPLS) Extensions for Synchronous Optical Network (SONET) and Synchronous Digital Hierarchy (SDH) Control,2004-11-01 17:17:07+00:00,/api/v1/doc/document/draft-ietf-ccamp-gmpls-sonet-sdh/,/api/v1/doc/document/draft-ietf-ccamp-gmpls-sonet-sdh/,0,draft-ietf-ccamp-gmpls-sonet-sdh,08,2013-03-02 16:58:11+00:00,,2001-05-11 07:00:00+00:00,2001-05-11 07:00:00+00:00,docevent,2004
/api/v1/doc/document/rfc3903/,3903,rfc3903,Session Initiation Protocol (SIP) Extension for Event State Publication,2004-11-01 17:17:30+00:00,/api/v1/doc/document/draft-ietf-sip-publish/,/api/v1/doc/document/draft-ietf-sip-publish/,0,draft-ietf-sip-publish,04,2022-10-25 07:14:58+00:00,,2003-09-11 07:00:00+00:00,2003-09-11 07:00:00+00:00,docevent,2004
/api/v1/doc/document/rfc3924/,3924,rfc3924,Cisco Architecture for Lawful Intercept in IP Networks,2004-11-01 17:21:15+00:00,/api/v1/doc/document/draft-baker-slem-architecture/,/api/v1/doc/document/draft-baker-slem-architecture/,0,draft-baker-slem-architecture,02,2015-10-14 20:50:44+00:00,,2003-03-31 08:00:00+00:00,2003-03-31 08:00:00+00:00,docevent,2004
/api/v1/doc/document/rfc3937/,3937,rfc3937,A Uniform Resource Name (URN) Namespace for the International Press Telecommunications Council (IPTC),2004-11-01 17:21:15+00:00,/api/v1/doc/document/draft-steidl-iptc-urn/,/api/v1/doc/document/draft-steidl-iptc-urn/,0,draft-steidl-iptc-urn,00,2013-03-02 16:58:10+00:00,,2003-11-11 08:00:00+00:00,2003-11-11 08:00:00+00:00,docevent,2004
/api/v1/doc/document/rfc3867/,3867,rfc3867,Payment Application Programmers Interface (API) for v1.0 Internet Open Trading Protocol (IOTP),2004-11-06 00:28:39+00:00,/api/v1/doc/document/draft-ietf-trade-iotp-v1.0-papi/,/api/v1/doc/document/draft-ietf-trade-iotp-v1.0-papi/,0,draft-ietf-trade-iotp-v1.0-papi,06,2018-12-20 08:19:39+00:00,,2000-03-10 08:00:00+00:00,2000-03-10 08:00:00+00:00,docevent,2004
/api/v1/doc/document/rfc3933/,3933,rfc3933,A Model for IETF Process Experiments,2004-11-06 00:29:38+00:00,/api/v1/doc/document/draft-klensin-process-july14/,/api/v1/doc/document/draft-klensin-process-july14/,0,draft-klensin-process-july14,02,2022-10-25 07:14:59+00:00,,2004-02-09 08:00:00+00:00,2004-02-09 08:00:00+00:00,docevent,2004
/api/v1/doc/document/rfc3956/,3956,rfc3956,Embedding the Rendezvous Point (RP) Address in an IPv6 Multicast Address,2004-11-08 23:05:09+00:00,/api/v1/doc/document/draft-ietf-mboned-embeddedrp/,/api/v1/doc/document/draft-ietf-mboned-embeddedrp/,0,draft-ietf-mboned-embeddedrp,07,2013-03-02 16:58:11+00:00,,2003-10-09 07:00:00+00:00,2003-10-09 07:00:00+00:00,docevent,2004
/api/v1/doc/document/rfc3940/,3940,rfc3940,Negative-acknowledgment (NACK)-Oriented Reliable Multicast (NORM) Protocol,2004-11-19 20:05:24+00:00,/api/v1/doc/document/draft-ietf-rmt-pi-norm/,/api/v1/doc/document/draft-ietf-rmt-pi-norm/,0,draft-ietf-rmt-pi-norm,10,2013-03-02 16:58:10+00:00,,2000-11-28 08:00:00+00:00,2000-11-28 08:00:00+00:00,docevent,2004
/api/v1/doc/document/rfc3941/,3941,rfc3941,Negative-Acknowledgment (NACK)-Oriented Reliable Multicast (NORM) Building Blocks,2004-11-19 20:07:52+00:00,/api/v1/doc/document/draft-ietf-rmt-bb-norm/,/api/v1/doc/document/draft-ietf-rmt-bb-norm/,0,draft-ietf-rmt-bb-norm,09,2013-03-02 16:58:10+00:00,,2001-11-30 08:00:03+00:00,2001-11-30 08:00:03+00:00,docevent,2004
/api/v1/doc/document/rfc3942/,3942,rfc3942,Reclassifying Dynamic Host Configuration Protocol version 4 (DHCPv4) Options,2004-11-23 00:50:40+00:00,/api/v1/doc/document/draft-ietf-dhc-reclassify-options/,/api/v1/doc/document/draft-ietf-dhc-reclassify-options/,0,draft-ietf-dhc-reclassify-options,01,2013-07-31 07:11:43+00:00,,2004-01-23 08:00:00+00:00,2004-01-23 08:00:00+00:00,docevent,2004
/api/v1/doc/document/rfc3943/,3943,rfc3943,Transport Layer Security (TLS) Protocol Compression Using Lempel-Ziv-Stac (LZS),2004-11-23 00:53:13+00:00,/api/v1/doc/document/draft-friend-tls-lzs-compression/,/api/v1/doc/document/draft-friend-tls-lzs-compression/,0,draft-friend-tls-lzs-compression,04,2015-10-14 20:50:52+00:00,,2003-10-14 07:00:00+00:00,2003-10-14 07:00:00+00:00,docevent,2004
/api/v1/doc/document/rfc3952/,3952,rfc3952,Real-time Transport Protocol (RTP) Payload Format for internet Low Bit Rate Codec (iLBC) Speech,2004-12-03 21:28:06+00:00,/api/v1/doc/document/draft-ietf-avt-rtp-ilbc/,/api/v1/doc/document/draft-ietf-avt-rtp-ilbc/,0,draft-ietf-avt-rtp-ilbc,05,2013-03-02 16:58:11+00:00,,2002-10-28 08:00:00+00:00,2002-10-28 08:00:00+00:00,docevent,2004
/api/v1/doc/document/rfc3951/,3951,rfc3951,Internet Low Bit Rate Codec (iLBC),2004-12-03 21:28:10+00:00,/api/v1/doc/document/draft-ietf-avt-ilbc-codec/,/api/v1/doc/document/draft-andersen-ilbc/,1,draft-andersen-ilbc,01,2002-07-05 07:00:00+00:00,,2002-02-22 08:00:00+00:00,2002-02-22 08:00:00+00:00,docevent,2004
/api/v1/doc/document/rfc3951/,3951,rfc3951,Internet Low Bit Rate Codec (iLBC),2004-12-03 21:28:10+00:00,/api/v1/doc/document/draft-ietf-avt-ilbc-codec/,/api/v1/doc/document/draft-ietf-avt-ilbc-codec/,0,draft-ietf-avt-ilbc-codec,05,2013-03-02 16:58:11+00:00,,2002-09-20 07:00:00+00:00,2002-09-20 07:00:00+00:00,docevent,2004
/api/v1/doc/document/rfc3964/,3964,rfc3964,Security Considerations for 6to4,2004-12-03 21:30:00+00:00,/api/v1/doc/document/draft-ietf-v6ops-6to4-security/,/api/v1/doc/document/draft-ietf-v6ops-6to4-security/,0,draft-ietf-v6ops-6to4-security,04,2020-01-21 08:25:54+00:00,,2003-10-08 07:00:00+00:00,2003-10-08 07:00:00+00:00,docevent,2004
/api/v1/doc/document/rfc3966/,3966,rfc3966,The tel URI for Telephone Numbers,2004-12-03 21:32:29+00:00,/api/v1/doc/document/draft-ietf-iptel-rfc2806bis/,/api/v1/doc/document/draft-ietf-iptel-rfc2806bis/,0,draft-ietf-iptel-rfc2806bis,09,2020-01-21 08:25:55+00:00,,2003-06-24 07:00:00+00:00,2003-06-24 07:00:00+00:00,docevent,2004
/api/v1/doc/document/rfc3944/,3944,rfc3944,H.350 Directory Services,2004-12-11 00:25:33+00:00,/api/v1/doc/document/draft-johnson-h350-directory-serv/,/api/v1/doc/document/draft-johnson-h350-directory-serv/,0,draft-johnson-h350-directory-serv,02,2020-01-21 08:25:53+00:00,,2004-04-09 07:00:00+00:00,2004-04-09 07:00:00+00:00,docevent,2004
/api/v1/doc/document/rfc3965/,3965,rfc3965,A Simple Mode of Facsimile Using Internet Mail,2004-12-11 00:31:06+00:00,/api/v1/doc/document/draft-ietf-fax-service-v2/,/api/v1/doc/document/draft-ietf-fax-service-v2/,0,draft-ietf-fax-service-v2,05,2020-01-21 08:25:55+00:00,,1999-02-26 08:00:00+00:00,1999-02-26 08:00:00+00:00,docevent,2004
/api/v1/doc/document/rfc3939/,3939,rfc3939,Calling Line Identification for Voice Mail Messages,2004-12-21 23:21:47+00:00,/api/v1/doc/document/draft-ema-vpim-clid/,/api/v1/doc/document/draft-ema-vpim-clid/,0,draft-ema-vpim-clid,09,2020-01-21 08:25:52+00:00,,2000-07-21 07:00:00+00:00,2000-07-21 07:00:00+00:00,docevent,2004
/api/v1/doc/document/rfc3959/,3959,rfc3959,The Early Session Disposition Type for the Session Initiation Protocol (SIP),2004-12-21 23:21:51+00:00,/api/v1/doc/document/draft-ietf-sipping-early-disposition/,/api/v1/doc/document/draft-ietf-sipping-early-disposition/,0,draft-ietf-sipping-early-disposition,03,2015-10-14 20:50:54+00:00,,2003-11-21 08:00:00+00:00,2003-11-21 08:00:00+00:00,docevent,2004
/api/v1/doc/document/rfc3960/,3960,rfc3960,Early Media and Ringing Tone Generation in the Session Initiation Protocol (SIP),2004-12-21 23:23:36+00:00,/api/v1/doc/document/draft-ietf-sipping-early-media/,/api/v1/doc/document/draft-ietf-sipping-early-media/,0,draft-ietf-sipping-early-media,02,2015-10-14 20:50:52+00:00,,2003-10-20 07:00:00+00:00,2003-10-20 07:00:00+00:00,docevent,2004
/api/v1/doc/document/rfc3968/,3968,rfc3968,The Internet Assigned Number Authority (IANA) Header Field Parameter Registry for the Session Initiation Protocol (SIP),2004-12-21 23:25:54+00:00,/api/v1/doc/document/draft-ietf-sip-parameter-registry/,/api/v1/doc/document/draft-ietf-sip-parameter-registry/,0,draft-ietf-sip-parameter-registry,02,2015-10-14 20:50:50+00:00,,2003-08-22 07:00:00+00:00,2003-08-22 07:00:00+00:00,docevent,2004
/api/v1/doc/document/rfc3969/,3969,rfc3969,The Internet Assigned Number Authority (IANA) Uniform Resource Identifier (URI) Parameter Registry for the Session Initiation Protocol (SIP),2004-12-21 23:30:26+00:00,/api/v1/doc/document/draft-ietf-sip-uri-parameter-reg/,/api/v1/doc/document/draft-ietf-sip-uri-parameter-reg/,0,draft-ietf-sip-uri-parameter-reg,02,2015-10-14 20:50:50+00:00,,2003-08-22 07:00:00+00:00,2003-08-22 07:00:00+00:00,docevent,2004
/api/v1/doc/document/rfc3967/,3967,rfc3967,Clarifying when Standards Track Documents may Refer Normatively to Documents at a Lower Level,2005-01-04 00:22:01+00:00,/api/v1/doc/document/draft-ymbk-downref/,/api/v1/doc/document/draft-ymbk-downref/,0,draft-ymbk-downref,03,2021-10-07 07:36:54+00:00,,2003-10-21 07:00:00+00:00,2003-10-21 07:00:00+00:00,docevent,2005
/api/v1/doc/document/rfc3947/,3947,rfc3947,Negotiation of NAT-Traversal in the IKE,2005-01-06 01:06:10+00:00,/api/v1/doc/document/draft-ietf-ipsec-nat-t-ike/,/api/v1/doc/document/draft-ietf-ipsec-nat-t-ike/,0,draft-ietf-ipsec-nat-t-ike,08,2022-04-11 07:47:11+00:00,,2001-06-21 07:00:00+00:00,2001-06-21 07:00:00+00:00,docevent,2005
/api/v1/doc/document/rfc3948/,3948,rfc3948,UDP Encapsulation of IPsec ESP Packets,2005-01-06 01:10:39+00:00,/api/v1/doc/document/draft-ietf-ipsec-udp-encaps/,/api/v1/doc/document/draft-ietf-ipsec-udp-encaps/,0,draft-ietf-ipsec-udp-encaps,09,2022-01-28 08:41:57+00:00,,2001-06-21 07:00:00+00:00,2001-06-21 07:00:00+00:00,docevent,2005
/api/v1/doc/document/rfc3970/,3970,rfc3970,A Traffic Engineering (TE) MIB,2005-01-06 01:11:41+00:00,/api/v1/doc/document/draft-ietf-tewg-mib/,/api/v1/doc/document/draft-ietf-tewg-mib/,0,draft-ietf-tewg-mib,08,2016-11-09 08:07:45+00:00,,2000-09-19 07:00:00+00:00,2000-09-19 07:00:00+00:00,docevent,2005
/api/v1/doc/document/rfc3958/,3958,rfc3958,Domain-Based Application Service Location Using SRV RRs and the Dynamic Delegation Discovery Service (DDDS),2005-01-07 01:06:38+00:00,/api/v1/doc/document/draft-daigle-snaptr/,/api/v1/doc/document/draft-daigle-napstr/,1,draft-daigle-napstr,05,2022-12-08 23:14:50+00:00,,2002-02-26 08:00:00+00:00,2002-02-26 08:00:00+00:00,docevent,2005
/api/v1/doc/document/rfc3958/,3958,rfc3958,Domain-Based Application Service Location Using SRV RRs and the Dynamic Delegation Discovery Service (DDDS),2005-01-07 01:06:38+00:00,/api/v1/doc/document/draft-daigle-snaptr/,/api/v1/doc/document/draft-daigle-snaptr/,0,draft-daigle-snaptr,01,2020-01-21 08:25:54+00:00,,2004-04-29 01:56:46+00:00,2004-04-29 01:56:46+00:00,docevent,2005
/api/v1/doc/document/rfc3981/,3981,rfc3981,IRIS: The Internet Registry Information Service (IRIS) Core Protocol,2005-01-07 01:07:28+00:00,/api/v1/doc/document/draft-ietf-crisp-iris-core/,/api/v1/doc/document/draft-ietf-crisp-iris-core/,0,draft-ietf-crisp-iris-core,07,2020-01-21 08:25:58+00:00,,2002-08-15 07:00:00+00:00,2002-08-15 07:00:00+00:00,docevent,2005
/api/v1/doc/document/rfc3982/,3982,rfc3982,IRIS:  A Domain Registry (dreg) Type for the Internet Registry Information Service (IRIS),2005-01-07 01:10:47+00:00,/api/v1/doc/document/draft-ietf-crisp-iris-dreg/,/api/v1/doc/document/draft-ietf-crisp-iris-dreg/,0,draft-ietf-crisp-iris-dreg,07,2020-01-21 08:25:59+00:00,,2002-08-15 07:00:00+00:00,2002-08-15 07:00:00+00:00,docevent,2005
/api/v1/doc/document/rfc3983/,3983,rfc3983,Using the Internet Registry Information Service (IRIS) over the Blocks Extensible Exchange Protocol (BEEP),2005-01-07 01:11:55+00:00,/api/v1/doc/document/draft-ietf-crisp-iris-beep/,/api/v1/doc/document/draft-ietf-crisp-iris-beep/,0,draft-ietf-crisp-iris-beep,07,2015-10-14 20:50:35+00:00,,2002-08-15 07:00:00+00:00,2002-08-15 07:00:00+00:00,docevent,2005
/api/v1/doc/document/rfc3974/,3974,rfc3974,SMTP Operational Experience in Mixed IPv4/v6 Environments,2005-01-20 18:38:50+00:00,/api/v1/doc/document/draft-motonori-dualstack-smtp-requirement/,/api/v1/doc/document/draft-motonori-dualstack-smtp-requirement/,0,draft-motonori-dualstack-smtp-requirement,01,2018-12-20 08:19:47+00:00,,2004-02-09 08:00:00+00:00,2004-02-09 08:00:00+00:00,docevent,2005
/api/v1/doc/document/rfc3976/,3976,rfc3976,Interworking SIP and Intelligent Network (IN) Applications,2005-01-20 18:40:38+00:00,/api/v1/doc/document/draft-gurbani-sin/,/api/v1/doc/document/draft-gurbani-sin/,0,draft-gurbani-sin,02,2015-10-14 20:50:30+00:00,,2002-04-16 07:00:00+00:00,2002-04-16 07:00:00+00:00,docevent,2005
/api/v1/doc/document/rfc3953/,3953,rfc3953,Telephone Number Mapping (ENUM) Service Registration for Presence Services,2005-01-24 23:56:20+00:00,/api/v1/doc/document/draft-ietf-enum-pres/,/api/v1/doc/document/draft-peterson-enum-pres/,1,draft-peterson-enum-pres,00,2015-10-14 20:50:43+00:00,,2003-02-26 08:00:00+00:00,2003-02-26 08:00:00+00:00,docevent,2005
/api/v1/doc/document/rfc3953/,3953,rfc3953,Telephone Number Mapping (ENUM) Service Registration for Presence Services,2005-01-24 23:56:20+00:00,/api/v1/doc/document/draft-ietf-enum-pres/,/api/v1/doc/document/draft-ietf-enum-pres/,0,draft-ietf-enum-pres,01,2015-10-14 20:50:43+00:00,,2003-12-18 08:00:00+00:00,2003-12-18 08:00:00+00:00,docevent,2005
/api/v1/doc/document/rfc3963/,3963,rfc3963,Network Mobility (NEMO) Basic Support Protocol,2005-01-24 23:56:21+00:00,/api/v1/doc/document/draft-ietf-nemo-basic-support/,/api/v1/doc/document/draft-ietf-nemo-basic-support/,0,draft-ietf-nemo-basic-support,03,2013-03-02 16:58:12+00:00,,2003-06-25 07:00:00+00:00,2003-06-25 07:00:00+00:00,docevent,2005
/api/v1/doc/document/rfc3973/,3973,rfc3973,Protocol Independent Multicast - Dense Mode (PIM-DM): Protocol Specification (Revised),2005-01-24 23:58:26+00:00,/api/v1/doc/document/draft-ietf-pim-dm-new-v2/,/api/v1/doc/document/draft-ietf-pim-dm-new-v2/,0,draft-ietf-pim-dm-new-v2,05,2020-01-21 08:25:58+00:00,,2002-01-03 08:00:00+00:00,2002-01-03 08:00:00+00:00,docevent,2005
/api/v1/doc/document/rfc3986/,3986,rfc3986,Uniform Resource Identifier (URI): Generic Syntax,2005-01-26 01:33:47+00:00,/api/v1/doc/document/draft-fielding-uri-rfc2396bis/,/api/v1/doc/document/draft-fielding-uri-rfc2396bis/,0,draft-fielding-uri-rfc2396bis,07,2020-01-21 08:25:59+00:00,,2002-11-01 08:00:00+00:00,2002-11-01 08:00:00+00:00,docevent,2005
/api/v1/doc/document/rfc3987/,3987,rfc3987,Internationalized Resource Identifiers (IRIs),2005-01-26 01:37:45+00:00,/api/v1/doc/document/draft-duerst-iri/,/api/v1/doc/document/draft-duerst-iri/,0,draft-duerst-iri,11,2020-01-21 08:26:00+00:00,,2002-04-22 07:00:00+00:00,2002-04-22 07:00:00+00:00,docevent,2005
/api/v1/doc/document/rfc3975/,3975,rfc3975,OMA-IETF Standardization Collaboration,2005-02-01 18:53:37+00:00,/api/v1/doc/document/draft-iab-oma-liaison/,/api/v1/doc/document/draft-iab-oma-liaison/,0,draft-iab-oma-liaison,00,2013-03-02 16:58:12+00:00,,2004-08-10 07:00:00+00:00,2004-08-10 07:00:00+00:00,docevent,2005
/api/v1/doc/document/rfc3988/,3988,rfc3988,Maximum Transmission Unit Signalling Extensions for the Label Distribution Protocol,2005-02-02 20:43:25+00:00,/api/v1/doc/document/draft-ietf-mpls-ldp-mtu-extensions/,/api/v1/doc/document/draft-ietf-mpls-ldp-mtu-extensions/,0,draft-ietf-mpls-ldp-mtu-extensions,03,2015-10-14 20:50:34+00:00,,2002-07-01 07:00:00+00:00,2002-07-01 07:00:00+00:00,docevent,2005
/api/v1/doc/document/rfc3994/,3994,rfc3994,Indication of Message Composition for Instant Messaging,2005-02-02 20:44:40+00:00,/api/v1/doc/document/draft-ietf-simple-iscomposing/,/api/v1/doc/document/draft-ietf-simple-iscomposing/,0,draft-ietf-simple-iscomposing,03,2015-10-14 20:51:02+00:00,,2004-04-05 07:00:00+00:00,2004-04-05 07:00:00+00:00,docevent,2005
/api/v1/doc/document/rfc3984/,3984,rfc3984,RTP Payload Format for H.264 Video,2005-02-05 00:30:44+00:00,/api/v1/doc/document/draft-ietf-avt-rtp-h264/,/api/v1/doc/document/draft-ietf-avt-rtp-h264/,0,draft-ietf-avt-rtp-h264,11,2013-03-02 16:58:13+00:00,,2002-10-24 07:00:00+00:00,2002-10-24 07:00:00+00:00,docevent,2005
/api/v1/doc/document/rfc3980/,3980,rfc3980,T11 Network Address Authority (NAA) Naming Format for iSCSI Node Names,2005-02-08 00:50:53+00:00,/api/v1/doc/document/draft-ietf-ips-iscsi-name-ext/,/api/v1/doc/document/draft-ietf-ips-iscsi-name-ext/,0,draft-ietf-ips-iscsi-name-ext,05,2015-10-14 20:50:43+00:00,,2003-02-24 08:00:00+00:00,2003-02-24 08:00:00+00:00,docevent,2005
/api/v1/doc/document/rfc3949/,3949,rfc3949,File Format for Internet Fax,2005-02-10 00:17:12+00:00,/api/v1/doc/document/draft-ietf-fax-tiff-fx/,/api/v1/doc/document/draft-ietf-fax-tiff-fx/,0,draft-ietf-fax-tiff-fx,14,2018-12-20 08:19:46+00:00,,1999-04-13 07:00:00+00:00,1999-04-13 07:00:00+00:00,docevent,2005
/api/v1/doc/document/rfc3950/,3950,rfc3950,Tag Image File Format Fax eXtended (TIFF-FX) - image/tiff-fx MIME Sub-type Registration,2005-02-10 00:17:36+00:00,/api/v1/doc/document/draft-ietf-fax-tiff-fx-reg-v2/,/api/v1/doc/document/draft-ietf-fax-tiff-fx-reg-v2/,0,draft-ietf-fax-tiff-fx-reg-v2,01,2015-10-14 20:50:47+00:00,,2003-06-20 07:00:00+00:00,2003-06-20 07:00:00+00:00,docevent,2005
/api/v1/doc/document/rfc4002/,4002,rfc4002,IANA Registration for Enumservice 'web' and 'ft',2005-02-14 23:47:49+00:00,/api/v1/doc/document/draft-ietf-enum-webft/,/api/v1/doc/document/draft-brandner-enumservice-webft/,1,draft-brandner-enumservice-webft,00,2010-04-26 07:00:00+00:00,,2003-02-24 08:00:00+00:00,2003-02-24 08:00:00+00:00,docevent,2005
/api/v1/doc/document/rfc4002/,4002,rfc4002,IANA Registration for Enumservice 'web' and 'ft',2005-02-14 23:47:49+00:00,/api/v1/doc/document/draft-ietf-enum-webft/,/api/v1/doc/document/draft-ietf-enum-webft/,0,draft-ietf-enum-webft,01,2015-10-14 20:50:43+00:00,,2003-06-16 07:00:00+00:00,2003-06-16 07:00:00+00:00,docevent,2005
/api/v1/doc/document/rfc4003/,4003,rfc4003,GMPLS Signaling Procedure for Egress Control,2005-02-14 23:47:51+00:00,/api/v1/doc/document/draft-ietf-ccamp-gmpls-egress-control/,/api/v1/doc/document/draft-ietf-ccamp-gmpls-egress-control/,0,draft-ietf-ccamp-gmpls-egress-control,03,2013-03-02 16:58:14+00:00,,2004-04-01 08:00:00+00:00,2004-04-01 08:00:00+00:00,docevent,2005
/api/v1/doc/document/rfc3961/,3961,rfc3961,Encryption and Checksum Specifications for Kerberos 5,2005-02-14 23:49:16+00:00,/api/v1/doc/document/draft-ietf-krb-wg-crypto/,/api/v1/doc/document/draft-ietf-krb-wg-crypto/,0,draft-ietf-krb-wg-crypto,07,2020-01-21 08:25:54+00:00,,2002-01-10 08:00:00+00:00,2002-01-10 08:00:00+00:00,docevent,2005
/api/v1/doc/document/rfc3962/,3962,rfc3962,Advanced Encryption Standard (AES) Encryption for Kerberos 5,2005-02-14 23:51:36+00:00,/api/v1/doc/document/draft-raeburn-krb-rijndael-krb/,/api/v1/doc/document/draft-raeburn-krb-rijndael-krb/,0,draft-raeburn-krb-rijndael-krb,07,2015-10-14 20:50:08+00:00,,2000-11-21 08:00:00+00:00,2000-11-21 08:00:00+00:00,docevent,2005
/api/v1/doc/document/rfc3990/,3990,rfc3990,Configuration and Provisioning for Wireless Access Points (CAPWAP) Problem Statement,2005-02-14 23:53:47+00:00,/api/v1/doc/document/draft-ietf-capwap-problem-statement/,/api/v1/doc/document/draft-ietf-capwap-problem-statement/,0,draft-ietf-capwap-problem-statement,02,2015-10-14 20:50:58+00:00,,2004-02-03 08:00:00+00:00,2004-02-03 08:00:00+00:00,docevent,2005
/api/v1/doc/document/rfc4014/,4014,rfc4014,Remote Authentication Dial-In User Service (RADIUS) Attributes Suboption for the Dynamic Host Configuration Protocol (DHCP) Relay Agent Information Option,2005-02-16 02:18:41+00:00,/api/v1/doc/document/draft-ietf-dhc-agentopt-radius/,/api/v1/doc/document/draft-ietf-dhc-agentopt-radius/,0,draft-ietf-dhc-agentopt-radius,08,2013-03-02 16:58:15+00:00,,2002-02-21 08:00:00+00:00,2002-02-21 08:00:00+00:00,docevent,2005
/api/v1/doc/document/rfc4009/,4009,rfc4009,The SEED Encryption Algorithm,2005-02-16 02:20:17+00:00,/api/v1/doc/document/draft-park-seed/,/api/v1/doc/document/draft-park-seed/,0,draft-park-seed,01,2013-03-02 16:58:14+00:00,,2004-01-14 08:00:00+00:00,2004-01-14 08:00:00+00:00,docevent,2005
/api/v1/doc/document/rfc4010/,4010,rfc4010,Use of the SEED Encryption Algorithm in Cryptographic Message Syntax (CMS),2005-02-16 02:22:10+00:00,/api/v1/doc/document/draft-ietf-smime-cms-seed/,/api/v1/doc/document/draft-ietf-smime-cms-seed/,0,draft-ietf-smime-cms-seed,02,2020-01-21 08:26:02+00:00,,2004-04-05 07:00:00+00:00,2004-04-05 07:00:00+00:00,docevent,2005
/api/v1/doc/document/rfc3992/,3992,rfc3992,Media Gateway Control Protocol (MGCP) Lockstep State Reporting Mechanism,2005-02-19 00:26:02+00:00,/api/v1/doc/document/draft-foster-mgcp-lockstep/,/api/v1/doc/document/draft-foster-mgcp-lockstep/,0,draft-foster-mgcp-lockstep,01,2013-03-02 16:58:13+00:00,,2002-12-02 08:00:00+00:00,2002-12-02 08:00:00+00:00,docevent,2005
/api/v1/doc/document/rfc3991/,3991,rfc3991,Media Gateway Control Protocol (MGCP) Redirect and Reset Package,2005-02-19 00:28:35+00:00,/api/v1/doc/document/draft-foster-mgcp-redirect/,/api/v1/doc/document/draft-foster-mgcp-redirect/,0,draft-foster-mgcp-redirect,05,2013-03-02 16:58:13+00:00,,2002-10-04 07:00:00+00:00,2002-10-04 07:00:00+00:00,docevent,2005
/api/v1/doc/document/rfc3989/,3989,rfc3989,Middlebox Communications (MIDCOM) Protocol Semantics,2005-02-19 00:30:05+00:00,/api/v1/doc/document/draft-ietf-midcom-semantics/,/api/v1/doc/document/draft-ietf-midcom-semantics/,0,draft-ietf-midcom-semantics,08,2015-10-14 20:50:39+00:00,,2002-10-31 08:00:00+00:00,2002-10-31 08:00:00+00:00,docevent,2005
/api/v1/doc/document/rfc4015/,4015,rfc4015,The Eifel Response Algorithm for TCP,2005-02-19 00:31:39+00:00,/api/v1/doc/document/draft-ietf-tsvwg-tcp-eifel-response/,/api/v1/doc/document/draft-ietf-tsvwg-tcp-eifel-response/,0,draft-ietf-tsvwg-tcp-eifel-response,06,2015-10-14 20:50:35+00:00,,2002-08-15 07:00:00+00:00,2002-08-15 07:00:00+00:00,docevent,2005
/api/v1/doc/document/rfc4001/,4001,rfc4001,Textual Conventions for Internet Network Addresses,2005-03-01 18:46:51+00:00,/api/v1/doc/document/draft-ietf-ops-rfc3291bis/,/api/v1/doc/document/draft-ietf-ops-rfc3291bis/,0,draft-ietf-ops-rfc3291bis,06,2015-10-14 20:50:43+00:00,,2003-02-25 08:00:00+00:00,2003-02-25 08:00:00+00:00,docevent,2005
/api/v1/doc/document/rfc4013/,4013,rfc4013,SASLprep: Stringprep Profile for User Names and Passwords,2005-03-01 18:48:45+00:00,/api/v1/doc/document/draft-ietf-sasl-saslprep/,/api/v1/doc/document/draft-ietf-sasl-saslprep/,0,draft-ietf-sasl-saslprep,10,2020-01-21 08:26:03+00:00,,2003-02-26 08:00:00+00:00,2003-02-26 08:00:00+00:00,docevent,2005
/api/v1/doc/document/rfc4020/,4020,rfc4020,Early IANA Allocation of Standards Track Code Points,2005-03-01 18:50:16+00:00,/api/v1/doc/document/draft-kompella-zinin-early-allocation/,/api/v1/doc/document/draft-kompella-zinin-early-allocation/,0,draft-kompella-zinin-early-allocation,02,2015-10-14 20:50:59+00:00,,2004-02-05 08:00:00+00:00,2004-02-05 08:00:00+00:00,docevent,2005
/api/v1/doc/document/rfc3978/,3978,rfc3978,IETF Rights in Contributions,2005-03-02 02:12:10+00:00,/api/v1/doc/document/draft-ietf-ipr-subm-rights-fix/,/api/v1/doc/document/draft-ietf-ipr-subm-rights-fix/,0,draft-ietf-ipr-subm-rights-fix,00,2020-01-21 08:25:58+00:00,,2004-06-23 07:00:00+00:00,2004-06-23 07:00:00+00:00,docevent,2005
/api/v1/doc/document/rfc3931/,3931,rfc3931,Layer Two Tunneling Protocol - Version 3 (L2TPv3),2005-03-09 05:53:16+00:00,/api/v1/doc/document/draft-ietf-l2tpext-l2tp-base/,/api/v1/doc/document/draft-ietf-l2tpext-l2tp-base/,0,draft-ietf-l2tpext-l2tp-base,15,2020-01-21 08:25:51+00:00,,2001-07-18 07:00:00+00:00,2001-07-18 07:00:00+00:00,docevent,2005
/api/v1/doc/document/rfc3957/,3957,rfc3957,"Authentication, Authorization, and Accounting (AAA) Registration Keys for Mobile IPv4",2005-03-09 05:55:52+00:00,/api/v1/doc/document/draft-ietf-mip4-aaa-key/,/api/v1/doc/document/draft-ietf-mobileip-aaa-key/,1,draft-ietf-mobileip-aaa-key,13,2004-04-23 07:00:00+00:00,,1999-06-22 07:00:00+00:00,1999-06-22 07:00:00+00:00,docevent,2005
/api/v1/doc/document/rfc3957/,3957,rfc3957,"Authentication, Authorization, and Accounting (AAA) Registration Keys for Mobile IPv4",2005-03-09 05:55:52+00:00,/api/v1/doc/document/draft-ietf-mip4-aaa-key/,/api/v1/doc/document/draft-ietf-mip4-aaa-key/,0,draft-ietf-mip4-aaa-key,06,2015-10-14 20:49:56+00:00,,2003-10-14 07:00:00+00:00,2003-10-14 07:00:00+00:00,docevent,2005
/api/v1/doc/document/rfc3985/,3985,rfc3985,Pseudo Wire Emulation Edge-to-Edge (PWE3) Architecture,2005-03-09 06:01:09+00:00,/api/v1/doc/document/draft-ietf-pwe3-arch/,/api/v1/doc/document/draft-ietf-pwe3-arch/,0,draft-ietf-pwe3-arch,07,2015-10-14 20:50:37+00:00,,2002-10-16 07:00:00+00:00,2002-10-16 07:00:00+00:00,docevent,2005
/api/v1/doc/document/rfc3993/,3993,rfc3993,Subscriber-ID Suboption for the Dynamic Host Configuration Protocol (DHCP) Relay Agent Option,2005-03-09 06:03:36+00:00,/api/v1/doc/document/draft-ietf-dhc-subscriber-id/,/api/v1/doc/document/draft-ietf-dhc-subscriber-id/,0,draft-ietf-dhc-subscriber-id,07,2013-03-02 16:58:13+00:00,,2003-01-22 08:00:00+00:00,2003-01-22 08:00:00+00:00,docevent,2005
/api/v1/doc/document/rfc4023/,4023,rfc4023,Encapsulating MPLS in IP or Generic Routing Encapsulation (GRE),2005-03-09 06:05:51+00:00,/api/v1/doc/document/draft-ietf-mpls-in-ip-or-gre/,/api/v1/doc/document/draft-ietf-mpls-in-ip-or-gre/,0,draft-ietf-mpls-in-ip-or-gre,08,2015-10-14 20:50:41+00:00,,2003-01-14 08:00:00+00:00,2003-01-14 08:00:00+00:00,docevent,2005
/api/v1/doc/document/rfc4025/,4025,rfc4025,A Method for Storing IPsec Keying Material in DNS,2005-03-11 19:08:06+00:00,/api/v1/doc/document/draft-ietf-ipseckey-rr/,/api/v1/doc/document/draft-ietf-ipseckey-rr/,0,draft-ietf-ipseckey-rr,12,2023-08-03 07:15:48+00:00,,2003-03-31 08:00:00+00:00,2003-03-31 08:00:00+00:00,docevent,2005
/api/v1/doc/document/rfc4032/,4032,rfc4032,Update to the Session Initiation Protocol (SIP) Preconditions Framework,2005-03-11 19:09:48+00:00,/api/v1/doc/document/draft-ietf-sip-rfc3312-update/,/api/v1/doc/document/draft-ietf-sip-rfc3312-update/,0,draft-ietf-sip-rfc3312-update,03,2015-10-14 20:50:54+00:00,,2003-11-21 08:00:00+00:00,2003-11-21 08:00:00+00:00,docevent,2005
/api/v1/doc/document/rfc4037/,4037,rfc4037,Open Pluggable Edge Services (OPES) Callout Protocol (OCP) Core,2005-03-11 19:12:11+00:00,/api/v1/doc/document/draft-ietf-opes-ocp-core/,/api/v1/doc/document/draft-ietf-opes-ocp-core/,0,draft-ietf-opes-ocp-core,05,2015-10-14 20:50:46+00:00,,2003-06-09 07:00:00+00:00,2003-06-09 07:00:00+00:00,docevent,2005
/api/v1/doc/document/rfc4038/,4038,rfc4038,Application Aspects of IPv6 Transition,2005-03-11 19:13:40+00:00,/api/v1/doc/document/draft-ietf-v6ops-application-transition/,/api/v1/doc/document/draft-ietf-v6ops-application-transition/,0,draft-ietf-v6ops-application-transition,03,2021-03-31 07:28:54+00:00,,2003-12-10 08:00:00+00:00,2003-12-10 08:00:00+00:00,docevent,2005
/api/v1/doc/document/rfc3971/,3971,rfc3971,SEcure Neighbor Discovery (SEND),2005-03-15 16:31:37+00:00,/api/v1/doc/document/draft-ietf-send-ndopt/,/api/v1/doc/document/draft-ietf-send-ndopt/,0,draft-ietf-send-ndopt,06,2020-01-21 08:25:57+00:00,,2003-10-17 07:00:00+00:00,2003-10-17 07:00:00+00:00,docevent,2005
/api/v1/doc/document/rfc3972/,3972,rfc3972,Cryptographically Generated Addresses (CGA),2005-03-15 16:33:13+00:00,/api/v1/doc/document/draft-ietf-send-cga/,/api/v1/doc/document/draft-ietf-send-cga/,0,draft-ietf-send-cga,06,2013-03-02 16:58:12+00:00,,2003-06-16 07:00:00+00:00,2003-06-16 07:00:00+00:00,docevent,2005
/api/v1/doc/document/rfc4012/,4012,rfc4012,Routing Policy Specification Language next generation (RPSLng),2005-03-15 16:34:36+00:00,/api/v1/doc/document/draft-blunk-rpslng/,/api/v1/doc/document/draft-blunk-rpslng/,0,draft-blunk-rpslng,08,2015-10-14 20:50:45+00:00,,2003-05-08 07:00:00+00:00,2003-05-08 07:00:00+00:00,docevent,2005
/api/v1/doc/document/rfc4022/,4022,rfc4022,Management Information Base for the Transmission Control Protocol (TCP),2005-03-15 16:36:01+00:00,/api/v1/doc/document/draft-ietf-ipv6-rfc2012-update/,/api/v1/doc/document/draft-ietf-ipv6-rfc2012-update/,0,draft-ietf-ipv6-rfc2012-update,06,2013-03-02 16:58:15+00:00,,2002-07-02 07:00:00+00:00,2002-07-02 07:00:00+00:00,docevent,2005
/api/v1/doc/document/rfc4011/,4011,rfc4011,Policy Based Management MIB,2005-03-15 16:37:55+00:00,/api/v1/doc/document/draft-ietf-snmpconf-pm/,/api/v1/doc/document/draft-ietf-snmpconf-pm/,0,draft-ietf-snmpconf-pm,15,2015-10-14 20:50:01+00:00,,2000-03-16 08:00:00+00:00,2000-03-16 08:00:00+00:00,docevent,2005
/api/v1/doc/document/rfc4007/,4007,rfc4007,IPv6 Scoped Address Architecture,2005-03-19 01:35:19+00:00,/api/v1/doc/document/draft-ietf-ipv6-scoping-arch/,/api/v1/doc/document/draft-ietf-ipv6-scoping-arch/,0,draft-ietf-ipv6-scoping-arch,02,2015-10-14 20:50:48+00:00,,2003-06-25 07:00:00+00:00,2003-06-25 07:00:00+00:00,docevent,2005
/api/v1/doc/document/rfc4016/,4016,rfc4016,Protocol for Carrying Authentication and Network Access (PANA) Threat Analysis and Security Requirements,2005-03-19 01:37:27+00:00,/api/v1/doc/document/draft-ietf-pana-threats-eval/,/api/v1/doc/document/draft-ietf-pana-threats-eval/,0,draft-ietf-pana-threats-eval,07,2015-10-14 20:50:37+00:00,,2002-10-22 07:00:00+00:00,2002-10-22 07:00:00+00:00,docevent,2005
/api/v1/doc/document/rfc4021/,4021,rfc4021,Registration of Mail and MIME Header Fields,2005-03-19 01:38:50+00:00,/api/v1/doc/document/draft-klyne-hdrreg-mail/,/api/v1/doc/document/draft-klyne-hdrreg-mail/,0,draft-klyne-hdrreg-mail,05,2013-03-02 16:58:15+00:00,,2002-05-06 07:00:00+00:00,2002-05-06 07:00:00+00:00,docevent,2005
/api/v1/doc/document/rfc4026/,4026,rfc4026,Provider Provisioned Virtual Private Network (VPN) Terminology,2005-03-19 01:40:21+00:00,/api/v1/doc/document/draft-ietf-l3vpn-ppvpn-terminology/,/api/v1/doc/document/draft-ietf-l3vpn-ppvpn-terminology/,0,draft-ietf-l3vpn-ppvpn-terminology,04,2018-12-20 08:19:50+00:00,,2004-03-23 08:00:00+00:00,2004-03-23 08:00:00+00:00,docevent,2005
/api/v1/doc/document/rfc4029/,4029,rfc4029,Scenarios and Analysis for Introducing IPv6 into ISP Networks,2005-03-19 01:41:43+00:00,/api/v1/doc/document/draft-ietf-v6ops-isp-scenarios-analysis/,/api/v1/doc/document/draft-ietf-v6ops-isp-scenarios-analysis/,0,draft-ietf-v6ops-isp-scenarios-analysis,03,2020-01-21 08:26:04+00:00,,2003-12-05 08:00:00+00:00,2003-12-05 08:00:00+00:00,docevent,2005
/api/v1/doc/document/rfc3995/,3995,rfc3995,Internet Printing Protocol (IPP): Event Notifications and Subscriptions,2005-03-23 00:21:12+00:00,/api/v1/doc/document/draft-ietf-ipp-not-spec/,/api/v1/doc/document/draft-ietf-ipp-not-spec/,0,draft-ietf-ipp-not-spec,12,2023-05-19 20:11:28+00:00,,1999-08-27 07:00:00+00:00,1999-08-27 07:00:00+00:00,docevent,2005
/api/v1/doc/document/rfc3996/,3996,rfc3996,Internet Printing Protocol (IPP): The 'ippget' Delivery Method for Event Notifications,2005-03-23 00:23:13+00:00,/api/v1/doc/document/draft-ietf-ipp-notify-get/,/api/v1/doc/document/draft-ietf-ipp-notify-get/,0,draft-ietf-ipp-notify-get,10,2020-01-21 08:26:01+00:00,,2000-09-19 07:00:00+00:00,2000-09-19 07:00:00+00:00,docevent,2005
/api/v1/doc/document/rfc3997/,3997,rfc3997,Internet Printing Protocol (IPP): Requirements for IPP Notifications,2005-03-23 00:24:50+00:00,/api/v1/doc/document/draft-ietf-ipp-not/,/api/v1/doc/document/draft-ietf-ipp-not/,0,draft-ietf-ipp-not,07,2015-10-14 20:49:53+00:00,,1998-02-24 08:00:00+00:00,1998-02-24 08:00:00+00:00,docevent,2005
/api/v1/doc/document/rfc3998/,3998,rfc3998,Internet Printing Protocol (IPP): Job and Printer Administrative Operations,2005-03-23 00:26:39+00:00,/api/v1/doc/document/draft-ietf-ipp-ops-set2/,/api/v1/doc/document/draft-ietf-ipp-ops-set2/,0,draft-ietf-ipp-ops-set2,04,2020-01-21 08:26:01+00:00,,1999-10-26 07:00:00+00:00,1999-10-26 07:00:00+00:00,docevent,2005
/api/v1/doc/document/rfc4008/,4008,rfc4008,Definitions of Managed Objects for Network Address Translators (NAT),2005-03-23 00:27:58+00:00,/api/v1/doc/document/draft-ietf-nat-natmib/,/api/v1/doc/document/draft-ietf-nat-natmib/,0,draft-ietf-nat-natmib,09,2015-10-14 20:50:11+00:00,,2001-03-05 08:00:00+00:00,2001-03-05 08:00:00+00:00,docevent,2005
/api/v1/doc/document/rfc4017/,4017,rfc4017,Extensible Authentication Protocol (EAP) Method Requirements for Wireless LANs,2005-03-26 00:48:44+00:00,/api/v1/doc/document/draft-walker-ieee802-req/,/api/v1/doc/document/draft-walker-ieee802-req/,0,draft-walker-ieee802-req,04,2013-03-02 16:58:15+00:00,,2004-02-04 08:00:00+00:00,2004-02-04 08:00:00+00:00,docevent,2005
/api/v1/doc/document/rfc4033/,4033,rfc4033,DNS Security Introduction and Requirements,2005-03-30 03:54:29+00:00,/api/v1/doc/document/draft-ietf-dnsext-dnssec-intro/,/api/v1/doc/document/draft-ietf-dnsext-dnssec-intro/,0,draft-ietf-dnsext-dnssec-intro,13,2020-01-21 08:26:04+00:00,,2001-07-13 07:00:00+00:00,2001-07-13 07:00:00+00:00,docevent,2005
/api/v1/doc/document/rfc4034/,4034,rfc4034,Resource Records for the DNS Security Extensions,2005-03-30 03:56:06+00:00,/api/v1/doc/document/draft-ietf-dnsext-dnssec-records/,/api/v1/doc/document/draft-ietf-dnsext-dnssec-records/,0,draft-ietf-dnsext-dnssec-records,11,2020-01-21 08:26:05+00:00,,2002-02-26 08:00:00+00:00,2002-02-26 08:00:00+00:00,docevent,2005
/api/v1/doc/document/rfc4035/,4035,rfc4035,Protocol Modifications for the DNS Security Extensions,2005-03-30 03:57:40+00:00,/api/v1/doc/document/draft-ietf-dnsext-dnssec-protocol/,/api/v1/doc/document/draft-ietf-dnsext-dnssec-protocol/,0,draft-ietf-dnsext-dnssec-protocol,09,2020-01-21 08:26:06+00:00,,2002-10-29 08:00:00+00:00,2002-10-29 08:00:00+00:00,docevent,2005
/api/v1/doc/document/rfc4039/,4039,rfc4039,Rapid Commit Option for the Dynamic Host Configuration Protocol version 4 (DHCPv4),2005-03-30 03:59:22+00:00,/api/v1/doc/document/draft-ietf-dhc-rapid-commit-opt/,/api/v1/doc/document/draft-ietf-dhc-rapid-commit-opt/,0,draft-ietf-dhc-rapid-commit-opt,05,2015-10-14 20:50:56+00:00,,2003-12-02 08:00:00+00:00,2003-12-02 08:00:00+00:00,docevent,2005
/api/v1/doc/document/rfc4041/,4041,rfc4041,Requirements for Morality Sections in Routing Area Drafts,2005-04-01 17:11:34+00:00,/api/v1/doc/document/draft-farrel-rtg-morality-requirements/,/api/v1/doc/document/draft-farrel-rtg-morality-requirements/,0,draft-farrel-rtg-morality-requirements,01,2018-12-20 08:19:57+00:00,,2004-11-18 08:00:00+00:00,2004-11-18 08:00:00+00:00,docevent,2005
/api/v1/doc/document/rfc4030/,4030,rfc4030,The Authentication Suboption for the Dynamic Host Configuration Protocol (DHCP) Relay Agent Option,2005-04-01 21:32:34+00:00,/api/v1/doc/document/draft-ietf-dhc-auth-suboption/,/api/v1/doc/document/draft-ietf-dhc-auth-suboption/,0,draft-ietf-dhc-auth-suboption,05,2013-03-02 16:58:15+00:00,,2002-06-25 07:00:00+00:00,2002-06-25 07:00:00+00:00,docevent,2005
/api/v1/doc/document/rfc4019/,4019,rfc4019,RObust Header Compression (ROHC): Profiles for User Datagram Protocol (UDP) Lite,2005-04-15 18:29:00+00:00,/api/v1/doc/document/draft-ietf-rohc-udp-lite/,/api/v1/doc/document/draft-ietf-rohc-udp-lite/,0,draft-ietf-rohc-udp-lite,04,2013-03-02 16:58:15+00:00,,2003-04-11 07:00:00+00:00,2003-04-11 07:00:00+00:00,docevent,2005
/api/v1/doc/document/rfc4031/,4031,rfc4031,Service Requirements for Layer 3 Provider Provisioned Virtual Private Networks (PPVPNs),2005-04-15 18:37:59+00:00,/api/v1/doc/document/draft-ietf-l3vpn-requirements/,/api/v1/doc/document/draft-ietf-l3vpn-requirements/,0,draft-ietf-l3vpn-requirements,02,2015-10-14 20:50:11+00:00,,2002-04-27 21:25:45+00:00,2002-04-27 21:25:45+00:00,docevent,2005
/api/v1/doc/document/rfc4036/,4036,rfc4036,Management Information Base for Data Over Cable Service Interface Specification (DOCSIS) Cable Modem Termination Systems for Subscriber Management,2005-04-15 18:41:07+00:00,/api/v1/doc/document/draft-ietf-ipcdn-subscriber-mib/,/api/v1/doc/document/draft-ietf-ipcdn-subscriber-mib/,0,draft-ietf-ipcdn-subscriber-mib,16,2015-10-14 20:49:59+00:00,,1999-12-09 08:00:00+00:00,1999-12-09 08:00:00+00:00,docevent,2005
/api/v1/doc/document/rfc4049/,4049,rfc4049,BinaryTime: An Alternate Format for Representing Date and Time in ASN.1,2005-04-15 18:58:49+00:00,/api/v1/doc/document/draft-housley-binarytime/,/api/v1/doc/document/draft-housley-binarytime/,0,draft-housley-binarytime,02,2015-10-14 20:51:06+00:00,,2004-08-31 07:00:00+00:00,2004-08-31 07:00:00+00:00,docevent,2005
/api/v1/doc/document/rfc4050/,4050,rfc4050,Using the Elliptic Curve Signature Algorithm (ECDSA) for XML Digital Signatures,2005-04-15 19:01:51+00:00,/api/v1/doc/document/draft-blake-wilson-xmldsig-ecdsa/,/api/v1/doc/document/draft-blake-wilson-xmldsig-ecdsa/,0,draft-blake-wilson-xmldsig-ecdsa,09,2013-03-02 16:58:17+00:00,,2000-11-14 08:00:00+00:00,2000-11-14 08:00:00+00:00,docevent,2005
/api/v1/doc/document/rfc4051/,4051,rfc4051,Additional XML Security Uniform Resource Identifiers (URIs),2005-04-15 19:03:57+00:00,/api/v1/doc/document/draft-eastlake-xmldsig-uri/,/api/v1/doc/document/draft-eastlake-xmldsig-uri/,0,draft-eastlake-xmldsig-uri,09,2020-01-21 08:26:07+00:00,,2001-04-24 07:00:00+00:00,2001-04-24 07:00:00+00:00,docevent,2005
/api/v1/doc/document/rfc4048/,4048,rfc4048,RFC 1888 Is Obsolete,2005-04-15 19:20:04+00:00,/api/v1/doc/document/draft-carpenter-obsolete-1888/,/api/v1/doc/document/draft-carpenter-obsolete-1888/,0,draft-carpenter-obsolete-1888,01,2020-01-21 08:26:06+00:00,,2004-08-16 07:00:00+00:00,2004-08-16 07:00:00+00:00,docevent,2005
/api/v1/doc/document/rfc4040/,4040,rfc4040,RTP Payload Format for a 64 kbit/s Transparent Call,2005-04-20 23:05:21+00:00,/api/v1/doc/document/draft-ietf-avt-rtp-clearmode/,/api/v1/doc/document/draft-ietf-avt-rtp-clearmode/,0,draft-ietf-avt-rtp-clearmode,05,2018-12-20 08:19:54+00:00,,2003-04-07 07:00:00+00:00,2003-04-07 07:00:00+00:00,docevent,2005
/api/v1/doc/document/rfc4045/,4045,rfc4045,Extensions to Support Efficient Carrying of Multicast Traffic in Layer-2 Tunneling Protocol (L2TP),2005-04-20 23:07:38+00:00,/api/v1/doc/document/draft-ietf-l2tpext-mcast/,/api/v1/doc/document/draft-ietf-l2tpext-mcast/,0,draft-ietf-l2tpext-mcast,05,2015-10-14 20:50:16+00:00,,2001-07-12 07:00:00+00:00,2001-07-12 07:00:00+00:00,docevent,2005
/api/v1/doc/document/rfc4047/,4047,rfc4047,MIME Sub-type Registrations for Flexible Image Transport System (FITS),2005-04-20 23:08:50+00:00,/api/v1/doc/document/draft-allen-fitsmime/,/api/v1/doc/document/draft-allen-fitsmime/,0,draft-allen-fitsmime,00,2015-10-14 20:51:07+00:00,,2004-09-02 07:00:00+00:00,2004-09-02 07:00:00+00:00,docevent,2005
/api/v1/doc/document/rfc4071/,4071,rfc4071,Structure of the IETF Administrative Support Activity (IASA),2005-04-20 23:10:26+00:00,/api/v1/doc/document/draft-ietf-iasa-bcp/,/api/v1/doc/document/draft-ietf-iasa-bcp/,0,draft-ietf-iasa-bcp,07,2013-03-02 16:58:18+00:00,,2004-11-18 08:00:00+00:00,2004-11-18 08:00:00+00:00,docevent,2005
/api/v1/doc/document/rfc4052/,4052,rfc4052,IAB Processes for Management of IETF Liaison Relationships,2005-04-26 23:18:39+00:00,/api/v1/doc/document/draft-iab-liaison-mgt/,/api/v1/doc/document/draft-iab-liaison-mgt/,0,draft-iab-liaison-mgt,03,2020-01-21 08:26:07+00:00,,2003-12-01 08:00:00+00:00,2003-12-01 08:00:00+00:00,docevent,2005
/api/v1/doc/document/rfc4053/,4053,rfc4053,Procedures for Handling Liaison Statements to and from the IETF,2005-04-26 23:19:49+00:00,/api/v1/doc/document/draft-baker-liaison-statements/,/api/v1/doc/document/draft-baker-liaison-statements/,0,draft-baker-liaison-statements,04,2018-12-20 08:20:01+00:00,,2004-02-09 08:00:00+00:00,2004-02-09 08:00:00+00:00,docevent,2005
/api/v1/doc/document/rfc4061/,4061,rfc4061,Benchmarking Basic OSPF Single Router Control Plane Convergence,2005-04-26 23:21:09+00:00,/api/v1/doc/document/draft-ietf-bmwg-ospfconv-intraarea/,/api/v1/doc/document/draft-ietf-bmwg-ospfconv-intraarea/,0,draft-ietf-bmwg-ospfconv-intraarea,10,2018-12-20 08:20:02+00:00,,2002-09-19 07:00:01+00:00,2002-09-19 07:00:01+00:00,docevent,2005
/api/v1/doc/document/rfc4062/,4062,rfc4062,OSPF Benchmarking Terminology and Concepts,2005-04-26 23:22:22+00:00,/api/v1/doc/document/draft-ietf-bmwg-ospfconv-term/,/api/v1/doc/document/draft-ietf-bmwg-ospfconv-term/,0,draft-ietf-bmwg-ospfconv-term,10,2015-10-14 20:50:31+00:00,,2002-10-29 08:00:01+00:00,2002-10-29 08:00:01+00:00,docevent,2005
/api/v1/doc/document/rfc4063/,4063,rfc4063,Considerations When Using Basic OSPF Convergence Benchmarks,2005-04-26 23:23:33+00:00,/api/v1/doc/document/draft-ietf-bmwg-ospfconv-applicability/,/api/v1/doc/document/draft-ietf-bmwg-ospfconv-applicability/,0,draft-ietf-bmwg-ospfconv-applicability,07,2015-10-14 20:50:36+00:00,,2002-09-18 07:00:00+00:00,2002-09-18 07:00:00+00:00,docevent,2005
/api/v1/doc/document/rfc4027/,4027,rfc4027,Domain Name System Media Types,2005-05-02 18:14:08+00:00,/api/v1/doc/document/draft-josefsson-mime-dns/,/api/v1/doc/document/draft-josefsson-mime-dns/,0,draft-josefsson-mime-dns,02,2013-03-02 16:58:15+00:00,,2001-01-11 08:00:00+00:00,2001-01-11 08:00:00+00:00,docevent,2005
/api/v1/doc/document/rfc4028/,4028,rfc4028,Session Timers in the Session Initiation Protocol (SIP),2005-05-02 18:15:37+00:00,/api/v1/doc/document/draft-ietf-sip-session-timer/,/api/v1/doc/document/draft-ietf-sip-session-timer/,0,draft-ietf-sip-session-timer,15,2020-01-21 08:26:03+00:00,,1999-10-20 07:00:00+00:00,1999-10-20 07:00:00+00:00,docevent,2005
/api/v1/doc/document/rfc4018/,4018,rfc4018,Finding Internet Small Computer Systems Interface (iSCSI) Targets and Name Servers by Using Service Location Protocol version 2 (SLPv2),2005-05-02 18:17:07+00:00,/api/v1/doc/document/draft-ietf-ips-iscsi-slp/,/api/v1/doc/document/draft-ietf-ips-iscsi-slp/,0,draft-ietf-ips-iscsi-slp,09,2021-09-25 07:36:32+00:00,,2001-04-20 07:00:00+00:00,2001-04-20 07:00:00+00:00,docevent,2005
/api/v1/doc/document/rfc4046/,4046,rfc4046,Multicast Security (MSEC) Group Key Management Architecture,2005-05-02 18:18:37+00:00,/api/v1/doc/document/draft-ietf-msec-gkmarch/,/api/v1/doc/document/draft-ietf-msec-gkmarch/,0,draft-ietf-msec-gkmarch,08,2013-03-02 16:58:17+00:00,,2001-06-26 07:00:00+00:00,2001-06-26 07:00:00+00:00,docevent,2005
/api/v1/doc/document/rfc4059/,4059,rfc4059,Internet X.509 Public Key Infrastructure Warranty Certificate Extension,2005-05-07 00:18:40+00:00,/api/v1/doc/document/draft-ietf-pkix-warranty-extn/,/api/v1/doc/document/draft-ietf-pkix-warranty-extn/,0,draft-ietf-pkix-warranty-extn,04,2015-10-14 20:50:30+00:00,,2002-04-18 07:00:00+00:00,2002-04-18 07:00:00+00:00,docevent,2005
/api/v1/doc/document/rfc4060/,4060,rfc4060,"RTP Payload Formats for European Telecommunications Standards Institute (ETSI) European Standard ES 202 050, ES 202 211, and ES 202 212 Distributed Speech Recognition Encoding",2005-05-07 00:20:32+00:00,/api/v1/doc/document/draft-ietf-avt-rtp-dsr-codecs/,/api/v1/doc/document/draft-ietf-avt-rtp-dsr-codecs/,0,draft-ietf-avt-rtp-dsr-codecs,03,2020-01-21 08:26:09+00:00,,2004-02-09 08:00:00+00:00,2004-02-09 08:00:00+00:00,docevent,2005
/api/v1/doc/document/rfc4069/,4069,rfc4069,Definitions of Managed Object Extensions for Very High Speed Digital Subscriber Lines (VDSL) Using Single Carrier Modulation (SCM) Line Coding,2005-05-09 23:01:43+00:00,/api/v1/doc/document/draft-ietf-adslmib-vdsl-ext-scm/,/api/v1/doc/document/draft-ietf-adslmib-vdsl-ext-scm/,0,draft-ietf-adslmib-vdsl-ext-scm,08,2021-04-15 07:28:31+00:00,,2003-09-24 07:00:00+00:00,2003-09-24 07:00:00+00:00,docevent,2005
/api/v1/doc/document/rfc4070/,4070,rfc4070,Definitions of Managed Object Extensions for Very High Speed Digital Subscriber Lines (VDSL) Using Multiple Carrier Modulation (MCM) Line Coding,2005-05-09 23:03:02+00:00,/api/v1/doc/document/draft-ietf-adslmib-vdsl-ext-mcm/,/api/v1/doc/document/draft-ietf-adslmib-vdsl-ext-mcm/,0,draft-ietf-adslmib-vdsl-ext-mcm,06,2015-10-14 20:50:51+00:00,,2003-09-24 07:00:00+00:00,2003-09-24 07:00:00+00:00,docevent,2005
/api/v1/doc/document/rfc4054/,4054,rfc4054,Impairments and Other Constraints on Optical Layer Routing,2005-05-11 22:15:52+00:00,/api/v1/doc/document/draft-ietf-ipo-impairments/,/api/v1/doc/document/draft-ietf-ipo-impairments/,0,draft-ietf-ipo-impairments,05,2015-10-14 20:50:14+00:00,,2001-05-24 07:00:00+00:00,2001-05-24 07:00:00+00:00,docevent,2005
/api/v1/doc/document/rfc4073/,4073,rfc4073,Protecting Multiple Contents with the Cryptographic Message Syntax (CMS),2005-05-11 22:17:01+00:00,/api/v1/doc/document/draft-housley-contentcollection/,/api/v1/doc/document/draft-housley-contentcollection/,0,draft-housley-contentcollection,05,2015-10-14 20:51:04+00:00,,2004-06-22 07:00:00+00:00,2004-06-22 07:00:00+00:00,docevent,2005
/api/v1/doc/document/rfc4044/,4044,rfc4044,Fibre Channel Management MIB,2005-05-16 21:27:48+00:00,/api/v1/doc/document/draft-ietf-ips-fcmgmt-mib/,/api/v1/doc/document/draft-ietf-ips-fcmgmt-mib/,0,draft-ietf-ips-fcmgmt-mib,06,2015-10-14 20:50:26+00:00,,2002-01-23 08:00:00+00:00,2002-01-23 08:00:00+00:00,docevent,2005
/api/v1/doc/document/rfc4084/,4084,rfc4084,Terminology for Describing Internet Connectivity,2005-05-16 21:30:59+00:00,/api/v1/doc/document/draft-klensin-ip-service-terms/,/api/v1/doc/document/draft-klensin-ip-service-terms/,0,draft-klensin-ip-service-terms,04,2020-07-29 07:30:21+00:00,,2004-03-17 08:00:00+00:00,2004-03-17 08:00:00+00:00,docevent,2005
/api/v1/doc/document/rfc4043/,4043,rfc4043,Internet X.509 Public Key Infrastructure Permanent Identifier,2005-05-23 21:12:26+00:00,/api/v1/doc/document/draft-ietf-pkix-pi/,/api/v1/doc/document/draft-ietf-pkix-pi/,0,draft-ietf-pkix-pi,11,2020-01-21 08:26:06+00:00,,2000-05-04 07:00:00+00:00,2000-05-04 07:00:00+00:00,docevent,2005
/api/v1/doc/document/rfc4064/,4064,rfc4064,"Experimental Message, Extensions, and Error Codes for Mobile IPv4",2005-05-23 21:14:01+00:00,/api/v1/doc/document/draft-ietf-mip4-experimental-messages/,/api/v1/doc/document/draft-ietf-mip4-experimental-messages/,0,draft-ietf-mip4-experimental-messages,02,2015-10-14 20:50:57+00:00,,2003-12-09 08:00:00+00:00,2003-12-09 08:00:00+00:00,docevent,2005
/api/v1/doc/document/rfc4075/,4075,rfc4075,Simple Network Time Protocol (SNTP) Configuration Option for DHCPv6,2005-05-23 21:15:33+00:00,/api/v1/doc/document/draft-ietf-dhc-dhcpv6-opt-sntp/,/api/v1/doc/document/draft-ietf-dhc-dhcpv6-opt-sntp/,0,draft-ietf-dhc-dhcpv6-opt-sntp,01,2013-03-02 16:58:18+00:00,,2003-11-25 08:00:00+00:00,2003-11-25 08:00:00+00:00,docevent,2005
/api/v1/doc/document/rfc4076/,4076,rfc4076,Renumbering Requirements for Stateless Dynamic Host Configuration Protocol for IPv6 (DHCPv6),2005-05-23 21:17:27+00:00,/api/v1/doc/document/draft-ietf-dhc-stateless-dhcpv6-renumbering/,/api/v1/doc/document/draft-ietf-dhc-stateless-dhcpv6-renumbering/,0,draft-ietf-dhc-stateless-dhcpv6-renumbering,02,2015-10-14 20:51:01+00:00,,2004-03-09 08:00:00+00:00,2004-03-09 08:00:00+00:00,docevent,2005
/api/v1/doc/document/rfc4078/,4078,rfc4078,The TV-Anytime Content Reference Identifier (CRID),2005-05-23 21:18:47+00:00,/api/v1/doc/document/draft-earnshaw-tv-anytime-crid/,/api/v1/doc/document/draft-earnshaw-tv-anytime-crid/,0,draft-earnshaw-tv-anytime-crid,04,2018-12-20 08:20:03+00:00,,2003-09-29 07:00:00+00:00,2003-09-29 07:00:00+00:00,docevent,2005
/api/v1/doc/document/rfc4083/,4083,rfc4083,Input 3rd-Generation Partnership Project (3GPP) Release 5 Requirements on the Session Initiation Protocol (SIP),2005-05-23 21:20:26+00:00,/api/v1/doc/document/draft-ietf-sipping-3gpp-r5-requirements/,/api/v1/doc/document/draft-ietf-sipping-3gpp-r5-requirements/,0,draft-ietf-sipping-3gpp-r5-requirements,00,2015-10-14 20:50:37+00:00,,2002-10-11 07:00:00+00:00,2002-10-11 07:00:00+00:00,docevent,2005
/api/v1/doc/document/rfc4058/,4058,rfc4058,Protocol for Carrying Authentication for Network Access (PANA) Requirements,2005-05-26 00:22:19+00:00,/api/v1/doc/document/draft-ietf-pana-requirements/,/api/v1/doc/document/draft-ietf-pana-requirements/,0,draft-ietf-pana-requirements,09,2015-10-14 20:50:26+00:00,,2002-02-04 08:00:00+00:00,2002-02-04 08:00:00+00:00,docevent,2005
/api/v1/doc/document/rfc3927/,3927,rfc3927,Dynamic Configuration of IPv4 Link-Local Addresses,2005-05-26 00:23:51+00:00,/api/v1/doc/document/draft-ietf-zeroconf-ipv4-linklocal/,/api/v1/doc/document/draft-cheshire-ipv4-linklocal/,1,draft-cheshire-ipv4-linklocal,00,2000-03-16 08:00:00+00:00,,2000-03-16 08:00:00+00:00,2000-03-16 08:00:00+00:00,docevent,2005
/api/v1/doc/document/rfc3927/,3927,rfc3927,Dynamic Configuration of IPv4 Link-Local Addresses,2005-05-26 00:23:51+00:00,/api/v1/doc/document/draft-ietf-zeroconf-ipv4-linklocal/,/api/v1/doc/document/draft-ietf-zeroconf-ipv4-linklocal/,0,draft-ietf-zeroconf-ipv4-linklocal,17,2020-12-10 08:26:15+00:00,,2000-10-09 07:00:00+00:00,2000-10-09 07:00:00+00:00,docevent,2005
/api/v1/doc/document/rfc4077/,4077,rfc4077,A Negative Acknowledgement Mechanism for Signaling Compression,2005-05-26 00:25:36+00:00,/api/v1/doc/document/draft-ietf-rohc-sigcomp-nack/,/api/v1/doc/document/draft-ietf-rohc-sigcomp-nack/,0,draft-ietf-rohc-sigcomp-nack,02,2015-10-14 20:50:57+00:00,,2003-12-11 08:00:00+00:00,2003-12-11 08:00:00+00:00,docevent,2005
/api/v1/doc/document/rfc4109/,4109,rfc4109,Algorithms for Internet Key Exchange version 1 (IKEv1),2005-05-26 00:26:54+00:00,/api/v1/doc/document/draft-hoffman-ikev1-algorithms/,/api/v1/doc/document/draft-hoffman-ikev1-algorithms/,0,draft-hoffman-ikev1-algorithms,03,2015-10-14 20:51:07+00:00,,2004-09-29 07:00:00+00:00,2004-09-29 07:00:00+00:00,docevent,2005
/api/v1/doc/document/rfc4089/,4089,rfc4089,IAB and IESG Recommendation for IETF Administrative Restructuring,2005-05-27 17:31:48+00:00,/api/v1/doc/document/draft-iab-iesg-adminrest-rec/,/api/v1/doc/document/draft-iab-iesg-adminrest-rec/,0,draft-iab-iesg-adminrest-rec,00,2013-03-02 16:58:19+00:00,,2004-10-21 07:00:00+00:00,2004-10-21 07:00:00+00:00,docevent,2005
/api/v1/doc/document/rfc4090/,4090,rfc4090,Fast Reroute Extensions to RSVP-TE for LSP Tunnels,2005-05-27 17:33:34+00:00,/api/v1/doc/document/draft-ietf-mpls-rsvp-lsp-fastreroute/,/api/v1/doc/document/draft-ietf-mpls-rsvp-lsp-fastreroute/,0,draft-ietf-mpls-rsvp-lsp-fastreroute,07,2020-01-21 08:26:10+00:00,,2002-02-26 08:00:00+00:00,2002-02-26 08:00:00+00:00,docevent,2005
/api/v1/doc/document/rfc4094/,4094,rfc4094,Analysis of Existing Quality-of-Service Signaling Protocols,2005-05-27 17:35:29+00:00,/api/v1/doc/document/draft-ietf-nsis-signalling-analysis/,/api/v1/doc/document/draft-ietf-nsis-signalling-analysis/,0,draft-ietf-nsis-signalling-analysis,05,2015-10-14 20:50:39+00:00,,2002-10-31 08:00:00+00:00,2002-10-31 08:00:00+00:00,docevent,2005
/api/v1/doc/document/rfc4095/,4095,rfc4095,Attaching Meaning to Solicitation Class Keywords,2005-05-27 17:36:44+00:00,/api/v1/doc/document/draft-malamud-keyword-discovery/,/api/v1/doc/document/draft-malamud-keyword-discovery/,0,draft-malamud-keyword-discovery,05,2018-12-20 08:20:13+00:00,,2005-01-28 08:00:00+00:00,2005-01-28 08:00:00+00:00,docevent,2005
/api/v1/doc/document/rfc4096/,4096,rfc4096,"Policy-Mandated Labels Such as ""Adv:"" in Email Subject Headers Considered Ineffective At Best",2005-05-27 17:38:01+00:00,/api/v1/doc/document/draft-malamud-subject-line/,/api/v1/doc/document/draft-malamud-subject-line/,0,draft-malamud-subject-line,05,2015-10-14 20:51:13+00:00,,2005-01-31 08:00:00+00:00,2005-01-31 08:00:00+00:00,docevent,2005
/api/v1/doc/document/rfc4074/,4074,rfc4074,Common Misbehavior Against DNS Queries for IPv6 Addresses,2005-06-02 00:14:39+00:00,/api/v1/doc/document/draft-ietf-dnsop-misbehavior-against-aaaa/,/api/v1/doc/document/draft-ietf-dnsop-misbehavior-against-aaaa/,0,draft-ietf-dnsop-misbehavior-against-aaaa,02,2013-03-02 16:58:18+00:00,,2004-02-13 08:00:00+00:00,2004-02-13 08:00:00+00:00,docevent,2005
/api/v1/doc/document/rfc4057/,4057,rfc4057,IPv6 Enterprise Network Scenarios,2005-06-06 23:43:53+00:00,/api/v1/doc/document/draft-ietf-v6ops-ent-scenarios/,/api/v1/doc/document/draft-ietf-v6ops-ent-scenarios/,0,draft-ietf-v6ops-ent-scenarios,05,2020-01-21 08:26:08+00:00,,2003-10-16 07:00:00+00:00,2003-10-16 07:00:00+00:00,docevent,2005
/api/v1/doc/document/rfc4086/,4086,rfc4086,Randomness Requirements for Security,2005-06-06 23:45:07+00:00,/api/v1/doc/document/draft-eastlake-randomness2/,/api/v1/doc/document/draft-eastlake-randomness2/,0,draft-eastlake-randomness2,10,2023-08-03 07:15:49+00:00,,2000-07-19 07:00:00+00:00,2000-07-19 07:00:00+00:00,docevent,2005
/api/v1/doc/document/rfc4087/,4087,rfc4087,IP Tunnel MIB,2005-06-06 23:46:27+00:00,/api/v1/doc/document/draft-ietf-ipv6-inet-tunnel-mib/,/api/v1/doc/document/draft-ietf-ipv6-inet-tunnel-mib/,0,draft-ietf-ipv6-inet-tunnel-mib,03,2015-10-14 20:50:58+00:00,,2004-01-20 08:00:00+00:00,2004-01-20 08:00:00+00:00,docevent,2005
/api/v1/doc/document/rfc4088/,4088,rfc4088,Uniform Resource Identifier (URI) Scheme for the Simple Network Management Protocol (SNMP),2005-06-06 23:47:35+00:00,/api/v1/doc/document/draft-black-snmp-uri/,/api/v1/doc/document/draft-black-snmp-uri/,0,draft-black-snmp-uri,09,2018-12-20 08:20:10+00:00,,2003-08-29 07:00:00+00:00,2003-08-29 07:00:00+00:00,docevent,2005
/api/v1/doc/document/rfc4098/,4098,rfc4098,Terminology for Benchmarking BGP Device Convergence in the Control Plane,2005-06-06 23:49:04+00:00,/api/v1/doc/document/draft-ietf-bmwg-conterm/,/api/v1/doc/document/draft-ietf-bmwg-conterm/,0,draft-ietf-bmwg-conterm,06,2015-10-14 20:50:17+00:00,,2001-07-16 07:00:00+00:00,2001-07-16 07:00:00+00:00,docevent,2005
/api/v1/doc/document/rfc4102/,4102,rfc4102,Registration of the text/red MIME Sub-Type,2005-06-06 23:50:32+00:00,/api/v1/doc/document/draft-ietf-avt-text-red/,/api/v1/doc/document/draft-ietf-avt-text-red/,0,draft-ietf-avt-text-red,05,2013-03-02 16:58:20+00:00,,2003-12-18 08:00:00+00:00,2003-12-18 08:00:00+00:00,docevent,2005
/api/v1/doc/document/rfc4103/,4103,rfc4103,RTP Payload for Text Conversation,2005-06-06 23:51:52+00:00,/api/v1/doc/document/draft-ietf-avt-rfc2793bis/,/api/v1/doc/document/draft-ietf-avt-rfc2793bis/,0,draft-ietf-avt-rfc2793bis,09,2018-12-20 08:20:14+00:00,,2003-11-21 08:00:00+00:00,2003-11-21 08:00:00+00:00,docevent,2005
/api/v1/doc/document/rfc4114/,4114,rfc4114,E.164 Number Mapping for the Extensible Provisioning Protocol (EPP),2005-06-07 00:38:44+00:00,/api/v1/doc/document/draft-ietf-enum-epp-e164/,/api/v1/doc/document/draft-hollenbeck-epp-e164/,1,draft-hollenbeck-epp-e164,02,2010-04-26 07:00:00+00:00,,2001-08-17 07:00:00+00:00,2001-08-17 07:00:00+00:00,docevent,2005
/api/v1/doc/document/rfc4114/,4114,rfc4114,E.164 Number Mapping for the Extensible Provisioning Protocol (EPP),2005-06-07 00:38:44+00:00,/api/v1/doc/document/draft-ietf-enum-epp-e164/,/api/v1/doc/document/draft-ietf-enum-epp-e164/,0,draft-ietf-enum-epp-e164,08,2020-01-21 08:26:14+00:00,,2002-04-04 08:00:00+00:00,2002-04-04 08:00:00+00:00,docevent,2005
/api/v1/doc/document/rfc4091/,4091,rfc4091,The Alternative Network Address Types (ANAT) Semantics for the Session Description Protocol (SDP) Grouping Framework,2005-06-08 23:30:36+00:00,/api/v1/doc/document/draft-ietf-mmusic-anat/,/api/v1/doc/document/draft-ietf-mmusic-anat/,0,draft-ietf-mmusic-anat,02,2015-10-14 20:50:57+00:00,,2003-12-15 08:00:00+00:00,2003-12-15 08:00:00+00:00,docevent,2005
/api/v1/doc/document/rfc4092/,4092,rfc4092,Usage of the Session Description Protocol (SDP) Alternative Network Address Types (ANAT) Semantics in the Session Initiation Protocol (SIP),2005-06-08 23:32:17+00:00,/api/v1/doc/document/draft-ietf-sip-anat-usage/,/api/v1/doc/document/draft-ietf-sip-anat-usage/,0,draft-ietf-sip-anat-usage,00,2015-10-14 20:51:04+00:00,,2004-06-21 07:00:00+00:00,2004-06-21 07:00:00+00:00,docevent,2005
/api/v1/doc/document/rfc4104/,4104,rfc4104,Policy Core Extension Lightweight Directory Access Protocol Schema (PCELS),2005-06-08 23:33:41+00:00,/api/v1/doc/document/draft-reyes-policy-core-ext-schema/,/api/v1/doc/document/draft-reyes-policy-core-ext-schema/,0,draft-reyes-policy-core-ext-schema,07,2015-10-14 20:50:40+00:00,,2002-12-18 08:00:00+00:00,2002-12-18 08:00:00+00:00,docevent,2005
/api/v1/doc/document/rfc4080/,4080,rfc4080,Next Steps in Signaling (NSIS): Framework,2005-06-10 17:01:40+00:00,/api/v1/doc/document/draft-ietf-nsis-fw/,/api/v1/doc/document/draft-ietf-nsis-fw/,0,draft-ietf-nsis-fw,07,2018-12-20 08:20:04+00:00,,2002-10-03 07:00:00+00:00,2002-10-03 07:00:00+00:00,docevent,2005
/api/v1/doc/document/rfc4081/,4081,rfc4081,Security Threats for Next Steps in Signaling (NSIS),2005-06-10 17:03:10+00:00,/api/v1/doc/document/draft-ietf-nsis-threats/,/api/v1/doc/document/draft-ietf-nsis-threats/,0,draft-ietf-nsis-threats,06,2013-03-02 16:58:19+00:00,,2002-10-31 08:00:00+00:00,2002-10-31 08:00:00+00:00,docevent,2005
/api/v1/doc/document/rfc4085/,4085,rfc4085,Embedding Globally-Routable Internet Addresses Considered Harmful,2005-06-10 17:05:35+00:00,/api/v1/doc/document/draft-ietf-grow-embed-addr/,/api/v1/doc/document/draft-ietf-grow-embed-addr/,0,draft-ietf-grow-embed-addr,05,2013-03-02 16:58:19+00:00,,2003-12-03 08:00:00+00:00,2003-12-03 08:00:00+00:00,docevent,2005
/api/v1/doc/document/rfc4105/,4105,rfc4105,Requirements for Inter-Area MPLS Traffic Engineering,2005-06-10 17:07:05+00:00,/api/v1/doc/document/draft-ietf-tewg-interarea-mpls-te-req/,/api/v1/doc/document/draft-ietf-tewg-interarea-mpls-te-req/,0,draft-ietf-tewg-interarea-mpls-te-req,03,2015-10-14 20:51:01+00:00,,2004-03-26 08:00:00+00:00,2004-03-26 08:00:00+00:00,docevent,2005
/api/v1/doc/document/rfc4113/,4113,rfc4113,Management Information Base for the User Datagram Protocol (UDP),2005-06-10 17:32:37+00:00,/api/v1/doc/document/draft-ietf-ipv6-rfc2013-update/,/api/v1/doc/document/draft-ietf-ipv6-rfc2013-update/,0,draft-ietf-ipv6-rfc2013-update,04,2015-10-14 20:50:34+00:00,,2002-07-08 07:00:00+00:00,2002-07-08 07:00:00+00:00,docevent,2005
/api/v1/doc/document/rfc4106/,4106,rfc4106,The Use of Galois/Counter Mode (GCM) in IPsec Encapsulating Security Payload (ESP),2005-06-13 22:26:21+00:00,/api/v1/doc/document/draft-ietf-ipsec-ciph-aes-gcm/,/api/v1/doc/document/draft-ietf-ipsec-ciph-aes-gcm/,0,draft-ietf-ipsec-ciph-aes-gcm,00,2020-01-21 08:26:11+00:00,,2004-04-27 07:00:00+00:00,2004-04-27 07:00:00+00:00,docevent,2005
/api/v1/doc/document/rfc4097/,4097,rfc4097,Middlebox Communications (MIDCOM) Protocol Evaluation,2005-06-16 00:08:11+00:00,/api/v1/doc/document/draft-ietf-midcom-protocol-eval/,/api/v1/doc/document/draft-ietf-midcom-protocol-eval/,0,draft-ietf-midcom-protocol-eval,06,2015-10-14 20:50:31+00:00,,2002-05-28 07:00:00+00:00,2002-05-28 07:00:00+00:00,docevent,2005
/api/v1/doc/document/rfc4055/,4055,rfc4055,Additional Algorithms and Identifiers for RSA Cryptography for use in the Internet X.509 Public Key Infrastructure Certificate and Certificate Revocation List (CRL) Profile,2005-06-20 19:50:34+00:00,/api/v1/doc/document/draft-ietf-pkix-rsa-pkalgs/,/api/v1/doc/document/draft-ietf-pkix-rsa-pkalgs/,0,draft-ietf-pkix-rsa-pkalgs,03,2020-01-21 08:26:08+00:00,,2003-01-06 08:00:00+00:00,2003-01-06 08:00:00+00:00,docevent,2005
/api/v1/doc/document/rfc4056/,4056,rfc4056,Use of the RSASSA-PSS Signature Algorithm in Cryptographic Message Syntax (CMS),2005-06-20 19:51:58+00:00,/api/v1/doc/document/draft-ietf-smime-pss/,/api/v1/doc/document/draft-ietf-smime-pss/,0,draft-ietf-smime-pss,03,2022-12-21 08:15:06+00:00,,2003-02-25 08:00:00+00:00,2003-02-25 08:00:00+00:00,docevent,2005
/api/v1/doc/document/rfc4107/,4107,rfc4107,Guidelines for Cryptographic Key Management,2005-06-20 19:53:20+00:00,/api/v1/doc/document/draft-bellovin-mandate-keymgmt/,/api/v1/doc/document/draft-bellovin-mandate-keymgmt/,0,draft-bellovin-mandate-keymgmt,03,2015-10-14 20:50:44+00:00,,2003-04-09 07:00:00+00:00,2003-04-09 07:00:00+00:00,docevent,2005
/api/v1/doc/document/rfc4082/,4082,rfc4082,Timed Efficient Stream Loss-Tolerant Authentication (TESLA): Multicast Source Authentication Transform Introduction,2005-06-23 17:54:31+00:00,/api/v1/doc/document/draft-ietf-msec-tesla-intro/,/api/v1/doc/document/draft-ietf-msec-tesla-intro/,0,draft-ietf-msec-tesla-intro,04,2018-12-20 08:20:06+00:00,,2002-10-30 08:00:01+00:00,2002-10-30 08:00:01+00:00,docevent,2005
/api/v1/doc/document/rfc4101/,4101,rfc4101,Writing Protocol Models,2005-06-25 00:55:27+00:00,/api/v1/doc/document/draft-iab-model/,/api/v1/doc/document/draft-iab-model/,0,draft-iab-model,03,2015-10-14 20:50:56+00:00,,2003-11-25 08:00:00+00:00,2003-11-25 08:00:00+00:00,docevent,2005
/api/v1/doc/document/rfc4112/,4112,rfc4112,Electronic Commerce Modeling Language (ECML) Version 2 Specification,2005-06-25 00:56:53+00:00,/api/v1/doc/document/draft-ietf-trade-ecml2-spec/,/api/v1/doc/document/draft-ietf-trade-ecml2-spec/,0,draft-ietf-trade-ecml2-spec,13,2015-10-14 20:50:11+00:00,,2001-02-26 08:00:00+00:00,2001-02-26 08:00:00+00:00,docevent,2005
/api/v1/doc/document/rfc4117/,4117,rfc4117,Transcoding Services Invocation in the Session Initiation Protocol (SIP) Using Third Party Call Control (3pcc),2005-06-30 00:30:35+00:00,/api/v1/doc/document/draft-ietf-sipping-transc-3pcc/,/api/v1/doc/document/draft-ietf-sipping-transc-3pcc/,0,draft-ietf-sipping-transc-3pcc,02,2020-01-21 08:26:14+00:00,,2004-02-05 08:00:00+00:00,2004-02-05 08:00:00+00:00,docevent,2005
/api/v1/doc/document/rfc4118/,4118,rfc4118,Architecture Taxonomy for Control and Provisioning of Wireless Access Points (CAPWAP),2005-06-30 00:32:21+00:00,/api/v1/doc/document/draft-ietf-capwap-arch/,/api/v1/doc/document/draft-ietf-capwap-arch/,0,draft-ietf-capwap-arch,06,2015-10-14 20:51:00+00:00,,2004-02-12 08:00:00+00:00,2004-02-12 08:00:00+00:00,docevent,2005
/api/v1/doc/document/rfc4124/,4124,rfc4124,Protocol Extensions for Support of Diffserv-aware MPLS Traffic Engineering,2005-06-30 00:33:50+00:00,/api/v1/doc/document/draft-ietf-tewg-diff-te-proto/,/api/v1/doc/document/draft-ietf-tewg-diff-te-proto/,0,draft-ietf-tewg-diff-te-proto,08,2015-10-14 20:50:27+00:00,,2002-02-19 08:00:00+00:00,2002-02-19 08:00:00+00:00,docevent,2005
/api/v1/doc/document/rfc4125/,4125,rfc4125,Maximum Allocation Bandwidth Constraints Model for Diffserv-aware MPLS Traffic Engineering,2005-06-30 00:35:13+00:00,/api/v1/doc/document/draft-ietf-tewg-diff-te-mam/,/api/v1/doc/document/draft-ietf-tewg-diff-te-mam/,0,draft-ietf-tewg-diff-te-mam,04,2015-10-14 20:50:48+00:00,,2003-06-25 07:00:00+00:00,2003-06-25 07:00:00+00:00,docevent,2005
/api/v1/doc/document/rfc4126/,4126,rfc4126,Max Allocation with Reservation Bandwidth Constraints Model for Diffserv-aware MPLS Traffic Engineering & Performance Comparisons,2005-06-30 00:36:49+00:00,/api/v1/doc/document/draft-ietf-tewg-diff-te-mar/,/api/v1/doc/document/draft-ietf-tewg-diff-te-mar/,0,draft-ietf-tewg-diff-te-mar,06,2015-10-14 20:50:45+00:00,,2003-04-16 07:00:00+00:00,2003-04-16 07:00:00+00:00,docevent,2005
/api/v1/doc/document/rfc4127/,4127,rfc4127,Russian Dolls Bandwidth Constraints Model for Diffserv-aware MPLS Traffic Engineering,2005-06-30 00:38:11+00:00,/api/v1/doc/document/draft-ietf-tewg-diff-te-russian/,/api/v1/doc/document/draft-ietf-tewg-diff-te-russian/,0,draft-ietf-tewg-diff-te-russian,07,2015-10-14 20:50:38+00:00,,2002-10-25 07:00:00+00:00,2002-10-25 07:00:00+00:00,docevent,2005
/api/v1/doc/document/rfc4128/,4128,rfc4128,Bandwidth Constraints Models for Differentiated Services (Diffserv)-aware MPLS Traffic Engineering: Performance Evaluation,2005-06-30 00:39:36+00:00,/api/v1/doc/document/draft-wlai-tewg-bcmodel/,/api/v1/doc/document/draft-wlai-tewg-bcmodel/,0,draft-wlai-tewg-bcmodel,06,2015-10-14 20:50:33+00:00,,2002-06-27 07:00:00+00:00,2002-06-27 07:00:00+00:00,docevent,2005
/api/v1/doc/document/rfc4115/,4115,rfc4115,"A Differentiated Service Two-Rate, Three-Color Marker with Efficient Handling of in-Profile Traffic",2005-07-07 18:20:16+00:00,/api/v1/doc/document/draft-aboulmagd-trtcm-inprofile/,/api/v1/doc/document/draft-aboulmagd-trtcm-inprofile/,0,draft-aboulmagd-trtcm-inprofile,02,2013-03-02 16:58:20+00:00,,2003-09-10 07:00:00+00:00,2003-09-10 07:00:00+00:00,docevent,2005
/api/v1/doc/document/rfc4130/,4130,rfc4130,"MIME-Based Secure Peer-to-Peer Business Data Interchange Using HTTP, Applicability Statement 2 (AS2)",2005-07-07 18:21:54+00:00,/api/v1/doc/document/draft-ietf-ediint-as2/,/api/v1/doc/document/draft-ietf-ediint-as2/,0,draft-ietf-ediint-as2,20,2020-01-21 08:26:17+00:00,,1998-04-07 07:00:00+00:00,1998-04-07 07:00:00+00:00,docevent,2005
/api/v1/doc/document/rfc4079/,4079,rfc4079,A Presence Architecture for the Distribution of GEOPRIV Location Objects,2005-07-07 18:23:34+00:00,/api/v1/doc/document/draft-ietf-geopriv-pres/,/api/v1/doc/document/draft-ietf-geopriv-pres/,0,draft-ietf-geopriv-pres,02,2013-03-02 16:58:18+00:00,,2004-02-09 08:00:00+00:00,2004-02-09 08:00:00+00:00,docevent,2005
/api/v1/doc/document/rfc4122/,4122,rfc4122,A Universally Unique IDentifier (UUID) URN Namespace,2005-07-07 18:24:45+00:00,/api/v1/doc/document/draft-mealling-uuid-urn/,/api/v1/doc/document/draft-mealling-uuid-urn/,0,draft-mealling-uuid-urn,05,2020-01-21 08:26:15+00:00,,2002-09-23 07:00:00+00:00,2002-09-23 07:00:00+00:00,docevent,2005
/api/v1/doc/document/rfc4123/,4123,rfc4123,Session Initiation Protocol (SIP)-H.323 Interworking Requirements,2005-07-07 18:26:01+00:00,/api/v1/doc/document/draft-agrawal-sip-h323-interworking-reqs/,/api/v1/doc/document/draft-agrawal-sip-h323-interworking-reqs/,0,draft-agrawal-sip-h323-interworking-reqs,07,2015-10-14 20:50:03+00:00,,2000-07-12 07:00:00+00:00,2000-07-12 07:00:00+00:00,docevent,2005
/api/v1/doc/document/rfc4065/,4065,rfc4065,Instructions for Seamoby and Experimental Mobility Protocol IANA Allocations,2005-07-08 22:37:54+00:00,/api/v1/doc/document/draft-ietf-seamoby-iana/,/api/v1/doc/document/draft-ietf-seamoby-iana/,0,draft-ietf-seamoby-iana,02,2015-10-14 20:51:03+00:00,,2004-05-14 07:00:00+00:00,2004-05-14 07:00:00+00:00,docevent,2005
/api/v1/doc/document/rfc4066/,4066,rfc4066,Candidate Access Router Discovery (CARD),2005-07-08 22:39:28+00:00,/api/v1/doc/document/draft-ietf-seamoby-card-protocol/,/api/v1/doc/document/draft-ietf-seamoby-card-protocol/,0,draft-ietf-seamoby-card-protocol,08,2015-10-14 20:50:39+00:00,,2002-11-01 08:00:00+00:00,2002-11-01 08:00:00+00:00,docevent,2005
/api/v1/doc/document/rfc4067/,4067,rfc4067,Context Transfer Protocol (CXTP),2005-07-08 22:41:21+00:00,/api/v1/doc/document/draft-ietf-seamoby-ctp/,/api/v1/doc/document/draft-ietf-seamoby-ctp/,0,draft-ietf-seamoby-ctp,11,2015-10-14 20:50:39+00:00,,2002-11-01 08:00:00+00:00,2002-11-01 08:00:00+00:00,docevent,2005
/api/v1/doc/document/rfc4068/,4068,rfc4068,Fast Handovers for Mobile IPv6,2005-07-08 22:43:03+00:00,/api/v1/doc/document/draft-ietf-mipshop-fast-mipv6/,/api/v1/doc/document/draft-ietf-mipshop-fast-mipv6/,0,draft-ietf-mipshop-fast-mipv6,03,2015-10-14 20:50:11+00:00,,2003-10-22 07:00:00+00:00,2003-10-22 07:00:00+00:00,docevent,2005
/api/v1/doc/document/rfc4024/,4024,rfc4024,Voice Messaging Client Behaviour,2005-07-13 21:57:56+00:00,/api/v1/doc/document/draft-ema-vpim-cb/,/api/v1/doc/document/draft-ema-vpim-cb/,0,draft-ema-vpim-cb,02,2015-10-14 20:50:05+00:00,,2000-08-08 07:00:00+00:00,2000-08-08 07:00:00+00:00,docevent,2005
/api/v1/doc/document/rfc4110/,4110,rfc4110,A Framework for Layer 3 Provider-Provisioned Virtual Private Networks (PPVPNs),2005-07-15 17:49:39+00:00,/api/v1/doc/document/draft-ietf-l3vpn-framework/,/api/v1/doc/document/draft-ietf-l3vpn-framework/,0,draft-ietf-l3vpn-framework,00,2022-12-24 08:14:55+00:00,,2002-04-27 21:26:19+00:00,2002-04-27 21:26:19+00:00,docevent,2005
/api/v1/doc/document/rfc4111/,4111,rfc4111,Security Framework for Provider-Provisioned Virtual Private Networks (PPVPNs),2005-07-15 18:05:20+00:00,/api/v1/doc/document/draft-ietf-l3vpn-security-framework/,/api/v1/doc/document/draft-ietf-l3vpn-security-framework/,0,draft-ietf-l3vpn-security-framework,03,2020-01-21 08:26:12+00:00,,2003-09-09 07:00:00+00:00,2003-09-09 07:00:00+00:00,docevent,2005
/api/v1/doc/document/rfc4120/,4120,rfc4120,The Kerberos Network Authentication Service (V5),2005-07-15 18:08:05+00:00,/api/v1/doc/document/draft-ietf-krb-wg-kerberos-clarifications/,/api/v1/doc/document/draft-ietf-krb-wg-kerberos-clarifications/,0,draft-ietf-krb-wg-kerberos-clarifications,07,2022-07-27 07:14:44+00:00,,2002-02-27 08:00:00+00:00,2002-02-27 08:00:00+00:00,docevent,2005
/api/v1/doc/document/rfc4121/,4121,rfc4121,The Kerberos Version 5 Generic Security Service Application Program Interface (GSS-API) Mechanism: Version 2,2005-07-15 18:09:38+00:00,/api/v1/doc/document/draft-ietf-krb-wg-gssapi-cfx/,/api/v1/doc/document/draft-ietf-krb-wg-gssapi-cfx/,0,draft-ietf-krb-wg-gssapi-cfx,07,2018-12-20 08:20:15+00:00,,2003-08-29 07:00:00+00:00,2003-08-29 07:00:00+00:00,docevent,2005
/api/v1/doc/document/rfc4116/,4116,rfc4116,IPv4 Multihoming Practices and Limitations,2005-07-22 22:07:02+00:00,/api/v1/doc/document/draft-ietf-multi6-v4-multihoming/,/api/v1/doc/document/draft-ietf-multi6-v4-multihoming/,0,draft-ietf-multi6-v4-multihoming,03,2015-10-14 20:50:16+00:00,,2001-06-26 07:00:00+00:00,2001-06-26 07:00:00+00:00,docevent,2005
/api/v1/doc/document/rfc4132/,4132,rfc4132,Addition of Camellia Cipher Suites to Transport Layer Security (TLS),2005-07-22 22:08:27+00:00,/api/v1/doc/document/draft-ietf-tls-camellia/,/api/v1/doc/document/draft-ietf-tls-camellia/,0,draft-ietf-tls-camellia,06,2015-10-14 20:50:06+00:00,,2000-10-03 07:00:00+00:00,2000-10-03 07:00:00+00:00,docevent,2005
/api/v1/doc/document/rfc4134/,4134,rfc4134,Examples of S/MIME Messages,2005-07-26 00:12:28+00:00,/api/v1/doc/document/draft-ietf-smime-examples/,/api/v1/doc/document/draft-ietf-smime-examples/,0,draft-ietf-smime-examples,15,2020-01-21 08:26:19+00:00,,1999-02-26 08:00:00+00:00,1999-02-26 08:00:00+00:00,docevent,2005
/api/v1/doc/document/rfc4139/,4139,rfc4139,Requirements for Generalized MPLS (GMPLS) Signaling Usage and Extensions for Automatically Switched Optical Network (ASON),2005-07-27 22:37:20+00:00,/api/v1/doc/document/draft-ietf-ccamp-gmpls-ason-reqts/,/api/v1/doc/document/draft-papadimitriou-ccamp-gmpls-ason-reqts/,1,draft-papadimitriou-ccamp-gmpls-ason-reqts,00,2011-01-10 08:00:00+00:00,,2003-04-10 07:00:00+00:00,2003-04-10 07:00:00+00:00,docevent,2005
/api/v1/doc/document/rfc4139/,4139,rfc4139,Requirements for Generalized MPLS (GMPLS) Signaling Usage and Extensions for Automatically Switched Optical Network (ASON),2005-07-27 22:37:20+00:00,/api/v1/doc/document/draft-ietf-ccamp-gmpls-ason-reqts/,/api/v1/doc/document/draft-ietf-ccamp-gmpls-ason-reqts/,0,draft-ietf-ccamp-gmpls-ason-reqts,07,2018-12-20 08:20:18+00:00,,2003-06-02 07:00:00+00:00,2003-06-02 07:00:00+00:00,docevent,2005
/api/v1/doc/document/rfc4136/,4136,rfc4136,OSPF Refresh and Flooding Reduction in Stable Topologies,2005-07-29 23:54:39+00:00,/api/v1/doc/document/draft-pillay-esnault-ospf-flooding/,/api/v1/doc/document/draft-pillay-esnault-ospf-flooding/,0,draft-pillay-esnault-ospf-flooding,07,2018-12-20 08:20:16+00:00,,1999-11-29 08:00:00+00:00,1999-11-29 08:00:00+00:00,docevent,2005
/api/v1/doc/document/rfc4150/,4150,rfc4150,Transport Performance Metrics MIB,2005-08-01 07:00:00+00:00,/api/v1/doc/document/draft-ietf-rmonmib-tpm-mib/,/api/v1/doc/document/draft-ietf-rmonmib-tpm-mib/,0,draft-ietf-rmonmib-tpm-mib,14,2015-10-14 20:50:02+00:00,,2000-05-17 07:00:00+00:00,2000-05-17 07:00:00+00:00,docevent,2005
/api/v1/doc/document/rfc4108/,4108,rfc4108,Using Cryptographic Message Syntax (CMS) to Protect Firmware Packages,2005-08-04 22:25:04+00:00,/api/v1/doc/document/draft-housley-cms-fw-wrap/,/api/v1/doc/document/draft-housley-cms-fw-wrap/,0,draft-housley-cms-fw-wrap,11,2020-01-21 08:26:12+00:00,,2003-02-12 08:00:00+00:00,2003-02-12 08:00:00+00:00,docevent,2005
/api/v1/doc/document/rfc4138/,4138,rfc4138,Forward RTO-Recovery (F-RTO): An Algorithm for Detecting Spurious Retransmission Timeouts with TCP and the Stream Control Transmission Protocol (SCTP),2005-08-08 23:57:23+00:00,/api/v1/doc/document/draft-ietf-tcpm-frto/,/api/v1/doc/document/draft-ietf-tsvwg-tcp-frto/,1,draft-ietf-tsvwg-tcp-frto,01,2005-05-26 07:00:00+00:00,,2003-10-23 07:00:00+00:00,2003-10-23 07:00:00+00:00,docevent,2005
/api/v1/doc/document/rfc4138/,4138,rfc4138,Forward RTO-Recovery (F-RTO): An Algorithm for Detecting Spurious Retransmission Timeouts with TCP and the Stream Control Transmission Protocol (SCTP),2005-08-08 23:57:23+00:00,/api/v1/doc/document/draft-ietf-tcpm-frto/,/api/v1/doc/document/draft-ietf-tcpm-frto/,0,draft-ietf-tcpm-frto,02,2013-03-02 16:58:22+00:00,,2004-05-05 07:00:00+00:00,2004-05-05 07:00:00+00:00,docevent,2005
/api/v1/doc/document/rfc4148/,4148,rfc4148,IP Performance Metrics (IPPM) Metrics Registry,2005-08-08 23:59:12+00:00,/api/v1/doc/document/draft-ietf-ippm-metrics-registry/,/api/v1/doc/document/draft-ietf-ippm-metrics-registry/,0,draft-ietf-ippm-metrics-registry,08,2018-12-20 08:20:18+00:00,,2002-06-20 07:00:00+00:00,2002-06-20 07:00:00+00:00,docevent,2005
/api/v1/doc/document/rfc4149/,4149,rfc4149,Definition of Managed Objects for Synthetic Sources for Performance Monitoring Algorithms,2005-08-09 00:00:58+00:00,/api/v1/doc/document/draft-ietf-rmonmib-sspm-mib/,/api/v1/doc/document/draft-ietf-rmonmib-sspm-mib/,0,draft-ietf-rmonmib-sspm-mib,12,2015-10-14 20:50:22+00:00,,2001-11-29 08:00:00+00:00,2001-11-29 08:00:00+00:00,docevent,2005
/api/v1/doc/document/rfc4004/,4004,rfc4004,Diameter Mobile IPv4 Application,2005-08-10 23:35:11+00:00,/api/v1/doc/document/draft-ietf-aaa-diameter-mobileip/,/api/v1/doc/document/draft-ietf-aaa-diameter-mobileip/,0,draft-ietf-aaa-diameter-mobileip,20,2020-01-21 08:26:02+00:00,,2001-02-09 08:00:00+00:00,2001-02-09 08:00:00+00:00,docevent,2005
/api/v1/doc/document/rfc4005/,4005,rfc4005,Diameter Network Access Server Application,2005-08-10 23:36:35+00:00,/api/v1/doc/document/draft-ietf-aaa-diameter-nasreq/,/api/v1/doc/document/draft-ietf-aaa-diameter-nasreq/,0,draft-ietf-aaa-diameter-nasreq,17,2018-12-20 08:19:49+00:00,,2001-02-09 08:00:00+00:00,2001-02-09 08:00:00+00:00,docevent,2005
/api/v1/doc/document/rfc4135/,4135,rfc4135,Goals of Detecting Network Attachment in IPv6,2005-08-12 01:04:00+00:00,/api/v1/doc/document/draft-ietf-dna-goals/,/api/v1/doc/document/draft-ietf-dna-goals/,0,draft-ietf-dna-goals,04,2015-10-14 20:51:04+00:00,,2004-06-11 07:00:00+00:00,2004-06-11 07:00:00+00:00,docevent,2005
/api/v1/doc/document/rfc4140/,4140,rfc4140,Hierarchical Mobile IPv6 Mobility Management (HMIPv6),2005-08-18 23:14:54+00:00,/api/v1/doc/document/draft-ietf-mipshop-hmipv6/,/api/v1/doc/document/draft-ietf-mipshop-hmipv6/,0,draft-ietf-mipshop-hmipv6,04,2015-10-14 20:50:06+00:00,,2002-07-08 07:00:00+00:00,2002-07-08 07:00:00+00:00,docevent,2005
/api/v1/doc/document/rfc4146/,4146,rfc4146,Simple New Mail Notification,2005-08-18 23:16:04+00:00,/api/v1/doc/document/draft-gellens-notify-mail/,/api/v1/doc/document/draft-gellens-notify-mail/,0,draft-gellens-notify-mail,02,2018-12-20 08:20:18+00:00,,2004-07-14 07:00:00+00:00,2004-07-14 07:00:00+00:00,docevent,2005
/api/v1/doc/document/rfc4147/,4147,rfc4147,Proposed Changes to the Format of the IANA IPv6 Registry,2005-08-18 23:17:02+00:00,/api/v1/doc/document/draft-huston-ip6-iana-registry/,/api/v1/doc/document/draft-huston-ip6-iana-registry/,0,draft-huston-ip6-iana-registry,05,2020-01-21 08:26:21+00:00,,2004-11-30 08:00:00+00:00,2004-11-30 08:00:00+00:00,docevent,2005
/api/v1/doc/document/rfc4006/,4006,rfc4006,Diameter Credit-Control Application,2005-08-25 17:23:28+00:00,/api/v1/doc/document/draft-ietf-aaa-diameter-cc/,/api/v1/doc/document/draft-hakala-aaa-diameter-cc/,1,draft-hakala-aaa-diameter-cc,00,2003-05-06 07:00:00+00:00,,2003-05-06 07:00:00+00:00,2003-05-06 07:00:00+00:00,docevent,2005
/api/v1/doc/document/rfc4006/,4006,rfc4006,Diameter Credit-Control Application,2005-08-25 17:23:28+00:00,/api/v1/doc/document/draft-ietf-aaa-diameter-cc/,/api/v1/doc/document/draft-ietf-aaa-diameter-cc/,0,draft-ietf-aaa-diameter-cc,06,2015-10-14 20:50:45+00:00,,2003-06-11 07:00:00+00:00,2003-06-11 07:00:00+00:00,docevent,2005
/api/v1/doc/document/rfc4137/,4137,rfc4137,State Machines for Extensible Authentication Protocol (EAP) Peer and Authenticator,2005-08-25 17:29:28+00:00,/api/v1/doc/document/draft-ietf-eap-statemachine/,/api/v1/doc/document/draft-ietf-eap-statemachine/,0,draft-ietf-eap-statemachine,06,2018-12-20 08:20:17+00:00,,2003-09-18 07:00:00+00:00,2003-09-18 07:00:00+00:00,docevent,2005
/api/v1/doc/document/rfc4072/,4072,rfc4072,Diameter Extensible Authentication Protocol (EAP) Application,2005-08-26 22:10:56+00:00,/api/v1/doc/document/draft-ietf-aaa-eap/,/api/v1/doc/document/draft-ietf-aaa-eap/,0,draft-ietf-aaa-eap,10,2015-10-14 20:50:33+00:00,,2002-06-24 07:00:00+00:00,2002-06-24 07:00:00+00:00,docevent,2005
/api/v1/doc/document/rfc4093/,4093,rfc4093,Problem Statement: Mobile IPv4 Traversal of Virtual Private Network (VPN) Gateways,2005-08-26 22:12:11+00:00,/api/v1/doc/document/draft-ietf-mip4-vpn-problem-statement/,/api/v1/doc/document/draft-ietf-mobileip-vpn-problem-statement-req/,1,draft-ietf-mobileip-vpn-problem-statement-req,03,2004-08-24 07:00:00+00:00,,2002-08-27 07:00:00+00:00,2002-08-27 07:00:00+00:00,docevent,2005
/api/v1/doc/document/rfc4093/,4093,rfc4093,Problem Statement: Mobile IPv4 Traversal of Virtual Private Network (VPN) Gateways,2005-08-26 22:12:11+00:00,/api/v1/doc/document/draft-ietf-mip4-vpn-problem-statement/,/api/v1/doc/document/draft-ietf-mip4-vpn-problem-statement/,0,draft-ietf-mip4-vpn-problem-statement,03,2015-10-14 20:50:35+00:00,,2003-10-15 07:00:00+00:00,2003-10-15 07:00:00+00:00,docevent,2005
/api/v1/doc/document/rfc4133/,4133,rfc4133,Entity MIB (Version 3),2005-08-29 21:51:20+00:00,/api/v1/doc/document/draft-ietf-entmib-v3/,/api/v1/doc/document/draft-ietf-entmib-v3/,0,draft-ietf-entmib-v3,07,2020-01-21 08:26:18+00:00,,2002-06-25 07:00:00+00:00,2002-06-25 07:00:00+00:00,docevent,2005
/api/v1/doc/document/rfc4152/,4152,rfc4152,A Uniform Resource Name (URN) Namespace for the Common Language Equipment Identifier (CLEI) Code,2005-08-29 21:52:41+00:00,/api/v1/doc/document/draft-tesink-urn-clei/,/api/v1/doc/document/draft-tesink-urn-clei/,0,draft-tesink-urn-clei,00,2013-03-02 16:58:22+00:00,,2005-01-05 08:00:00+00:00,2005-01-05 08:00:00+00:00,docevent,2005
/api/v1/doc/document/rfc4156/,4156,rfc4156,The wais URI Scheme,2005-08-29 21:53:59+00:00,/api/v1/doc/document/draft-hoffman-wais-uri/,/api/v1/doc/document/draft-hoffman-wais-uri/,0,draft-hoffman-wais-uri,03,2013-03-02 16:58:22+00:00,,2004-08-24 07:00:00+00:00,2004-08-24 07:00:00+00:00,docevent,2005
/api/v1/doc/document/rfc4157/,4157,rfc4157,The prospero URI Scheme,2005-08-29 21:54:57+00:00,/api/v1/doc/document/draft-hoffman-prospero-uri/,/api/v1/doc/document/draft-hoffman-prospero-uri/,0,draft-hoffman-prospero-uri,03,2013-03-02 16:58:23+00:00,,2004-08-19 07:00:00+00:00,2004-08-19 07:00:00+00:00,docevent,2005
/api/v1/doc/document/rfc4159/,4159,rfc4159,"Deprecation of ""ip6.int""",2005-08-29 21:56:19+00:00,/api/v1/doc/document/draft-huston-ip6-int/,/api/v1/doc/document/draft-huston-ip6-int/,0,draft-huston-ip6-int,03,2015-10-14 20:51:10+00:00,,2004-11-18 08:00:00+00:00,2004-11-18 08:00:00+00:00,docevent,2005
/api/v1/doc/document/rfc4163/,4163,rfc4163,RObust Header Compression (ROHC): Requirements on TCP/IP Header Compression,2005-08-29 21:57:38+00:00,/api/v1/doc/document/draft-ietf-rohc-tcp-requirements/,/api/v1/doc/document/draft-ietf-rohc-tcp-requirements/,0,draft-ietf-rohc-tcp-requirements,08,2013-03-02 16:58:23+00:00,,2001-02-23 08:00:00+00:00,2001-02-23 08:00:00+00:00,docevent,2005
/api/v1/doc/document/rfc4160/,4160,rfc4160,Internet Fax Gateway Requirements,2005-09-01 18:24:21+00:00,/api/v1/doc/document/draft-ietf-fax-gateway-protocol/,/api/v1/doc/document/draft-ietf-fax-gateway-protocol/,0,draft-ietf-fax-gateway-protocol,13,2015-10-14 20:50:02+00:00,,2000-07-07 07:00:00+00:00,2000-07-07 07:00:00+00:00,docevent,2005
/api/v1/doc/document/rfc4161/,4161,rfc4161,Guidelines for Optional Services for Internet Fax Gateways,2005-09-01 18:25:33+00:00,/api/v1/doc/document/draft-ietf-fax-gateway-options/,/api/v1/doc/document/draft-ietf-fax-gateway-options/,0,draft-ietf-fax-gateway-options,08,2018-12-20 08:20:19+00:00,,2000-11-02 08:00:00+00:00,2000-11-02 08:00:00+00:00,docevent,2005
/api/v1/doc/document/rfc4162/,4162,rfc4162,Addition of SEED Cipher Suites to Transport Layer Security (TLS),2005-09-01 18:26:57+00:00,/api/v1/doc/document/draft-lee-tls-seed/,/api/v1/doc/document/draft-lee-tls-seed/,0,draft-lee-tls-seed,01,2013-03-02 16:58:23+00:00,,2004-09-03 07:00:00+00:00,2004-09-03 07:00:00+00:00,docevent,2005
/api/v1/doc/document/rfc4164/,4164,rfc4164,RObust Header Compression (ROHC): Context Replication for ROHC Profiles,2005-09-01 18:28:33+00:00,/api/v1/doc/document/draft-ietf-rohc-context-replication/,/api/v1/doc/document/draft-ietf-rohc-context-replication/,0,draft-ietf-rohc-context-replication,06,2013-03-02 16:58:23+00:00,,2003-06-19 07:00:00+00:00,2003-06-19 07:00:00+00:00,docevent,2005
/api/v1/doc/document/rfc4153/,4153,rfc4153,XML Voucher: Generic Voucher Language,2005-09-08 00:26:39+00:00,/api/v1/doc/document/draft-ietf-trade-voucher-lang/,/api/v1/doc/document/draft-ietf-trade-voucher-lang/,0,draft-ietf-trade-voucher-lang,07,2015-10-14 20:50:11+00:00,,2001-02-21 08:00:00+00:00,2001-02-21 08:00:00+00:00,docevent,2005
/api/v1/doc/document/rfc4154/,4154,rfc4154,Voucher Trading System Application Programming Interface (VTS-API),2005-09-08 00:33:39+00:00,/api/v1/doc/document/draft-ietf-trade-voucher-vtsapi/,/api/v1/doc/document/draft-ietf-trade-voucher-vtsapi/,0,draft-ietf-trade-voucher-vtsapi,06,2015-10-14 20:50:16+00:00,,2001-07-11 07:00:00+00:00,2001-07-11 07:00:00+00:00,docevent,2005
/api/v1/doc/document/rfc4155/,4155,rfc4155,The application/mbox Media Type,2005-09-13 21:42:12+00:00,/api/v1/doc/document/draft-hall-mime-app-mbox/,/api/v1/doc/document/draft-hall-mime-app-mbox/,0,draft-hall-mime-app-mbox,04,2015-10-14 20:51:03+00:00,,2004-05-03 07:00:00+00:00,2004-05-03 07:00:00+00:00,docevent,2005
/api/v1/doc/document/rfc4182/,4182,rfc4182,Removing a Restriction on the use of MPLS Explicit NULL,2005-09-13 21:43:31+00:00,/api/v1/doc/document/draft-ietf-mpls-explicit-null/,/api/v1/doc/document/draft-ietf-mpls-explicit-null/,0,draft-ietf-mpls-explicit-null,02,2020-01-21 08:26:25+00:00,,2004-04-06 07:00:00+00:00,2004-04-06 07:00:00+00:00,docevent,2005
/api/v1/doc/document/rfc4131/,4131,rfc4131,Management Information Base for Data Over Cable Service Interface Specification (DOCSIS) Cable Modems and Cable Modem Termination Systems for Baseline Privacy Plus,2005-09-19 19:31:00+00:00,/api/v1/doc/document/draft-ietf-ipcdn-bpiplus-mib/,/api/v1/doc/document/draft-ietf-ipcdn-bpiplus-mib/,0,draft-ietf-ipcdn-bpiplus-mib,15,2015-10-14 20:49:59+00:00,,1999-12-27 08:00:00+00:00,1999-12-27 08:00:00+00:00,docevent,2005
/api/v1/doc/document/rfc4145/,4145,rfc4145,TCP-Based Media Transport in the Session Description Protocol (SDP),2005-09-19 19:32:25+00:00,/api/v1/doc/document/draft-ietf-mmusic-sdp-comedia/,/api/v1/doc/document/draft-ietf-mmusic-sdp-comedia/,0,draft-ietf-mmusic-sdp-comedia,10,2013-03-02 16:58:22+00:00,,2001-02-19 08:00:00+00:00,2001-02-19 08:00:00+00:00,docevent,2005
/api/v1/doc/document/rfc4144/,4144,rfc4144,How to Gain Prominence and Influence in Standards Organizations,2005-09-21 20:36:17+00:00,/api/v1/doc/document/draft-eastlake-prominence/,/api/v1/doc/document/draft-eastlake-prominence/,0,draft-eastlake-prominence,02,2013-03-02 16:58:22+00:00,,2004-02-10 08:00:00+00:00,2004-02-10 08:00:00+00:00,docevent,2005
/api/v1/doc/document/rfc4171/,4171,rfc4171,Internet Storage Name Service (iSNS),2005-09-21 20:37:32+00:00,/api/v1/doc/document/draft-ietf-ips-isns/,/api/v1/doc/document/draft-ietf-ips-isns/,0,draft-ietf-ips-isns,22,2020-01-21 08:26:23+00:00,,2001-01-09 08:00:00+00:00,2001-01-09 08:00:00+00:00,docevent,2005
/api/v1/doc/document/rfc4172/,4172,rfc4172,iFCP - A Protocol for Internet Fibre Channel Storage Networking,2005-09-21 20:39:09+00:00,/api/v1/doc/document/draft-ietf-ips-ifcp/,/api/v1/doc/document/draft-ietf-ips-ifcp/,0,draft-ietf-ips-ifcp,14,2015-10-14 20:50:10+00:00,,2001-02-21 08:00:00+00:00,2001-02-21 08:00:00+00:00,docevent,2005
/api/v1/doc/document/rfc4173/,4173,rfc4173,Bootstrapping Clients using the Internet Small Computer System Interface (iSCSI) Protocol,2005-09-21 20:41:03+00:00,/api/v1/doc/document/draft-ietf-ips-iscsi-boot/,/api/v1/doc/document/draft-ietf-ips-iscsi-boot/,0,draft-ietf-ips-iscsi-boot,12,2020-07-29 07:30:23+00:00,,2000-11-21 08:00:00+00:00,2000-11-21 08:00:00+00:00,docevent,2005
/api/v1/doc/document/rfc4174/,4174,rfc4174,The IPv4 Dynamic Host Configuration Protocol (DHCP) Option for the Internet Storage Name Service,2005-09-21 20:42:29+00:00,/api/v1/doc/document/draft-ietf-dhc-isnsoption/,/api/v1/doc/document/draft-ietf-dhc-isnsoption/,0,draft-ietf-dhc-isnsoption,13,2013-03-02 16:58:23+00:00,,2002-04-03 08:00:00+00:00,2002-04-03 08:00:00+00:00,docevent,2005
/api/v1/doc/document/rfc4158/,4158,rfc4158,Internet X.509 Public Key Infrastructure: Certification Path Building,2005-09-26 21:22:01+00:00,/api/v1/doc/document/draft-ietf-pkix-certpathbuild/,/api/v1/doc/document/draft-ietf-pkix-certpathbuild/,0,draft-ietf-pkix-certpathbuild,05,2015-10-14 20:50:49+00:00,,2003-07-03 07:00:00+00:00,2003-07-03 07:00:00+00:00,docevent,2005
/api/v1/doc/document/rfc4165/,4165,rfc4165,Signaling System 7 (SS7) Message Transfer Part 2 (MTP2) - User Peer-to-Peer Adaptation Layer (M2PA),2005-09-26 21:23:23+00:00,/api/v1/doc/document/draft-ietf-sigtran-m2pa/,/api/v1/doc/document/draft-ietf-sigtran-m2pa/,0,draft-ietf-sigtran-m2pa,13,2015-10-14 20:50:07+00:00,,2000-11-09 08:00:00+00:00,2000-11-09 08:00:00+00:00,docevent,2005
/api/v1/doc/document/rfc4181/,4181,rfc4181,Guidelines for Authors and Reviewers of MIB Documents,2005-09-26 21:25:09+00:00,/api/v1/doc/document/draft-ietf-ops-mib-review-guidelines/,/api/v1/doc/document/draft-ietf-ops-mib-review-guidelines/,0,draft-ietf-ops-mib-review-guidelines,04,2020-01-21 08:26:24+00:00,,2003-02-05 08:00:00+00:00,2003-02-05 08:00:00+00:00,docevent,2005
/api/v1/doc/document/rfc4175/,4175,rfc4175,RTP Payload Format for Uncompressed Video,2005-09-28 00:31:03+00:00,/api/v1/doc/document/draft-ietf-avt-uncomp-video/,/api/v1/doc/document/draft-gharai-avt-uncomp-video/,1,draft-gharai-avt-uncomp-video,00,2009-02-24 08:00:00+00:00,,2002-06-24 07:00:00+00:00,2002-06-24 07:00:00+00:00,docevent,2005
/api/v1/doc/document/rfc4175/,4175,rfc4175,RTP Payload Format for Uncompressed Video,2005-09-28 00:31:03+00:00,/api/v1/doc/document/draft-ietf-avt-uncomp-video/,/api/v1/doc/document/draft-ietf-avt-uncomp-video/,0,draft-ietf-avt-uncomp-video,06,2020-01-21 08:26:24+00:00,,2002-10-18 07:00:00+00:00,2002-10-18 07:00:00+00:00,docevent,2005
/api/v1/doc/document/rfc4183/,4183,rfc4183,A Suggested Scheme for DNS Resolution of Networks and Gateways,2005-09-28 00:32:26+00:00,/api/v1/doc/document/draft-warnicke-network-dns-resolution/,/api/v1/doc/document/draft-warnicke-network-dns-resolution/,0,draft-warnicke-network-dns-resolution,05,2015-10-14 20:50:42+00:00,,2003-02-21 08:00:00+00:00,2003-02-21 08:00:00+00:00,docevent,2005
/api/v1/doc/document/rfc4192/,4192,rfc4192,Procedures for Renumbering an IPv6 Network without a Flag Day,2005-09-28 00:33:51+00:00,/api/v1/doc/document/draft-ietf-v6ops-renumbering-procedure/,/api/v1/doc/document/draft-ietf-v6ops-renumbering-procedure/,0,draft-ietf-v6ops-renumbering-procedure,05,2013-03-02 16:58:25+00:00,,2004-02-10 08:00:00+00:00,2004-02-10 08:00:00+00:00,docevent,2005
/api/v1/doc/document/rfc4210/,4210,rfc4210,Internet X.509 Public Key Infrastructure Certificate Management Protocol (CMP),2005-09-29 22:14:30+00:00,/api/v1/doc/document/draft-ietf-pkix-rfc2510bis/,/api/v1/doc/document/draft-ietf-pkix-rfc2510bis/,0,draft-ietf-pkix-rfc2510bis,09,2020-01-21 08:26:27+00:00,,2000-03-07 08:00:00+00:00,2000-03-07 08:00:00+00:00,docevent,2005
/api/v1/doc/document/rfc4211/,4211,rfc4211,Internet X.509 Public Key Infrastructure Certificate Request Message Format (CRMF),2005-09-29 22:16:03+00:00,/api/v1/doc/document/draft-ietf-pkix-rfc2511bis/,/api/v1/doc/document/draft-ietf-pkix-rfc2511bis/,0,draft-ietf-pkix-rfc2511bis,09,2020-01-21 08:26:28+00:00,,2000-11-29 08:00:00+00:00,2000-11-29 08:00:00+00:00,docevent,2005
/api/v1/doc/document/rfc4129/,4129,rfc4129,Digital Private Network Signaling System (DPNSS)/Digital Access Signaling System 2 (DASS 2) Extensions to the IUA Protocol,2005-09-30 23:27:10+00:00,/api/v1/doc/document/draft-ietf-sigtran-dua/,/api/v1/doc/document/draft-ietf-sigtran-dua/,0,draft-ietf-sigtran-dua,08,2015-10-14 20:50:17+00:00,,2001-07-19 07:00:00+00:00,2001-07-19 07:00:00+00:00,docevent,2005
/api/v1/doc/document/rfc4177/,4177,rfc4177,Architectural Approaches to Multi-homing for IPv6,2005-09-30 23:28:46+00:00,/api/v1/doc/document/draft-ietf-multi6-architecture/,/api/v1/doc/document/draft-huston-multi6-architectures/,1,draft-huston-multi6-architectures,01,2004-07-23 07:00:00+00:00,,2004-06-24 07:00:00+00:00,2004-06-24 07:00:00+00:00,docevent,2005
/api/v1/doc/document/rfc4177/,4177,rfc4177,Architectural Approaches to Multi-homing for IPv6,2005-09-30 23:28:46+00:00,/api/v1/doc/document/draft-ietf-multi6-architecture/,/api/v1/doc/document/draft-ietf-multi6-architecture/,0,draft-ietf-multi6-architecture,04,2015-10-14 20:51:03+00:00,,2004-07-09 07:00:00+00:00,2004-07-09 07:00:00+00:00,docevent,2005
/api/v1/doc/document/rfc4188/,4188,rfc4188,Definitions of Managed Objects for Bridges,2005-09-30 23:30:16+00:00,/api/v1/doc/document/draft-ietf-bridge-bridgemib-smiv2/,/api/v1/doc/document/draft-ietf-bridge-bridgemib-smiv2/,0,draft-ietf-bridge-bridgemib-smiv2,10,2018-12-20 08:20:22+00:00,,2001-06-26 07:00:00+00:00,2001-06-26 07:00:00+00:00,docevent,2005
/api/v1/doc/document/rfc4167/,4167,rfc4167,Graceful OSPF Restart Implementation Report,2005-10-04 20:26:56+00:00,/api/v1/doc/document/draft-ietf-ospf-graceful-impl-report/,/api/v1/doc/document/draft-ietf-ospf-graceful-impl-report/,0,draft-ietf-ospf-graceful-impl-report,05,2015-10-14 20:50:52+00:00,,2003-10-17 07:00:00+00:00,2003-10-17 07:00:00+00:00,docevent,2005
/api/v1/doc/document/rfc4168/,4168,rfc4168,The Stream Control Transmission Protocol (SCTP) as a Transport for the Session Initiation Protocol (SIP),2005-10-04 20:28:26+00:00,/api/v1/doc/document/draft-ietf-sip-sctp/,/api/v1/doc/document/draft-ietf-sip-sctp/,0,draft-ietf-sip-sctp,06,2015-10-14 20:50:19+00:00,,2001-08-15 07:00:00+00:00,2001-08-15 07:00:00+00:00,docevent,2005
/api/v1/doc/document/rfc4178/,4178,rfc4178,The Simple and Protected Generic Security Service Application Program Interface (GSS-API) Negotiation Mechanism,2005-10-04 20:30:15+00:00,/api/v1/doc/document/draft-ietf-kitten-2478bis/,/api/v1/doc/document/draft-ietf-kitten-2478bis/,0,draft-ietf-kitten-2478bis,05,2018-12-20 08:20:20+00:00,,2004-11-29 08:00:00+00:00,2004-11-29 08:00:00+00:00,docevent,2005
/api/v1/doc/document/rfc4180/,4180,rfc4180,Common Format and MIME Type for Comma-Separated Values (CSV) Files,2005-10-04 20:31:38+00:00,/api/v1/doc/document/draft-shafranovich-mime-csv/,/api/v1/doc/document/draft-shafranovich-mime-csv/,0,draft-shafranovich-mime-csv,05,2020-01-21 08:26:24+00:00,,2005-02-03 08:00:00+00:00,2005-02-03 08:00:00+00:00,docevent,2005
/api/v1/doc/document/rfc4193/,4193,rfc4193,Unique Local IPv6 Unicast Addresses,2005-10-04 20:33:06+00:00,/api/v1/doc/document/draft-ietf-ipv6-unique-local-addr/,/api/v1/doc/document/draft-ietf-ipv6-unique-local-addr/,0,draft-ietf-ipv6-unique-local-addr,09,2013-03-02 16:58:25+00:00,,2003-08-27 07:00:00+00:00,2003-08-27 07:00:00+00:00,docevent,2005
/api/v1/doc/document/rfc4194/,4194,rfc4194,The S Hexdump Format,2005-10-04 20:34:27+00:00,/api/v1/doc/document/draft-strombergson-shf/,/api/v1/doc/document/draft-strombergson-shf/,0,draft-strombergson-shf,06,2017-02-21 08:09:53+00:00,,2003-10-21 07:00:00+00:00,2003-10-21 07:00:00+00:00,docevent,2005
/api/v1/doc/document/rfc4195/,4195,rfc4195,A Uniform Resource Name (URN) Namespace for the TV-Anytime Forum,2005-10-04 20:36:19+00:00,/api/v1/doc/document/draft-kameyama-tv-anytime-urn/,/api/v1/doc/document/draft-kameyama-tv-anytime-urn/,0,draft-kameyama-tv-anytime-urn,02,2013-03-02 16:58:25+00:00,,2003-07-24 07:00:00+00:00,2003-07-24 07:00:00+00:00,docevent,2005
/api/v1/doc/document/rfc4212/,4212,rfc4212,Alternative Certificate Formats for the Public-Key Infrastructure Using X.509 (PKIX) Certificate Management Protocols,2005-10-04 20:37:48+00:00,/api/v1/doc/document/draft-adams-cmpaltcert/,/api/v1/doc/document/draft-adams-cmpaltcert/,0,draft-adams-cmpaltcert,06,2013-03-02 16:58:26+00:00,,2000-07-06 07:00:00+00:00,2000-07-06 07:00:00+00:00,docevent,2005
/api/v1/doc/document/rfc4223/,4223,rfc4223,Reclassification of RFC 1863 to Historic,2005-10-04 20:39:16+00:00,/api/v1/doc/document/draft-ietf-idr-rfc1863-historic/,/api/v1/doc/document/draft-ietf-idr-rfc1863-historic/,0,draft-ietf-idr-rfc1863-historic,00,2013-03-02 16:58:26+00:00,,2004-06-07 07:00:00+00:00,2004-06-07 07:00:00+00:00,docevent,2005
/api/v1/doc/document/rfc4234/,4234,rfc4234,Augmented BNF for Syntax Specifications: ABNF,2005-10-04 20:40:54+00:00,/api/v1/doc/document/draft-crocker-abnf-rfc2234bis/,/api/v1/doc/document/draft-crocker-abnf-rfc2234bis/,0,draft-crocker-abnf-rfc2234bis,00,2020-01-21 08:26:33+00:00,,2005-03-10 08:00:00+00:00,2005-03-10 08:00:00+00:00,docevent,2005
/api/v1/doc/document/rfc4176/,4176,rfc4176,Framework for Layer 3 Virtual Private Networks (L3VPN) Operations and Management,2005-10-08 00:54:21+00:00,/api/v1/doc/document/draft-ietf-l3vpn-mgt-fwk/,/api/v1/doc/document/draft-ietf-l3vpn-mgt-fwk/,0,draft-ietf-l3vpn-mgt-fwk,08,2015-10-14 20:50:49+00:00,,2003-07-31 07:00:00+00:00,2003-07-31 07:00:00+00:00,docevent,2005
/api/v1/doc/document/rfc4189/,4189,rfc4189,Requirements for End-to-Middle Security for the Session Initiation Protocol (SIP),2005-10-08 00:55:52+00:00,/api/v1/doc/document/draft-ietf-sipping-e2m-sec-reqs/,/api/v1/doc/document/draft-ietf-sipping-e2m-sec-reqs/,0,draft-ietf-sipping-e2m-sec-reqs,06,2015-10-14 20:50:53+00:00,,2003-10-23 07:00:00+00:00,2003-10-23 07:00:00+00:00,docevent,2005
/api/v1/doc/document/rfc4196/,4196,rfc4196,The SEED Cipher Algorithm and Its Use with IPsec,2005-10-12 00:27:24+00:00,/api/v1/doc/document/draft-lee-ipsec-cipher-seed/,/api/v1/doc/document/draft-lee-ipsec-cipher-seed/,0,draft-lee-ipsec-cipher-seed,01,2013-03-02 16:58:25+00:00,,2004-06-07 07:00:00+00:00,2004-06-07 07:00:00+00:00,docevent,2005
/api/v1/doc/document/rfc4213/,4213,rfc4213,Basic Transition Mechanisms for IPv6 Hosts and Routers,2005-10-12 00:28:42+00:00,/api/v1/doc/document/draft-ietf-v6ops-mech-v2/,/api/v1/doc/document/draft-ietf-v6ops-mech-v2/,0,draft-ietf-v6ops-mech-v2,07,2018-12-20 08:20:23+00:00,,2003-02-26 08:00:00+00:00,2003-02-26 08:00:00+00:00,docevent,2005
/api/v1/doc/document/rfc4214/,4214,rfc4214,Intra-Site Automatic Tunnel Addressing Protocol (ISATAP),2005-10-12 00:29:47+00:00,/api/v1/doc/document/draft-ietf-ngtrans-isatap/,/api/v1/doc/document/draft-ietf-ngtrans-isatap/,0,draft-ietf-ngtrans-isatap,24,2015-10-14 20:50:13+00:00,,2001-03-23 08:00:00+00:00,2001-03-23 08:00:00+00:00,docevent,2005
/api/v1/doc/document/rfc4222/,4222,rfc4222,Prioritized Treatment of Specific OSPF Version 2 Packets and Congestion Avoidance,2005-10-12 00:31:24+00:00,/api/v1/doc/document/draft-ietf-ospf-scalability/,/api/v1/doc/document/draft-ietf-ospf-scalability/,0,draft-ietf-ospf-scalability,09,2015-10-14 20:50:12+00:00,,2001-03-01 08:00:00+00:00,2001-03-01 08:00:00+00:00,docevent,2005
/api/v1/doc/document/rfc4184/,4184,rfc4184,RTP Payload Format for AC-3 Audio,2005-10-13 22:52:18+00:00,/api/v1/doc/document/draft-ietf-avt-rtp-ac3/,/api/v1/doc/document/draft-flaks-avt-rtp-ac3/,1,draft-flaks-avt-rtp-ac3,03,2009-02-24 08:00:00+00:00,,2001-11-20 08:00:00+00:00,2001-11-20 08:00:00+00:00,docevent,2005
/api/v1/doc/document/rfc4184/,4184,rfc4184,RTP Payload Format for AC-3 Audio,2005-10-13 22:52:18+00:00,/api/v1/doc/document/draft-ietf-avt-rtp-ac3/,/api/v1/doc/document/draft-ietf-avt-rtp-ac3/,0,draft-ietf-avt-rtp-ac3,07,2013-03-02 16:58:24+00:00,,2002-08-02 07:00:00+00:00,2002-08-02 07:00:00+00:00,docevent,2005
/api/v1/doc/document/rfc4215/,4215,rfc4215,Analysis on IPv6 Transition in Third Generation Partnership Project (3GPP) Networks,2005-10-15 01:00:38+00:00,/api/v1/doc/document/draft-ietf-v6ops-3gpp-analysis/,/api/v1/doc/document/draft-ietf-v6ops-3gpp-analysis/,0,draft-ietf-v6ops-3gpp-analysis,11,2018-12-20 08:20:24+00:00,,2002-12-09 08:00:00+00:00,2002-12-09 08:00:00+00:00,docevent,2005
/api/v1/doc/document/rfc4179/,4179,rfc4179,Using Universal Content Identifier (UCI) as Uniform Resource Names (URN),2005-10-19 18:14:27+00:00,/api/v1/doc/document/draft-sangug-uci-urn/,/api/v1/doc/document/draft-sangug-uci-urn/,0,draft-sangug-uci-urn,02,2013-03-02 16:58:24+00:00,,2004-09-02 07:00:00+00:00,2004-09-02 07:00:00+00:00,docevent,2005
/api/v1/doc/document/rfc4185/,4185,rfc4185,National and Local Characters for DNS Top Level Domain (TLD) Names,2005-10-19 18:15:48+00:00,/api/v1/doc/document/draft-klensin-idn-tld/,/api/v1/doc/document/draft-klensin-idn-tld/,0,draft-klensin-idn-tld,05,2015-10-14 20:50:37+00:00,,2002-10-21 07:00:00+00:00,2002-10-21 07:00:00+00:00,docevent,2005
/api/v1/doc/document/rfc4151/,4151,rfc4151,The 'tag' URI Scheme,2005-10-25 23:44:05+00:00,/api/v1/doc/document/draft-kindberg-tag-uri/,/api/v1/doc/document/draft-kindberg-tag-uri/,0,draft-kindberg-tag-uri,07,2020-01-21 08:26:22+00:00,,2001-07-06 07:00:00+00:00,2001-07-06 07:00:00+00:00,docevent,2005
/api/v1/doc/document/rfc4237/,4237,rfc4237,Voice Messaging Directory Service,2005-10-25 23:45:31+00:00,/api/v1/doc/document/draft-ietf-vpim-vpimdir/,/api/v1/doc/document/draft-ietf-vpim-vpimdir/,0,draft-ietf-vpim-vpimdir,11,2020-01-21 08:26:33+00:00,,2000-07-20 07:00:00+00:00,2000-07-20 07:00:00+00:00,docevent,2005
/api/v1/doc/document/rfc4201/,4201,rfc4201,Link Bundling in MPLS Traffic Engineering (TE),2005-10-28 00:09:04+00:00,/api/v1/doc/document/draft-ietf-mpls-bundle/,/api/v1/doc/document/draft-ietf-mpls-bundle/,0,draft-ietf-mpls-bundle,06,2015-10-14 20:50:19+00:00,,2001-09-06 07:00:00+00:00,2001-09-06 07:00:00+00:00,docevent,2005
/api/v1/doc/document/rfc4202/,4202,rfc4202,Routing Extensions in Support of Generalized Multi-Protocol Label Switching (GMPLS),2005-10-28 00:10:34+00:00,/api/v1/doc/document/draft-ietf-ccamp-gmpls-routing/,/api/v1/doc/document/draft-ietf-ccamp-gmpls-routing/,0,draft-ietf-ccamp-gmpls-routing,09,2015-10-14 20:50:19+00:00,,2001-09-05 07:00:00+00:00,2001-09-05 07:00:00+00:00,docevent,2005
/api/v1/doc/document/rfc4203/,4203,rfc4203,OSPF Extensions in Support of Generalized Multi-Protocol Label Switching (GMPLS),2005-10-28 00:11:52+00:00,/api/v1/doc/document/draft-ietf-ccamp-ospf-gmpls-extensions/,/api/v1/doc/document/draft-ietf-ccamp-ospf-gmpls-extensions/,0,draft-ietf-ccamp-ospf-gmpls-extensions,12,2015-10-14 20:50:19+00:00,,2001-09-05 07:00:00+00:00,2001-09-05 07:00:00+00:00,docevent,2005
/api/v1/doc/document/rfc4204/,4204,rfc4204,Link Management Protocol (LMP),2005-10-28 00:13:12+00:00,/api/v1/doc/document/draft-ietf-ccamp-lmp/,/api/v1/doc/document/draft-ietf-mpls-lmp/,1,draft-ietf-mpls-lmp,02,2001-03-06 08:00:00+00:00,,2000-09-11 07:00:00+00:00,2000-09-11 07:00:00+00:00,docevent,2005
/api/v1/doc/document/rfc4204/,4204,rfc4204,Link Management Protocol (LMP),2005-10-28 00:13:12+00:00,/api/v1/doc/document/draft-ietf-ccamp-lmp/,/api/v1/doc/document/draft-ietf-ccamp-lmp/,0,draft-ietf-ccamp-lmp,10,2024-01-16 20:57:45+00:00,,2001-07-27 07:00:00+00:00,2001-07-27 07:00:00+00:00,docevent,2005
/api/v1/doc/document/rfc4205/,4205,rfc4205,Intermediate System to Intermediate System (IS-IS) Extensions in Support of Generalized Multi-Protocol Label Switching (GMPLS),2005-10-28 00:14:46+00:00,/api/v1/doc/document/draft-ietf-isis-gmpls-extensions/,/api/v1/doc/document/draft-ietf-isis-gmpls-extensions/,0,draft-ietf-isis-gmpls-extensions,19,2015-10-14 20:50:05+00:00,,2000-09-14 07:00:00+00:00,2000-09-14 07:00:00+00:00,docevent,2005
/api/v1/doc/document/rfc4206/,4206,rfc4206,Label Switched Paths (LSP) Hierarchy with Generalized Multi-Protocol Label Switching (GMPLS) Traffic Engineering (TE),2005-10-28 00:16:25+00:00,/api/v1/doc/document/draft-ietf-mpls-lsp-hierarchy/,/api/v1/doc/document/draft-ietf-mpls-lsp-hierarchy/,0,draft-ietf-mpls-lsp-hierarchy,08,2018-12-20 08:20:23+00:00,,2000-07-10 07:00:00+00:00,2000-07-10 07:00:00+00:00,docevent,2005
/api/v1/doc/document/rfc4207/,4207,rfc4207,Synchronous Optical Network (SONET)/Synchronous Digital Hierarchy (SDH) Encoding for Link Management Protocol (LMP) Test Messages,2005-10-28 00:21:09+00:00,/api/v1/doc/document/draft-ietf-ccamp-lmp-test-sonet-sdh/,/api/v1/doc/document/draft-ietf-ccamp-lmp-test-sonet-sdh/,0,draft-ietf-ccamp-lmp-test-sonet-sdh,04,2020-01-21 08:26:27+00:00,,2002-09-10 07:00:00+00:00,2002-09-10 07:00:00+00:00,docevent,2005
/api/v1/doc/document/rfc4208/,4208,rfc4208,Generalized Multiprotocol Label Switching (GMPLS) User-Network Interface (UNI): Resource ReserVation Protocol-Traffic Engineering (RSVP-TE) Support for the Overlay Model,2005-10-28 00:23:12+00:00,/api/v1/doc/document/draft-ietf-ccamp-gmpls-overlay/,/api/v1/doc/document/draft-ietf-ccamp-gmpls-overlay/,0,draft-ietf-ccamp-gmpls-overlay,05,2013-03-02 16:58:25+00:00,,2003-01-14 08:00:00+00:00,2003-01-14 08:00:00+00:00,docevent,2005
/api/v1/doc/document/rfc4209/,4209,rfc4209,Link Management Protocol (LMP) for Dense Wavelength Division Multiplexing (DWDM) Optical Line Systems,2005-11-01 00:48:17+00:00,/api/v1/doc/document/draft-ietf-ccamp-lmp-wdm/,/api/v1/doc/document/draft-ietf-ccamp-lmp-wdm/,0,draft-ietf-ccamp-lmp-wdm,03,2013-03-02 16:58:25+00:00,,2002-02-12 08:00:00+00:00,2002-02-12 08:00:00+00:00,docevent,2005
/api/v1/doc/document/rfc4218/,4218,rfc4218,Threats Relating to IPv6 Multihoming Solutions,2005-11-01 00:50:36+00:00,/api/v1/doc/document/draft-ietf-multi6-multihoming-threats/,/api/v1/doc/document/draft-ietf-multi6-multihoming-threats/,0,draft-ietf-multi6-multihoming-threats,03,2018-12-20 08:20:27+00:00,,2004-07-06 07:00:00+00:00,2004-07-06 07:00:00+00:00,docevent,2005
/api/v1/doc/document/rfc4219/,4219,rfc4219,Things Multihoming in IPv6 (MULTI6) Developers Should Think About,2005-11-01 00:52:12+00:00,/api/v1/doc/document/draft-ietf-multi6-things-to-think-about/,/api/v1/doc/document/draft-ietf-multi6-things-to-think-about/,0,draft-ietf-multi6-things-to-think-about,01,2015-10-14 20:51:04+00:00,,2004-06-25 07:00:00+00:00,2004-06-25 07:00:00+00:00,docevent,2005
/api/v1/doc/document/rfc4248/,4248,rfc4248,The telnet URI Scheme,2005-11-01 00:53:22+00:00,/api/v1/doc/document/draft-hoffman-telnet-uri/,/api/v1/doc/document/draft-hoffman-telnet-uri/,0,draft-hoffman-telnet-uri,05,2013-03-02 16:58:28+00:00,,2004-08-19 07:00:00+00:00,2004-08-19 07:00:00+00:00,docevent,2005
/api/v1/doc/document/rfc4197/,4197,rfc4197,Requirements for Edge-to-Edge Emulation of Time Division Multiplexed (TDM) Circuits over Packet Switching Networks,2005-11-01 00:54:59+00:00,/api/v1/doc/document/draft-ietf-pwe3-tdm-requirements/,/api/v1/doc/document/draft-ietf-pwe3-tdm-requirements/,0,draft-ietf-pwe3-tdm-requirements,08,2015-10-14 20:50:42+00:00,,2003-02-10 08:00:00+00:00,2003-02-10 08:00:00+00:00,docevent,2005
/api/v1/doc/document/rfc4238/,4238,rfc4238,Voice Message Routing Service,2005-11-01 00:56:35+00:00,/api/v1/doc/document/draft-ietf-vpim-routing/,/api/v1/doc/document/draft-ietf-vpim-routing/,0,draft-ietf-vpim-routing,10,2020-01-21 08:26:33+00:00,,2000-07-20 07:00:00+00:00,2000-07-20 07:00:00+00:00,docevent,2005
/api/v1/doc/document/rfc4217/,4217,rfc4217,Securing FTP with TLS,2005-11-01 00:57:57+00:00,/api/v1/doc/document/draft-murray-auth-ftp-ssl/,/api/v1/doc/document/draft-murray-auth-ftp-ssl/,0,draft-murray-auth-ftp-ssl,16,2020-01-21 08:26:28+00:00,,1996-11-28 08:00:00+00:00,1996-11-28 08:00:00+00:00,docevent,2005
/api/v1/doc/document/rfc4198/,4198,rfc4198,A Uniform Resource Name (URN) Namespace for Federated Content,2005-11-01 08:00:00+00:00,/api/v1/doc/document/draft-dtessman-urn-namespace-federated-content/,/api/v1/doc/document/draft-dtessman-urn-namespace-federated-content/,0,draft-dtessman-urn-namespace-federated-content,03,2015-10-14 20:51:13+00:00,,2005-02-01 08:00:00+00:00,2005-02-01 08:00:00+00:00,docevent,2005
/api/v1/doc/document/rfc4311/,4311,rfc4311,IPv6 Host-to-Router Load Sharing,2005-11-01 08:00:00+00:00,/api/v1/doc/document/draft-ietf-ipv6-host-load-sharing/,/api/v1/doc/document/draft-ietf-ipv6-host-load-sharing/,0,draft-ietf-ipv6-host-load-sharing,04,2022-10-19 07:14:53+00:00,,2002-01-10 08:00:00+00:00,2002-01-10 08:00:00+00:00,docevent,2005
/api/v1/doc/document/rfc4239/,4239,rfc4239,Internet Voice Messaging (IVM),2005-11-05 01:49:24+00:00,/api/v1/doc/document/draft-ietf-vpim-ivm/,/api/v1/doc/document/draft-ietf-vpim-ivm/,0,draft-ietf-vpim-ivm,06,2018-12-20 08:20:38+00:00,,2000-07-14 07:00:00+00:00,2000-07-14 07:00:00+00:00,docevent,2005
/api/v1/doc/document/rfc4247/,4247,rfc4247,Requirements for Header Compression over MPLS,2005-11-05 01:50:59+00:00,/api/v1/doc/document/draft-ietf-avt-hc-mpls-reqs/,/api/v1/doc/document/draft-ietf-avt-hc-mpls-reqs/,0,draft-ietf-avt-hc-mpls-reqs,03,2013-03-02 16:58:27+00:00,,2004-04-13 07:00:00+00:00,2004-04-13 07:00:00+00:00,docevent,2005
/api/v1/doc/document/rfc4169/,4169,rfc4169,Hypertext Transfer Protocol (HTTP) Digest Authentication Using Authentication and Key Agreement (AKA) Version-2,2005-11-05 01:52:09+00:00,/api/v1/doc/document/draft-torvinen-http-digest-aka-v2/,/api/v1/doc/document/draft-torvinen-http-digest-aka-v2/,0,draft-torvinen-http-digest-aka-v2,02,2015-10-14 20:50:47+00:00,,2003-06-16 07:00:00+00:00,2003-06-16 07:00:00+00:00,docevent,2005
/api/v1/doc/document/rfc4190/,4190,rfc4190,Framework for Supporting Emergency Telecommunications Service (ETS) in IP Telephony,2005-11-16 01:48:59+00:00,/api/v1/doc/document/draft-ietf-ieprep-framework/,/api/v1/doc/document/draft-ietf-ieprep-framework/,0,draft-ietf-ieprep-framework,10,2015-10-14 20:50:29+00:00,,2002-03-21 08:00:00+00:00,2002-03-21 08:00:00+00:00,docevent,2005
/api/v1/doc/document/rfc4191/,4191,rfc4191,Default Router Preferences and More-Specific Routes,2005-11-16 01:50:16+00:00,/api/v1/doc/document/draft-ietf-ipv6-router-selection/,/api/v1/doc/document/draft-ietf-ipv6-router-selection/,0,draft-ietf-ipv6-router-selection,07,2015-10-14 20:50:14+00:00,,2002-03-04 08:00:01+00:00,2002-03-04 08:00:01+00:00,docevent,2005
/api/v1/doc/document/rfc4236/,4236,rfc4236,HTTP Adaptation with Open Pluggable Edge Services (OPES),2005-11-16 01:51:52+00:00,/api/v1/doc/document/draft-ietf-opes-http/,/api/v1/doc/document/draft-ietf-opes-http/,0,draft-ietf-opes-http,03,2013-03-02 16:58:27+00:00,,2003-08-04 07:00:00+00:00,2003-08-04 07:00:00+00:00,docevent,2005
/api/v1/doc/document/rfc4216/,4216,rfc4216,MPLS Inter-Autonomous System (AS) Traffic Engineering (TE) Requirements,2005-11-17 02:05:46+00:00,/api/v1/doc/document/draft-ietf-tewg-interas-mpls-te-req/,/api/v1/doc/document/draft-ietf-tewg-interas-mpls-te-req/,0,draft-ietf-tewg-interas-mpls-te-req,09,2022-12-08 23:17:37+00:00,,2003-05-29 07:00:00+00:00,2003-05-29 07:00:00+00:00,docevent,2005
/api/v1/doc/document/rfc4258/,4258,rfc4258,Requirements for Generalized Multi-Protocol Label Switching (GMPLS) Routing for the Automatically Switched Optical Network (ASON),2005-11-17 02:07:14+00:00,/api/v1/doc/document/draft-ietf-ccamp-gmpls-ason-routing-reqts/,/api/v1/doc/document/draft-alanqar-ccamp-gmpls-ason-routing-reqts/,1,draft-alanqar-ccamp-gmpls-ason-routing-reqts,00,2010-01-11 08:00:00+00:00,,2003-10-22 07:00:00+00:00,2003-10-22 07:00:00+00:00,docevent,2005
/api/v1/doc/document/rfc4258/,4258,rfc4258,Requirements for Generalized Multi-Protocol Label Switching (GMPLS) Routing for the Automatically Switched Optical Network (ASON),2005-11-17 02:07:14+00:00,/api/v1/doc/document/draft-ietf-ccamp-gmpls-ason-routing-reqts/,/api/v1/doc/document/draft-ietf-ccamp-gmpls-ason-routing-reqts/,0,draft-ietf-ccamp-gmpls-ason-routing-reqts,05,2018-12-20 08:20:42+00:00,,2003-12-02 08:00:00+00:00,2003-12-02 08:00:00+00:00,docevent,2005
/api/v1/doc/document/rfc4141/,4141,rfc4141,SMTP and MIME Extensions for Content Conversion,2005-11-18 23:15:15+00:00,/api/v1/doc/document/draft-ietf-fax-esmtp-conneg/,/api/v1/doc/document/draft-ietf-fax-esmtp-conneg/,0,draft-ietf-fax-esmtp-conneg,13,2020-01-21 08:26:20+00:00,,2001-06-26 07:00:00+00:00,2001-06-26 07:00:00+00:00,docevent,2005
/api/v1/doc/document/rfc4142/,4142,rfc4142,Full-mode Fax Profile for Internet Mail (FFPIM),2005-11-18 23:16:38+00:00,/api/v1/doc/document/draft-ietf-fax-ffpim/,/api/v1/doc/document/draft-ietf-fax-ffpim/,0,draft-ietf-fax-ffpim,08,2015-10-14 20:49:58+00:00,,1999-10-25 07:00:00+00:00,1999-10-25 07:00:00+00:00,docevent,2005
/api/v1/doc/document/rfc4143/,4143,rfc4143,Facsimile Using Internet Mail (IFAX) Service of ENUM,2005-11-18 23:17:57+00:00,/api/v1/doc/document/draft-ietf-fax-faxservice-enum/,/api/v1/doc/document/draft-ietf-fax-faxservice-enum/,0,draft-ietf-fax-faxservice-enum,03,2020-01-21 08:26:21+00:00,,2003-02-27 08:00:00+00:00,2003-02-27 08:00:00+00:00,docevent,2005
/api/v1/doc/document/rfc4170/,4170,rfc4170,Tunneling Multiplexed Compressed RTP (TCRTP),2005-11-18 23:19:23+00:00,/api/v1/doc/document/draft-ietf-avt-tcrtp/,/api/v1/doc/document/draft-wing-avt-tcrtp/,1,draft-wing-avt-tcrtp,00,2009-02-24 08:00:00+00:00,,1999-06-30 07:00:00+00:00,1999-06-30 07:00:00+00:00,docevent,2005
/api/v1/doc/document/rfc4170/,4170,rfc4170,Tunneling Multiplexed Compressed RTP (TCRTP),2005-11-18 23:19:23+00:00,/api/v1/doc/document/draft-ietf-avt-tcrtp/,/api/v1/doc/document/draft-ietf-avt-tcrtp/,0,draft-ietf-avt-tcrtp,08,2013-03-02 16:58:23+00:00,,2000-03-15 08:00:00+00:00,2000-03-15 08:00:00+00:00,docevent,2005
/api/v1/doc/document/rfc4221/,4221,rfc4221,Multiprotocol Label Switching (MPLS) Management Overview,2005-11-18 23:20:40+00:00,/api/v1/doc/document/draft-ietf-mpls-mgmt-overview/,/api/v1/doc/document/draft-ietf-mpls-mgmt-overview/,0,draft-ietf-mpls-mgmt-overview,09,2018-12-20 08:20:28+00:00,,2001-10-25 07:00:00+00:00,2001-10-25 07:00:00+00:00,docevent,2005
/api/v1/doc/document/rfc4220/,4220,rfc4220,Traffic Engineering Link Management Information Base,2005-11-18 23:21:56+00:00,/api/v1/doc/document/draft-ietf-mpls-telink-mib/,/api/v1/doc/document/draft-ietf-mpls-bundle-mib/,1,draft-ietf-mpls-bundle-mib,04,2015-10-14 20:50:19+00:00,,2001-09-12 07:00:00+00:00,2001-09-12 07:00:00+00:00,docevent,2005
/api/v1/doc/document/rfc4220/,4220,rfc4220,Traffic Engineering Link Management Information Base,2005-11-18 23:21:56+00:00,/api/v1/doc/document/draft-ietf-mpls-telink-mib/,/api/v1/doc/document/draft-ietf-mpls-telink-mib/,0,draft-ietf-mpls-telink-mib,07,2013-03-02 16:58:26+00:00,,2003-04-21 07:00:00+00:00,2003-04-21 07:00:00+00:00,docevent,2005
/api/v1/doc/document/rfc4260/,4260,rfc4260,Mobile IPv6 Fast Handovers for 802.11 Networks,2005-11-23 01:18:10+00:00,/api/v1/doc/document/draft-ietf-mipshop-80211fh/,/api/v1/doc/document/draft-ietf-mipshop-80211fh/,0,draft-ietf-mipshop-80211fh,04,2015-10-14 20:51:00+00:00,,2004-02-10 08:00:00+00:00,2004-02-10 08:00:00+00:00,docevent,2005
/api/v1/doc/document/rfc4264/,4264,rfc4264,BGP Wedgies,2005-11-23 01:19:33+00:00,/api/v1/doc/document/draft-ietf-grow-bgp-wedgies/,/api/v1/doc/document/draft-ietf-grow-bgp-wedgies/,0,draft-ietf-grow-bgp-wedgies,03,2015-10-14 20:51:08+00:00,,2004-10-06 07:00:00+00:00,2004-10-06 07:00:00+00:00,docevent,2005
/api/v1/doc/document/rfc4265/,4265,rfc4265,Definition of Textual Conventions for Virtual Private Network (VPN) Management,2005-11-23 01:20:57+00:00,/api/v1/doc/document/draft-ietf-l3vpn-tc-mib/,/api/v1/doc/document/draft-bensons-ppvpn-tc-mib/,2,draft-bensons-ppvpn-tc-mib,00,2008-04-16 07:00:00+00:00,,2002-01-04 08:00:00+00:00,2002-01-04 08:00:00+00:00,docevent,2005
/api/v1/doc/document/rfc4265/,4265,rfc4265,Definition of Textual Conventions for Virtual Private Network (VPN) Management,2005-11-23 01:20:57+00:00,/api/v1/doc/document/draft-ietf-l3vpn-tc-mib/,/api/v1/doc/document/draft-ietf-ppvpn-tc-mib/,1,draft-ietf-ppvpn-tc-mib,02,2002-12-31 08:00:00+00:00,,2002-02-18 08:00:00+00:00,2002-02-18 08:00:00+00:00,docevent,2005
/api/v1/doc/document/rfc4265/,4265,rfc4265,Definition of Textual Conventions for Virtual Private Network (VPN) Management,2005-11-23 01:20:57+00:00,/api/v1/doc/document/draft-ietf-l3vpn-tc-mib/,/api/v1/doc/document/draft-ietf-l3vpn-tc-mib/,0,draft-ietf-l3vpn-tc-mib,06,2015-10-14 20:50:27+00:00,,2002-04-27 21:35:51+00:00,2002-04-27 21:35:51+00:00,docevent,2005
/api/v1/doc/document/rfc4266/,4266,rfc4266,The gopher URI Scheme,2005-11-23 01:22:00+00:00,/api/v1/doc/document/draft-hoffman-gopher-uri/,/api/v1/doc/document/draft-hoffman-gopher-uri/,0,draft-hoffman-gopher-uri,03,2013-03-02 16:58:29+00:00,,2004-08-19 07:00:00+00:00,2004-08-19 07:00:00+00:00,docevent,2005
/api/v1/doc/document/rfc4242/,4242,rfc4242,Information Refresh Time Option for Dynamic Host Configuration Protocol for IPv6 (DHCPv6),2005-11-23 01:23:22+00:00,/api/v1/doc/document/draft-ietf-dhc-lifetime/,/api/v1/doc/document/draft-ietf-dhc-lifetime/,0,draft-ietf-dhc-lifetime,03,2015-10-14 20:51:01+00:00,,2004-03-09 08:00:00+00:00,2004-03-09 08:00:00+00:00,docevent,2005
/api/v1/doc/document/rfc4244/,4244,rfc4244,An Extension to the Session Initiation Protocol (SIP) for Request History Information,2005-11-23 01:24:44+00:00,/api/v1/doc/document/draft-ietf-sip-history-info/,/api/v1/doc/document/draft-ietf-sip-history-info/,0,draft-ietf-sip-history-info,06,2015-10-14 20:50:48+00:00,,2003-06-23 07:00:00+00:00,2003-06-23 07:00:00+00:00,docevent,2005
/api/v1/doc/document/rfc4235/,4235,rfc4235,An INVITE-Initiated Dialog Event Package for the Session Initiation Protocol (SIP),2005-11-30 22:34:49+00:00,/api/v1/doc/document/draft-ietf-sipping-dialog-package/,/api/v1/doc/document/draft-ietf-sipping-dialog-package/,0,draft-ietf-sipping-dialog-package,06,2020-01-21 08:26:33+00:00,,2002-06-27 07:00:00+00:00,2002-06-27 07:00:00+00:00,docevent,2005
/api/v1/doc/document/rfc4245/,4245,rfc4245,High-Level Requirements for Tightly Coupled SIP Conferencing,2005-11-30 22:36:25+00:00,/api/v1/doc/document/draft-ietf-sipping-conferencing-requirements/,/api/v1/doc/document/draft-ietf-sipping-conferencing-requirements/,0,draft-ietf-sipping-conferencing-requirements,01,2015-10-14 20:50:45+00:00,,2003-04-24 07:00:00+00:00,2003-04-24 07:00:00+00:00,docevent,2005
/api/v1/doc/document/rfc4267/,4267,rfc4267,"The W3C Speech Interface Framework Media Types: application/voicexml+xml, application/ssml+xml, application/srgs, application/srgs+xml, application/ccxml+xml, and application/pls+xml",2005-11-30 22:37:28+00:00,/api/v1/doc/document/draft-froumentin-voice-mediatypes/,/api/v1/doc/document/draft-froumentin-voice-mediatypes/,0,draft-froumentin-voice-mediatypes,02,2015-10-14 20:51:15+00:00,,2005-04-01 08:00:00+00:00,2005-04-01 08:00:00+00:00,docevent,2005
/api/v1/doc/document/rfc4259/,4259,rfc4259,A Framework for Transmission of IP Datagrams over MPEG-2 Networks,2005-12-02 02:07:01+00:00,/api/v1/doc/document/draft-ietf-ipdvb-arch/,/api/v1/doc/document/draft-ietf-ipdvb-arch/,0,draft-ietf-ipdvb-arch,04,2018-12-20 08:20:42+00:00,,2004-07-09 07:00:00+00:00,2004-07-09 07:00:00+00:00,docevent,2005
/api/v1/doc/document/rfc4268/,4268,rfc4268,Entity State MIB,2005-12-02 02:08:47+00:00,/api/v1/doc/document/draft-ietf-entmib-state/,/api/v1/doc/document/draft-ietf-entmib-state/,0,draft-ietf-entmib-state,07,2020-01-21 08:26:36+00:00,,2003-01-31 08:00:00+00:00,2003-01-31 08:00:00+00:00,docevent,2005
/api/v1/doc/document/rfc4280/,4280,rfc4280,Dynamic Host Configuration Protocol (DHCP) Options for Broadcast and Multicast Control Servers,2005-12-02 02:10:22+00:00,/api/v1/doc/document/draft-ietf-dhc-bcmc-options/,/api/v1/doc/document/draft-ietf-dhc-bcmcv4-option/,1,draft-ietf-dhc-bcmcv4-option,00,2005-04-06 07:00:00+00:00,,2004-12-29 08:00:00+00:00,2004-12-29 08:00:00+00:00,docevent,2005
/api/v1/doc/document/rfc4280/,4280,rfc4280,Dynamic Host Configuration Protocol (DHCP) Options for Broadcast and Multicast Control Servers,2005-12-02 02:10:22+00:00,/api/v1/doc/document/draft-ietf-dhc-bcmc-options/,/api/v1/doc/document/draft-ietf-dhc-bcmcv6-option/,1,draft-ietf-dhc-bcmcv6-option,00,2005-04-06 07:00:00+00:00,,2004-12-29 08:00:00+00:00,2004-12-29 08:00:00+00:00,docevent,2005
/api/v1/doc/document/rfc4280/,4280,rfc4280,Dynamic Host Configuration Protocol (DHCP) Options for Broadcast and Multicast Control Servers,2005-12-02 02:10:22+00:00,/api/v1/doc/document/draft-ietf-dhc-bcmc-options/,/api/v1/doc/document/draft-ietf-dhc-bcmc-options/,0,draft-ietf-dhc-bcmc-options,05,2013-03-02 16:58:29+00:00,,2005-03-30 08:00:00+00:00,2005-03-30 08:00:00+00:00,docevent,2005
/api/v1/doc/document/rfc4281/,4281,rfc4281,"The Codecs Parameter for ""Bucket"" Media Types",2005-12-02 02:11:27+00:00,/api/v1/doc/document/draft-gellens-mime-bucket/,/api/v1/doc/document/draft-gellens-mime-bucket/,0,draft-gellens-mime-bucket,04,2020-01-21 08:26:37+00:00,,2004-06-16 07:00:00+00:00,2004-06-16 07:00:00+00:00,docevent,2005
/api/v1/doc/document/rfc4283/,4283,rfc4283,Mobile Node Identifier Option for Mobile IPv6 (MIPv6),2005-12-02 02:12:42+00:00,/api/v1/doc/document/draft-ietf-mip6-mn-ident-option/,/api/v1/doc/document/draft-ietf-mip6-mn-ident-option/,0,draft-ietf-mip6-mn-ident-option,03,2015-10-14 20:51:11+00:00,,2004-12-10 08:00:00+00:00,2004-12-10 08:00:00+00:00,docevent,2005
/api/v1/doc/document/rfc4270/,4270,rfc4270,Attacks on Cryptographic Hashes in Internet Protocols,2005-12-02 02:18:16+00:00,/api/v1/doc/document/draft-hoffman-hash-attacks/,/api/v1/doc/document/draft-hoffman-hash-attacks/,0,draft-hoffman-hash-attacks,04,2020-01-21 08:26:37+00:00,,2005-03-28 08:00:00+00:00,2005-03-28 08:00:00+00:00,docevent,2005
/api/v1/doc/document/rfc4261/,4261,rfc4261,Common Open Policy Service (COPS) Over Transport Layer Security (TLS),2005-12-06 00:52:12+00:00,/api/v1/doc/document/draft-ietf-rap-cops-tls/,/api/v1/doc/document/draft-ietf-rap-cops-tls/,0,draft-ietf-rap-cops-tls,11,2018-12-20 08:20:43+00:00,,2001-02-28 08:00:00+00:00,2001-02-28 08:00:00+00:00,docevent,2005
/api/v1/doc/document/rfc4279/,4279,rfc4279,Pre-Shared Key Ciphersuites for Transport Layer Security (TLS),2005-12-06 00:53:47+00:00,/api/v1/doc/document/draft-ietf-tls-psk/,/api/v1/doc/document/draft-eronen-tls-psk/,1,draft-eronen-tls-psk,00,2008-12-01 08:00:00+00:00,,2004-02-06 08:00:00+00:00,2004-02-06 08:00:00+00:00,docevent,2005
/api/v1/doc/document/rfc4279/,4279,rfc4279,Pre-Shared Key Ciphersuites for Transport Layer Security (TLS),2005-12-06 00:53:47+00:00,/api/v1/doc/document/draft-ietf-tls-psk/,/api/v1/doc/document/draft-ietf-tls-psk/,0,draft-ietf-tls-psk,09,2015-10-14 20:50:59+00:00,,2004-06-04 07:00:00+00:00,2004-06-04 07:00:00+00:00,docevent,2005
/api/v1/doc/document/rfc4296/,4296,rfc4296,The Architecture of Direct Data Placement (DDP) and Remote Direct Memory Access (RDMA) on Internet Protocols,2005-12-06 00:55:22+00:00,/api/v1/doc/document/draft-ietf-rddp-arch/,/api/v1/doc/document/draft-ietf-rddp-arch/,0,draft-ietf-rddp-arch,07,2020-01-21 08:26:42+00:00,,2002-12-11 08:00:00+00:00,2002-12-11 08:00:00+00:00,docevent,2005
/api/v1/doc/document/rfc4297/,4297,rfc4297,Remote Direct Memory Access (RDMA) over IP Problem Statement,2005-12-06 00:56:51+00:00,/api/v1/doc/document/draft-ietf-rddp-problem-statement/,/api/v1/doc/document/draft-romanow-rdma-over-ip-problem-statement/,1,draft-romanow-rdma-over-ip-problem-statement,01,2002-11-05 08:00:00+00:00,,2002-02-21 08:00:00+00:00,2002-02-21 08:00:00+00:00,docevent,2005
/api/v1/doc/document/rfc4297/,4297,rfc4297,Remote Direct Memory Access (RDMA) over IP Problem Statement,2005-12-06 00:56:51+00:00,/api/v1/doc/document/draft-ietf-rddp-problem-statement/,/api/v1/doc/document/draft-ietf-rddp-problem-statement/,0,draft-ietf-rddp-problem-statement,05,2018-12-20 08:20:50+00:00,,2002-12-11 08:00:00+00:00,2002-12-11 08:00:00+00:00,docevent,2005
/api/v1/doc/document/rfc4310/,4310,rfc4310,Domain Name System (DNS) Security Extensions Mapping for the Extensible Provisioning Protocol (EPP),2005-12-06 00:58:34+00:00,/api/v1/doc/document/draft-hollenbeck-epp-secdns/,/api/v1/doc/document/draft-hollenbeck-epp-secdns/,0,draft-hollenbeck-epp-secdns,08,2013-03-02 16:58:31+00:00,,2002-02-12 08:00:00+00:00,2002-02-12 08:00:00+00:00,docevent,2005
/api/v1/doc/document/rfc4287/,4287,rfc4287,The Atom Syndication Format,2005-12-06 01:00:12+00:00,/api/v1/doc/document/draft-ietf-atompub-format/,/api/v1/doc/document/draft-ietf-atompub-format/,0,draft-ietf-atompub-format,11,2015-10-14 20:51:04+00:00,,2004-07-09 07:00:00+00:00,2004-07-09 07:00:00+00:00,docevent,2005
/api/v1/doc/document/rfc4288/,4288,rfc4288,Media Type Specifications and Registration Procedures,2005-12-12 19:18:32+00:00,/api/v1/doc/document/draft-freed-media-type-reg/,/api/v1/doc/document/draft-freed-media-type-reg/,0,draft-freed-media-type-reg,05,2020-01-21 08:26:39+00:00,,2004-08-18 07:00:01+00:00,2004-08-18 07:00:01+00:00,docevent,2005
/api/v1/doc/document/rfc4282/,4282,rfc4282,The Network Access Identifier,2005-12-12 19:23:57+00:00,/api/v1/doc/document/draft-ietf-radext-rfc2486bis/,/api/v1/doc/document/draft-ietf-radext-rfc2486bis/,0,draft-ietf-radext-rfc2486bis,06,2020-01-21 08:26:38+00:00,,2004-10-01 07:00:00+00:00,2004-10-01 07:00:00+00:00,docevent,2005
/api/v1/doc/document/rfc4286/,4286,rfc4286,Multicast Router Discovery,2005-12-12 19:25:27+00:00,/api/v1/doc/document/draft-ietf-magma-mrdisc/,/api/v1/doc/document/draft-ietf-magma-mrdisc/,0,draft-ietf-magma-mrdisc,07,2020-01-21 08:26:38+00:00,,2004-02-09 08:00:00+00:00,2004-02-09 08:00:00+00:00,docevent,2005
/api/v1/doc/document/rfc4240/,4240,rfc4240,Basic Network Media Services with SIP,2005-12-12 19:30:39+00:00,/api/v1/doc/document/draft-burger-sipping-netann/,/api/v1/doc/document/draft-burger-sipping-netann/,0,draft-burger-sipping-netann,11,2018-12-20 08:20:40+00:00,,2001-07-23 07:00:00+00:00,2001-07-23 07:00:00+00:00,docevent,2005
/api/v1/doc/document/rfc4313/,4313,rfc4313,"Requirements for Distributed Control of Automatic Speech Recognition (ASR), Speaker Identification/Speaker Verification (SI/SV), and Text-to-Speech (TTS) Resources",2005-12-12 19:32:25+00:00,/api/v1/doc/document/draft-ietf-speechsc-reqts/,/api/v1/doc/document/draft-ietf-speechsc-reqts/,0,draft-ietf-speechsc-reqts,07,2015-10-14 20:50:36+00:00,,2002-08-28 07:00:00+00:00,2002-08-28 07:00:00+00:00,docevent,2005
/api/v1/doc/document/rfc4314/,4314,rfc4314,IMAP4 Access Control List (ACL) Extension,2005-12-12 19:34:07+00:00,/api/v1/doc/document/draft-ietf-imapext-2086upd/,/api/v1/doc/document/draft-ietf-imapext-2086upd/,0,draft-ietf-imapext-2086upd,08,2020-01-21 08:26:45+00:00,,2004-09-13 07:00:00+00:00,2004-09-13 07:00:00+00:00,docevent,2005
/api/v1/doc/document/rfc4289/,4289,rfc4289,Multipurpose Internet Mail Extensions (MIME) Part Four: Registration Procedures,2005-12-12 19:40:30+00:00,/api/v1/doc/document/draft-freed-mime-p4/,/api/v1/doc/document/draft-freed-mime-p4/,0,draft-freed-mime-p4,07,2015-10-14 20:50:43+00:00,,2003-02-25 08:00:00+00:00,2003-02-25 08:00:00+00:00,docevent,2005
/api/v1/doc/document/rfc4257/,4257,rfc4257,Framework for Generalized Multi-Protocol Label Switching (GMPLS)-based Control of Synchronous Digital Hierarchy/Synchronous Optical Networking (SDH/SONET) Networks,2005-12-12 20:08:18+00:00,/api/v1/doc/document/draft-ietf-ccamp-sdhsonet-control/,/api/v1/doc/document/draft-ietf-ccamp-sdhsonet-control/,0,draft-ietf-ccamp-sdhsonet-control,05,2013-03-02 16:58:28+00:00,,2002-03-01 08:00:00+00:00,2002-03-01 08:00:00+00:00,docevent,2005
/api/v1/doc/document/rfc4316/,4316,rfc4316,Datatypes for Web Distributed Authoring and Versioning (WebDAV) Properties,2005-12-12 20:09:35+00:00,/api/v1/doc/document/draft-reschke-webdav-property-datatypes/,/api/v1/doc/document/draft-reschke-webdav-property-datatypes/,0,draft-reschke-webdav-property-datatypes,09,2015-10-14 20:50:19+00:00,,2001-08-16 07:00:00+00:00,2001-08-16 07:00:00+00:00,docevent,2005
/api/v1/doc/document/rfc4269/,4269,rfc4269,The SEED Encryption Algorithm,2005-12-12 20:12:00+00:00,/api/v1/doc/document/draft-lee-rfc4009bis/,/api/v1/doc/document/draft-lee-rfc4009bis/,0,draft-lee-rfc4009bis,02,2018-12-20 08:20:43+00:00,,2005-05-02 07:00:00+00:00,2005-05-02 07:00:00+00:00,docevent,2005
/api/v1/doc/document/rfc4119/,4119,rfc4119,A Presence-based GEOPRIV Location Object Format,2005-12-14 01:11:07+00:00,/api/v1/doc/document/draft-ietf-geopriv-pidf-lo/,/api/v1/doc/document/draft-ietf-geopriv-pidf-lo/,0,draft-ietf-geopriv-pidf-lo,03,2020-01-21 08:26:15+00:00,,2004-01-14 08:00:00+00:00,2004-01-14 08:00:00+00:00,docevent,2005
/api/v1/doc/document/rfc4241/,4241,rfc4241,A Model of IPv6/IPv4 Dual Stack Internet Access Service,2005-12-14 01:22:41+00:00,/api/v1/doc/document/draft-shirasaki-dualstack-service/,/api/v1/doc/document/draft-shirasaki-dualstack-service/,0,draft-shirasaki-dualstack-service,04,2020-01-21 08:26:34+00:00,,2003-02-25 08:00:00+00:00,2003-02-25 08:00:00+00:00,docevent,2005
/api/v1/doc/document/rfc4319/,4319,rfc4319,Definitions of Managed Objects for High Bit-Rate DSL - 2nd generation (HDSL2) and Single-Pair High-Speed Digital Subscriber Line (SHDSL) Lines,2005-12-16 01:39:44+00:00,/api/v1/doc/document/draft-ietf-adslmib-gshdslbis/,/api/v1/doc/document/draft-ietf-adslmib-gshdslbis/,0,draft-ietf-adslmib-gshdslbis,11,2020-01-21 08:26:45+00:00,,2004-03-25 08:00:00+00:00,2004-03-25 08:00:00+00:00,docevent,2005
/api/v1/doc/document/rfc4325/,4325,rfc4325,Internet X.509 Public Key Infrastructure Authority Information Access Certificate Revocation List (CRL) Extension,2005-12-16 01:41:10+00:00,/api/v1/doc/document/draft-ietf-pkix-crlaia/,/api/v1/doc/document/draft-ietf-pkix-crlaia/,0,draft-ietf-pkix-crlaia,03,2015-10-14 20:51:12+00:00,,2005-01-26 08:00:00+00:00,2005-01-26 08:00:00+00:00,docevent,2005
/api/v1/doc/document/rfc4225/,4225,rfc4225,Mobile IP Version 6 Route Optimization Security Design Background,2005-12-16 01:42:30+00:00,/api/v1/doc/document/draft-ietf-mip6-ro-sec/,/api/v1/doc/document/draft-ietf-mip6-ro-sec/,0,draft-ietf-mip6-ro-sec,03,2018-12-20 08:20:30+00:00,,2004-04-26 07:00:00+00:00,2004-04-26 07:00:00+00:00,docevent,2005
/api/v1/doc/document/rfc4231/,4231,rfc4231,"Identifiers and Test Vectors for HMAC-SHA-224, HMAC-SHA-256, HMAC-SHA-384, and HMAC-SHA-512",2005-12-16 01:43:51+00:00,/api/v1/doc/document/draft-nystrom-smime-hmac-sha/,/api/v1/doc/document/draft-nystrom-smime-hmac-sha/,0,draft-nystrom-smime-hmac-sha,02,2015-10-14 20:51:16+00:00,,2005-04-13 07:00:00+00:00,2005-04-13 07:00:00+00:00,docevent,2005
/api/v1/doc/document/rfc4243/,4243,rfc4243,Vendor-Specific Information Suboption for the Dynamic Host Configuration Protocol (DHCP) Relay Agent Option,2005-12-17 01:02:45+00:00,/api/v1/doc/document/draft-ietf-dhc-vendor-suboption/,/api/v1/doc/document/draft-ietf-dhc-vendor-suboption/,0,draft-ietf-dhc-vendor-suboption,00,2013-03-02 16:58:27+00:00,,2004-09-10 07:00:00+00:00,2004-09-10 07:00:00+00:00,docevent,2005
/api/v1/doc/document/rfc4262/,4262,rfc4262,X.509 Certificate Extension for Secure/Multipurpose Internet Mail Extensions (S/MIME) Capabilities,2005-12-17 01:11:47+00:00,/api/v1/doc/document/draft-ietf-smime-certcapa/,/api/v1/doc/document/draft-ietf-smime-certcapa/,0,draft-ietf-smime-certcapa,05,2015-10-14 20:51:08+00:00,,2004-10-15 07:00:00+00:00,2004-10-15 07:00:00+00:00,docevent,2005
/api/v1/doc/document/rfc4333/,4333,rfc4333,The IETF Administrative Oversight Committee (IAOC) Member Selection Guidelines and Process,2005-12-20 01:47:52+00:00,/api/v1/doc/document/draft-iab-iesg-iaoc-selection/,/api/v1/doc/document/draft-iab-iesg-iaoc-selection/,0,draft-iab-iesg-iaoc-selection,03,2015-10-14 20:51:13+00:00,,2005-02-04 08:00:00+00:00,2005-02-04 08:00:00+00:00,docevent,2005
/api/v1/doc/document/rfc4228/,4228,rfc4228,Requirements for an IETF Draft Submission Toolset,2005-12-21 19:04:24+00:00,/api/v1/doc/document/draft-ietf-tools-draft-submission/,/api/v1/doc/document/draft-ietf-tools-draft-submission/,0,draft-ietf-tools-draft-submission,09,2013-03-02 16:58:26+00:00,,2004-09-10 07:00:00+00:00,2004-09-10 07:00:00+00:00,docevent,2005
/api/v1/doc/document/rfc4298/,4298,rfc4298,RTP Payload Format for BroadVoice Speech Codecs,2005-12-21 19:07:57+00:00,/api/v1/doc/document/draft-ietf-avt-rtp-bv/,/api/v1/doc/document/draft-chen-rtp-bv/,1,draft-chen-rtp-bv,02,2009-02-24 08:00:00+00:00,,2003-06-18 07:00:00+00:00,2003-06-18 07:00:00+00:00,docevent,2005
/api/v1/doc/document/rfc4298/,4298,rfc4298,RTP Payload Format for BroadVoice Speech Codecs,2005-12-21 19:07:57+00:00,/api/v1/doc/document/draft-ietf-avt-rtp-bv/,/api/v1/doc/document/draft-ietf-avt-rtp-bv/,0,draft-ietf-avt-rtp-bv,04,2013-03-02 16:58:30+00:00,,2004-07-13 07:00:00+00:00,2004-07-13 07:00:00+00:00,docevent,2005
/api/v1/doc/document/rfc4315/,4315,rfc4315,Internet Message Access Protocol (IMAP) - UIDPLUS extension,2005-12-21 19:09:16+00:00,/api/v1/doc/document/draft-crispin-imap-rfc2359bis/,/api/v1/doc/document/draft-crispin-imap-rfc2359bis/,0,draft-crispin-imap-rfc2359bis,04,2015-10-14 20:51:16+00:00,,2005-05-19 07:00:00+00:00,2005-05-19 07:00:00+00:00,docevent,2005
/api/v1/doc/document/rfc4324/,4324,rfc4324,Calendar Access Protocol (CAP),2005-12-21 19:10:40+00:00,/api/v1/doc/document/draft-royer-calsch-cap/,/api/v1/doc/document/draft-royer-calsch-cap/,0,draft-royer-calsch-cap,03,2015-10-14 20:51:07+00:00,,2004-09-10 07:00:00+00:00,2004-09-10 07:00:00+00:00,docevent,2005
/api/v1/doc/document/rfc4230/,4230,rfc4230,RSVP Security Properties,2005-12-21 19:15:40+00:00,/api/v1/doc/document/draft-ietf-nsis-rsvp-sec-properties/,/api/v1/doc/document/draft-ietf-nsis-rsvp-sec-properties/,0,draft-ietf-nsis-rsvp-sec-properties,06,2020-01-21 08:26:31+00:00,,2002-10-31 08:00:00+00:00,2002-10-31 08:00:00+00:00,docevent,2005
/api/v1/doc/document/rfc4301/,4301,rfc4301,Security Architecture for the Internet Protocol,2005-12-23 00:35:13+00:00,/api/v1/doc/document/draft-ietf-ipsec-rfc2401bis/,/api/v1/doc/document/draft-ietf-ipsec-rfc2401bis/,0,draft-ietf-ipsec-rfc2401bis,06,2020-01-21 08:26:42+00:00,,2003-10-23 07:00:00+00:00,2003-10-23 07:00:00+00:00,docevent,2005
/api/v1/doc/document/rfc4302/,4302,rfc4302,IP Authentication Header,2005-12-23 00:36:22+00:00,/api/v1/doc/document/draft-ietf-ipsec-rfc2402bis/,/api/v1/doc/document/draft-ietf-ipsec-rfc2402bis/,0,draft-ietf-ipsec-rfc2402bis,11,2020-01-21 08:26:42+00:00,,2002-03-05 08:00:00+00:00,2002-03-05 08:00:00+00:00,docevent,2005
/api/v1/doc/document/rfc4303/,4303,rfc4303,IP Encapsulating Security Payload (ESP),2005-12-23 00:37:42+00:00,/api/v1/doc/document/draft-ietf-ipsec-esp-v3/,/api/v1/doc/document/draft-ietf-ipsec-esp-v3/,0,draft-ietf-ipsec-esp-v3,10,2020-01-21 08:26:43+00:00,,1997-10-03 07:00:00+00:00,1997-10-03 07:00:00+00:00,docevent,2005
/api/v1/doc/document/rfc4304/,4304,rfc4304,Extended Sequence Number (ESN) Addendum to IPsec Domain of Interpretation (DOI) for Internet Security Association and Key Management Protocol (ISAKMP),2005-12-23 00:39:02+00:00,/api/v1/doc/document/draft-ietf-ipsec-esn-addendum/,/api/v1/doc/document/draft-ietf-ipsec-esn-addendum/,0,draft-ietf-ipsec-esn-addendum,03,2013-03-02 16:58:31+00:00,,2002-07-03 07:00:00+00:00,2002-07-03 07:00:00+00:00,docevent,2005
/api/v1/doc/document/rfc4305/,4305,rfc4305,Cryptographic Algorithm Implementation Requirements for Encapsulating Security Payload (ESP) and Authentication Header (AH),2005-12-23 00:40:15+00:00,/api/v1/doc/document/draft-ietf-ipsec-esp-ah-algorithms/,/api/v1/doc/document/draft-ietf-ipsec-esp-ah-algorithms/,0,draft-ietf-ipsec-esp-ah-algorithms,02,2020-01-21 08:26:43+00:00,,2003-12-18 08:00:00+00:00,2003-12-18 08:00:00+00:00,docevent,2005
/api/v1/doc/document/rfc4306/,4306,rfc4306,Internet Key Exchange (IKEv2) Protocol,2005-12-23 00:41:34+00:00,/api/v1/doc/document/draft-ietf-ipsec-ikev2/,/api/v1/doc/document/draft-ietf-ipsec-ikev2/,0,draft-ietf-ipsec-ikev2,17,2020-01-21 08:26:43+00:00,,2001-11-16 08:00:00+00:00,2001-11-16 08:00:00+00:00,docevent,2005
/api/v1/doc/document/rfc4307/,4307,rfc4307,Cryptographic Algorithms for Use in the Internet Key Exchange Version 2 (IKEv2),2005-12-23 00:43:19+00:00,/api/v1/doc/document/draft-ietf-ipsec-ikev2-algorithms/,/api/v1/doc/document/draft-ietf-ipsec-ikev2-algorithms/,0,draft-ietf-ipsec-ikev2-algorithms,05,2020-01-21 08:26:44+00:00,,2003-05-19 07:00:00+00:00,2003-05-19 07:00:00+00:00,docevent,2005
/api/v1/doc/document/rfc4308/,4308,rfc4308,Cryptographic Suites for IPsec,2005-12-23 00:44:26+00:00,/api/v1/doc/document/draft-ietf-ipsec-ui-suites/,/api/v1/doc/document/draft-ietf-ipsec-ui-suites/,0,draft-ietf-ipsec-ui-suites,06,2020-01-21 08:26:44+00:00,,2003-05-29 07:00:00+00:00,2003-05-29 07:00:00+00:00,docevent,2005
/api/v1/doc/document/rfc4309/,4309,rfc4309,Using Advanced Encryption Standard (AES) CCM Mode with IPsec Encapsulating Security Payload (ESP),2005-12-23 00:45:35+00:00,/api/v1/doc/document/draft-ietf-ipsec-ciph-aes-ccm/,/api/v1/doc/document/draft-ietf-ipsec-ciph-aes-ccm/,0,draft-ietf-ipsec-ciph-aes-ccm,05,2015-10-14 20:50:41+00:00,,2003-01-23 08:00:00+00:00,2003-01-23 08:00:00+00:00,docevent,2005
/api/v1/doc/document/rfc4312/,4312,rfc4312,The Camellia Cipher Algorithm and Its Use With IPsec,2005-12-23 00:47:36+00:00,/api/v1/doc/document/draft-kato-ipsec-ciph-camellia/,/api/v1/doc/document/draft-kato-ipsec-ciph-camellia/,0,draft-kato-ipsec-ciph-camellia,01,2015-10-14 20:51:12+00:00,,2005-01-24 08:00:00+00:00,2005-01-24 08:00:00+00:00,docevent,2005
/api/v1/doc/document/rfc4317/,4317,rfc4317,Session Description Protocol (SDP) Offer/Answer Examples,2005-12-23 00:49:10+00:00,/api/v1/doc/document/draft-ietf-mmusic-offer-answer-examples/,/api/v1/doc/document/draft-ietf-mmusic-offer-answer-examples/,0,draft-ietf-mmusic-offer-answer-examples,06,2013-03-02 16:58:32+00:00,,2003-04-16 07:00:00+00:00,2003-04-16 07:00:00+00:00,docevent,2005
/api/v1/doc/document/rfc4332/,4332,rfc4332,Cisco's Mobile IPv4 Host Configuration Extensions,2005-12-23 00:50:35+00:00,/api/v1/doc/document/draft-leung-cisco-mip4-host-config/,/api/v1/doc/document/draft-leung-cisco-mip4-host-config/,0,draft-leung-cisco-mip4-host-config,04,2015-10-14 20:51:15+00:00,,2005-04-01 08:00:00+00:00,2005-04-01 08:00:00+00:00,docevent,2005
/api/v1/doc/document/rfc4226/,4226,rfc4226,HOTP: An HMAC-Based One-Time Password Algorithm,2005-12-23 21:36:59+00:00,/api/v1/doc/document/draft-mraihi-oath-hmac-otp/,/api/v1/doc/document/draft-mraihi-oath-hmac-otp/,0,draft-mraihi-oath-hmac-otp,04,2020-01-21 08:26:28+00:00,,2004-10-19 07:00:00+00:00,2004-10-19 07:00:00+00:00,docevent,2005
/api/v1/doc/document/rfc4229/,4229,rfc4229,HTTP Header Field Registrations,2005-12-23 21:37:58+00:00,/api/v1/doc/document/draft-nottingham-hdrreg-http/,/api/v1/doc/document/draft-nottingham-hdrreg-http/,0,draft-nottingham-hdrreg-http,05,2015-10-14 20:50:32+00:00,,2002-06-13 07:00:00+00:00,2002-06-13 07:00:00+00:00,docevent,2005
/api/v1/doc/document/rfc4318/,4318,rfc4318,Definitions of Managed Objects for Bridges with Rapid Spanning Tree Protocol,2005-12-23 21:39:18+00:00,/api/v1/doc/document/draft-ietf-bridge-rstpmib/,/api/v1/doc/document/draft-ietf-bridge-rstpmib/,0,draft-ietf-bridge-rstpmib,09,2015-10-14 20:50:17+00:00,,2001-07-19 07:00:00+00:00,2001-07-19 07:00:00+00:00,docevent,2005
/api/v1/doc/document/rfc4326/,4326,rfc4326,Unidirectional Lightweight Encapsulation (ULE) for Transmission of IP Datagrams over an MPEG-2 Transport Stream (TS),2005-12-23 21:41:56+00:00,/api/v1/doc/document/draft-ietf-ipdvb-ule/,/api/v1/doc/document/draft-ietf-ipdvb-ule/,0,draft-ietf-ipdvb-ule,06,2020-01-21 08:26:46+00:00,,2004-03-15 08:00:00+00:00,2004-03-15 08:00:00+00:00,docevent,2005
/api/v1/doc/document/rfc4290/,4290,rfc4290,Suggested Practices for Registration of Internationalized Domain Names (IDN),2005-12-23 21:43:20+00:00,/api/v1/doc/document/draft-klensin-reg-guidelines/,/api/v1/doc/document/draft-klensin-reg-guidelines/,0,draft-klensin-reg-guidelines,08,2021-06-02 07:29:20+00:00,,2003-06-19 07:00:00+00:00,2003-06-19 07:00:00+00:00,docevent,2005
/api/v1/doc/document/rfc4322/,4322,rfc4322,Opportunistic Encryption using the Internet Key Exchange (IKE),2005-12-23 21:44:40+00:00,/api/v1/doc/document/draft-richardson-ipsec-opportunistic/,/api/v1/doc/document/draft-richardson-ipsec-opportunistic/,0,draft-richardson-ipsec-opportunistic,17,2020-01-21 08:26:45+00:00,,2001-07-25 07:00:00+00:00,2001-07-25 07:00:00+00:00,docevent,2005
/api/v1/doc/document/rfc4250/,4250,rfc4250,The Secure Shell (SSH) Protocol Assigned Numbers,2006-01-06 19:17:52+00:00,/api/v1/doc/document/draft-ietf-secsh-assignednumbers/,/api/v1/doc/document/draft-ietf-secsh-assignednumbers/,0,draft-ietf-secsh-assignednumbers,12,2015-10-14 20:50:32+00:00,,2002-06-20 07:00:00+00:00,2002-06-20 07:00:00+00:00,docevent,2006
/api/v1/doc/document/rfc4251/,4251,rfc4251,The Secure Shell (SSH) Protocol Architecture,2006-01-06 19:19:22+00:00,/api/v1/doc/document/draft-ietf-secsh-architecture/,/api/v1/doc/document/draft-ietf-secsh-architecture/,0,draft-ietf-secsh-architecture,22,2015-10-14 20:49:52+00:00,,1997-10-14 07:00:00+00:00,1997-10-14 07:00:00+00:00,docevent,2006
/api/v1/doc/document/rfc4252/,4252,rfc4252,The Secure Shell (SSH) Authentication Protocol,2006-01-06 19:21:30+00:00,/api/v1/doc/document/draft-ietf-secsh-userauth/,/api/v1/doc/document/draft-ietf-secsh-userauth/,0,draft-ietf-secsh-userauth,27,2023-07-29 07:15:33+00:00,,1997-03-26 08:00:00+00:00,1997-03-26 08:00:00+00:00,docevent,2006
/api/v1/doc/document/rfc4253/,4253,rfc4253,The Secure Shell (SSH) Transport Layer Protocol,2006-01-06 19:22:44+00:00,/api/v1/doc/document/draft-ietf-secsh-transport/,/api/v1/doc/document/draft-ietf-secsh-transport/,0,draft-ietf-secsh-transport,24,2020-01-21 08:26:34+00:00,,1997-03-26 08:00:00+00:00,1997-03-26 08:00:00+00:00,docevent,2006
/api/v1/doc/document/rfc4254/,4254,rfc4254,The Secure Shell (SSH) Connection Protocol,2006-01-06 19:24:10+00:00,/api/v1/doc/document/draft-ietf-secsh-connect/,/api/v1/doc/document/draft-ietf-secsh-connect/,0,draft-ietf-secsh-connect,25,2020-01-21 08:26:35+00:00,,1997-03-26 08:00:00+00:00,1997-03-26 08:00:00+00:00,docevent,2006
/api/v1/doc/document/rfc4255/,4255,rfc4255,Using DNS to Securely Publish Secure Shell (SSH) Key Fingerprints,2006-01-06 19:25:25+00:00,/api/v1/doc/document/draft-ietf-secsh-dns/,/api/v1/doc/document/draft-griffin-ssh-host-keys-in-dns/,2,draft-griffin-ssh-host-keys-in-dns,00,2001-05-07 07:00:00+00:00,,2001-02-01 08:00:00+00:00,2001-02-01 08:00:00+00:00,docevent,2006
/api/v1/doc/document/rfc4255/,4255,rfc4255,Using DNS to Securely Publish Secure Shell (SSH) Key Fingerprints,2006-01-06 19:25:25+00:00,/api/v1/doc/document/draft-ietf-secsh-dns/,/api/v1/doc/document/draft-ietf-secsh-dns-key-format/,1,draft-ietf-secsh-dns-key-format,00,2001-05-10 07:00:00+00:00,,2001-05-10 07:00:00+00:00,2001-05-10 07:00:00+00:00,docevent,2006
/api/v1/doc/document/rfc4255/,4255,rfc4255,Using DNS to Securely Publish Secure Shell (SSH) Key Fingerprints,2006-01-06 19:25:25+00:00,/api/v1/doc/document/draft-ietf-secsh-dns/,/api/v1/doc/document/draft-ietf-secsh-dns/,0,draft-ietf-secsh-dns,05,2020-01-21 08:26:35+00:00,,2002-08-13 07:00:00+00:00,2002-08-13 07:00:00+00:00,docevent,2006
/api/v1/doc/document/rfc4256/,4256,rfc4256,Generic Message Exchange Authentication for the Secure Shell Protocol (SSH),2006-01-06 19:27:24+00:00,/api/v1/doc/document/draft-ietf-secsh-auth-kbdinteract/,/api/v1/doc/document/draft-ietf-secsh-auth-kbdinteract/,0,draft-ietf-secsh-auth-kbdinteract,07,2020-01-21 08:26:36+00:00,,1999-03-03 08:00:00+00:00,1999-03-03 08:00:00+00:00,docevent,2006
/api/v1/doc/document/rfc4227/,4227,rfc4227,Using the Simple Object Access Protocol (SOAP) in Blocks Extensible Exchange Protocol (BEEP),2006-01-10 01:34:55+00:00,/api/v1/doc/document/draft-mrose-rfc3288bis/,/api/v1/doc/document/draft-mrose-rfc3288bis/,0,draft-mrose-rfc3288bis,02,2020-01-21 08:26:30+00:00,,2005-03-21 08:00:00+00:00,2005-03-21 08:00:00+00:00,docevent,2006
/api/v1/doc/document/rfc4233/,4233,rfc4233,Integrated Services Digital Network (ISDN) Q.921-User Adaptation Layer,2006-01-10 01:36:19+00:00,/api/v1/doc/document/draft-ietf-sigtran-rfc3057bis/,/api/v1/doc/document/draft-ietf-sigtran-rfc3057bis/,0,draft-ietf-sigtran-rfc3057bis,02,2018-12-20 08:20:36+00:00,,2003-05-15 07:00:00+00:00,2003-05-15 07:00:00+00:00,docevent,2006
/api/v1/doc/document/rfc4285/,4285,rfc4285,Authentication Protocol for Mobile IPv6,2006-01-10 01:38:06+00:00,/api/v1/doc/document/draft-ietf-mip6-auth-protocol/,/api/v1/doc/document/draft-ietf-mip6-auth-protocol/,0,draft-ietf-mip6-auth-protocol,07,2015-10-14 20:51:04+00:00,,2004-07-08 07:00:00+00:00,2004-07-08 07:00:00+00:00,docevent,2006
/api/v1/doc/document/rfc4328/,4328,rfc4328,Generalized Multi-Protocol Label Switching (GMPLS) Signaling Extensions for G.709 Optical Transport Networks Control,2006-01-10 01:39:23+00:00,/api/v1/doc/document/draft-ietf-ccamp-gmpls-g709/,/api/v1/doc/document/draft-ietf-ccamp-gmpls-g709/,0,draft-ietf-ccamp-gmpls-g709,09,2013-03-02 16:58:32+00:00,,2002-04-08 07:00:00+00:00,2002-04-08 07:00:00+00:00,docevent,2006
/api/v1/doc/document/rfc4186/,4186,rfc4186,Extensible Authentication Protocol Method for Global System for Mobile Communications (GSM) Subscriber Identity Modules (EAP-SIM),2006-01-12 01:51:45+00:00,/api/v1/doc/document/draft-haverinen-pppext-eap-sim/,/api/v1/doc/document/draft-haverinen-pppext-eap-sim/,0,draft-haverinen-pppext-eap-sim,16,2020-01-21 08:26:26+00:00,,2001-02-23 08:00:00+00:00,2001-02-23 08:00:00+00:00,docevent,2006
/api/v1/doc/document/rfc4187/,4187,rfc4187,Extensible Authentication Protocol Method for 3rd Generation Authentication and Key Agreement (EAP-AKA),2006-01-12 01:53:18+00:00,/api/v1/doc/document/draft-arkko-pppext-eap-aka/,/api/v1/doc/document/draft-arkko-pppext-eap-aka/,0,draft-arkko-pppext-eap-aka,16,2020-01-21 08:26:27+00:00,,2001-05-17 07:00:00+00:00,2001-05-17 07:00:00+00:00,docevent,2006
/api/v1/doc/document/rfc4343/,4343,rfc4343,Domain Name System (DNS) Case Insensitivity Clarification,2006-01-12 01:54:31+00:00,/api/v1/doc/document/draft-ietf-dnsext-insensitive/,/api/v1/doc/document/draft-ietf-dnsext-insensitive/,0,draft-ietf-dnsext-insensitive,06,2020-01-21 08:26:49+00:00,,2003-01-29 08:00:00+00:00,2003-01-29 08:00:00+00:00,docevent,2006
/api/v1/doc/document/rfc4344/,4344,rfc4344,The Secure Shell (SSH) Transport Layer Encryption Modes,2006-01-12 01:56:03+00:00,/api/v1/doc/document/draft-ietf-secsh-newmodes/,/api/v1/doc/document/draft-ietf-secsh-newmodes/,0,draft-ietf-secsh-newmodes,05,2018-12-20 08:20:53+00:00,,2003-03-24 08:00:00+00:00,2003-03-24 08:00:00+00:00,docevent,2006
/api/v1/doc/document/rfc4348/,4348,rfc4348,Real-Time Transport Protocol (RTP) Payload Format for the Variable-Rate Multimode Wideband (VMR-WB) Audio Codec,2006-01-12 01:57:30+00:00,/api/v1/doc/document/draft-ietf-avt-rtp-vmr-wb/,/api/v1/doc/document/draft-ahmadi-avt-rtp-vmr-wb/,1,draft-ahmadi-avt-rtp-vmr-wb,02,2009-02-24 08:00:00+00:00,,2003-10-20 07:00:00+00:00,2003-10-20 07:00:00+00:00,docevent,2006
/api/v1/doc/document/rfc4348/,4348,rfc4348,Real-Time Transport Protocol (RTP) Payload Format for the Variable-Rate Multimode Wideband (VMR-WB) Audio Codec,2006-01-12 01:57:30+00:00,/api/v1/doc/document/draft-ietf-avt-rtp-vmr-wb/,/api/v1/doc/document/draft-ietf-avt-rtp-vmr-wb/,0,draft-ietf-avt-rtp-vmr-wb,11,2018-12-20 08:20:54+00:00,,2004-06-01 07:00:00+00:00,2004-06-01 07:00:00+00:00,docevent,2006
/api/v1/doc/document/rfc4351/,4351,rfc4351,Real-Time Transport Protocol (RTP) Payload for Text Conversation Interleaved in an Audio Stream,2006-01-12 01:58:56+00:00,/api/v1/doc/document/draft-ietf-avt-audio-t140c/,/api/v1/doc/document/draft-ietf-avt-audio-t140c/,0,draft-ietf-avt-audio-t140c,00,2018-12-20 08:20:54+00:00,,2004-08-24 07:00:00+00:00,2004-08-24 07:00:00+00:00,docevent,2006
/api/v1/doc/document/rfc4355/,4355,rfc4355,"IANA Registration for Enumservices email, fax, mms, ems, and sms",2006-01-12 02:00:34+00:00,/api/v1/doc/document/draft-ietf-enum-msg/,/api/v1/doc/document/draft-ietf-enum-msg/,0,draft-ietf-enum-msg,05,2015-10-14 20:50:47+00:00,,2003-06-16 07:00:00+00:00,2003-06-16 07:00:00+00:00,docevent,2006
/api/v1/doc/document/rfc4356/,4356,rfc4356,Mapping Between the Multimedia Messaging Service (MMS) and Internet Mail,2006-01-12 02:02:15+00:00,/api/v1/doc/document/draft-ietf-lemonade-mms-mapping/,/api/v1/doc/document/draft-ietf-lemonade-mms-mapping/,0,draft-ietf-lemonade-mms-mapping,06,2018-12-20 08:20:55+00:00,,2004-07-14 07:00:00+00:00,2004-07-14 07:00:00+00:00,docevent,2006
/api/v1/doc/document/rfc4224/,4224,rfc4224,RObust Header Compression (ROHC): ROHC over Channels That Can Reorder Packets,2006-01-14 01:19:16+00:00,/api/v1/doc/document/draft-ietf-rohc-over-reordering/,/api/v1/doc/document/draft-ietf-rohc-over-reordering/,0,draft-ietf-rohc-over-reordering,03,2013-03-02 16:58:26+00:00,,2004-10-12 07:00:00+00:00,2004-10-12 07:00:00+00:00,docevent,2006
/api/v1/doc/document/rfc4272/,4272,rfc4272,BGP Security Vulnerabilities Analysis,2006-01-14 01:20:41+00:00,/api/v1/doc/document/draft-ietf-idr-bgp-vuln/,/api/v1/doc/document/draft-ietf-idr-bgp-vuln/,0,draft-ietf-idr-bgp-vuln,01,2018-12-20 08:20:45+00:00,,2003-06-25 07:00:00+00:00,2003-06-25 07:00:00+00:00,docevent,2006
/api/v1/doc/document/rfc4273/,4273,rfc4273,Definitions of Managed Objects for BGP-4,2006-01-14 01:21:55+00:00,/api/v1/doc/document/draft-ietf-idr-bgp4-mib/,/api/v1/doc/document/draft-ietf-idr-bgp4-mib/,0,draft-ietf-idr-bgp4-mib,15,2018-12-20 08:20:46+00:00,,1995-11-15 08:00:00+00:00,1995-11-15 08:00:00+00:00,docevent,2006
/api/v1/doc/document/rfc4274/,4274,rfc4274,BGP-4 Protocol Analysis,2006-01-14 01:23:06+00:00,/api/v1/doc/document/draft-ietf-idr-bgp-analysis/,/api/v1/doc/document/draft-ietf-idr-bgp-analysis/,0,draft-ietf-idr-bgp-analysis,07,2018-12-20 08:20:46+00:00,,2003-03-20 08:00:00+00:00,2003-03-20 08:00:00+00:00,docevent,2006
/api/v1/doc/document/rfc4275/,4275,rfc4275,BGP-4 MIB Implementation Survey,2006-01-14 01:24:12+00:00,/api/v1/doc/document/draft-ietf-idr-bgp-mibagent-survey/,/api/v1/doc/document/draft-ietf-idr-bgp-mibagent-survey/,0,draft-ietf-idr-bgp-mibagent-survey,02,2013-03-02 16:58:29+00:00,,2004-02-11 08:00:00+00:00,2004-02-11 08:00:00+00:00,docevent,2006
/api/v1/doc/document/rfc4276/,4276,rfc4276,BGP-4 Implementation Report,2006-01-14 01:25:31+00:00,/api/v1/doc/document/draft-ietf-idr-bgp-implementation/,/api/v1/doc/document/draft-ietf-idr-bgp-implementation/,0,draft-ietf-idr-bgp-implementation,02,2018-12-20 08:20:47+00:00,,2004-03-11 08:00:00+00:00,2004-03-11 08:00:00+00:00,docevent,2006
/api/v1/doc/document/rfc4277/,4277,rfc4277,Experience with the BGP-4 Protocol,2006-01-14 01:26:45+00:00,/api/v1/doc/document/draft-ietf-idr-bgp4-experience-protocol/,/api/v1/doc/document/draft-ietf-idr-bgp4-experience-protocol/,0,draft-ietf-idr-bgp4-experience-protocol,05,2018-12-20 08:20:47+00:00,,2003-08-19 07:00:00+00:00,2003-08-19 07:00:00+00:00,docevent,2006
/api/v1/doc/document/rfc4278/,4278,rfc4278,Standards Maturity Variance Regarding the TCP MD5 Signature Option (RFC 2385) and the BGP-4 Specification,2006-01-14 01:28:07+00:00,/api/v1/doc/document/draft-iesg-tcpmd5app/,/api/v1/doc/document/draft-iesg-tcpmd5app/,0,draft-iesg-tcpmd5app,01,2013-03-02 16:58:29+00:00,,2004-03-15 08:00:00+00:00,2004-03-15 08:00:00+00:00,docevent,2006
/api/v1/doc/document/rfc4327/,4327,rfc4327,Link Management Protocol (LMP) Management Information Base (MIB),2006-01-14 01:29:21+00:00,/api/v1/doc/document/draft-ietf-ccamp-lmp-mib/,/api/v1/doc/document/draft-ietf-ccamp-lmp-mib/,0,draft-ietf-ccamp-lmp-mib,10,2020-01-21 08:26:46+00:00,,2001-10-19 07:00:00+00:00,2001-10-19 07:00:00+00:00,docevent,2006
/api/v1/doc/document/rfc4271/,4271,rfc4271,A Border Gateway Protocol 4 (BGP-4),2006-01-14 01:38:24+00:00,/api/v1/doc/document/draft-ietf-idr-bgp4/,/api/v1/doc/document/draft-ietf-idr-bgp4/,0,draft-ietf-idr-bgp4,26,2020-01-21 08:26:37+00:00,,1995-06-15 07:00:01+00:00,1995-06-15 07:00:01+00:00,docevent,2006
/api/v1/doc/document/rfc4249/,4249,rfc4249,Implementer-Friendly Specification of Message and MIME-Part Header Fields and Field Components,2006-01-19 01:17:18+00:00,/api/v1/doc/document/draft-lilly-field-specification/,/api/v1/doc/document/draft-lilly-field-specification/,0,draft-lilly-field-specification,04,2015-10-14 20:51:12+00:00,,2005-01-10 08:00:00+00:00,2005-01-10 08:00:00+00:00,docevent,2006
/api/v1/doc/document/rfc4263/,4263,rfc4263,Media Subtype Registration for Media Type text/troff,2006-01-19 01:18:18+00:00,/api/v1/doc/document/draft-lilly-text-troff/,/api/v1/doc/document/draft-lilly-text-troff/,0,draft-lilly-text-troff,04,2015-10-14 20:51:11+00:00,,2004-12-03 08:00:00+00:00,2004-12-03 08:00:00+00:00,docevent,2006
/api/v1/doc/document/rfc4320/,4320,rfc4320,Actions Addressing Identified Issues with the Session Initiation Protocol's (SIP) Non-INVITE Transaction,2006-01-19 01:19:43+00:00,/api/v1/doc/document/draft-sparks-sip-nit-actions/,/api/v1/doc/document/draft-sparks-sip-nit-actions/,0,draft-sparks-sip-nit-actions,03,2015-10-14 20:50:59+00:00,,2004-02-09 08:00:00+00:00,2004-02-09 08:00:00+00:00,docevent,2006
/api/v1/doc/document/rfc4321/,4321,rfc4321,Problems Identified Associated with the Session Initiation Protocol's (SIP) Non-INVITE Transaction,2006-01-19 01:21:11+00:00,/api/v1/doc/document/draft-sparks-sip-nit-problems/,/api/v1/doc/document/draft-sparks-sip-nit-problems/,0,draft-sparks-sip-nit-problems,02,2015-10-14 20:50:59+00:00,,2004-02-09 08:00:00+00:00,2004-02-09 08:00:00+00:00,docevent,2006
/api/v1/doc/document/rfc4352/,4352,rfc4352,RTP Payload Format for the Extended Adaptive Multi-Rate Wideband (AMR-WB+) Audio Codec,2006-01-19 01:22:37+00:00,/api/v1/doc/document/draft-ietf-avt-rtp-amrwbplus/,/api/v1/doc/document/draft-sjoberg-avt-rtp-amrwbplus/,1,draft-sjoberg-avt-rtp-amrwbplus,01,2009-02-24 08:00:00+00:00,,2003-10-22 07:00:00+00:00,2003-10-22 07:00:00+00:00,docevent,2006
/api/v1/doc/document/rfc4352/,4352,rfc4352,RTP Payload Format for the Extended Adaptive Multi-Rate Wideband (AMR-WB+) Audio Codec,2006-01-19 01:22:37+00:00,/api/v1/doc/document/draft-ietf-avt-rtp-amrwbplus/,/api/v1/doc/document/draft-ietf-avt-rtp-amrwbplus/,0,draft-ietf-avt-rtp-amrwbplus,07,2020-01-21 08:26:50+00:00,,2004-06-18 07:00:00+00:00,2004-06-18 07:00:00+00:00,docevent,2006
/api/v1/doc/document/rfc4354/,4354,rfc4354,A Session Initiation Protocol (SIP) Event Package and Data Format for Various Settings in Support for the Push-to-Talk over Cellular (PoC) Service,2006-01-19 01:23:44+00:00,/api/v1/doc/document/draft-garcia-sipping-poc-isb-am/,/api/v1/doc/document/draft-garcia-sipping-poc-isb-am/,0,draft-garcia-sipping-poc-isb-am,04,2015-10-14 20:51:09+00:00,,2004-10-19 07:00:00+00:00,2004-10-19 07:00:00+00:00,docevent,2006
/api/v1/doc/document/rfc4371/,4371,rfc4371,BCP 101 Update for IPR Trust,2006-01-19 01:24:48+00:00,/api/v1/doc/document/draft-carpenter-bcp101-update/,/api/v1/doc/document/draft-carpenter-bcp101-update/,0,draft-carpenter-bcp101-update,03,2015-10-14 20:51:20+00:00,,2005-08-17 07:00:00+00:00,2005-08-17 07:00:00+00:00,docevent,2006
/api/v1/doc/document/rfc4284/,4284,rfc4284,Identity Selection Hints for the Extensible Authentication Protocol (EAP),2006-01-23 21:52:36+00:00,/api/v1/doc/document/draft-adrangi-eap-network-discovery/,/api/v1/doc/document/draft-adrangi-eap-network-discovery/,0,draft-adrangi-eap-network-discovery,14,2018-12-20 08:20:48+00:00,,2004-05-24 07:00:00+00:00,2004-05-24 07:00:00+00:00,docevent,2006
/api/v1/doc/document/rfc4345/,4345,rfc4345,Improved Arcfour Modes for the Secure Shell (SSH) Transport Layer Protocol,2006-01-23 21:53:52+00:00,/api/v1/doc/document/draft-harris-ssh-arcfour-fixes/,/api/v1/doc/document/draft-harris-ssh-arcfour-fixes/,0,draft-harris-ssh-arcfour-fixes,03,2015-10-14 20:51:15+00:00,,2005-03-18 08:00:00+00:00,2005-03-18 08:00:00+00:00,docevent,2006
/api/v1/doc/document/rfc4338/,4338,rfc4338,"Transmission of IPv6, IPv4, and Address Resolution Protocol (ARP) Packets over Fibre Channel",2006-01-26 01:47:28+00:00,/api/v1/doc/document/draft-ietf-imss-ip-over-fibre-channel/,/api/v1/doc/document/draft-ietf-imss-ip-over-fibre-channel/,0,draft-ietf-imss-ip-over-fibre-channel,03,2018-12-20 08:20:53+00:00,,2005-02-07 08:00:00+00:00,2005-02-07 08:00:00+00:00,docevent,2006
/api/v1/doc/document/rfc4362/,4362,rfc4362,RObust Header Compression (ROHC): A Link-Layer Assisted Profile for IP/UDP/RTP,2006-01-26 01:49:04+00:00,/api/v1/doc/document/draft-ietf-rohc-rfc3242bis/,/api/v1/doc/document/draft-ietf-rohc-rtp-lla-impl-guide/,1,draft-ietf-rohc-rtp-lla-impl-guide,01,2005-02-15 08:00:00+00:00,,2004-09-21 07:00:00+00:00,2004-09-21 07:00:00+00:00,docevent,2006
/api/v1/doc/document/rfc4362/,4362,rfc4362,RObust Header Compression (ROHC): A Link-Layer Assisted Profile for IP/UDP/RTP,2006-01-26 01:49:04+00:00,/api/v1/doc/document/draft-ietf-rohc-rfc3242bis/,/api/v1/doc/document/draft-ietf-rohc-rfc3242bis/,0,draft-ietf-rohc-rfc3242bis,01,2013-03-02 16:58:34+00:00,,2005-05-20 07:00:00+00:00,2005-05-20 07:00:00+00:00,docevent,2006
/api/v1/doc/document/rfc4323/,4323,rfc4323,Data Over Cable System Interface Specification Quality of Service Management Information Base (DOCSIS-QoS MIB),2006-01-26 01:50:38+00:00,/api/v1/doc/document/draft-ietf-ipcdn-qos-mib/,/api/v1/doc/document/draft-ietf-ipcdn-qos-mib/,0,draft-ietf-ipcdn-qos-mib,12,2015-10-14 20:49:54+00:00,,1998-08-14 07:00:00+00:00,1998-08-14 07:00:00+00:00,docevent,2006
/api/v1/doc/document/rfc4359/,4359,rfc4359,The Use of RSA/SHA-1 Signatures within Encapsulating Security Payload (ESP) and Authentication Header (AH),2006-01-26 01:52:11+00:00,/api/v1/doc/document/draft-ietf-msec-ipsec-signatures/,/api/v1/doc/document/draft-bew-ipsec-signatures/,1,draft-bew-ipsec-signatures,01,2010-04-08 07:00:00+00:00,,2002-10-28 08:00:00+00:00,2002-10-28 08:00:00+00:00,docevent,2006
/api/v1/doc/document/rfc4359/,4359,rfc4359,The Use of RSA/SHA-1 Signatures within Encapsulating Security Payload (ESP) and Authentication Header (AH),2006-01-26 01:52:11+00:00,/api/v1/doc/document/draft-ietf-msec-ipsec-signatures/,/api/v1/doc/document/draft-ietf-msec-ipsec-signatures/,0,draft-ietf-msec-ipsec-signatures,06,2013-03-02 16:58:34+00:00,,2003-12-04 08:00:00+00:00,2003-12-04 08:00:00+00:00,docevent,2006
/api/v1/doc/document/rfc4374/,4374,rfc4374,The application/xv+xml Media Type,2006-01-26 01:53:23+00:00,/api/v1/doc/document/draft-mccobb-xv-media-type/,/api/v1/doc/document/draft-mccobb-xplusv-media-type/,1,draft-mccobb-xplusv-media-type,04,2015-10-14 20:51:02+00:00,,2004-04-02 08:00:00+00:00,2004-04-02 08:00:00+00:00,docevent,2006
/api/v1/doc/document/rfc4374/,4374,rfc4374,The application/xv+xml Media Type,2006-01-26 01:53:23+00:00,/api/v1/doc/document/draft-mccobb-xv-media-type/,/api/v1/doc/document/draft-mccobb-xv-media-type/,0,draft-mccobb-xv-media-type,00,2015-10-14 20:51:02+00:00,,2005-08-01 07:00:00+00:00,2005-08-01 07:00:00+00:00,docevent,2006
/api/v1/doc/document/rfc4375/,4375,rfc4375,Emergency Telecommunications Services (ETS) Requirements for a Single Administrative Domain,2006-01-26 01:54:57+00:00,/api/v1/doc/document/draft-ietf-ieprep-domain-req/,/api/v1/doc/document/draft-ietf-ieprep-domain-req/,0,draft-ietf-ieprep-domain-req,06,2015-10-14 20:50:57+00:00,,2004-01-12 08:00:00+00:00,2004-01-12 08:00:00+00:00,docevent,2006
/api/v1/doc/document/rfc4357/,4357,rfc4357,"Additional Cryptographic Algorithms for Use with GOST 28147-89, GOST R 34.10-94, GOST R 34.10-2001, and GOST R 34.11-94 Algorithms",2006-01-30 20:51:53+00:00,/api/v1/doc/document/draft-popov-cryptopro-cpalgs/,/api/v1/doc/document/draft-popov-cryptopro-cpalgs/,0,draft-popov-cryptopro-cpalgs,04,2020-01-21 08:26:51+00:00,,2004-02-11 08:00:00+00:00,2004-02-11 08:00:00+00:00,docevent,2006
/api/v1/doc/document/rfc4369/,4369,rfc4369,Definitions of Managed Objects for Internet Fibre Channel Protocol (iFCP),2006-01-30 20:53:34+00:00,/api/v1/doc/document/draft-ietf-ips-ifcp-mib/,/api/v1/doc/document/draft-ietf-ips-ifcp-mib/,0,draft-ietf-ips-ifcp-mib,07,2015-10-14 20:50:22+00:00,,2001-10-31 08:00:00+00:00,2001-10-31 08:00:00+00:00,docevent,2006
/api/v1/doc/document/rfc4372/,4372,rfc4372,Chargeable User Identity,2006-01-30 20:54:40+00:00,/api/v1/doc/document/draft-ietf-radext-chargeable-user-id/,/api/v1/doc/document/draft-ietf-radext-chargeable-user-id/,0,draft-ietf-radext-chargeable-user-id,06,2013-03-02 16:58:35+00:00,,2004-12-10 08:00:00+00:00,2004-12-10 08:00:00+00:00,docevent,2006
/api/v1/doc/document/rfc4373/,4373,rfc4373,Lightweight Directory Access Protocol (LDAP) Bulk Update/Replication Protocol (LBURP),2006-01-30 20:55:33+00:00,/api/v1/doc/document/draft-rharrison-lburp/,/api/v1/doc/document/draft-rharrison-lburp/,0,draft-rharrison-lburp,05,2018-12-20 08:20:56+00:00,,1999-10-14 07:00:00+00:00,1999-10-14 07:00:00+00:00,docevent,2006
/api/v1/doc/document/rfc4330/,4330,rfc4330,"Simple Network Time Protocol (SNTP) Version 4 for IPv4, IPv6 and OSI",2006-02-01 00:48:24+00:00,/api/v1/doc/document/draft-mills-sntp-v4/,/api/v1/doc/document/draft-mills-sntp-v4/,0,draft-mills-sntp-v4,00,2020-01-21 08:26:47+00:00,,2003-09-17 07:00:00+00:00,2003-09-17 07:00:00+00:00,docevent,2006
/api/v1/doc/document/rfc4335/,4335,rfc4335,The Secure Shell (SSH) Session Channel Break Extension,2006-02-01 00:51:05+00:00,/api/v1/doc/document/draft-ietf-secsh-break/,/api/v1/doc/document/draft-ietf-secsh-break/,0,draft-ietf-secsh-break,04,2015-10-14 20:50:44+00:00,,2003-04-08 07:00:00+00:00,2003-04-08 07:00:00+00:00,docevent,2006
/api/v1/doc/document/rfc4358/,4358,rfc4358,A Uniform Resource Name (URN) Namespace for the Open Mobile Alliance (OMA),2006-02-01 00:54:24+00:00,/api/v1/doc/document/draft-smith-oma-urn/,/api/v1/doc/document/draft-smith-oma-urn/,0,draft-smith-oma-urn,00,2015-10-14 20:51:20+00:00,,2005-08-15 07:00:00+00:00,2005-08-15 07:00:00+00:00,docevent,2006
/api/v1/doc/document/rfc4363/,4363,rfc4363,"Definitions of Managed Objects for Bridges with Traffic Classes, Multicast Filtering, and Virtual LAN Extensions",2006-02-01 00:57:06+00:00,/api/v1/doc/document/draft-ietf-bridge-ext-v2/,/api/v1/doc/document/draft-ietf-bridge-ext-v2/,0,draft-ietf-bridge-ext-v2,07,2020-07-29 07:30:28+00:00,,2002-03-26 08:00:00+00:00,2002-03-26 08:00:00+00:00,docevent,2006
/api/v1/doc/document/rfc4368/,4368,rfc4368,Multiprotocol Label Switching (MPLS) Label-Controlled Asynchronous Transfer Mode (ATM) and Frame-Relay Management Interface Definition,2006-02-01 00:59:14+00:00,/api/v1/doc/document/draft-ietf-mpls-lc-if-mib/,/api/v1/doc/document/draft-ietf-mpls-lc-if-mib/,0,draft-ietf-mpls-lc-if-mib,08,2020-01-21 08:26:54+00:00,,2003-10-28 08:00:00+00:00,2003-10-28 08:00:00+00:00,docevent,2006
/api/v1/doc/document/rfc4166/,4166,rfc4166,Telephony Signalling Transport over Stream Control Transmission Protocol (SCTP) Applicability Statement,2006-02-04 00:18:44+00:00,/api/v1/doc/document/draft-ietf-sigtran-signalling-over-sctp-applic/,/api/v1/doc/document/draft-ietf-sigtran-signalling-over-sctp-applic/,0,draft-ietf-sigtran-signalling-over-sctp-applic,09,2015-10-14 20:50:02+00:00,,2000-07-10 07:00:00+00:00,2000-07-10 07:00:00+00:00,docevent,2006
/api/v1/doc/document/rfc4246/,4246,rfc4246,International Standard Audiovisual Number (ISAN) URN Definition,2006-02-04 00:19:42+00:00,/api/v1/doc/document/draft-dolan-urn-isan/,/api/v1/doc/document/draft-dolan-urn-isan/,0,draft-dolan-urn-isan,01,2015-10-14 20:51:15+00:00,,2005-03-23 08:00:00+00:00,2005-03-23 08:00:00+00:00,docevent,2006
/api/v1/doc/document/rfc4334/,4334,rfc4334,Certificate Extensions and Attributes Supporting Authentication in Point-to-Point Protocol (PPP) and Wireless Local Area Networks (WLAN),2006-02-04 00:21:01+00:00,/api/v1/doc/document/draft-ietf-pkix-rfc3770bis/,/api/v1/doc/document/draft-ietf-pkix-rfc3770bis/,0,draft-ietf-pkix-rfc3770bis,03,2020-01-21 08:26:47+00:00,,2005-01-25 08:00:00+00:00,2005-01-25 08:00:00+00:00,docevent,2006
/api/v1/doc/document/rfc4350/,4350,rfc4350,A Uniform Resource Name (URN) Formal Namespace for the New Zealand Government,2006-02-04 00:21:53+00:00,/api/v1/doc/document/draft-hendrikx-wallis-urn-nzl/,/api/v1/doc/document/draft-hendrikx-wallis-urn-nzl/,0,draft-hendrikx-wallis-urn-nzl,00,2015-10-14 20:51:14+00:00,,2005-02-11 08:00:00+00:00,2005-02-11 08:00:00+00:00,docevent,2006
/api/v1/doc/document/rfc4360/,4360,rfc4360,BGP Extended Communities Attribute,2006-02-04 00:24:31+00:00,/api/v1/doc/document/draft-ietf-idr-bgp-ext-communities/,/api/v1/doc/document/draft-ietf-idr-bgp-ext-communities/,0,draft-ietf-idr-bgp-ext-communities,09,2020-01-21 08:26:51+00:00,,2001-07-10 07:00:00+00:00,2001-07-10 07:00:00+00:00,docevent,2006
/api/v1/doc/document/rfc4364/,4364,rfc4364,BGP/MPLS IP Virtual Private Networks (VPNs),2006-02-04 00:26:01+00:00,/api/v1/doc/document/draft-ietf-l3vpn-rfc2547bis/,/api/v1/doc/document/draft-ietf-l3vpn-rfc2547bis/,0,draft-ietf-l3vpn-rfc2547bis,03,2020-01-21 08:26:52+00:00,,2002-04-27 21:32:13+00:00,2002-04-27 21:32:13+00:00,docevent,2006
/api/v1/doc/document/rfc4365/,4365,rfc4365,Applicability Statement for BGP/MPLS IP Virtual Private Networks (VPNs),2006-02-04 00:27:10+00:00,/api/v1/doc/document/draft-ietf-l3vpn-as2547/,/api/v1/doc/document/draft-ietf-l3vpn-as2547/,0,draft-ietf-l3vpn-as2547,07,2020-01-21 08:26:52+00:00,,2002-06-24 20:16:29+00:00,2002-06-24 20:16:29+00:00,docevent,2006
/api/v1/doc/document/rfc4377/,4377,rfc4377,Operations and Management (OAM) Requirements for Multi-Protocol Label Switched (MPLS) Networks,2006-02-04 00:28:34+00:00,/api/v1/doc/document/draft-ietf-mpls-oam-requirements/,/api/v1/doc/document/draft-ietf-mpls-oam-requirements/,0,draft-ietf-mpls-oam-requirements,07,2020-01-21 08:26:54+00:00,,2003-04-18 07:00:00+00:00,2003-04-18 07:00:00+00:00,docevent,2006
/api/v1/doc/document/rfc4378/,4378,rfc4378,A Framework for Multi-Protocol Label Switching (MPLS) Operations and Management (OAM),2006-02-04 00:29:43+00:00,/api/v1/doc/document/draft-ietf-mpls-oam-frmwk/,/api/v1/doc/document/draft-allan-mpls-oam-frmwk/,1,draft-allan-mpls-oam-frmwk,05,2010-01-05 08:00:00+00:00,,2001-07-16 07:00:00+00:00,2001-07-16 07:00:00+00:00,docevent,2006
/api/v1/doc/document/rfc4378/,4378,rfc4378,A Framework for Multi-Protocol Label Switching (MPLS) Operations and Management (OAM),2006-02-04 00:29:43+00:00,/api/v1/doc/document/draft-ietf-mpls-oam-frmwk/,/api/v1/doc/document/draft-ietf-mpls-oam-frmwk/,0,draft-ietf-mpls-oam-frmwk,05,2015-10-14 20:50:17+00:00,,2004-11-18 08:00:00+00:00,2004-11-18 08:00:00+00:00,docevent,2006
/api/v1/doc/document/rfc4379/,4379,rfc4379,Detecting Multi-Protocol Label Switched (MPLS) Data Plane Failures,2006-02-04 00:31:58+00:00,/api/v1/doc/document/draft-ietf-mpls-lsp-ping/,/api/v1/doc/document/draft-ietf-mpls-lsp-ping/,0,draft-ietf-mpls-lsp-ping,13,2020-01-21 08:26:55+00:00,,2002-03-27 08:00:00+00:00,2002-03-27 08:00:00+00:00,docevent,2006
/api/v1/doc/document/rfc4380/,4380,rfc4380,Teredo: Tunneling IPv6 over UDP through Network Address Translations (NATs),2006-02-04 00:36:34+00:00,/api/v1/doc/document/draft-huitema-v6ops-teredo/,/api/v1/doc/document/draft-huitema-v6ops-teredo/,0,draft-huitema-v6ops-teredo,05,2013-03-02 16:58:35+00:00,,2003-06-06 07:00:00+00:00,2003-06-06 07:00:00+00:00,docevent,2006
/api/v1/doc/document/rfc4381/,4381,rfc4381,Analysis of the Security of BGP/MPLS IP Virtual Private Networks (VPNs),2006-02-04 00:37:37+00:00,/api/v1/doc/document/draft-behringer-mpls-security/,/api/v1/doc/document/draft-behringer-mpls-security/,0,draft-behringer-mpls-security,10,2018-12-20 08:20:56+00:00,,2001-02-26 08:00:00+00:00,2001-02-26 08:00:00+00:00,docevent,2006
/api/v1/doc/document/rfc4384/,4384,rfc4384,BGP Communities for Data Collection,2006-02-04 00:47:33+00:00,/api/v1/doc/document/draft-ietf-grow-collection-communities/,/api/v1/doc/document/draft-ietf-grow-collection-communities/,0,draft-ietf-grow-collection-communities,08,2023-02-07 08:15:21+00:00,,2003-12-03 08:00:00+00:00,2003-12-03 08:00:00+00:00,docevent,2006
/api/v1/doc/document/rfc4386/,4386,rfc4386,Internet X.509 Public Key Infrastructure Repository Locator Service,2006-02-04 00:48:38+00:00,/api/v1/doc/document/draft-ietf-pkix-pkixrep/,/api/v1/doc/document/draft-ietf-pkix-pkixrep/,0,draft-ietf-pkix-pkixrep,04,2015-10-14 20:50:04+00:00,,2000-07-21 07:00:00+00:00,2000-07-21 07:00:00+00:00,docevent,2006
/api/v1/doc/document/rfc4387/,4387,rfc4387,Internet X.509 Public Key Infrastructure Operational Protocols: Certificate Store Access via HTTP,2006-02-08 01:25:38+00:00,/api/v1/doc/document/draft-ietf-pkix-certstore-http/,/api/v1/doc/document/draft-ietf-pkix-certstore-http/,0,draft-ietf-pkix-certstore-http,09,2015-10-14 20:50:22+00:00,,2001-11-16 08:00:00+00:00,2001-11-16 08:00:00+00:00,docevent,2006
/api/v1/doc/document/rfc4367/,4367,rfc4367,What's in a Name: False Assumptions about DNS Names,2006-02-08 01:26:47+00:00,/api/v1/doc/document/draft-iab-dns-assumptions/,/api/v1/doc/document/draft-iab-dns-assumptions/,0,draft-iab-dns-assumptions,03,2020-01-21 08:26:53+00:00,,2004-11-30 08:00:00+00:00,2004-11-30 08:00:00+00:00,docevent,2006
/api/v1/doc/document/rfc4353/,4353,rfc4353,A Framework for Conferencing with the Session Initiation Protocol (SIP),2006-02-10 22:59:23+00:00,/api/v1/doc/document/draft-ietf-sipping-conferencing-framework/,/api/v1/doc/document/draft-ietf-sipping-conferencing-framework/,0,draft-ietf-sipping-conferencing-framework,05,2015-10-14 20:50:45+00:00,,2003-05-01 07:00:00+00:00,2003-05-01 07:00:00+00:00,docevent,2006
/api/v1/doc/document/rfc4361/,4361,rfc4361,Node-specific Client Identifiers for Dynamic Host Configuration Protocol Version Four (DHCPv4),2006-02-10 23:01:50+00:00,/api/v1/doc/document/draft-ietf-dhc-3315id-for-v4/,/api/v1/doc/document/draft-ietf-dhc-3315id-for-v4/,0,draft-ietf-dhc-3315id-for-v4,05,2020-01-21 08:26:51+00:00,,2003-10-23 07:00:00+00:00,2003-10-23 07:00:00+00:00,docevent,2006
/api/v1/doc/document/rfc4370/,4370,rfc4370,Lightweight Directory Access Protocol (LDAP) Proxied Authorization Control,2006-02-10 23:02:51+00:00,/api/v1/doc/document/draft-weltman-ldapv3-proxy/,/api/v1/doc/document/draft-weltman-ldapv3-proxy/,0,draft-weltman-ldapv3-proxy,13,2015-10-14 20:49:52+00:00,,1998-04-27 07:00:00+00:00,1998-04-27 07:00:00+00:00,docevent,2006
/api/v1/doc/document/rfc4382/,4382,rfc4382,MPLS/BGP Layer 3 Virtual Private Network (VPN) Management Information Base,2006-02-10 23:04:01+00:00,/api/v1/doc/document/draft-ietf-l3vpn-mpls-vpn-mib/,/api/v1/doc/document/draft-ietf-l3vpn-mpls-vpn-mib/,0,draft-ietf-l3vpn-mpls-vpn-mib,07,2020-01-21 08:26:55+00:00,,2002-04-27 21:28:14+00:00,2002-04-27 21:28:14+00:00,docevent,2006
/api/v1/doc/document/rfc4376/,4376,rfc4376,Requirements for Floor Control Protocols,2006-02-14 02:04:58+00:00,/api/v1/doc/document/draft-ietf-xcon-floor-control-req/,/api/v1/doc/document/draft-ietf-xcon-floor-control-req/,0,draft-ietf-xcon-floor-control-req,03,2015-10-14 20:50:57+00:00,,2004-01-12 08:00:00+00:00,2004-01-12 08:00:00+00:00,docevent,2006
/api/v1/doc/document/rfc4383/,4383,rfc4383,The Use of Timed Efficient Stream Loss-Tolerant Authentication (TESLA) in the Secure Real-time Transport Protocol (SRTP),2006-02-14 02:05:55+00:00,/api/v1/doc/document/draft-ietf-msec-srtp-tesla/,/api/v1/doc/document/draft-ietf-msec-srtp-tesla/,0,draft-ietf-msec-srtp-tesla,05,2013-03-02 16:58:36+00:00,,2004-02-11 08:00:00+00:00,2004-02-11 08:00:00+00:00,docevent,2006
/api/v1/doc/document/rfc4394/,4394,rfc4394,A Transport Network View of the Link Management Protocol (LMP),2006-02-14 02:06:39+00:00,/api/v1/doc/document/draft-ietf-ccamp-transport-lmp/,/api/v1/doc/document/draft-aboulmagd-ccamp-transport-lmp/,1,draft-aboulmagd-ccamp-transport-lmp,02,2010-01-11 08:00:00+00:00,,2003-02-26 08:00:00+00:00,2003-02-26 08:00:00+00:00,docevent,2006
/api/v1/doc/document/rfc4394/,4394,rfc4394,A Transport Network View of the Link Management Protocol (LMP),2006-02-14 02:06:39+00:00,/api/v1/doc/document/draft-ietf-ccamp-transport-lmp/,/api/v1/doc/document/draft-ietf-ccamp-transport-lmp/,0,draft-ietf-ccamp-transport-lmp,02,2013-03-02 16:58:36+00:00,,2004-09-17 07:00:00+00:00,2004-09-17 07:00:00+00:00,docevent,2006
/api/v1/doc/document/rfc4395/,4395,rfc4395,Guidelines and Registration Procedures for New URI Schemes,2006-02-14 02:08:17+00:00,/api/v1/doc/document/draft-hansen-2717bis-2718bis-uri-guidelines/,/api/v1/doc/document/draft-hansen-2717bis-2718bis-uri-guidelines/,0,draft-hansen-2717bis-2718bis-uri-guidelines,07,2020-01-21 08:26:57+00:00,,2004-10-18 07:00:00+00:00,2004-10-18 07:00:00+00:00,docevent,2006
/api/v1/doc/document/rfc4397/,4397,rfc4397,A Lexicography for the Interpretation of Generalized Multiprotocol Label Switching (GMPLS) Terminology within the Context of the ITU-T's Automatically Switched Optical Network (ASON) Architecture,2006-02-14 02:10:08+00:00,/api/v1/doc/document/draft-ietf-ccamp-gmpls-ason-lexicography/,/api/v1/doc/document/draft-ietf-ccamp-gmpls-ason-lexicography/,0,draft-ietf-ccamp-gmpls-ason-lexicography,06,2020-01-21 08:26:58+00:00,,2005-03-18 08:00:00+00:00,2005-03-18 08:00:00+00:00,docevent,2006
/api/v1/doc/document/rfc4401/,4401,rfc4401,A Pseudo-Random Function (PRF) API Extension for the Generic Security Service Application Program Interface (GSS-API),2006-02-14 02:10:57+00:00,/api/v1/doc/document/draft-ietf-kitten-gssapi-prf/,/api/v1/doc/document/draft-ietf-kitten-gssapi-prf/,0,draft-ietf-kitten-gssapi-prf,07,2015-10-14 20:51:11+00:00,,2004-12-03 08:00:00+00:00,2004-12-03 08:00:00+00:00,docevent,2006
/api/v1/doc/document/rfc4402/,4402,rfc4402,A Pseudo-Random Function (PRF) for the Kerberos V Generic Security Service Application Program Interface (GSS-API) Mechanism,2006-02-14 02:11:55+00:00,/api/v1/doc/document/draft-ietf-kitten-krb5-gssapi-prf/,/api/v1/doc/document/draft-ietf-kitten-krb5-gssapi-prf/,0,draft-ietf-kitten-krb5-gssapi-prf,04,2016-03-05 08:11:46+00:00,,2004-12-03 08:00:00+00:00,2004-12-03 08:00:00+00:00,docevent,2006
/api/v1/doc/document/rfc4291/,4291,rfc4291,IP Version 6 Addressing Architecture,2006-02-17 19:24:52+00:00,/api/v1/doc/document/draft-ietf-ipv6-addr-arch-v4/,/api/v1/doc/document/draft-ietf-ipv6-addr-arch-v4/,0,draft-ietf-ipv6-addr-arch-v4,04,2020-01-21 08:26:39+00:00,,2003-10-10 07:00:00+00:00,2003-10-10 07:00:00+00:00,docevent,2006
/api/v1/doc/document/rfc4349/,4349,rfc4349,"High-Level Data Link Control (HDLC) Frames over Layer 2 Tunneling Protocol, Version 3 (L2TPv3)",2006-02-17 19:33:02+00:00,/api/v1/doc/document/draft-ietf-l2tpext-pwe3-hdlc/,/api/v1/doc/document/draft-ietf-l2tpext-pwe3-hdlc/,0,draft-ietf-l2tpext-pwe3-hdlc,07,2015-10-14 20:50:33+00:00,,2002-06-26 07:00:00+00:00,2002-06-26 07:00:00+00:00,docevent,2006
/api/v1/doc/document/rfc4385/,4385,rfc4385,Pseudowire Emulation Edge-to-Edge (PWE3) Control Word for Use over an MPLS PSN,2006-02-17 19:34:56+00:00,/api/v1/doc/document/draft-ietf-pwe3-cw/,/api/v1/doc/document/draft-ietf-pwe3-cw/,0,draft-ietf-pwe3-cw,06,2020-01-21 08:26:56+00:00,,2004-10-19 07:00:00+00:00,2004-10-19 07:00:00+00:00,docevent,2006
/api/v1/doc/document/rfc4396/,4396,rfc4396,RTP Payload Format for 3rd Generation Partnership Project (3GPP) Timed Text,2006-02-17 19:36:11+00:00,/api/v1/doc/document/draft-ietf-avt-rtp-3gpp-timed-text/,/api/v1/doc/document/draft-rey-avt-3gpp-timed-text/,1,draft-rey-avt-3gpp-timed-text,02,2009-02-24 08:00:00+00:00,,2003-06-20 07:00:00+00:00,2003-06-20 07:00:00+00:00,docevent,2006
/api/v1/doc/document/rfc4396/,4396,rfc4396,RTP Payload Format for 3rd Generation Partnership Project (3GPP) Timed Text,2006-02-17 19:36:11+00:00,/api/v1/doc/document/draft-ietf-avt-rtp-3gpp-timed-text/,/api/v1/doc/document/draft-ietf-avt-rtp-3gpp-timed-text/,0,draft-ietf-avt-rtp-3gpp-timed-text,15,2020-01-21 08:26:58+00:00,,2004-04-05 07:00:00+00:00,2004-04-05 07:00:00+00:00,docevent,2006
/api/v1/doc/document/rfc4412/,4412,rfc4412,Communications Resource Priority for the Session Initiation Protocol (SIP),2006-02-27 20:50:46+00:00,/api/v1/doc/document/draft-ietf-sip-resource-priority/,/api/v1/doc/document/draft-ietf-sip-resource-priority/,0,draft-ietf-sip-resource-priority,10,2015-10-14 20:50:48+00:00,,2003-06-24 07:00:00+00:00,2003-06-24 07:00:00+00:00,docevent,2006
/api/v1/doc/document/rfc4417/,4417,rfc4417,Report of the 2004 IAB Messaging Workshop,2006-02-27 20:55:39+00:00,/api/v1/doc/document/draft-iab-messaging-report/,/api/v1/doc/document/draft-iab-messaging-report/,0,draft-iab-messaging-report,01,2015-10-14 20:51:20+00:00,,2005-08-15 07:00:00+00:00,2005-08-15 07:00:00+00:00,docevent,2006
/api/v1/doc/document/rfc4420/,4420,rfc4420,Encoding of Attributes for Multiprotocol Label Switching (MPLS) Label Switched Path (LSP) Establishment Using Resource ReserVation Protocol-Traffic Engineering (RSVP-TE),2006-02-27 20:56:32+00:00,/api/v1/doc/document/draft-ietf-mpls-rsvpte-attributes/,/api/v1/doc/document/draft-ietf-mpls-rsvpte-attributes/,0,draft-ietf-mpls-rsvpte-attributes,05,2018-12-20 08:20:59+00:00,,2003-12-03 08:00:00+00:00,2003-12-03 08:00:00+00:00,docevent,2006
/api/v1/doc/document/rfc4421/,4421,rfc4421,RTP Payload Format for Uncompressed Video: Additional Colour Sampling Modes,2006-02-27 20:57:04+00:00,/api/v1/doc/document/draft-ietf-avt-uncomp-video-ext/,/api/v1/doc/document/draft-perkins-avt-uncomp-video-ext/,1,draft-perkins-avt-uncomp-video-ext,00,2009-02-24 08:00:00+00:00,,2005-07-20 07:00:00+00:00,2005-07-20 07:00:00+00:00,docevent,2006
/api/v1/doc/document/rfc4421/,4421,rfc4421,RTP Payload Format for Uncompressed Video: Additional Colour Sampling Modes,2006-02-27 20:57:04+00:00,/api/v1/doc/document/draft-ietf-avt-uncomp-video-ext/,/api/v1/doc/document/draft-ietf-avt-uncomp-video-ext/,0,draft-ietf-avt-uncomp-video-ext,01,2015-10-14 20:51:19+00:00,,2005-09-06 07:00:00+00:00,2005-09-06 07:00:00+00:00,docevent,2006
/api/v1/doc/document/rfc4425/,4425,rfc4425,RTP Payload Format for Video Codec 1 (VC-1),2006-02-27 20:57:35+00:00,/api/v1/doc/document/draft-ietf-avt-rtp-vc1/,/api/v1/doc/document/draft-klemets-avt-rtp-vc1/,1,draft-klemets-avt-rtp-vc1,00,2009-02-24 08:00:00+00:00,,2005-07-06 07:00:00+00:00,2005-07-06 07:00:00+00:00,docevent,2006
/api/v1/doc/document/rfc4425/,4425,rfc4425,RTP Payload Format for Video Codec 1 (VC-1),2006-02-27 20:57:35+00:00,/api/v1/doc/document/draft-ietf-avt-rtp-vc1/,/api/v1/doc/document/draft-ietf-avt-rtp-vc1/,0,draft-ietf-avt-rtp-vc1,06,2013-03-02 16:58:38+00:00,,2005-08-25 07:00:00+00:00,2005-08-25 07:00:00+00:00,docevent,2006
/api/v1/doc/document/rfc4431/,4431,rfc4431,The DNSSEC Lookaside Validation (DLV) DNS Resource Record,2006-02-27 20:58:05+00:00,/api/v1/doc/document/draft-andrews-dlv-dns-rr/,/api/v1/doc/document/draft-andrews-dlv-dns-rr/,0,draft-andrews-dlv-dns-rr,01,2020-03-26 07:29:03+00:00,,2005-07-08 07:00:00+00:00,2005-07-08 07:00:00+00:00,docevent,2006
/api/v1/doc/document/rfc4434/,4434,rfc4434,The AES-XCBC-PRF-128 Algorithm for the Internet Key Exchange Protocol (IKE),2006-02-27 20:58:43+00:00,/api/v1/doc/document/draft-hoffman-rfc3664bis/,/api/v1/doc/document/draft-hoffman-rfc3664bis/,0,draft-hoffman-rfc3664bis,05,2015-10-14 20:51:15+00:00,,2005-03-30 08:00:00+00:00,2005-03-30 08:00:00+00:00,docevent,2006
/api/v1/doc/document/rfc4331/,4331,rfc4331,Quota and Size Properties for Distributed Authoring and Versioning (DAV) Collections,2006-02-27 20:59:27+00:00,/api/v1/doc/document/draft-ietf-webdav-quota/,/api/v1/doc/document/draft-ietf-webdav-quota/,0,draft-ietf-webdav-quota,07,2015-10-14 20:50:37+00:00,,2002-10-21 07:00:00+00:00,2002-10-21 07:00:00+00:00,docevent,2006
/api/v1/doc/document/rfc4388/,4388,rfc4388,Dynamic Host Configuration Protocol (DHCP) Leasequery,2006-02-27 21:00:12+00:00,/api/v1/doc/document/draft-ietf-dhc-leasequery/,/api/v1/doc/document/draft-ietf-dhc-leasequery/,0,draft-ietf-dhc-leasequery,09,2020-01-21 08:26:57+00:00,,2000-11-21 08:00:00+00:00,2000-11-21 08:00:00+00:00,docevent,2006
/api/v1/doc/document/rfc4415/,4415,rfc4415,IANA Registration for Enumservice Voice,2006-02-27 21:00:46+00:00,/api/v1/doc/document/draft-ietf-enum-voice/,/api/v1/doc/document/draft-brandner-enum-voice/,1,draft-brandner-enum-voice,00,2010-04-09 07:00:00+00:00,,2005-07-07 07:00:00+00:00,2005-07-07 07:00:00+00:00,docevent,2006
/api/v1/doc/document/rfc4415/,4415,rfc4415,IANA Registration for Enumservice Voice,2006-02-27 21:00:46+00:00,/api/v1/doc/document/draft-ietf-enum-voice/,/api/v1/doc/document/draft-ietf-enum-voice/,0,draft-ietf-enum-voice,01,2015-10-14 20:51:18+00:00,,2005-09-12 07:00:00+00:00,2005-09-12 07:00:00+00:00,docevent,2006
/api/v1/doc/document/rfc4339/,4339,rfc4339,IPv6 Host Configuration of DNS Server Information Approaches,2006-02-27 21:00:59+00:00,/api/v1/doc/document/draft-ietf-dnsop-ipv6-dns-configuration/,/api/v1/doc/document/draft-ietf-dnsop-ipv6-dns-configuration/,0,draft-ietf-dnsop-ipv6-dns-configuration,06,2013-03-02 16:58:33+00:00,,2004-06-02 07:00:00+00:00,2004-06-02 07:00:00+00:00,docevent,2006
/api/v1/doc/document/rfc4404/,4404,rfc4404,Definitions of Managed Objects for Fibre Channel Over TCP/IP (FCIP),2006-02-27 21:01:35+00:00,/api/v1/doc/document/draft-ietf-ips-fcip-mib/,/api/v1/doc/document/draft-ietf-ips-fcip-mib/,0,draft-ietf-ips-fcip-mib,09,2020-01-21 08:26:59+00:00,,2001-07-17 07:00:00+00:00,2001-07-17 07:00:00+00:00,docevent,2006
/api/v1/doc/document/rfc4411/,4411,rfc4411,Extending the Session Initiation Protocol (SIP) Reason Header for Preemption Events,2006-02-27 21:02:06+00:00,/api/v1/doc/document/draft-ietf-sipping-reason-header-for-preemption/,/api/v1/doc/document/draft-ietf-sipping-reason-header-for-preemption/,0,draft-ietf-sipping-reason-header-for-preemption,04,2015-10-14 20:50:57+00:00,,2004-01-13 08:00:00+00:00,2004-01-13 08:00:00+00:00,docevent,2006
/api/v1/doc/document/rfc4410/,4410,rfc4410,Selectively Reliable Multicast Protocol (SRMP),2006-03-01 01:52:05+00:00,/api/v1/doc/document/draft-pullen-srmp/,/api/v1/doc/document/draft-pullen-srmp/,0,draft-pullen-srmp,06,2013-03-02 16:58:37+00:00,,2002-10-29 08:00:00+00:00,2002-10-29 08:00:00+00:00,docevent,2006
/api/v1/doc/document/rfc4414/,4414,rfc4414,An ENUM Registry Type for the Internet Registry Information Service (IRIS),2006-03-01 01:52:33+00:00,/api/v1/doc/document/draft-ietf-enum-iris-ereg/,/api/v1/doc/document/draft-newton-iris-ereg/,1,draft-newton-iris-ereg,02,2010-04-26 07:00:00+00:00,,2003-06-24 07:00:00+00:00,2003-06-24 07:00:00+00:00,docevent,2006
/api/v1/doc/document/rfc4414/,4414,rfc4414,An ENUM Registry Type for the Internet Registry Information Service (IRIS),2006-03-01 01:52:33+00:00,/api/v1/doc/document/draft-ietf-enum-iris-ereg/,/api/v1/doc/document/draft-ietf-enum-iris-ereg/,0,draft-ietf-enum-iris-ereg,02,2015-10-14 20:50:48+00:00,,2005-02-01 08:00:00+00:00,2005-02-01 08:00:00+00:00,docevent,2006
/api/v1/doc/document/rfc4416/,4416,rfc4416,Goals for Internet Messaging to Support Diverse Service Environments,2006-03-01 01:52:49+00:00,/api/v1/doc/document/draft-ietf-lemonade-goals/,/api/v1/doc/document/draft-ietf-lemonade-goals/,0,draft-ietf-lemonade-goals,05,2018-12-20 08:20:58+00:00,,2003-06-24 07:00:00+00:00,2003-06-24 07:00:00+00:00,docevent,2006
/api/v1/doc/document/rfc4424/,4424,rfc4424,Real-Time Transport Protocol (RTP) Payload Format for the Variable-Rate Multimode Wideband (VMR-WB) Extension Audio Codec,2006-03-01 01:53:06+00:00,/api/v1/doc/document/draft-ietf-avt-rtp-vmr-wb-extension/,/api/v1/doc/document/draft-ahmadi-avt-rtp-vmr-wb-extension/,1,draft-ahmadi-avt-rtp-vmr-wb-extension,00,2015-10-14 20:51:17+00:00,,2005-05-26 07:00:00+00:00,2005-05-26 07:00:00+00:00,docevent,2006
/api/v1/doc/document/rfc4424/,4424,rfc4424,Real-Time Transport Protocol (RTP) Payload Format for the Variable-Rate Multimode Wideband (VMR-WB) Extension Audio Codec,2006-03-01 01:53:06+00:00,/api/v1/doc/document/draft-ietf-avt-rtp-vmr-wb-extension/,/api/v1/doc/document/draft-ietf-avt-rtp-vmr-wb-extension/,0,draft-ietf-avt-rtp-vmr-wb-extension,02,2018-12-20 08:20:59+00:00,,2005-06-08 07:00:00+00:00,2005-06-08 07:00:00+00:00,docevent,2006
/api/v1/doc/document/rfc4403/,4403,rfc4403,"Lightweight Directory Access Protocol (LDAP) Schema for Universal Description, Discovery, and Integration version 3 (UDDIv3)",2006-03-01 01:53:22+00:00,/api/v1/doc/document/draft-bergeson-uddi-ldap-schema/,/api/v1/doc/document/draft-bergeson-uddi-ldap-schema/,0,draft-bergeson-uddi-ldap-schema,06,2013-03-02 16:58:37+00:00,,2002-02-27 08:00:00+00:00,2002-02-27 08:00:00+00:00,docevent,2006
/api/v1/doc/document/rfc4418/,4418,rfc4418,UMAC: Message Authentication Code using Universal Hashing,2006-03-08 23:32:59+00:00,/api/v1/doc/document/draft-krovetz-umac/,/api/v1/doc/document/draft-krovetz-umac/,0,draft-krovetz-umac,07,2020-01-21 08:27:00+00:00,,2000-10-18 07:00:00+00:00,2000-10-18 07:00:00+00:00,docevent,2006
/api/v1/doc/document/rfc4437/,4437,rfc4437,Web Distributed Authoring and Versioning (WebDAV) Redirect Reference Resources,2006-03-08 23:36:07+00:00,/api/v1/doc/document/draft-ietf-webdav-redirectref-protocol/,/api/v1/doc/document/draft-ietf-webdav-redirectref-protocol/,0,draft-ietf-webdav-redirectref-protocol,13,2015-10-14 20:49:57+00:00,,1999-08-23 07:00:00+00:00,1999-08-23 07:00:00+00:00,docevent,2006
/api/v1/doc/document/rfc4413/,4413,rfc4413,TCP/IP Field Behavior,2006-03-10 23:53:33+00:00,/api/v1/doc/document/draft-ietf-rohc-tcp-field-behavior/,/api/v1/doc/document/draft-ietf-rohc-tcp-field-behavior/,0,draft-ietf-rohc-tcp-field-behavior,04,2020-07-29 07:30:30+00:00,,2002-03-25 08:00:00+00:00,2002-03-25 08:00:00+00:00,docevent,2006
/api/v1/doc/document/rfc4451/,4451,rfc4451,BGP MULTI_EXIT_DISC (MED) Considerations,2006-03-10 23:54:13+00:00,/api/v1/doc/document/draft-ietf-grow-bgp-med-considerations/,/api/v1/doc/document/draft-ietf-grow-bgp-med-considerations/,0,draft-ietf-grow-bgp-med-considerations,05,2018-12-20 08:21:00+00:00,,2003-12-03 08:00:00+00:00,2003-12-03 08:00:00+00:00,docevent,2006
/api/v1/doc/document/rfc4432/,4432,rfc4432,RSA Key Exchange for the Secure Shell (SSH) Transport Layer Protocol,2006-03-10 23:54:42+00:00,/api/v1/doc/document/draft-harris-ssh-rsa-kex/,/api/v1/doc/document/draft-harris-ssh-rsa-kex/,0,draft-harris-ssh-rsa-kex,06,2015-10-14 20:51:12+00:00,,2005-01-06 08:00:00+00:00,2005-01-06 08:00:00+00:00,docevent,2006
/api/v1/doc/document/rfc4433/,4433,rfc4433,Mobile IPv4 Dynamic Home Agent (HA) Assignment,2006-03-13 20:10:28+00:00,/api/v1/doc/document/draft-ietf-mip4-dynamic-assignment/,/api/v1/doc/document/draft-ietf-mip4-dynamic-assignment/,0,draft-ietf-mip4-dynamic-assignment,07,2020-01-21 08:27:01+00:00,,2004-01-13 08:00:00+00:00,2004-01-13 08:00:00+00:00,docevent,2006
/api/v1/doc/document/rfc4337/,4337,rfc4337,MIME Type Registration for MPEG-4,2006-03-16 23:12:44+00:00,/api/v1/doc/document/draft-lim-mpeg4-mime/,/api/v1/doc/document/draft-lim-mpeg4-mime/,0,draft-lim-mpeg4-mime,03,2015-10-14 20:50:33+00:00,,2002-06-27 07:00:00+00:00,2002-06-27 07:00:00+00:00,docevent,2006
/api/v1/doc/document/rfc4419/,4419,rfc4419,Diffie-Hellman Group Exchange for the Secure Shell (SSH) Transport Layer Protocol,2006-03-16 23:12:56+00:00,/api/v1/doc/document/draft-ietf-secsh-dh-group-exchange/,/api/v1/doc/document/draft-ietf-secsh-dh-group-exchange/,0,draft-ietf-secsh-dh-group-exchange,05,2023-07-29 07:15:35+00:00,,2001-01-30 08:00:00+00:00,2001-01-30 08:00:00+00:00,docevent,2006
/api/v1/doc/document/rfc4436/,4436,rfc4436,Detecting Network Attachment in IPv4 (DNAv4),2006-03-17 23:27:11+00:00,/api/v1/doc/document/draft-ietf-dhc-dna-ipv4/,/api/v1/doc/document/draft-ietf-dhc-dna-ipv4/,0,draft-ietf-dhc-dna-ipv4,18,2020-01-21 08:27:02+00:00,,2003-08-14 07:00:00+00:00,2003-08-14 07:00:00+00:00,docevent,2006
/api/v1/doc/document/rfc4393/,4393,rfc4393,MIME Type Registrations for 3GPP2 Multimedia Files,2006-03-17 23:27:56+00:00,/api/v1/doc/document/draft-garudadri-avt-3gpp2-mime/,/api/v1/doc/document/draft-garudadri-avt-3gpp2-mime/,0,draft-garudadri-avt-3gpp2-mime,02,2015-10-14 20:51:05+00:00,,2004-07-16 07:00:00+00:00,2004-07-16 07:00:00+00:00,docevent,2006
/api/v1/doc/document/rfc4442/,4442,rfc4442,Bootstrapping Timed Efficient Stream Loss-Tolerant Authentication (TESLA),2006-03-17 23:28:53+00:00,/api/v1/doc/document/draft-ietf-msec-bootstrapping-tesla/,/api/v1/doc/document/draft-fries-msec-bootstrapping-tesla/,1,draft-fries-msec-bootstrapping-tesla,00,2010-04-08 07:00:00+00:00,,2004-10-19 07:00:00+00:00,2004-10-19 07:00:00+00:00,docevent,2006
/api/v1/doc/document/rfc4442/,4442,rfc4442,Bootstrapping Timed Efficient Stream Loss-Tolerant Authentication (TESLA),2006-03-17 23:28:53+00:00,/api/v1/doc/document/draft-ietf-msec-bootstrapping-tesla/,/api/v1/doc/document/draft-ietf-msec-bootstrapping-tesla/,0,draft-ietf-msec-bootstrapping-tesla,03,2018-12-20 08:21:00+00:00,,2005-01-18 08:00:00+00:00,2005-01-18 08:00:00+00:00,docevent,2006
/api/v1/doc/document/rfc4443/,4443,rfc4443,Internet Control Message Protocol (ICMPv6) for the Internet Protocol Version 6 (IPv6) Specification,2006-03-29 23:17:19+00:00,/api/v1/doc/document/draft-ietf-ipngwg-icmp-v3/,/api/v1/doc/document/draft-ietf-ipngwg-icmp-v3/,0,draft-ietf-ipngwg-icmp-v3,07,2017-07-14 07:15:29+00:00,,1999-06-29 07:00:00+00:00,1999-06-29 07:00:00+00:00,docevent,2006
/api/v1/doc/document/rfc4441/,4441,rfc4441,The IEEE 802/IETF Relationship,2006-03-29 23:17:43+00:00,/api/v1/doc/document/draft-iab-ieee-802-rel/,/api/v1/doc/document/draft-iab-ieee-802-rel/,0,draft-iab-ieee-802-rel,05,2015-10-14 20:51:18+00:00,,2005-07-05 07:00:00+00:00,2005-07-05 07:00:00+00:00,docevent,2006
/api/v1/doc/document/rfc4430/,4430,rfc4430,Kerberized Internet Negotiation of Keys (KINK),2006-03-29 23:18:31+00:00,/api/v1/doc/document/draft-ietf-kink-kink/,/api/v1/doc/document/draft-ietf-kink-kink/,0,draft-ietf-kink-kink,11,2015-10-14 20:50:06+00:00,,2000-10-05 07:00:00+00:00,2000-10-05 07:00:00+00:00,docevent,2006
/api/v1/doc/document/rfc4440/,4440,rfc4440,IAB Thoughts on the Role of the Internet Research Task Force (IRTF),2006-03-29 23:18:51+00:00,/api/v1/doc/document/draft-iab-irtf/,/api/v1/doc/document/draft-iab-irtf/,0,draft-iab-irtf,02,2015-10-14 20:51:12+00:00,,2005-01-28 08:00:00+00:00,2005-01-28 08:00:00+00:00,docevent,2006
/api/v1/doc/document/rfc4450/,4450,rfc4450,Getting Rid of the Cruft: Report from an Experiment in Identifying and Reclassifying Obsolete Standards Documents,2006-03-29 23:19:14+00:00,/api/v1/doc/document/draft-ietf-newtrk-decruft-experiment/,/api/v1/doc/document/draft-ietf-newtrk-decruft-experiment/,0,draft-ietf-newtrk-decruft-experiment,03,2020-01-21 08:27:03+00:00,,2005-09-13 07:00:00+00:00,2005-09-13 07:00:00+00:00,docevent,2006
/api/v1/doc/document/rfc4439/,4439,rfc4439,Fibre Channel Fabric Address Manager MIB,2006-04-01 00:21:18+00:00,/api/v1/doc/document/draft-ietf-imss-fc-fam-mib/,/api/v1/doc/document/draft-desanti-fc-domain-manager/,1,draft-desanti-fc-domain-manager,02,2008-04-01 07:00:00+00:00,,2004-01-29 08:00:00+00:00,2004-01-29 08:00:00+00:00,docevent,2006
/api/v1/doc/document/rfc4439/,4439,rfc4439,Fibre Channel Fabric Address Manager MIB,2006-04-01 00:21:18+00:00,/api/v1/doc/document/draft-ietf-imss-fc-fam-mib/,/api/v1/doc/document/draft-ietf-imss-fc-fam-mib/,0,draft-ietf-imss-fc-fam-mib,03,2015-10-14 20:50:58+00:00,,2004-10-21 07:00:00+00:00,2004-10-21 07:00:00+00:00,docevent,2006
/api/v1/doc/document/rfc4398/,4398,rfc4398,Storing Certificates in the Domain Name System (DNS),2006-04-01 00:23:51+00:00,/api/v1/doc/document/draft-ietf-dnsext-rfc2538bis/,/api/v1/doc/document/draft-ietf-dnsext-rfc2538bis/,0,draft-ietf-dnsext-rfc2538bis,09,2015-10-14 20:51:12+00:00,,2005-01-27 08:00:00+00:00,2005-01-27 08:00:00+00:00,docevent,2006
/api/v1/doc/document/rfc4336/,4336,rfc4336,Problem Statement for the Datagram Congestion Control Protocol (DCCP),2006-04-01 00:24:55+00:00,/api/v1/doc/document/draft-ietf-dccp-problem/,/api/v1/doc/document/draft-ietf-dccp-problem/,0,draft-ietf-dccp-problem,03,2015-10-14 20:50:38+00:00,,2002-10-24 07:00:00+00:00,2002-10-24 07:00:00+00:00,docevent,2006
/api/v1/doc/document/rfc4340/,4340,rfc4340,Datagram Congestion Control Protocol (DCCP),2006-04-01 00:25:07+00:00,/api/v1/doc/document/draft-ietf-dccp-spec/,/api/v1/doc/document/draft-ietf-dccp-spec/,0,draft-ietf-dccp-spec,13,2020-01-21 08:26:48+00:00,,2002-10-30 08:00:00+00:00,2002-10-30 08:00:00+00:00,docevent,2006
/api/v1/doc/document/rfc4341/,4341,rfc4341,Profile for Datagram Congestion Control Protocol (DCCP) Congestion Control ID 2: TCP-like Congestion Control,2006-04-01 00:25:51+00:00,/api/v1/doc/document/draft-ietf-dccp-ccid2/,/api/v1/doc/document/draft-ietf-dccp-ccid2/,0,draft-ietf-dccp-ccid2,10,2015-10-14 20:50:38+00:00,,2002-10-24 07:00:00+00:00,2002-10-24 07:00:00+00:00,docevent,2006
/api/v1/doc/document/rfc4426/,4426,rfc4426,Generalized Multi-Protocol Label Switching (GMPLS) Recovery Functional Specification,2006-04-01 00:27:46+00:00,/api/v1/doc/document/draft-ietf-ccamp-gmpls-recovery-functional/,/api/v1/doc/document/draft-ietf-ccamp-gmpls-recovery-functional/,0,draft-ietf-ccamp-gmpls-recovery-functional,04,2013-03-02 16:58:38+00:00,,2003-02-03 08:00:00+00:00,2003-02-03 08:00:00+00:00,docevent,2006
/api/v1/doc/document/rfc4427/,4427,rfc4427,Recovery (Protection and Restoration) Terminology for Generalized Multi-Protocol Label Switching (GMPLS),2006-04-01 00:27:58+00:00,/api/v1/doc/document/draft-ietf-ccamp-gmpls-recovery-terminology/,/api/v1/doc/document/draft-ietf-ccamp-gmpls-recovery-terminology/,0,draft-ietf-ccamp-gmpls-recovery-terminology,06,2020-01-21 08:27:00+00:00,,2002-07-02 07:00:00+00:00,2002-07-02 07:00:00+00:00,docevent,2006
/api/v1/doc/document/rfc4428/,4428,rfc4428,Analysis of Generalized Multi-Protocol Label Switching (GMPLS)-based Recovery Mechanisms (including Protection and Restoration),2006-04-01 00:28:15+00:00,/api/v1/doc/document/draft-ietf-ccamp-gmpls-recovery-analysis/,/api/v1/doc/document/draft-papadimitriou-ccamp-gmpls-recovery-analysis/,1,draft-papadimitriou-ccamp-gmpls-recovery-analysis,03,2011-01-10 08:00:00+00:00,,2002-04-03 08:00:00+00:00,2002-04-03 08:00:00+00:00,docevent,2006
/api/v1/doc/document/rfc4428/,4428,rfc4428,Analysis of Generalized Multi-Protocol Label Switching (GMPLS)-based Recovery Mechanisms (including Protection and Restoration),2006-04-01 00:28:15+00:00,/api/v1/doc/document/draft-ietf-ccamp-gmpls-recovery-analysis/,/api/v1/doc/document/draft-ietf-ccamp-gmpls-recovery-analysis/,0,draft-ietf-ccamp-gmpls-recovery-analysis,05,2020-01-21 08:27:01+00:00,,2003-01-20 08:00:00+00:00,2003-01-20 08:00:00+00:00,docevent,2006
/api/v1/doc/document/rfc4342/,4342,rfc4342,Profile for Datagram Congestion Control Protocol (DCCP) Congestion Control ID 3: TCP-Friendly Rate Control (TFRC),2006-04-03 06:11:00+00:00,/api/v1/doc/document/draft-ietf-dccp-ccid3/,/api/v1/doc/document/draft-ietf-dccp-ccid3/,0,draft-ietf-dccp-ccid3,11,2020-01-21 08:26:49+00:00,,2002-10-24 07:00:00+00:00,2002-10-24 07:00:00+00:00,docevent,2006
/api/v1/doc/document/rfc4459/,4459,rfc4459,MTU and Fragmentation Issues with In-the-Network Tunneling,2006-04-07 17:29:11+00:00,/api/v1/doc/document/draft-savola-mtufrag-network-tunneling/,/api/v1/doc/document/draft-savola-mtufrag-network-tunneling/,0,draft-savola-mtufrag-network-tunneling,05,2015-10-14 20:51:04+00:00,,2004-06-14 07:00:00+00:00,2004-06-14 07:00:00+00:00,docevent,2006
/api/v1/doc/document/rfc4438/,4438,rfc4438,Fibre-Channel Name Server MIB,2006-04-07 17:29:33+00:00,/api/v1/doc/document/draft-ietf-imss-fc-nsm-mib/,/api/v1/doc/document/draft-desanti-fc-name-server/,1,draft-desanti-fc-name-server,02,2008-04-01 07:00:00+00:00,,2004-01-29 08:00:00+00:00,2004-01-29 08:00:00+00:00,docevent,2006
/api/v1/doc/document/rfc4438/,4438,rfc4438,Fibre-Channel Name Server MIB,2006-04-07 17:29:33+00:00,/api/v1/doc/document/draft-ietf-imss-fc-nsm-mib/,/api/v1/doc/document/draft-ietf-imss-fc-nsm-mib/,0,draft-ietf-imss-fc-nsm-mib,05,2020-01-21 08:27:02+00:00,,2004-10-21 07:00:00+00:00,2004-10-21 07:00:00+00:00,docevent,2006
/api/v1/doc/document/rfc4390/,4390,rfc4390,Dynamic Host Configuration Protocol (DHCP) over InfiniBand,2006-04-07 17:29:51+00:00,/api/v1/doc/document/draft-ietf-ipoib-dhcp-over-infiniband/,/api/v1/doc/document/draft-ietf-ipoib-dhcp-over-infiniband/,0,draft-ietf-ipoib-dhcp-over-infiniband,10,2015-10-14 20:50:29+00:00,,2002-03-28 08:00:00+00:00,2002-03-28 08:00:00+00:00,docevent,2006
/api/v1/doc/document/rfc4391/,4391,rfc4391,Transmission of IP over InfiniBand (IPoIB),2006-04-07 17:30:07+00:00,/api/v1/doc/document/draft-ietf-ipoib-ip-over-infiniband/,/api/v1/doc/document/draft-ietf-ipoib-ip-over-infiniband/,0,draft-ietf-ipoib-ip-over-infiniband,09,2015-10-14 20:50:27+00:00,,2002-02-07 08:00:00+00:00,2002-02-07 08:00:00+00:00,docevent,2006
/api/v1/doc/document/rfc4392/,4392,rfc4392,IP over InfiniBand (IPoIB) Architecture,2006-04-07 17:30:15+00:00,/api/v1/doc/document/draft-ietf-ipoib-architecture/,/api/v1/doc/document/draft-ietf-ipoib-architecture/,0,draft-ietf-ipoib-architecture,04,2018-12-20 08:20:57+00:00,,2002-01-03 08:00:00+00:00,2002-01-03 08:00:00+00:00,docevent,2006
/api/v1/doc/document/rfc4452/,4452,rfc4452,"The ""info"" URI Scheme for Information Assets with Identifiers in Public Namespaces",2006-04-07 17:30:34+00:00,/api/v1/doc/document/draft-vandesompel-info-uri/,/api/v1/doc/document/draft-vandesompel-info-uri/,0,draft-vandesompel-info-uri,04,2015-10-14 20:50:51+00:00,,2003-09-25 07:00:00+00:00,2003-09-25 07:00:00+00:00,docevent,2006
/api/v1/doc/document/rfc4453/,4453,rfc4453,Requirements for Consent-Based Communications in the Session Initiation Protocol (SIP),2006-04-07 17:32:27+00:00,/api/v1/doc/document/draft-ietf-sipping-consent-reqs/,/api/v1/doc/document/draft-ietf-sipping-consent-reqs/,0,draft-ietf-sipping-consent-reqs,04,2015-10-14 20:51:09+00:00,,2004-10-19 07:00:00+00:00,2004-10-19 07:00:00+00:00,docevent,2006
/api/v1/doc/document/rfc4458/,4458,rfc4458,Session Initiation Protocol (SIP) URIs for Applications such as Voicemail and Interactive Voice Response (IVR),2006-04-07 17:32:39+00:00,/api/v1/doc/document/draft-jennings-sip-voicemail-uri/,/api/v1/doc/document/draft-jennings-sip-voicemail-uri/,0,draft-jennings-sip-voicemail-uri,06,2020-01-21 08:27:05+00:00,,2003-10-20 07:00:00+00:00,2003-10-20 07:00:00+00:00,docevent,2006
/api/v1/doc/document/rfc4292/,4292,rfc4292,IP Forwarding Table MIB,2006-04-11 23:22:07+00:00,/api/v1/doc/document/draft-ietf-ipv6-rfc2096-update/,/api/v1/doc/document/draft-ietf-ipv6-rfc2096-update/,0,draft-ietf-ipv6-rfc2096-update,07,2013-03-02 16:58:30+00:00,,2002-07-02 07:00:00+00:00,2002-07-02 07:00:00+00:00,docevent,2006
/api/v1/doc/document/rfc4293/,4293,rfc4293,Management Information Base for the Internet Protocol (IP),2006-04-11 23:22:54+00:00,/api/v1/doc/document/draft-ietf-ipv6-rfc2011-update/,/api/v1/doc/document/draft-ietf-ipv6-rfc2011-update/,0,draft-ietf-ipv6-rfc2011-update,10,2020-01-21 08:26:40+00:00,,2002-07-03 07:00:00+00:00,2002-07-03 07:00:00+00:00,docevent,2006
/api/v1/doc/document/rfc4294/,4294,rfc4294,IPv6 Node Requirements,2006-04-11 23:23:59+00:00,/api/v1/doc/document/draft-ietf-ipv6-node-requirements/,/api/v1/doc/document/draft-ietf-ipv6-node-requirements/,0,draft-ietf-ipv6-node-requirements,11,2020-01-21 08:26:40+00:00,,2002-06-19 07:00:00+00:00,2002-06-19 07:00:00+00:00,docevent,2006
/api/v1/doc/document/rfc4295/,4295,rfc4295,Mobile IPv6 Management Information Base,2006-04-11 23:25:45+00:00,/api/v1/doc/document/draft-ietf-mip6-mipv6-mib/,/api/v1/doc/document/draft-ietf-mip6-mipv6-mib/,0,draft-ietf-mip6-mipv6-mib,07,2020-01-21 08:26:41+00:00,,2003-10-23 07:00:00+00:00,2003-10-23 07:00:00+00:00,docevent,2006
/api/v1/doc/document/rfc4389/,4389,rfc4389,Neighbor Discovery Proxies (ND Proxy),2006-04-11 23:26:44+00:00,/api/v1/doc/document/draft-ietf-ipv6-ndproxy/,/api/v1/doc/document/draft-ietf-ipv6-ndproxy/,0,draft-ietf-ipv6-ndproxy,04,2015-10-14 20:51:11+00:00,,2004-12-13 08:00:00+00:00,2004-12-13 08:00:00+00:00,docevent,2006
/api/v1/doc/document/rfc4466/,4466,rfc4466,Collected Extensions to IMAP4 ABNF,2006-04-11 23:27:31+00:00,/api/v1/doc/document/draft-melnikov-imap-ext-abnf/,/api/v1/doc/document/draft-melnikov-imap-ext-abnf/,0,draft-melnikov-imap-ext-abnf,08,2018-12-20 08:21:03+00:00,,2005-03-09 08:00:00+00:00,2005-03-09 08:00:00+00:00,docevent,2006
/api/v1/doc/document/rfc4435/,4435,rfc4435,A Framework for the Usage of Internet Media Guides (IMGs),2006-04-11 23:29:01+00:00,/api/v1/doc/document/draft-ietf-mmusic-img-framework/,/api/v1/doc/document/draft-ietf-mmusic-img-framework/,0,draft-ietf-mmusic-img-framework,09,2013-03-02 16:58:39+00:00,,2003-11-19 08:00:00+00:00,2003-11-19 08:00:00+00:00,docevent,2006
/api/v1/doc/document/rfc4455/,4455,rfc4455,Definition of Managed Objects for Small Computer System Interface (SCSI) Entities,2006-04-11 23:29:37+00:00,/api/v1/doc/document/draft-ietf-ips-scsi-mib/,/api/v1/doc/document/draft-ietf-ips-scsi-mib/,0,draft-ietf-ips-scsi-mib,09,2020-01-21 08:27:04+00:00,,2002-01-14 08:00:00+00:00,2002-01-14 08:00:00+00:00,docevent,2006
/api/v1/doc/document/rfc4457/,4457,rfc4457,The Session Initiation Protocol (SIP) P-User-Database Private-Header (P-Header),2006-04-11 23:30:08+00:00,/api/v1/doc/document/draft-camarillo-sipping-user-database/,/api/v1/doc/document/draft-camarillo-sipping-user-database/,0,draft-camarillo-sipping-user-database,02,2015-10-14 20:51:14+00:00,,2005-02-15 08:00:00+00:00,2005-02-15 08:00:00+00:00,docevent,2006
/api/v1/doc/document/rfc4429/,4429,rfc4429,Optimistic Duplicate Address Detection (DAD) for IPv6,2006-04-17 17:28:21+00:00,/api/v1/doc/document/draft-ietf-ipv6-optimistic-dad/,/api/v1/doc/document/draft-ietf-ipv6-optimistic-dad/,0,draft-ietf-ipv6-optimistic-dad,07,2015-10-14 20:51:01+00:00,,2004-03-23 08:00:00+00:00,2004-03-23 08:00:00+00:00,docevent,2006
/api/v1/doc/document/rfc4469/,4469,rfc4469,Internet Message Access Protocol (IMAP) CATENATE Extension,2006-04-17 17:28:36+00:00,/api/v1/doc/document/draft-ietf-lemonade-catenate/,/api/v1/doc/document/draft-ietf-lemonade-catenate/,0,draft-ietf-lemonade-catenate,05,2020-01-21 08:27:06+00:00,,2003-12-08 08:00:00+00:00,2003-12-08 08:00:00+00:00,docevent,2006
/api/v1/doc/document/rfc4472/,4472,rfc4472,Operational Considerations and Issues with IPv6 DNS,2006-04-17 17:28:43+00:00,/api/v1/doc/document/draft-ietf-dnsop-ipv6-dns-issues/,/api/v1/doc/document/draft-durand-ngtrans-dns-issues/,1,draft-durand-ngtrans-dns-issues,00,2002-11-04 08:00:00+00:00,,2002-06-25 07:00:00+00:00,2002-06-25 07:00:00+00:00,docevent,2006
/api/v1/doc/document/rfc4472/,4472,rfc4472,Operational Considerations and Issues with IPv6 DNS,2006-04-17 17:28:43+00:00,/api/v1/doc/document/draft-ietf-dnsop-ipv6-dns-issues/,/api/v1/doc/document/draft-ietf-dnsop-ipv6-dns-issues/,0,draft-ietf-dnsop-ipv6-dns-issues,12,2013-03-02 16:58:41+00:00,,2002-11-04 08:00:00+00:00,2002-11-04 08:00:00+00:00,docevent,2006
/api/v1/doc/document/rfc4444/,4444,rfc4444,Management Information Base for Intermediate System to Intermediate System (IS-IS),2006-04-20 00:38:49+00:00,/api/v1/doc/document/draft-ietf-isis-wg-mib/,/api/v1/doc/document/draft-ietf-isis-wg-mib/,0,draft-ietf-isis-wg-mib,26,2015-10-14 20:49:55+00:00,,1999-03-03 08:00:00+00:00,1999-03-03 08:00:00+00:00,docevent,2006
/api/v1/doc/document/rfc4409/,4409,rfc4409,Message Submission for Mail,2006-04-24 22:04:14+00:00,/api/v1/doc/document/draft-gellens-submit-bis/,/api/v1/doc/document/draft-gellens-submit-bis/,0,draft-gellens-submit-bis,02,2020-01-21 08:27:00+00:00,,2004-06-25 07:00:00+00:00,2004-06-25 07:00:00+00:00,docevent,2006
/api/v1/doc/document/rfc4461/,4461,rfc4461,Signaling Requirements for Point-to-Multipoint Traffic-Engineered MPLS Label Switched Paths (LSPs),2006-04-24 22:04:45+00:00,/api/v1/doc/document/draft-ietf-mpls-p2mp-sig-requirement/,/api/v1/doc/document/draft-ietf-mpls-p2mp-sig-requirement/,0,draft-ietf-mpls-p2mp-sig-requirement,04,2018-12-20 08:21:01+00:00,,2004-12-13 08:00:00+00:00,2004-12-13 08:00:00+00:00,docevent,2006
/api/v1/doc/document/rfc4445/,4445,rfc4445,A Proposed Media Delivery Index (MDI),2006-04-26 22:11:42+00:00,/api/v1/doc/document/draft-welch-mdi/,/api/v1/doc/document/draft-welch-mdi/,0,draft-welch-mdi,03,2015-10-14 20:51:06+00:00,,2004-08-09 07:00:00+00:00,2004-08-09 07:00:00+00:00,docevent,2006
/api/v1/doc/document/rfc4478/,4478,rfc4478,Repeated Authentication in Internet Key Exchange (IKEv2) Protocol,2006-04-26 22:13:20+00:00,/api/v1/doc/document/draft-nir-ikev2-auth-lt/,/api/v1/doc/document/draft-nir-ikev2-auth-lt/,0,draft-nir-ikev2-auth-lt,05,2015-10-14 20:51:03+00:00,,2004-05-12 07:00:00+00:00,2004-05-12 07:00:00+00:00,docevent,2006
/api/v1/doc/document/rfc4329/,4329,rfc4329,Scripting Media Types,2006-04-26 22:13:30+00:00,/api/v1/doc/document/draft-hoehrmann-script-types/,/api/v1/doc/document/draft-hoehrmann-script-types/,0,draft-hoehrmann-script-types,03,2015-10-14 20:50:20+00:00,,2001-09-24 07:00:00+00:00,2001-09-24 07:00:00+00:00,docevent,2006
/api/v1/doc/document/rfc4346/,4346,rfc4346,The Transport Layer Security (TLS) Protocol Version 1.1,2006-04-26 22:13:38+00:00,/api/v1/doc/document/draft-ietf-tls-rfc2246-bis/,/api/v1/doc/document/draft-ietf-tls-rfc2246-bis/,0,draft-ietf-tls-rfc2246-bis,13,2021-02-02 08:27:00+00:00,,2002-02-19 08:00:00+00:00,2002-02-19 08:00:00+00:00,docevent,2006
/api/v1/doc/document/rfc4347/,4347,rfc4347,Datagram Transport Layer Security,2006-04-26 22:13:54+00:00,/api/v1/doc/document/draft-rescorla-dtls/,/api/v1/doc/document/draft-rescorla-dtls/,0,draft-rescorla-dtls,05,2021-02-02 08:27:01+00:00,,2004-01-13 08:00:00+00:00,2004-01-13 08:00:00+00:00,docevent,2006
/api/v1/doc/document/rfc4446/,4446,rfc4446,IANA Allocations for Pseudowire Edge to Edge Emulation (PWE3),2006-04-26 22:14:02+00:00,/api/v1/doc/document/draft-ietf-pwe3-iana-allocation/,/api/v1/doc/document/draft-ietf-pwe3-iana-allocation/,0,draft-ietf-pwe3-iana-allocation,15,2020-01-21 08:27:03+00:00,,2003-02-19 08:00:00+00:00,2003-02-19 08:00:00+00:00,docevent,2006
/api/v1/doc/document/rfc4447/,4447,rfc4447,Pseudowire Setup and Maintenance Using the Label Distribution Protocol (LDP),2006-04-26 22:14:13+00:00,/api/v1/doc/document/draft-ietf-pwe3-control-protocol/,/api/v1/doc/document/draft-ietf-pwe3-control-protocol/,0,draft-ietf-pwe3-control-protocol,17,2015-10-14 20:50:35+00:00,,2002-08-12 07:00:00+00:00,2002-08-12 07:00:00+00:00,docevent,2006
/api/v1/doc/document/rfc4448/,4448,rfc4448,Encapsulation Methods for Transport of Ethernet over MPLS Networks,2006-04-26 22:14:22+00:00,/api/v1/doc/document/draft-ietf-pwe3-ethernet-encap/,/api/v1/doc/document/draft-ietf-pwe3-ethernet-encap/,0,draft-ietf-pwe3-ethernet-encap,11,2013-03-02 16:58:39+00:00,,2002-09-04 07:00:00+00:00,2002-09-04 07:00:00+00:00,docevent,2006
/api/v1/doc/document/rfc4463/,4463,rfc4463,"A Media Resource Control Protocol (MRCP) Developed by Cisco, Nuance, and Speechworks",2006-04-26 22:14:33+00:00,/api/v1/doc/document/draft-shanmugham-mrcp/,/api/v1/doc/document/draft-shanmugham-mrcp/,0,draft-shanmugham-mrcp,07,2018-12-20 08:21:02+00:00,,2001-11-14 08:00:00+00:00,2001-11-14 08:00:00+00:00,docevent,2006
/api/v1/doc/document/rfc4366/,4366,rfc4366,Transport Layer Security (TLS) Extensions,2006-04-27 18:09:59+00:00,/api/v1/doc/document/draft-ietf-tls-rfc3546bis/,/api/v1/doc/document/draft-ietf-tls-rfc3546bis/,0,draft-ietf-tls-rfc3546bis,02,2020-07-29 07:30:28+00:00,,2004-12-29 08:00:00+00:00,2004-12-29 08:00:00+00:00,docevent,2006
/api/v1/doc/document/rfc4456/,4456,rfc4456,BGP Route Reflection: An Alternative to Full Mesh Internal BGP (IBGP),2006-04-28 01:19:39+00:00,/api/v1/doc/document/draft-ietf-idr-rfc2796bis/,/api/v1/doc/document/draft-ietf-idr-rfc2796bis/,0,draft-ietf-idr-rfc2796bis,02,2018-12-20 08:21:01+00:00,,2004-04-14 07:00:00+00:00,2004-04-14 07:00:00+00:00,docevent,2006
/api/v1/doc/document/rfc4460/,4460,rfc4460,Stream Control Transmission Protocol (SCTP) Specification Errata and Issues,2006-04-28 01:19:46+00:00,/api/v1/doc/document/draft-ietf-tsvwg-sctpimpguide/,/api/v1/doc/document/draft-ietf-tsvwg-sctpimpguide/,0,draft-ietf-tsvwg-sctpimpguide,16,2013-03-02 16:58:40+00:00,,2001-06-11 07:00:00+00:00,2001-06-11 07:00:00+00:00,docevent,2006
/api/v1/doc/document/rfc4470/,4470,rfc4470,Minimally Covering NSEC Records and DNSSEC On-line Signing,2006-04-28 18:54:09+00:00,/api/v1/doc/document/draft-ietf-dnsext-dnssec-online-signing/,/api/v1/doc/document/draft-weiler-dnsext-dnssec-online-signing/,1,draft-weiler-dnsext-dnssec-online-signing,01,2005-05-12 07:00:00+00:00,,2004-11-18 08:00:00+00:00,2004-11-18 08:00:00+00:00,docevent,2006
/api/v1/doc/document/rfc4470/,4470,rfc4470,Minimally Covering NSEC Records and DNSSEC On-line Signing,2006-04-28 18:54:09+00:00,/api/v1/doc/document/draft-ietf-dnsext-dnssec-online-signing/,/api/v1/doc/document/draft-ietf-dnsext-dnssec-online-signing/,0,draft-ietf-dnsext-dnssec-online-signing,02,2020-01-21 08:27:06+00:00,,2005-05-12 07:00:00+00:00,2005-05-12 07:00:00+00:00,docevent,2006
/api/v1/doc/document/rfc4486/,4486,rfc4486,Subcodes for BGP Cease Notification Message,2006-04-28 18:54:34+00:00,/api/v1/doc/document/draft-ietf-idr-cease-subcode/,/api/v1/doc/document/draft-chen-bgp-cease-subcode/,1,draft-chen-bgp-cease-subcode,00,2001-09-20 07:00:00+00:00,,2001-09-20 07:00:00+00:00,2001-09-20 07:00:00+00:00,docevent,2006
/api/v1/doc/document/rfc4486/,4486,rfc4486,Subcodes for BGP Cease Notification Message,2006-04-28 18:54:34+00:00,/api/v1/doc/document/draft-ietf-idr-cease-subcode/,/api/v1/doc/document/draft-ietf-idr-cease-subcode/,0,draft-ietf-idr-cease-subcode,07,2016-07-14 12:38:49+00:00,,2001-10-18 07:00:00+00:00,2001-10-18 07:00:00+00:00,docevent,2006
/api/v1/doc/document/rfc4489/,4489,rfc4489,A Method for Generating Link-Scoped IPv6 Multicast Addresses,2006-04-28 18:54:44+00:00,/api/v1/doc/document/draft-ietf-ipv6-link-scoped-mcast/,/api/v1/doc/document/draft-ietf-ipv6-link-scoped-mcast/,0,draft-ietf-ipv6-link-scoped-mcast,09,2015-10-14 20:50:30+00:00,,2002-04-22 07:00:00+00:00,2002-04-22 07:00:00+00:00,docevent,2006
/api/v1/doc/document/rfc4405/,4405,rfc4405,SMTP Service Extension for Indicating the Responsible Submitter of an E-Mail Message,2006-04-28 18:54:55+00:00,/api/v1/doc/document/draft-katz-submitter/,/api/v1/doc/document/draft-katz-submitter/,0,draft-katz-submitter,01,2020-02-12 08:25:56+00:00,,2004-11-09 08:00:00+00:00,2004-11-09 08:00:00+00:00,docevent,2006
/api/v1/doc/document/rfc4406/,4406,rfc4406,Sender ID: Authenticating E-Mail,2006-04-28 18:55:06+00:00,/api/v1/doc/document/draft-lyon-senderid-core/,/api/v1/doc/document/draft-lyon-senderid-core/,0,draft-lyon-senderid-core,01,2020-02-12 08:25:58+00:00,,2004-11-09 08:00:00+00:00,2004-11-09 08:00:00+00:00,docevent,2006
/api/v1/doc/document/rfc4407/,4407,rfc4407,Purported Responsible Address in E-Mail Messages,2006-04-28 18:55:12+00:00,/api/v1/doc/document/draft-lyon-senderid-pra/,/api/v1/doc/document/draft-lyon-senderid-pra/,0,draft-lyon-senderid-pra,01,2020-02-12 08:25:59+00:00,,2004-11-09 08:00:00+00:00,2004-11-09 08:00:00+00:00,docevent,2006
/api/v1/doc/document/rfc4408/,4408,rfc4408,"Sender Policy Framework (SPF) for Authorizing Use of Domains in E-Mail, Version 1",2006-04-28 19:00:01+00:00,/api/v1/doc/document/draft-schlitt-spf-classic/,/api/v1/doc/document/draft-schlitt-spf-classic/,0,draft-schlitt-spf-classic,02,2020-01-21 08:26:59+00:00,,2005-01-03 08:00:00+00:00,2005-01-03 08:00:00+00:00,docevent,2006
/api/v1/doc/document/rfc4539/,4539,rfc4539,Media Type Registration for the Society of Motion Picture and Television Engineers (SMPTE) Material Exchange Format (MXF),2006-05-01 07:00:00+00:00,/api/v1/doc/document/draft-edwards-mime-mxf/,/api/v1/doc/document/draft-edwards-mime-mxf/,0,draft-edwards-mime-mxf,03,2015-10-14 20:51:25+00:00,,2005-12-20 08:00:00+00:00,2005-12-20 08:00:00+00:00,docevent,2006
/api/v1/doc/document/rfc4477/,4477,rfc4477,Dynamic Host Configuration Protocol (DHCP): IPv4 and IPv6 Dual-Stack Issues,2006-05-06 00:41:17+00:00,/api/v1/doc/document/draft-ietf-dhc-dual-stack/,/api/v1/doc/document/draft-ietf-dhc-dual-stack/,0,draft-ietf-dhc-dual-stack,04,2015-10-14 20:51:01+00:00,,2004-03-09 08:00:00+00:00,2004-03-09 08:00:00+00:00,docevent,2006
/api/v1/doc/document/rfc4496/,4496,rfc4496,Open Pluggable Edge Services (OPES) SMTP Use Cases,2006-05-06 00:41:33+00:00,/api/v1/doc/document/draft-ietf-opes-smtp-use-cases/,/api/v1/doc/document/draft-ietf-opes-smtp-use-cases/,0,draft-ietf-opes-smtp-use-cases,06,2015-10-14 20:51:13+00:00,,2005-02-10 08:00:00+00:00,2005-02-10 08:00:00+00:00,docevent,2006
/api/v1/doc/document/rfc4501/,4501,rfc4501,Domain Name System Uniform Resource Identifiers,2006-05-06 00:41:41+00:00,/api/v1/doc/document/draft-josefsson-dns-url/,/api/v1/doc/document/draft-josefsson-dns-url/,0,draft-josefsson-dns-url,13,2020-01-21 08:27:08+00:00,,2000-12-01 08:00:00+00:00,2000-12-01 08:00:00+00:00,docevent,2006
/api/v1/doc/document/rfc4462/,4462,rfc4462,Generic Security Service Application Program Interface (GSS-API) Authentication and Key Exchange for the Secure Shell (SSH) Protocol,2006-05-06 00:41:49+00:00,/api/v1/doc/document/draft-ietf-secsh-gsskeyex/,/api/v1/doc/document/draft-ietf-secsh-gsskeyex/,0,draft-ietf-secsh-gsskeyex,10,2020-02-15 08:25:30+00:00,,2001-01-18 08:00:00+00:00,2001-01-18 08:00:00+00:00,docevent,2006
/api/v1/doc/document/rfc4476/,4476,rfc4476,Attribute Certificate (AC) Policies Extension,2006-05-06 00:41:57+00:00,/api/v1/doc/document/draft-ietf-pkix-acpolicies-extn/,/api/v1/doc/document/draft-ietf-pkix-acpolicies-extn/,0,draft-ietf-pkix-acpolicies-extn,08,2013-03-02 16:58:41+00:00,,2002-06-12 07:00:00+00:00,2002-06-12 07:00:00+00:00,docevent,2006
/api/v1/doc/document/rfc4495/,4495,rfc4495,A Resource Reservation Protocol (RSVP) Extension for the Reduction of Bandwidth of a Reservation Flow,2006-05-06 00:42:05+00:00,/api/v1/doc/document/draft-ietf-tsvwg-rsvp-bw-reduction/,/api/v1/doc/document/draft-ietf-tsvwg-rsvp-bw-reduction/,0,draft-ietf-tsvwg-rsvp-bw-reduction,02,2015-10-14 20:51:13+00:00,,2005-02-10 08:00:00+00:00,2005-02-10 08:00:00+00:00,docevent,2006
/api/v1/doc/document/rfc4509/,4509,rfc4509,Use of SHA-256 in DNSSEC Delegation Signer (DS) Resource Records (RRs),2006-05-13 05:21:08+00:00,/api/v1/doc/document/draft-ietf-dnsext-ds-sha256/,/api/v1/doc/document/draft-ietf-dnsext-ds-sha256/,0,draft-ietf-dnsext-ds-sha256,05,2015-10-14 20:51:24+00:00,,2005-11-11 08:00:00+00:00,2005-11-11 08:00:00+00:00,docevent,2006
/api/v1/doc/document/rfc4540/,4540,rfc4540,NEC's Simple Middlebox Configuration (SIMCO) Protocol Version 3.0,2006-05-13 05:21:23+00:00,/api/v1/doc/document/draft-stiemerling-midcom-simco/,/api/v1/doc/document/draft-stiemerling-midcom-simco/,0,draft-stiemerling-midcom-simco,08,2015-10-14 20:50:26+00:00,,2002-02-01 08:00:00+00:00,2002-02-01 08:00:00+00:00,docevent,2006
/api/v1/doc/document/rfc4506/,4506,rfc4506,XDR: External Data Representation Standard,2006-05-13 05:21:31+00:00,/api/v1/doc/document/draft-ietf-nfsv4-rfc1832bis/,/api/v1/doc/document/draft-ietf-nfsv4-rfc1832bis/,0,draft-ietf-nfsv4-rfc1832bis,06,2015-10-14 20:50:42+00:00,,2003-02-21 08:00:00+00:00,2003-02-21 08:00:00+00:00,docevent,2006
/api/v1/doc/document/rfc4454/,4454,rfc4454,Asynchronous Transfer Mode (ATM) over Layer 2 Tunneling Protocol Version 3 (L2TPv3),2006-05-16 22:06:56+00:00,/api/v1/doc/document/draft-ietf-l2tpext-pwe3-atm/,/api/v1/doc/document/draft-ietf-l2tpext-pwe3-atm/,0,draft-ietf-l2tpext-pwe3-atm,04,2015-10-14 20:51:01+00:00,,2004-03-23 08:00:00+00:00,2004-03-23 08:00:00+00:00,docevent,2006
/api/v1/doc/document/rfc4487/,4487,rfc4487,Mobile IPv6 and Firewalls: Problem Statement,2006-05-16 22:07:05+00:00,/api/v1/doc/document/draft-ietf-mip6-firewalls/,/api/v1/doc/document/draft-ietf-mip6-firewalls/,0,draft-ietf-mip6-firewalls,04,2018-12-20 08:21:04+00:00,,2004-08-27 07:00:00+00:00,2004-08-27 07:00:00+00:00,docevent,2006
/api/v1/doc/document/rfc4492/,4492,rfc4492,Elliptic Curve Cryptography (ECC) Cipher Suites for Transport Layer Security (TLS),2006-05-16 22:07:22+00:00,/api/v1/doc/document/draft-ietf-tls-ecc/,/api/v1/doc/document/draft-ietf-tls-ecc/,0,draft-ietf-tls-ecc,12,2020-01-21 08:27:07+00:00,,1998-03-18 08:00:00+00:00,1998-03-18 08:00:00+00:00,docevent,2006
/api/v1/doc/document/rfc4497/,4497,rfc4497,Interworking between the Session Initiation Protocol (SIP) and QSIG,2006-05-16 22:07:36+00:00,/api/v1/doc/document/draft-ietf-sipping-qsig2sip/,/api/v1/doc/document/draft-ietf-sipping-qsig2sip/,0,draft-ietf-sipping-qsig2sip,04,2015-10-14 20:50:41+00:00,,2003-01-29 08:00:00+00:00,2003-01-29 08:00:00+00:00,docevent,2006
/api/v1/doc/document/rfc4507/,4507,rfc4507,Transport Layer Security (TLS) Session Resumption without Server-Side State,2006-05-16 22:07:49+00:00,/api/v1/doc/document/draft-salowey-tls-ticket/,/api/v1/doc/document/draft-salowey-tls-ticket/,0,draft-salowey-tls-ticket,07,2015-10-14 20:51:03+00:00,,2004-05-19 07:00:00+00:00,2004-05-19 07:00:00+00:00,docevent,2006
/api/v1/doc/document/rfc4541/,4541,rfc4541,Considerations for Internet Group Management Protocol (IGMP) and Multicast Listener Discovery (MLD) Snooping Switches,2006-05-16 22:08:04+00:00,/api/v1/doc/document/draft-ietf-magma-snoop/,/api/v1/doc/document/draft-ietf-magma-snoop/,0,draft-ietf-magma-snoop,12,2020-01-21 08:27:12+00:00,,2001-10-30 08:00:00+00:00,2001-10-30 08:00:00+00:00,docevent,2006
/api/v1/doc/document/rfc4542/,4542,rfc4542,Implementing an Emergency Telecommunications Service (ETS) for Real-Time Services in the Internet Protocol Suite,2006-05-16 22:08:11+00:00,/api/v1/doc/document/draft-ietf-tsvwg-mlpp-that-works/,/api/v1/doc/document/draft-baker-tsvwg-mlpp-that-works/,1,draft-baker-tsvwg-mlpp-that-works,02,2009-12-14 08:00:00+00:00,,2003-12-02 08:00:00+00:00,2003-12-02 08:00:00+00:00,docevent,2006
/api/v1/doc/document/rfc4542/,4542,rfc4542,Implementing an Emergency Telecommunications Service (ETS) for Real-Time Services in the Internet Protocol Suite,2006-05-16 22:08:11+00:00,/api/v1/doc/document/draft-ietf-tsvwg-mlpp-that-works/,/api/v1/doc/document/draft-ietf-tsvwg-mlpp-that-works/,0,draft-ietf-tsvwg-mlpp-that-works,04,2018-12-20 08:21:07+00:00,,2005-02-08 08:00:00+00:00,2005-02-08 08:00:00+00:00,docevent,2006
/api/v1/doc/document/rfc4423/,4423,rfc4423,Host Identity Protocol (HIP) Architecture,2006-05-19 22:02:37+00:00,/api/v1/doc/document/draft-ietf-hip-arch/,/api/v1/doc/document/draft-ietf-hip-arch/,0,draft-ietf-hip-arch,03,2015-10-14 20:51:08+00:00,,2004-10-18 07:00:00+00:00,2004-10-18 07:00:00+00:00,docevent,2006
/api/v1/doc/document/rfc4488/,4488,rfc4488,Suppression of Session Initiation Protocol (SIP) REFER Method Implicit Subscription,2006-05-19 22:02:45+00:00,/api/v1/doc/document/draft-ietf-sip-refer-with-norefersub/,/api/v1/doc/document/draft-ietf-sip-refer-with-norefersub/,0,draft-ietf-sip-refer-with-norefersub,04,2015-10-14 20:51:12+00:00,,2005-01-05 08:00:00+00:00,2005-01-05 08:00:00+00:00,docevent,2006
/api/v1/doc/document/rfc4503/,4503,rfc4503,A Description of the Rabbit Stream Cipher Algorithm,2006-05-19 22:02:54+00:00,/api/v1/doc/document/draft-zenner-rabbit/,/api/v1/doc/document/draft-zenner-rabbit/,0,draft-zenner-rabbit,02,2020-01-21 08:27:08+00:00,,2005-03-30 08:00:00+00:00,2005-03-30 08:00:00+00:00,docevent,2006
/api/v1/doc/document/rfc4475/,4475,rfc4475,Session Initiation Protocol (SIP) Torture Test Messages,2006-05-19 22:03:47+00:00,/api/v1/doc/document/draft-ietf-sipping-torture-tests/,/api/v1/doc/document/draft-ietf-sipping-torture-tests/,0,draft-ietf-sipping-torture-tests,09,2015-10-14 20:50:36+00:00,,2002-08-27 07:00:00+00:00,2002-08-27 07:00:00+00:00,docevent,2006
/api/v1/doc/document/rfc4491/,4491,rfc4491,"Using the GOST R 34.10-94, GOST R 34.10-2001, and GOST R 34.11-94 Algorithms with the Internet X.509 Public Key Infrastructure Certificate and CRL Profile",2006-05-22 22:24:47+00:00,/api/v1/doc/document/draft-ietf-pkix-gost-cppk/,/api/v1/doc/document/draft-ietf-pkix-gost-cppk/,0,draft-ietf-pkix-gost-cppk,05,2020-07-29 07:30:32+00:00,,2004-03-10 08:00:00+00:00,2004-03-10 08:00:00+00:00,docevent,2006
/api/v1/doc/document/rfc4502/,4502,rfc4502,Remote Network Monitoring Management Information Base Version 2,2006-05-22 22:24:53+00:00,/api/v1/doc/document/draft-ietf-rmonmib-rmon2-v2/,/api/v1/doc/document/draft-ietf-rmonmib-rmon2-v2/,0,draft-ietf-rmonmib-rmon2-v2,05,2020-01-21 08:27:08+00:00,,2003-08-29 07:00:00+00:00,2003-08-29 07:00:00+00:00,docevent,2006
/api/v1/doc/document/rfc4548/,4548,rfc4548,Internet Code Point (ICP) Assignments for NSAP Addresses,2006-05-22 22:24:58+00:00,/api/v1/doc/document/draft-gray-rfc1888bis/,/api/v1/doc/document/draft-gray-rfc1888bis/,0,draft-gray-rfc1888bis,03,2013-03-02 16:58:45+00:00,,2005-02-16 08:00:00+00:00,2005-02-16 08:00:00+00:00,docevent,2006
/api/v1/doc/document/rfc4490/,4490,rfc4490,"Using the GOST 28147-89, GOST R 34.11-94, GOST R 34.10-94, and GOST R 34.10-2001 Algorithms with Cryptographic Message Syntax (CMS)",2006-05-22 22:25:05+00:00,/api/v1/doc/document/draft-ietf-smime-gost/,/api/v1/doc/document/draft-leontiev-cryptopro-cpcms/,1,draft-leontiev-cryptopro-cpcms,00,2003-06-27 07:00:00+00:00,,2003-06-27 07:00:00+00:00,2003-06-27 07:00:00+00:00,docevent,2006
/api/v1/doc/document/rfc4490/,4490,rfc4490,"Using the GOST 28147-89, GOST R 34.11-94, GOST R 34.10-94, and GOST R 34.10-2001 Algorithms with Cryptographic Message Syntax (CMS)",2006-05-22 22:25:05+00:00,/api/v1/doc/document/draft-ietf-smime-gost/,/api/v1/doc/document/draft-ietf-smime-gost/,0,draft-ietf-smime-gost,07,2020-01-21 08:27:07+00:00,,2003-10-21 07:00:00+00:00,2003-10-21 07:00:00+00:00,docevent,2006
/api/v1/doc/document/rfc4504/,4504,rfc4504,SIP Telephony Device Requirements and Configuration,2006-05-24 23:38:23+00:00,/api/v1/doc/document/draft-sinnreich-sipdev-req/,/api/v1/doc/document/draft-sinnreich-sipdev-req/,0,draft-sinnreich-sipdev-req,08,2018-12-20 08:21:05+00:00,,2002-12-02 08:00:00+00:00,2002-12-02 08:00:00+00:00,docevent,2006
/api/v1/doc/document/rfc4543/,4543,rfc4543,The Use of Galois Message Authentication Code (GMAC) in IPsec ESP and AH,2006-05-24 23:38:29+00:00,/api/v1/doc/document/draft-mcgrew-aes-gmac-esp/,/api/v1/doc/document/draft-mcgrew-aes-gmac-esp/,0,draft-mcgrew-aes-gmac-esp,02,2020-01-21 08:27:13+00:00,,2005-06-08 07:00:00+00:00,2005-06-08 07:00:00+00:00,docevent,2006
/api/v1/doc/document/rfc4498/,4498,rfc4498,The Managed Object Aggregation MIB,2006-05-24 23:38:36+00:00,/api/v1/doc/document/draft-glenn-mo-aggr-mib/,/api/v1/doc/document/draft-glenn-mo-aggr-mib/,0,draft-glenn-mo-aggr-mib,08,2015-10-14 20:50:23+00:00,,2001-11-26 08:00:00+00:00,2001-11-26 08:00:00+00:00,docevent,2006
/api/v1/doc/document/rfc4467/,4467,rfc4467,Internet Message Access Protocol (IMAP) - URLAUTH Extension,2006-05-26 22:25:58+00:00,/api/v1/doc/document/draft-ietf-lemonade-urlauth/,/api/v1/doc/document/draft-ietf-lemonade-urlauth/,0,draft-ietf-lemonade-urlauth,08,2018-12-20 08:21:03+00:00,,2004-07-09 07:00:00+00:00,2004-07-09 07:00:00+00:00,docevent,2006
/api/v1/doc/document/rfc4508/,4508,rfc4508,Conveying Feature Tags with the Session Initiation Protocol (SIP) REFER Method,2006-05-26 22:26:14+00:00,/api/v1/doc/document/draft-ietf-sip-refer-feature-param/,/api/v1/doc/document/draft-olson-sipping-refer-extensions/,1,draft-olson-sipping-refer-extensions,02,2004-07-21 07:00:00+00:00,,2003-06-23 07:00:00+00:00,2003-06-23 07:00:00+00:00,docevent,2006
/api/v1/doc/document/rfc4508/,4508,rfc4508,Conveying Feature Tags with the Session Initiation Protocol (SIP) REFER Method,2006-05-26 22:26:14+00:00,/api/v1/doc/document/draft-ietf-sip-refer-feature-param/,/api/v1/doc/document/draft-ietf-sip-refer-feature-param/,0,draft-ietf-sip-refer-feature-param,01,2015-10-14 20:50:48+00:00,,2005-07-06 07:00:00+00:00,2005-07-06 07:00:00+00:00,docevent,2006
/api/v1/doc/document/rfc4468/,4468,rfc4468,Message Submission BURL Extension,2006-05-26 22:26:25+00:00,/api/v1/doc/document/draft-ietf-lemonade-burl/,/api/v1/doc/document/draft-ietf-lemonade-burl/,0,draft-ietf-lemonade-burl,04,2020-01-21 08:27:05+00:00,,2004-10-18 07:00:00+00:00,2004-10-18 07:00:00+00:00,docevent,2006
/api/v1/doc/document/rfc4483/,4483,rfc4483,A Mechanism for Content Indirection in Session Initiation Protocol (SIP) Messages,2006-05-30 23:14:04+00:00,/api/v1/doc/document/draft-ietf-sip-content-indirect-mech/,/api/v1/doc/document/draft-ietf-sip-content-indirect-mech/,0,draft-ietf-sip-content-indirect-mech,05,2015-10-14 20:50:35+00:00,,2002-08-14 07:00:00+00:00,2002-08-14 07:00:00+00:00,docevent,2006
/api/v1/doc/document/rfc4545/,4545,rfc4545,Definitions of Managed Objects for IP Storage User Identity Authorization,2006-05-30 23:14:13+00:00,/api/v1/doc/document/draft-ietf-ips-auth-mib/,/api/v1/doc/document/draft-ietf-ips-auth-mib/,0,draft-ietf-ips-auth-mib,08,2015-10-14 20:50:27+00:00,,2002-02-21 08:00:00+00:00,2002-02-21 08:00:00+00:00,docevent,2006
/api/v1/doc/document/rfc4544/,4544,rfc4544,Definitions of Managed Objects for Internet Small Computer System Interface (iSCSI),2006-05-30 23:14:18+00:00,/api/v1/doc/document/draft-ietf-ips-iscsi-mib/,/api/v1/doc/document/draft-ietf-ips-iscsi-mib/,0,draft-ietf-ips-iscsi-mib,11,2020-01-21 08:27:13+00:00,,2001-04-20 07:00:00+00:00,2001-04-20 07:00:00+00:00,docevent,2006
/api/v1/doc/document/rfc4485/,4485,rfc4485,Guidelines for Authors of Extensions to the Session Initiation Protocol (SIP),2006-05-30 23:14:23+00:00,/api/v1/doc/document/draft-ietf-sip-guidelines/,/api/v1/doc/document/draft-ietf-sip-guidelines/,0,draft-ietf-sip-guidelines,09,2015-10-14 20:50:03+00:00,,2000-07-12 07:00:00+00:00,2000-07-12 07:00:00+00:00,docevent,2006
/api/v1/doc/document/rfc4464/,4464,rfc4464,Signaling Compression (SigComp) Users' Guide,2006-05-30 23:14:28+00:00,/api/v1/doc/document/draft-ietf-rohc-sigcomp-user-guide/,/api/v1/doc/document/draft-ietf-rohc-sigcomp-user-guide/,0,draft-ietf-rohc-sigcomp-user-guide,04,2013-03-02 16:58:40+00:00,,2003-06-17 07:00:00+00:00,2003-06-17 07:00:00+00:00,docevent,2006
/api/v1/doc/document/rfc4473/,4473,rfc4473,Requirements for Internet Media Guides (IMGs),2006-06-01 00:51:17+00:00,/api/v1/doc/document/draft-ietf-mmusic-img-req/,/api/v1/doc/document/draft-ietf-mmusic-img-req/,0,draft-ietf-mmusic-img-req,08,2015-10-14 20:50:50+00:00,,2003-09-11 07:00:00+00:00,2003-09-11 07:00:00+00:00,docevent,2006
/api/v1/doc/document/rfc4537/,4537,rfc4537,Kerberos Cryptosystem Negotiation Extension,2006-06-07 23:33:00+00:00,/api/v1/doc/document/draft-zhu-kerb-enctype-nego/,/api/v1/doc/document/draft-zhu-kerb-enctype-nego/,0,draft-zhu-kerb-enctype-nego,04,2013-03-02 16:58:44+00:00,,2005-01-17 08:00:00+00:00,2005-01-17 08:00:00+00:00,docevent,2006
/api/v1/doc/document/rfc4422/,4422,rfc4422,Simple Authentication and Security Layer (SASL),2006-06-08 23:51:19+00:00,/api/v1/doc/document/draft-ietf-sasl-rfc2222bis/,/api/v1/doc/document/draft-ietf-sasl-rfc2222bis/,0,draft-ietf-sasl-rfc2222bis,15,2018-12-20 08:20:59+00:00,,2003-05-20 07:00:00+00:00,2003-05-20 07:00:00+00:00,docevent,2006
/api/v1/doc/document/rfc4505/,4505,rfc4505,Anonymous Simple Authentication and Security Layer (SASL) Mechanism,2006-06-08 23:52:10+00:00,/api/v1/doc/document/draft-ietf-sasl-anon/,/api/v1/doc/document/draft-ietf-sasl-anon/,0,draft-ietf-sasl-anon,05,2015-10-14 20:50:41+00:00,,2003-01-08 08:00:00+00:00,2003-01-08 08:00:00+00:00,docevent,2006
/api/v1/doc/document/rfc4511/,4511,rfc4511,Lightweight Directory Access Protocol (LDAP): The Protocol,2006-06-08 23:52:53+00:00,/api/v1/doc/document/draft-ietf-ldapbis-protocol/,/api/v1/doc/document/draft-ietf-ldapbis-protocol/,0,draft-ietf-ldapbis-protocol,32,2022-11-02 07:15:00+00:00,,2001-01-09 08:00:00+00:00,2001-01-09 08:00:00+00:00,docevent,2006
/api/v1/doc/document/rfc4510/,4510,rfc4510,Lightweight Directory Access Protocol (LDAP): Technical Specification Road Map,2006-06-08 23:53:31+00:00,/api/v1/doc/document/draft-ietf-ldapbis-roadmap/,/api/v1/doc/document/draft-ietf-ldapbis-roadmap/,0,draft-ietf-ldapbis-roadmap,08,2022-11-02 07:15:00+00:00,,2002-02-25 08:00:00+00:00,2002-02-25 08:00:00+00:00,docevent,2006
/api/v1/doc/document/rfc4513/,4513,rfc4513,Lightweight Directory Access Protocol (LDAP): Authentication Methods and Security Mechanisms,2006-06-08 23:54:08+00:00,/api/v1/doc/document/draft-ietf-ldapbis-authmeth/,/api/v1/doc/document/draft-ietf-ldapbis-authmeth/,0,draft-ietf-ldapbis-authmeth,19,2022-11-02 07:15:00+00:00,,2001-02-21 08:00:00+00:00,2001-02-21 08:00:00+00:00,docevent,2006
/api/v1/doc/document/rfc4514/,4514,rfc4514,Lightweight Directory Access Protocol (LDAP): String Representation of Distinguished Names,2006-06-08 23:54:41+00:00,/api/v1/doc/document/draft-ietf-ldapbis-dn/,/api/v1/doc/document/draft-ietf-ldapbis-dn/,0,draft-ietf-ldapbis-dn,16,2022-11-02 07:15:00+00:00,,2000-12-20 08:00:00+00:00,2000-12-20 08:00:00+00:00,docevent,2006
/api/v1/doc/document/rfc4517/,4517,rfc4517,Lightweight Directory Access Protocol (LDAP): Syntaxes and Matching Rules,2006-06-08 23:55:16+00:00,/api/v1/doc/document/draft-ietf-ldapbis-syntaxes/,/api/v1/doc/document/draft-ietf-ldapbis-syntaxes/,0,draft-ietf-ldapbis-syntaxes,11,2020-01-21 08:27:09+00:00,,2001-06-20 07:00:00+00:00,2001-06-20 07:00:00+00:00,docevent,2006
/api/v1/doc/document/rfc4515/,4515,rfc4515,Lightweight Directory Access Protocol (LDAP): String Representation of Search Filters,2006-06-08 23:55:44+00:00,/api/v1/doc/document/draft-ietf-ldapbis-filter/,/api/v1/doc/document/draft-ietf-ldapbis-filter/,0,draft-ietf-ldapbis-filter,09,2015-10-14 20:50:10+00:00,,2001-02-21 08:00:00+00:00,2001-02-21 08:00:00+00:00,docevent,2006
/api/v1/doc/document/rfc4516/,4516,rfc4516,Lightweight Directory Access Protocol (LDAP): Uniform Resource Locator,2006-06-08 23:56:08+00:00,/api/v1/doc/document/draft-ietf-ldapbis-url/,/api/v1/doc/document/draft-ietf-ldapbis-url/,0,draft-ietf-ldapbis-url,09,2015-10-14 20:50:11+00:00,,2001-02-22 08:00:00+00:00,2001-02-22 08:00:00+00:00,docevent,2006
/api/v1/doc/document/rfc4518/,4518,rfc4518,Lightweight Directory Access Protocol (LDAP): Internationalized String Preparation,2006-06-08 23:56:35+00:00,/api/v1/doc/document/draft-ietf-ldapbis-strprep/,/api/v1/doc/document/draft-ietf-ldapbis-strprep/,0,draft-ietf-ldapbis-strprep,07,2020-01-21 08:27:09+00:00,,2003-05-27 07:00:00+00:00,2003-05-27 07:00:00+00:00,docevent,2006
/api/v1/doc/document/rfc4519/,4519,rfc4519,Lightweight Directory Access Protocol (LDAP): Schema for User Applications,2006-06-08 23:56:50+00:00,/api/v1/doc/document/draft-ietf-ldapbis-user-schema/,/api/v1/doc/document/draft-ietf-ldapbis-user-schema/,0,draft-ietf-ldapbis-user-schema,11,2022-11-01 07:14:53+00:00,,2001-04-06 07:00:00+00:00,2001-04-06 07:00:00+00:00,docevent,2006
/api/v1/doc/document/rfc4512/,4512,rfc4512,Lightweight Directory Access Protocol (LDAP): Directory Information Models,2006-06-08 23:57:12+00:00,/api/v1/doc/document/draft-ietf-ldapbis-models/,/api/v1/doc/document/draft-ietf-ldapbis-models/,0,draft-ietf-ldapbis-models,14,2022-11-02 07:15:00+00:00,,2002-02-25 08:00:00+00:00,2002-02-25 08:00:00+00:00,docevent,2006
/api/v1/doc/document/rfc4520/,4520,rfc4520,Internet Assigned Numbers Authority (IANA) Considerations for the Lightweight Directory Access Protocol (LDAP),2006-06-09 00:25:00+00:00,/api/v1/doc/document/draft-ietf-ldapbis-bcp64/,/api/v1/doc/document/draft-ietf-ldapbis-bcp64/,0,draft-ietf-ldapbis-bcp64,07,2022-11-01 07:14:54+00:00,,2003-06-23 07:00:00+00:00,2003-06-23 07:00:00+00:00,docevent,2006
/api/v1/doc/document/rfc4522/,4522,rfc4522,Lightweight Directory Access Protocol (LDAP): The Binary Encoding Option,2006-06-09 00:25:50+00:00,/api/v1/doc/document/draft-legg-ldap-binary/,/api/v1/doc/document/draft-legg-ldap-binary/,0,draft-legg-ldap-binary,04,2013-03-02 16:58:44+00:00,,2003-06-19 07:00:00+00:00,2003-06-19 07:00:00+00:00,docevent,2006
/api/v1/doc/document/rfc4523/,4523,rfc4523,Lightweight Directory Access Protocol (LDAP) Schema Definitions for X.509 Certificates,2006-06-09 00:26:08+00:00,/api/v1/doc/document/draft-zeilenga-ldap-x509/,/api/v1/doc/document/draft-zeilenga-ldap-x509/,0,draft-zeilenga-ldap-x509,02,2020-01-21 08:27:11+00:00,,2004-10-19 07:00:00+00:00,2004-10-19 07:00:00+00:00,docevent,2006
/api/v1/doc/document/rfc4525/,4525,rfc4525,Lightweight Directory Access Protocol (LDAP) Modify-Increment Extension,2006-06-09 00:26:27+00:00,/api/v1/doc/document/draft-zeilenga-ldap-incr/,/api/v1/doc/document/draft-zeilenga-ldap-incr/,0,draft-zeilenga-ldap-incr,01,2015-10-14 20:51:09+00:00,,2004-10-19 07:00:00+00:00,2004-10-19 07:00:00+00:00,docevent,2006
/api/v1/doc/document/rfc4521/,4521,rfc4521,Considerations for Lightweight Directory Access Protocol (LDAP) Extensions,2006-06-09 00:26:41+00:00,/api/v1/doc/document/draft-zeilenga-ldap-ext/,/api/v1/doc/document/draft-zeilenga-ldap-ext/,0,draft-zeilenga-ldap-ext,10,2022-11-01 07:14:54+00:00,,2001-11-19 08:00:00+00:00,2001-11-19 08:00:00+00:00,docevent,2006
/api/v1/doc/document/rfc4524/,4524,rfc4524,COSINE LDAP/X.500 Schema,2006-06-09 00:31:19+00:00,/api/v1/doc/document/draft-zeilenga-ldap-cosine/,/api/v1/doc/document/draft-zeilenga-ldap-cosine/,0,draft-zeilenga-ldap-cosine,02,2022-11-01 07:14:54+00:00,,2005-04-05 07:00:00+00:00,2005-04-05 07:00:00+00:00,docevent,2006
/api/v1/doc/document/rfc4528/,4528,rfc4528,Lightweight Directory Access Protocol (LDAP) Assertion Control,2006-06-09 00:54:34+00:00,/api/v1/doc/document/draft-zeilenga-ldap-assert/,/api/v1/doc/document/draft-zeilenga-ldap-assert/,0,draft-zeilenga-ldap-assert,05,2022-11-01 07:14:54+00:00,,2003-05-12 07:00:00+00:00,2003-05-12 07:00:00+00:00,docevent,2006
/api/v1/doc/document/rfc4529/,4529,rfc4529,Requesting Attributes by Object Class in the Lightweight Directory Access Protocol,2006-06-09 00:56:11+00:00,/api/v1/doc/document/draft-zeilenga-ldap-adlist/,/api/v1/doc/document/draft-zeilenga-ldap-adlist/,0,draft-zeilenga-ldap-adlist,11,2022-11-01 07:14:55+00:00,,2002-02-13 08:00:00+00:00,2002-02-13 08:00:00+00:00,docevent,2006
/api/v1/doc/document/rfc4527/,4527,rfc4527,Lightweight Directory Access Protocol (LDAP) Read Entry Controls,2006-06-09 00:56:49+00:00,/api/v1/doc/document/draft-zeilenga-ldap-readentry/,/api/v1/doc/document/draft-zeilenga-ldap-readentry/,0,draft-zeilenga-ldap-readentry,04,2022-11-01 07:14:54+00:00,,2003-06-23 07:00:00+00:00,2003-06-23 07:00:00+00:00,docevent,2006
/api/v1/doc/document/rfc4530/,4530,rfc4530,Lightweight Directory Access Protocol (LDAP) entryUUID Operational Attribute,2006-06-09 00:57:40+00:00,/api/v1/doc/document/draft-zeilenga-ldap-uuid/,/api/v1/doc/document/draft-zeilenga-ldap-uuid/,0,draft-zeilenga-ldap-uuid,06,2013-03-02 16:58:44+00:00,,2003-05-12 07:00:00+00:00,2003-05-12 07:00:00+00:00,docevent,2006
/api/v1/doc/document/rfc4531/,4531,rfc4531,Lightweight Directory Access Protocol (LDAP) Turn Operation,2006-06-09 00:57:54+00:00,/api/v1/doc/document/draft-zeilenga-ldap-turn/,/api/v1/doc/document/draft-zeilenga-ldap-turn/,0,draft-zeilenga-ldap-turn,03,2015-10-14 20:51:00+00:00,,2004-06-25 07:00:00+00:00,2004-06-25 07:00:00+00:00,docevent,2006
/api/v1/doc/document/rfc4532/,4532,rfc4532,"Lightweight Directory Access Protocol (LDAP) ""Who am I?"" Operation",2006-06-09 00:58:08+00:00,/api/v1/doc/document/draft-zeilenga-ldap-authzid/,/api/v1/doc/document/draft-zeilenga-ldap-authzid/,0,draft-zeilenga-ldap-authzid,10,2020-01-21 08:27:12+00:00,,2001-11-14 08:00:00+00:00,2001-11-14 08:00:00+00:00,docevent,2006
/api/v1/doc/document/rfc4533/,4533,rfc4533,The Lightweight Directory Access Protocol (LDAP) Content Synchronization Operation,2006-06-09 00:58:26+00:00,/api/v1/doc/document/draft-zeilenga-ldup-sync/,/api/v1/doc/document/draft-zeilenga-ldup-sync/,0,draft-zeilenga-ldup-sync,06,2013-03-02 16:58:44+00:00,,2002-10-30 08:00:00+00:00,2002-10-30 08:00:00+00:00,docevent,2006
/api/v1/doc/document/rfc4526/,4526,rfc4526,Lightweight Directory Access Protocol (LDAP) Absolute True and False Filters,2006-06-09 01:04:24+00:00,/api/v1/doc/document/draft-zeilenga-ldap-t-f/,/api/v1/doc/document/draft-zeilenga-ldap-t-f/,0,draft-zeilenga-ldap-t-f,10,2022-11-01 07:14:54+00:00,,2002-02-13 08:00:00+00:00,2002-02-13 08:00:00+00:00,docevent,2006
/api/v1/doc/document/rfc4555/,4555,rfc4555,IKEv2 Mobility and Multihoming Protocol (MOBIKE),2006-06-10 00:47:21+00:00,/api/v1/doc/document/draft-ietf-mobike-protocol/,/api/v1/doc/document/draft-eronen-mobike-mopo/,1,draft-eronen-mobike-mopo,02,2008-12-01 08:00:00+00:00,,2004-07-12 07:00:00+00:00,2004-07-12 07:00:00+00:00,docevent,2006
/api/v1/doc/document/rfc4555/,4555,rfc4555,IKEv2 Mobility and Multihoming Protocol (MOBIKE),2006-06-10 00:47:21+00:00,/api/v1/doc/document/draft-ietf-mobike-protocol/,/api/v1/doc/document/draft-eronen-mobike-simple/,1,draft-eronen-mobike-simple,00,2008-12-01 08:00:00+00:00,,2004-06-24 07:00:00+00:00,2004-06-24 07:00:00+00:00,docevent,2006
/api/v1/doc/document/rfc4555/,4555,rfc4555,IKEv2 Mobility and Multihoming Protocol (MOBIKE),2006-06-10 00:47:21+00:00,/api/v1/doc/document/draft-ietf-mobike-protocol/,/api/v1/doc/document/draft-kivinen-mobike-protocol/,1,draft-kivinen-mobike-protocol,00,2008-12-01 08:00:00+00:00,,2004-03-10 08:00:00+00:00,2004-03-10 08:00:00+00:00,docevent,2006
/api/v1/doc/document/rfc4555/,4555,rfc4555,IKEv2 Mobility and Multihoming Protocol (MOBIKE),2006-06-10 00:47:21+00:00,/api/v1/doc/document/draft-ietf-mobike-protocol/,/api/v1/doc/document/draft-ietf-mobike-protocol/,0,draft-ietf-mobike-protocol,08,2015-10-14 20:51:01+00:00,,2005-06-29 07:00:00+00:00,2005-06-29 07:00:00+00:00,docevent,2006
/api/v1/doc/document/rfc4538/,4538,rfc4538,Request Authorization through Dialog Identification in the Session Initiation Protocol (SIP),2006-06-14 18:25:48+00:00,/api/v1/doc/document/draft-ietf-sip-target-dialog/,/api/v1/doc/document/draft-ietf-sip-target-dialog/,0,draft-ietf-sip-target-dialog,03,2015-10-14 20:51:15+00:00,,2005-04-04 07:00:00+00:00,2005-04-04 07:00:00+00:00,docevent,2006
/api/v1/doc/document/rfc4562/,4562,rfc4562,MAC-Forced Forwarding: A Method for Subscriber Separation on an Ethernet Access Network,2006-06-14 18:26:22+00:00,/api/v1/doc/document/draft-melsen-mac-forced-fwd/,/api/v1/doc/document/draft-melsen-mac-forced-fwd/,0,draft-melsen-mac-forced-fwd,04,2018-12-20 08:21:11+00:00,,2004-01-16 08:00:00+00:00,2004-01-16 08:00:00+00:00,docevent,2006
/api/v1/doc/document/rfc4552/,4552,rfc4552,Authentication/Confidentiality for OSPFv3,2006-06-14 18:26:39+00:00,/api/v1/doc/document/draft-ietf-ospf-ospfv3-auth/,/api/v1/doc/document/draft-ietf-ospf-ospfv3-auth/,0,draft-ietf-ospf-ospfv3-auth,08,2020-07-29 07:30:34+00:00,,2002-12-09 08:00:00+00:00,2002-12-09 08:00:00+00:00,docevent,2006
/api/v1/doc/document/rfc4449/,4449,rfc4449,Securing Mobile IPv6 Route Optimization Using a Static Shared Key,2006-06-16 00:41:22+00:00,/api/v1/doc/document/draft-ietf-mip6-precfgkbm/,/api/v1/doc/document/draft-ietf-mip6-precfgkbm/,0,draft-ietf-mip6-precfgkbm,04,2015-10-14 20:51:02+00:00,,2004-04-22 07:00:00+00:00,2004-04-22 07:00:00+00:00,docevent,2006
/api/v1/doc/document/rfc4551/,4551,rfc4551,IMAP Extension for Conditional STORE Operation or Quick Flag Changes Resynchronization,2006-06-16 00:41:58+00:00,/api/v1/doc/document/draft-ietf-imapext-condstore/,/api/v1/doc/document/draft-melnikov-imap-condstore/,1,draft-melnikov-imap-condstore,09,2012-08-16 19:25:10+00:00,,2001-07-03 07:00:00+00:00,2001-07-03 07:00:00+00:00,docevent,2006
/api/v1/doc/document/rfc4551/,4551,rfc4551,IMAP Extension for Conditional STORE Operation or Quick Flag Changes Resynchronization,2006-06-16 00:41:58+00:00,/api/v1/doc/document/draft-ietf-imapext-condstore/,/api/v1/doc/document/draft-ietf-imapext-condstore/,0,draft-ietf-imapext-condstore,09,2020-01-21 08:27:14+00:00,,2003-03-28 08:00:00+00:00,2003-03-28 08:00:00+00:00,docevent,2006
/api/v1/doc/document/rfc4553/,4553,rfc4553,Structure-Agnostic Time Division Multiplexing (TDM) over Packet (SAToP),2006-06-16 00:42:31+00:00,/api/v1/doc/document/draft-ietf-pwe3-satop/,/api/v1/doc/document/draft-ietf-pwe3-satop/,0,draft-ietf-pwe3-satop,05,2020-07-29 07:30:35+00:00,,2003-10-08 07:00:00+00:00,2003-10-08 07:00:00+00:00,docevent,2006
/api/v1/doc/document/rfc4558/,4558,rfc4558,Node-ID Based Resource Reservation Protocol (RSVP) Hello: A Clarification Statement,2006-06-16 00:43:24+00:00,/api/v1/doc/document/draft-ietf-ccamp-rsvp-node-id-based-hello/,/api/v1/doc/document/draft-ali-ccamp-rsvp-node-id-based-hello/,1,draft-ali-ccamp-rsvp-node-id-based-hello,01,2010-01-11 08:00:00+00:00,,2004-02-06 08:00:00+00:00,2004-02-06 08:00:00+00:00,docevent,2006
/api/v1/doc/document/rfc4558/,4558,rfc4558,Node-ID Based Resource Reservation Protocol (RSVP) Hello: A Clarification Statement,2006-06-16 00:43:24+00:00,/api/v1/doc/document/draft-ietf-ccamp-rsvp-node-id-based-hello/,/api/v1/doc/document/draft-ietf-ccamp-rsvp-node-id-based-hello/,0,draft-ietf-ccamp-rsvp-node-id-based-hello,03,2015-10-14 20:50:59+00:00,,2004-04-26 07:00:00+00:00,2004-04-26 07:00:00+00:00,docevent,2006
/api/v1/doc/document/rfc4561/,4561,rfc4561,Definition of a Record Route Object (RRO) Node-Id Sub-Object,2006-06-16 00:43:53+00:00,/api/v1/doc/document/draft-ietf-mpls-nodeid-subobject/,/api/v1/doc/document/draft-ietf-mpls-nodeid-subobject/,0,draft-ietf-mpls-nodeid-subobject,07,2023-11-13 08:16:04+00:00,,2003-04-18 07:00:00+00:00,2003-04-18 07:00:00+00:00,docevent,2006
/api/v1/doc/document/rfc4549/,4549,rfc4549,Synchronization Operations for Disconnected IMAP4 Clients,2006-06-16 00:44:28+00:00,/api/v1/doc/document/draft-melnikov-imap-disc/,/api/v1/doc/document/draft-melnikov-imap-disc/,0,draft-melnikov-imap-disc,06,2018-12-20 08:21:08+00:00,,2002-06-21 07:00:00+00:00,2002-06-21 07:00:00+00:00,docevent,2006
/api/v1/doc/document/rfc4550/,4550,rfc4550,Internet Email to Support Diverse Service Environments (Lemonade) Profile,2006-06-16 00:45:14+00:00,/api/v1/doc/document/draft-ietf-lemonade-profile/,/api/v1/doc/document/draft-ietf-lemonade-profile/,0,draft-ietf-lemonade-profile,07,2020-01-21 08:27:14+00:00,,2004-07-13 07:00:00+00:00,2004-07-13 07:00:00+00:00,docevent,2006
/api/v1/doc/document/rfc4465/,4465,rfc4465,Signaling Compression (SigComp) Torture Tests,2006-06-26 19:11:18+00:00,/api/v1/doc/document/draft-ietf-rohc-sigcomp-torture-tests/,/api/v1/doc/document/draft-ietf-rohc-sigcomp-torture-tests/,0,draft-ietf-rohc-sigcomp-torture-tests,03,2013-03-02 16:58:40+00:00,,2005-02-15 08:00:00+00:00,2005-02-15 08:00:00+00:00,docevent,2006
/api/v1/doc/document/rfc4534/,4534,rfc4534,Group Security Policy Token v1,2006-06-26 19:12:28+00:00,/api/v1/doc/document/draft-ietf-msec-policy-token-sec/,/api/v1/doc/document/draft-ietf-msec-policy-token-sec/,0,draft-ietf-msec-policy-token-sec,06,2020-01-21 08:27:12+00:00,,2004-06-24 07:00:00+00:00,2004-06-24 07:00:00+00:00,docevent,2006
/api/v1/doc/document/rfc4535/,4535,rfc4535,GSAKMP: Group Secure Association Key Management Protocol,2006-06-26 19:15:04+00:00,/api/v1/doc/document/draft-ietf-msec-gsakmp-sec/,/api/v1/doc/document/draft-ietf-msec-gsakmp-sec/,0,draft-ietf-msec-gsakmp-sec,10,2013-03-02 16:58:44+00:00,,2001-03-22 08:00:00+00:00,2001-03-22 08:00:00+00:00,docevent,2006
/api/v1/doc/document/rfc4546/,4546,rfc4546,Radio Frequency (RF) Interface Management Information Base for Data over Cable Service Interface Specifications (DOCSIS) 2.0 Compliant RF Interfaces,2006-06-26 19:15:46+00:00,/api/v1/doc/document/draft-ietf-ipcdn-docs-rfmibv2/,/api/v1/doc/document/draft-ietf-ipcdn-docs-rfmibv2/,0,draft-ietf-ipcdn-docs-rfmibv2,14,2015-10-14 20:50:12+00:00,,2001-02-27 08:00:00+00:00,2001-02-27 08:00:00+00:00,docevent,2006
/api/v1/doc/document/rfc4554/,4554,rfc4554,Use of VLANs for IPv4-IPv6 Coexistence in Enterprise Networks,2006-06-26 19:16:15+00:00,/api/v1/doc/document/draft-ietf-v6ops-vlan-usage/,/api/v1/doc/document/draft-ietf-v6ops-vlan-usage/,0,draft-ietf-v6ops-vlan-usage,01,2015-10-14 20:51:20+00:00,,2005-07-12 07:00:00+00:00,2005-07-12 07:00:00+00:00,docevent,2006
/api/v1/doc/document/rfc4576/,4576,rfc4576,Using a Link State Advertisement (LSA) Options Bit to Prevent Looping in BGP/MPLS IP Virtual Private Networks (VPNs),2006-06-26 19:16:50+00:00,/api/v1/doc/document/draft-ietf-ospf-2547-dnbit/,/api/v1/doc/document/draft-ietf-ospf-2547-dnbit/,0,draft-ietf-ospf-2547-dnbit,04,2015-10-14 20:50:48+00:00,,2003-06-23 07:00:00+00:00,2003-06-23 07:00:00+00:00,docevent,2006
/api/v1/doc/document/rfc4577/,4577,rfc4577,OSPF as the Provider/Customer Edge Protocol for BGP/MPLS IP Virtual Private Networks (VPNs),2006-06-26 19:17:29+00:00,/api/v1/doc/document/draft-ietf-l3vpn-ospf-2547/,/api/v1/doc/document/draft-ietf-l3vpn-ospf-2547/,0,draft-ietf-l3vpn-ospf-2547,06,2020-01-21 08:27:17+00:00,,2003-07-23 07:00:00+00:00,2003-07-23 07:00:00+00:00,docevent,2006
/api/v1/doc/document/rfc4580/,4580,rfc4580,Dynamic Host Configuration Protocol for IPv6 (DHCPv6) Relay Agent Subscriber-ID Option,2006-06-26 19:17:59+00:00,/api/v1/doc/document/draft-ietf-dhc-dhcpv6-subid/,/api/v1/doc/document/draft-ietf-dhc-dhcpv6-subid/,0,draft-ietf-dhc-dhcpv6-subid,01,2013-03-02 16:58:47+00:00,,2005-04-07 07:00:00+00:00,2005-04-07 07:00:00+00:00,docevent,2006
/api/v1/doc/document/rfc4559/,4559,rfc4559,SPNEGO-based Kerberos and NTLM HTTP Authentication in Microsoft Windows,2006-06-30 22:49:34+00:00,/api/v1/doc/document/draft-jaganathan-kerberos-http/,/api/v1/doc/document/draft-jaganathan-kerberos-http/,0,draft-jaganathan-kerberos-http,01,2020-01-21 08:27:14+00:00,,2005-06-24 07:00:00+00:00,2005-06-24 07:00:00+00:00,docevent,2006
/api/v1/doc/document/rfc4563/,4563,rfc4563,The Key ID Information Type for the General Extension Payload in Multimedia Internet KEYing (MIKEY),2006-06-30 22:50:34+00:00,/api/v1/doc/document/draft-ietf-msec-newtype-keyid/,/api/v1/doc/document/draft-carrara-newtype-keyid/,1,draft-carrara-newtype-keyid,00,2010-04-08 07:00:00+00:00,,2004-10-21 07:00:00+00:00,2004-10-21 07:00:00+00:00,docevent,2006
/api/v1/doc/document/rfc4563/,4563,rfc4563,The Key ID Information Type for the General Extension Payload in Multimedia Internet KEYing (MIKEY),2006-06-30 22:50:34+00:00,/api/v1/doc/document/draft-ietf-msec-newtype-keyid/,/api/v1/doc/document/draft-ietf-msec-newtype-keyid/,0,draft-ietf-msec-newtype-keyid,05,2013-03-02 16:58:46+00:00,,2004-12-15 08:00:00+00:00,2004-12-15 08:00:00+00:00,docevent,2006
/api/v1/doc/document/rfc4557/,4557,rfc4557,Online Certificate Status Protocol (OCSP) Support for Public Key Cryptography for Initial Authentication in Kerberos (PKINIT),2006-06-30 22:51:14+00:00,/api/v1/doc/document/draft-ietf-krb-wg-ocsp-for-pkinit/,/api/v1/doc/document/draft-ietf-krb-wg-ocsp-for-pkinit/,0,draft-ietf-krb-wg-ocsp-for-pkinit,06,2015-10-14 20:51:06+00:00,,2004-08-11 07:00:00+00:00,2004-08-11 07:00:00+00:00,docevent,2006
/api/v1/doc/document/rfc4547/,4547,rfc4547,Event Notification Management Information Base for Data over Cable Service Interface Specifications (DOCSIS)-Compliant Cable Modems and Cable Modem Termination Systems,2006-06-30 22:51:51+00:00,/api/v1/doc/document/draft-ietf-ipcdn-docsisevent-mib/,/api/v1/doc/document/draft-ietf-ipcdn-docsisevent-mib/,0,draft-ietf-ipcdn-docsisevent-mib,06,2018-12-20 08:21:08+00:00,,2000-11-21 08:00:00+00:00,2000-11-21 08:00:00+00:00,docevent,2006
/api/v1/doc/document/rfc4556/,4556,rfc4556,Public Key Cryptography for Initial Authentication in Kerberos (PKINIT),2006-06-30 22:54:44+00:00,/api/v1/doc/document/draft-ietf-cat-kerberos-pk-init/,/api/v1/doc/document/draft-ietf-cat-kerberos-pk-init/,0,draft-ietf-cat-kerberos-pk-init,34,2015-10-14 20:49:50+00:00,,1996-06-10 07:00:01+00:00,1996-06-10 07:00:01+00:00,docevent,2006
/api/v1/doc/document/rfc4494/,4494,rfc4494,The AES-CMAC-96 Algorithm and Its Use with IPsec,2006-06-30 22:57:17+00:00,/api/v1/doc/document/draft-songlee-aes-cmac-96/,/api/v1/doc/document/draft-songlee-aes-cmac-96/,0,draft-songlee-aes-cmac-96,04,2015-10-14 20:51:16+00:00,,2005-05-18 07:00:00+00:00,2005-05-18 07:00:00+00:00,docevent,2006
/api/v1/doc/document/rfc4493/,4493,rfc4493,The AES-CMAC Algorithm,2006-06-30 22:58:31+00:00,/api/v1/doc/document/draft-songlee-aes-cmac/,/api/v1/doc/document/draft-songlee-aes-cmac/,0,draft-songlee-aes-cmac,03,2015-10-14 20:51:17+00:00,,2005-05-24 07:00:00+00:00,2005-05-24 07:00:00+00:00,docevent,2006
/api/v1/doc/document/rfc4560/,4560,rfc4560,"Definitions of Managed Objects for Remote Ping, Traceroute, and Lookup Operations",2006-06-30 23:02:00+00:00,/api/v1/doc/document/draft-ietf-disman-remops-mib-v2/,/api/v1/doc/document/draft-ietf-disman-remops-mib-v2/,0,draft-ietf-disman-remops-mib-v2,09,2018-12-20 08:21:11+00:00,,2003-06-20 07:00:00+00:00,2003-06-20 07:00:00+00:00,docevent,2006
/api/v1/doc/document/rfc4589/,4589,rfc4589,Location Types Registry,2006-07-03 23:53:54+00:00,/api/v1/doc/document/draft-ietf-geopriv-location-types-registry/,/api/v1/doc/document/draft-ietf-geopriv-location-types-registry/,0,draft-ietf-geopriv-location-types-registry,06,2013-03-02 16:58:48+00:00,,2004-11-30 08:00:00+00:00,2004-11-30 08:00:00+00:00,docevent,2006
/api/v1/doc/document/rfc4479/,4479,rfc4479,A Data Model for Presence,2006-07-03 23:54:18+00:00,/api/v1/doc/document/draft-ietf-simple-presence-data-model/,/api/v1/doc/document/draft-ietf-simple-presence-data-model/,0,draft-ietf-simple-presence-data-model,07,2015-10-14 20:51:07+00:00,,2004-09-29 07:00:00+00:00,2004-09-29 07:00:00+00:00,docevent,2006
/api/v1/doc/document/rfc4482/,4482,rfc4482,CIPID: Contact Information for the Presence Information Data Format,2006-07-03 23:54:59+00:00,/api/v1/doc/document/draft-ietf-simple-cipid/,/api/v1/doc/document/draft-ietf-simple-cipid/,0,draft-ietf-simple-cipid,07,2015-10-14 20:51:00+00:00,,2004-02-10 08:00:00+00:00,2004-02-10 08:00:00+00:00,docevent,2006
/api/v1/doc/document/rfc4481/,4481,rfc4481,Timed Presence Extensions to the Presence Information Data Format (PIDF) to Indicate Status Information for Past and Future Time Intervals,2006-07-03 23:55:41+00:00,/api/v1/doc/document/draft-ietf-simple-future/,/api/v1/doc/document/draft-ietf-simple-future/,0,draft-ietf-simple-future,05,2015-10-14 20:51:00+00:00,,2004-02-10 08:00:00+00:00,2004-02-10 08:00:00+00:00,docevent,2006
/api/v1/doc/document/rfc4480/,4480,rfc4480,RPID: Rich Presence Extensions to the Presence Information Data Format (PIDF),2006-07-03 23:56:17+00:00,/api/v1/doc/document/draft-ietf-simple-rpid/,/api/v1/doc/document/draft-ietf-simple-rpids/,1,draft-ietf-simple-rpids,01,2003-07-02 07:00:00+00:00,,2003-06-24 07:00:00+00:00,2003-06-24 07:00:00+00:00,docevent,2006
/api/v1/doc/document/rfc4480/,4480,rfc4480,RPID: Rich Presence Extensions to the Presence Information Data Format (PIDF),2006-07-03 23:56:17+00:00,/api/v1/doc/document/draft-ietf-simple-rpid/,/api/v1/doc/document/draft-ietf-simple-rpid/,0,draft-ietf-simple-rpid,10,2020-01-21 08:27:07+00:00,,2003-07-31 07:00:00+00:00,2003-07-31 07:00:00+00:00,docevent,2006
/api/v1/doc/document/rfc4590/,4590,rfc4590,RADIUS Extension for Digest Authentication,2006-07-09 18:30:06+00:00,/api/v1/doc/document/draft-ietf-radext-digest-auth/,/api/v1/doc/document/draft-ietf-radext-digest-auth/,0,draft-ietf-radext-digest-auth,09,2020-07-29 07:30:36+00:00,,2004-12-09 08:00:00+00:00,2004-12-09 08:00:00+00:00,docevent,2006
/api/v1/doc/document/rfc4564/,4564,rfc4564,Objectives for Control and Provisioning of Wireless Access Points (CAPWAP),2006-07-14 22:01:12+00:00,/api/v1/doc/document/draft-ietf-capwap-objectives/,/api/v1/doc/document/draft-ietf-capwap-objectives/,0,draft-ietf-capwap-objectives,04,2015-10-14 20:51:11+00:00,,2004-12-10 08:00:00+00:00,2004-12-10 08:00:00+00:00,docevent,2006
/api/v1/doc/document/rfc4565/,4565,rfc4565,Evaluation of Candidate Control and Provisioning of Wireless Access Points (CAPWAP) Protocols,2006-07-14 22:01:17+00:00,/api/v1/doc/document/draft-ietf-capwap-eval/,/api/v1/doc/document/draft-ietf-capwap-eval/,0,draft-ietf-capwap-eval,00,2022-12-08 23:25:58+00:00,,2005-09-15 07:00:00+00:00,2005-09-15 07:00:00+00:00,docevent,2006
/api/v1/doc/document/rfc4584/,4584,rfc4584,Extension to Sockets API for Mobile IPv6,2006-07-14 22:01:23+00:00,/api/v1/doc/document/draft-ietf-mip6-mipext-advapi/,/api/v1/doc/document/draft-ietf-mip6-mipext-advapi/,0,draft-ietf-mip6-mipext-advapi,07,2020-01-21 08:27:18+00:00,,2004-02-11 08:00:00+00:00,2004-02-11 08:00:00+00:00,docevent,2006
/api/v1/doc/document/rfc4536/,4536,rfc4536,The application/smil and application/smil+xml Media Types,2006-07-19 18:01:34+00:00,/api/v1/doc/document/draft-hoschka-smil-media-type/,/api/v1/doc/document/draft-hoschka-smil-media-type/,0,draft-hoschka-smil-media-type,13,2015-10-14 20:49:53+00:00,,1998-04-27 07:00:00+00:00,1998-04-27 07:00:00+00:00,docevent,2006
/api/v1/doc/document/rfc4566/,4566,rfc4566,SDP: Session Description Protocol,2006-07-19 18:01:44+00:00,/api/v1/doc/document/draft-ietf-mmusic-sdp-new/,/api/v1/doc/document/draft-ietf-mmusic-sdp-new/,0,draft-ietf-mmusic-sdp-new,26,2020-01-21 08:27:15+00:00,,2000-11-21 08:00:00+00:00,2000-11-21 08:00:00+00:00,docevent,2006
/api/v1/doc/document/rfc4567/,4567,rfc4567,Key Management Extensions for Session Description Protocol (SDP) and Real Time Streaming Protocol (RTSP),2006-07-19 18:01:52+00:00,/api/v1/doc/document/draft-ietf-mmusic-kmgmt-ext/,/api/v1/doc/document/draft-ietf-mmusic-kmgmt-ext/,0,draft-ietf-mmusic-kmgmt-ext,15,2020-01-21 08:27:16+00:00,,2001-11-12 08:00:00+00:00,2001-11-12 08:00:00+00:00,docevent,2006
/api/v1/doc/document/rfc4568/,4568,rfc4568,Session Description Protocol (SDP) Security Descriptions for Media Streams,2006-07-19 18:01:59+00:00,/api/v1/doc/document/draft-ietf-mmusic-sdescriptions/,/api/v1/doc/document/draft-ietf-mmusic-sdescriptions/,0,draft-ietf-mmusic-sdescriptions,12,2020-09-18 07:25:19+00:00,,2003-02-25 08:00:00+00:00,2003-02-25 08:00:00+00:00,docevent,2006
/api/v1/doc/document/rfc4569/,4569,rfc4569,Internet Assigned Number Authority (IANA) Registration of the Message Media Feature Tag,2006-07-19 18:02:06+00:00,/api/v1/doc/document/draft-ietf-sipping-message-tag/,/api/v1/doc/document/draft-ietf-sipping-message-tag/,0,draft-ietf-sipping-message-tag,00,2015-10-14 20:51:21+00:00,,2005-09-05 07:00:00+00:00,2005-09-05 07:00:00+00:00,docevent,2006
/api/v1/doc/document/rfc4570/,4570,rfc4570,Session Description Protocol (SDP) Source Filters,2006-07-19 18:02:13+00:00,/api/v1/doc/document/draft-ietf-mmusic-sdp-srcfilter/,/api/v1/doc/document/draft-ietf-mmusic-sdp-srcfilter/,0,draft-ietf-mmusic-sdp-srcfilter,10,2013-03-02 16:58:46+00:00,,2000-05-04 07:00:00+00:00,2000-05-04 07:00:00+00:00,docevent,2006
/api/v1/doc/document/rfc4571/,4571,rfc4571,Framing Real-time Transport Protocol (RTP) and RTP Control Protocol (RTCP) Packets over Connection-Oriented Transport,2006-07-19 18:02:19+00:00,/api/v1/doc/document/draft-ietf-avt-rtp-framing-contrans/,/api/v1/doc/document/draft-lazzaro-avt-rtp-framing-contrans/,1,draft-lazzaro-avt-rtp-framing-contrans,02,2009-02-24 08:00:00+00:00,,2003-01-17 08:00:00+00:00,2003-01-17 08:00:00+00:00,docevent,2006
/api/v1/doc/document/rfc4571/,4571,rfc4571,Framing Real-time Transport Protocol (RTP) and RTP Control Protocol (RTCP) Packets over Connection-Oriented Transport,2006-07-19 18:02:19+00:00,/api/v1/doc/document/draft-ietf-avt-rtp-framing-contrans/,/api/v1/doc/document/draft-ietf-avt-rtp-framing-contrans/,0,draft-ietf-avt-rtp-framing-contrans,06,2013-03-02 16:58:47+00:00,,2003-11-19 08:00:00+00:00,2003-11-19 08:00:00+00:00,docevent,2006
/api/v1/doc/document/rfc4572/,4572,rfc4572,Connection-Oriented Media Transport over the Transport Layer Security (TLS) Protocol in the Session Description Protocol (SDP),2006-07-19 18:02:24+00:00,/api/v1/doc/document/draft-ietf-mmusic-comedia-tls/,/api/v1/doc/document/draft-ietf-mmusic-comedia-tls/,0,draft-ietf-mmusic-comedia-tls,06,2018-12-20 08:21:12+00:00,,2004-04-28 07:00:00+00:00,2004-04-28 07:00:00+00:00,docevent,2006
/api/v1/doc/document/rfc4573/,4573,rfc4573,MIME Type Registration for RTP Payload Format for H.224,2006-07-19 18:02:32+00:00,/api/v1/doc/document/draft-ietf-avt-mime-h224/,/api/v1/doc/document/draft-ietf-avt-mime-h224/,0,draft-ietf-avt-mime-h224,05,2013-03-02 16:58:47+00:00,,2004-12-13 08:00:00+00:00,2004-12-13 08:00:00+00:00,docevent,2006
/api/v1/doc/document/rfc4585/,4585,rfc4585,Extended RTP Profile for Real-time Transport Control Protocol (RTCP)-Based Feedback (RTP/AVPF),2006-07-19 18:02:38+00:00,/api/v1/doc/document/draft-ietf-avt-rtcp-feedback/,/api/v1/doc/document/draft-wenger-avt-rtcp-feedback/,1,draft-wenger-avt-rtcp-feedback,02,2009-02-24 08:00:00+00:00,,2000-07-21 07:00:00+00:00,2000-07-21 07:00:00+00:00,docevent,2006
/api/v1/doc/document/rfc4585/,4585,rfc4585,Extended RTP Profile for Real-time Transport Control Protocol (RTCP)-Based Feedback (RTP/AVPF),2006-07-19 18:02:38+00:00,/api/v1/doc/document/draft-ietf-avt-rtcp-feedback/,/api/v1/doc/document/draft-ietf-avt-rtcp-feedback/,0,draft-ietf-avt-rtcp-feedback,11,2020-01-21 08:27:18+00:00,,2001-07-16 07:00:00+00:00,2001-07-16 07:00:00+00:00,docevent,2006
/api/v1/doc/document/rfc4586/,4586,rfc4586,Extended RTP Profile for Real-time Transport Control Protocol (RTCP)-Based Feedback: Results of the Timing Rule Simulations,2006-07-19 18:02:44+00:00,/api/v1/doc/document/draft-burmeister-avt-rtcp-feedback-sim/,/api/v1/doc/document/draft-burmeister-avt-rtcp-feedback-sim/,0,draft-burmeister-avt-rtcp-feedback-sim,06,2015-10-14 20:50:22+00:00,,2001-11-16 08:00:00+00:00,2001-11-16 08:00:00+00:00,docevent,2006
/api/v1/doc/document/rfc4588/,4588,rfc4588,RTP Retransmission Payload Format,2006-07-25 22:23:21+00:00,/api/v1/doc/document/draft-ietf-avt-rtp-retransmission/,/api/v1/doc/document/draft-ietf-avt-rtp-retransmission/,0,draft-ietf-avt-rtp-retransmission,12,2020-07-29 07:30:36+00:00,,2002-03-28 08:00:00+00:00,2002-03-28 08:00:00+00:00,docevent,2006
/api/v1/doc/document/rfc4592/,4592,rfc4592,The Role of Wildcards in the Domain Name System,2006-07-25 22:23:30+00:00,/api/v1/doc/document/draft-ietf-dnsext-wcard-clarify/,/api/v1/doc/document/draft-ietf-dnsext-wcard-clarify/,0,draft-ietf-dnsext-wcard-clarify,11,2015-10-14 20:50:47+00:00,,2003-06-17 07:00:00+00:00,2003-06-17 07:00:00+00:00,docevent,2006
/api/v1/doc/document/rfc4596/,4596,rfc4596,Guidelines for Usage of the Session Initiation Protocol (SIP) Caller Preferences Extension,2006-07-25 22:23:38+00:00,/api/v1/doc/document/draft-ietf-sipping-callerprefs-usecases/,/api/v1/doc/document/draft-ietf-sipping-callerprefs-usecases/,0,draft-ietf-sipping-callerprefs-usecases,05,2020-01-21 08:27:19+00:00,,2003-07-02 07:00:00+00:00,2003-07-02 07:00:00+00:00,docevent,2006
/api/v1/doc/document/rfc4595/,4595,rfc4595,Use of IKEv2 in the Fibre Channel Security Association Management Protocol,2006-07-27 17:13:03+00:00,/api/v1/doc/document/draft-maino-fcsp/,/api/v1/doc/document/draft-maino-fcsp/,0,draft-maino-fcsp,02,2015-10-14 20:51:12+00:00,,2005-01-04 08:00:00+00:00,2005-01-04 08:00:00+00:00,docevent,2006
/api/v1/doc/document/rfc4598/,4598,rfc4598,Real-time Transport Protocol (RTP) Payload Format for Enhanced AC-3 (E-AC-3) Audio,2006-07-29 00:41:19+00:00,/api/v1/doc/document/draft-ietf-avt-rtp-eac3/,/api/v1/doc/document/draft-link-avt-rtp-eac3/,1,draft-link-avt-rtp-eac3,00,2015-10-14 20:51:26+00:00,,2006-02-02 08:00:00+00:00,2006-02-02 08:00:00+00:00,docevent,2006
/api/v1/doc/document/rfc4598/,4598,rfc4598,Real-time Transport Protocol (RTP) Payload Format for Enhanced AC-3 (E-AC-3) Audio,2006-07-29 00:41:19+00:00,/api/v1/doc/document/draft-ietf-avt-rtp-eac3/,/api/v1/doc/document/draft-ietf-avt-rtp-eac3/,0,draft-ietf-avt-rtp-eac3,01,2015-10-14 20:51:26+00:00,,2006-02-16 08:00:00+00:00,2006-02-16 08:00:00+00:00,docevent,2006
/api/v1/doc/document/rfc4603/,4603,rfc4603,Additional Values for the NAS-Port-Type Attribute,2006-07-29 00:41:25+00:00,/api/v1/doc/document/draft-zorn-radius-port-type/,/api/v1/doc/document/draft-zorn-radius-port-type/,0,draft-zorn-radius-port-type,04,2015-10-14 20:51:14+00:00,,2005-02-15 08:00:00+00:00,2005-02-15 08:00:00+00:00,docevent,2006
/api/v1/doc/document/rfc4627/,4627,rfc4627,The application/json Media Type for JavaScript Object Notation (JSON),2006-07-29 00:41:31+00:00,/api/v1/doc/document/draft-crockford-jsonorg-json/,/api/v1/doc/document/draft-jsonorg-json/,1,draft-jsonorg-json,00,2006-02-02 08:00:00+00:00,,2006-01-09 08:00:00+00:00,2006-01-09 08:00:00+00:00,docevent,2006
/api/v1/doc/document/rfc4627/,4627,rfc4627,The application/json Media Type for JavaScript Object Notation (JSON),2006-07-29 00:41:31+00:00,/api/v1/doc/document/draft-crockford-jsonorg-json/,/api/v1/doc/document/draft-crockford-jsonorg-json/,0,draft-crockford-jsonorg-json,04,2020-01-21 08:27:23+00:00,,2006-02-02 08:00:00+00:00,2006-02-02 08:00:00+00:00,docevent,2006
/api/v1/doc/document/rfc4591/,4591,rfc4591,Frame Relay over Layer 2 Tunneling Protocol Version 3 (L2TPv3),2006-08-01 07:08:29+00:00,/api/v1/doc/document/draft-ietf-l2tpext-pwe3-fr/,/api/v1/doc/document/draft-ietf-l2tpext-pwe3-fr/,0,draft-ietf-l2tpext-pwe3-fr,07,2020-01-21 08:27:18+00:00,,2002-02-26 08:00:00+00:00,2002-02-26 08:00:00+00:00,docevent,2006
/api/v1/doc/document/rfc4622/,4622,rfc4622,Internationalized Resource Identifiers (IRIs) and Uniform Resource Identifiers (URIs) for the Extensible Messaging and Presence Protocol (XMPP),2006-08-01 07:09:05+00:00,/api/v1/doc/document/draft-saintandre-xmpp-iri/,/api/v1/doc/document/draft-saintandre-xmpp-iri/,0,draft-saintandre-xmpp-iri,04,2015-10-14 20:51:17+00:00,,2005-06-08 07:00:00+00:00,2005-06-08 07:00:00+00:00,docevent,2006
/api/v1/doc/document/rfc4634/,4634,rfc4634,US Secure Hash Algorithms (SHA and HMAC-SHA),2006-08-01 07:09:25+00:00,/api/v1/doc/document/draft-eastlake-sha2/,/api/v1/doc/document/draft-eastlake-sha2/,0,draft-eastlake-sha2,02,2018-12-20 08:21:16+00:00,,2005-06-16 07:00:00+00:00,2005-06-16 07:00:00+00:00,docevent,2006
/api/v1/doc/document/rfc4612/,4612,rfc4612,Real-Time Facsimile (T.38) - audio/t38 MIME Sub-type Registration,2006-08-09 05:29:18+00:00,/api/v1/doc/document/draft-jones-avt-audio-t38/,/api/v1/doc/document/draft-jones-avt-audio-t38/,0,draft-jones-avt-audio-t38,05,2020-01-21 08:27:22+00:00,,2003-08-11 07:00:00+00:00,2003-08-11 07:00:00+00:00,docevent,2006
/api/v1/doc/document/rfc4621/,4621,rfc4621,Design of the IKEv2 Mobility and Multihoming (MOBIKE) Protocol,2006-08-10 00:45:45+00:00,/api/v1/doc/document/draft-ietf-mobike-design/,/api/v1/doc/document/draft-kivinen-mobike-design/,1,draft-kivinen-mobike-design,00,2008-12-01 08:00:00+00:00,,2004-03-10 08:00:00+00:00,2004-03-10 08:00:00+00:00,docevent,2006
/api/v1/doc/document/rfc4621/,4621,rfc4621,Design of the IKEv2 Mobility and Multihoming (MOBIKE) Protocol,2006-08-10 00:45:45+00:00,/api/v1/doc/document/draft-ietf-mobike-design/,/api/v1/doc/document/draft-ietf-mobike-design/,0,draft-ietf-mobike-design,08,2018-12-20 08:21:14+00:00,,2004-06-28 07:00:00+00:00,2004-06-28 07:00:00+00:00,docevent,2006
/api/v1/doc/document/rfc4620/,4620,rfc4620,IPv6 Node Information Queries,2006-08-10 00:45:53+00:00,/api/v1/doc/document/draft-ietf-ipngwg-icmp-name-lookups/,/api/v1/doc/document/draft-ietf-ipngwg-icmp-name-lookups/,0,draft-ietf-ipngwg-icmp-name-lookups,15,2015-10-14 20:49:51+00:00,,1999-03-03 08:00:03+00:00,1999-03-03 08:00:03+00:00,docevent,2006
/api/v1/doc/document/rfc4597/,4597,rfc4597,Conferencing Scenarios,2006-08-18 00:51:00+00:00,/api/v1/doc/document/draft-ietf-xcon-conference-scenarios/,/api/v1/doc/document/draft-ietf-xcon-conference-scenarios/,0,draft-ietf-xcon-conference-scenarios,05,2015-10-14 20:50:57+00:00,,2003-12-18 08:00:00+00:00,2003-12-18 08:00:00+00:00,docevent,2006
/api/v1/doc/document/rfc4615/,4615,rfc4615,The Advanced Encryption Standard-Cipher-based Message Authentication Code-Pseudo-Random Function-128 (AES-CMAC-PRF-128) Algorithm for the Internet Key Exchange Protocol (IKE),2006-08-18 00:51:08+00:00,/api/v1/doc/document/draft-songlee-aes-cmac-prf-128/,/api/v1/doc/document/draft-songlee-aes-cmac-prf-128/,0,draft-songlee-aes-cmac-prf-128,03,2015-10-14 20:51:17+00:00,,2005-05-31 07:00:00+00:00,2005-05-31 07:00:00+00:00,docevent,2006
/api/v1/doc/document/rfc4617/,4617,rfc4617,A Uniform Resource Name (URN) Formal Namespace for the Latvian National Government Integration Project,2006-08-18 00:51:12+00:00,/api/v1/doc/document/draft-kornijenko-ivis-urn/,/api/v1/doc/document/draft-kornijenko-ivis-urn/,0,draft-kornijenko-ivis-urn,00,2015-10-14 20:51:26+00:00,,2006-02-09 08:00:00+00:00,2006-02-09 08:00:00+00:00,docevent,2006
/api/v1/doc/document/rfc4649/,4649,rfc4649,Dynamic Host Configuration Protocol for IPv6 (DHCPv6) Relay Agent Remote-ID Option,2006-08-18 00:55:08+00:00,/api/v1/doc/document/draft-ietf-dhc-dhcpv6-remoteid/,/api/v1/doc/document/draft-ietf-dhc-dhcpv6-remoteid/,0,draft-ietf-dhc-dhcpv6-remoteid,01,2013-03-02 16:58:51+00:00,,2005-04-07 07:00:00+00:00,2005-04-07 07:00:00+00:00,docevent,2006
/api/v1/doc/document/rfc4606/,4606,rfc4606,Generalized Multi-Protocol Label Switching (GMPLS) Extensions for Synchronous Optical Network (SONET) and Synchronous Digital Hierarchy (SDH) Control,2006-08-23 18:10:40+00:00,/api/v1/doc/document/draft-ietf-ccamp-rfc3946bis/,/api/v1/doc/document/draft-papadimitriou-ccamp-rfc3946bis/,1,draft-papadimitriou-ccamp-rfc3946bis,00,2011-01-10 08:00:00+00:00,,2005-08-29 07:00:00+00:00,2005-08-29 07:00:00+00:00,docevent,2006
/api/v1/doc/document/rfc4606/,4606,rfc4606,Generalized Multi-Protocol Label Switching (GMPLS) Extensions for Synchronous Optical Network (SONET) and Synchronous Digital Hierarchy (SDH) Control,2006-08-23 18:10:40+00:00,/api/v1/doc/document/draft-ietf-ccamp-rfc3946bis/,/api/v1/doc/document/draft-ietf-ccamp-rfc3946bis/,0,draft-ietf-ccamp-rfc3946bis,01,2018-12-20 08:21:14+00:00,,2005-11-28 08:00:00+00:00,2005-11-28 08:00:00+00:00,docevent,2006
/api/v1/doc/document/rfc4587/,4587,rfc4587,RTP Payload Format for H.261 Video Streams,2006-08-23 18:10:49+00:00,/api/v1/doc/document/draft-ietf-avt-rfc2032-bis/,/api/v1/doc/document/draft-ietf-avt-rfc2032-bis/,0,draft-ietf-avt-rfc2032-bis,13,2018-12-20 08:21:13+00:00,,2004-01-20 08:00:00+00:00,2004-01-20 08:00:00+00:00,docevent,2006
/api/v1/doc/document/rfc4594/,4594,rfc4594,Configuration Guidelines for DiffServ Service Classes,2006-08-23 18:11:10+00:00,/api/v1/doc/document/draft-ietf-tsvwg-diffserv-service-classes/,/api/v1/doc/document/draft-ietf-tsvwg-diffserv-service-classes/,0,draft-ietf-tsvwg-diffserv-service-classes,02,2020-01-21 08:27:19+00:00,,2005-02-14 08:00:00+00:00,2005-02-14 08:00:00+00:00,docevent,2006
/api/v1/doc/document/rfc4655/,4655,rfc4655,A Path Computation Element (PCE)-Based Architecture,2006-08-23 18:11:28+00:00,/api/v1/doc/document/draft-ietf-pce-architecture/,/api/v1/doc/document/draft-ash-pce-architecture/,1,draft-ash-pce-architecture,01,2008-04-16 07:00:00+00:00,,2004-09-24 07:00:00+00:00,2004-09-24 07:00:00+00:00,docevent,2006
/api/v1/doc/document/rfc4655/,4655,rfc4655,A Path Computation Element (PCE)-Based Architecture,2006-08-23 18:11:28+00:00,/api/v1/doc/document/draft-ietf-pce-architecture/,/api/v1/doc/document/draft-ietf-pce-architecture/,0,draft-ietf-pce-architecture,05,2018-12-20 08:21:20+00:00,,2005-03-21 08:00:00+00:00,2005-03-21 08:00:00+00:00,docevent,2006
/api/v1/doc/document/rfc4654/,4654,rfc4654,TCP-Friendly Multicast Congestion Control (TFMCC): Protocol Specification,2006-08-23 18:11:38+00:00,/api/v1/doc/document/draft-ietf-rmt-bb-tfmcc/,/api/v1/doc/document/draft-ietf-rmt-bb-tfmcc/,0,draft-ietf-rmt-bb-tfmcc,07,2015-10-14 20:50:23+00:00,,2001-11-19 08:00:00+00:00,2001-11-19 08:00:00+00:00,docevent,2006
/api/v1/doc/document/rfc4633/,4633,rfc4633,Experiment in Long-Term Suspensions From Internet Engineering Task Force (IETF) Mailing Lists,2006-08-23 18:12:47+00:00,/api/v1/doc/document/draft-hartman-mailinglist-experiment/,/api/v1/doc/document/draft-hartman-mailinglist-experiment/,0,draft-hartman-mailinglist-experiment,03,2015-10-14 20:51:25+00:00,,2006-01-24 08:00:00+00:00,2006-01-24 08:00:00+00:00,docevent,2006
/api/v1/doc/document/rfc4623/,4623,rfc4623,Pseudowire Emulation Edge-to-Edge (PWE3) Fragmentation and Reassembly,2006-08-28 18:23:21+00:00,/api/v1/doc/document/draft-ietf-pwe3-fragmentation/,/api/v1/doc/document/draft-ietf-pwe3-fragmentation/,0,draft-ietf-pwe3-fragmentation,10,2020-01-21 08:27:23+00:00,,2002-10-17 07:00:00+00:00,2002-10-17 07:00:00+00:00,docevent,2006
/api/v1/doc/document/rfc4668/,4668,rfc4668,RADIUS Authentication Client MIB for IPv6,2006-08-28 18:23:38+00:00,/api/v1/doc/document/draft-ietf-radext-rfc2618bis/,/api/v1/doc/document/draft-nelson-rfc2618bis/,1,draft-nelson-rfc2618bis,01,2005-09-20 07:00:00+00:00,,2005-02-14 08:00:00+00:00,2005-02-14 08:00:00+00:00,docevent,2006
/api/v1/doc/document/rfc4668/,4668,rfc4668,RADIUS Authentication Client MIB for IPv6,2006-08-28 18:23:38+00:00,/api/v1/doc/document/draft-ietf-radext-rfc2618bis/,/api/v1/doc/document/draft-ietf-radext-rfc2618bis/,0,draft-ietf-radext-rfc2618bis,04,2020-01-21 08:27:32+00:00,,2005-08-31 07:00:00+00:00,2005-08-31 07:00:00+00:00,docevent,2006
/api/v1/doc/document/rfc4669/,4669,rfc4669,RADIUS Authentication Server MIB for IPv6,2006-08-28 18:23:53+00:00,/api/v1/doc/document/draft-ietf-radext-rfc2619bis/,/api/v1/doc/document/draft-nelson-rfc2619bis/,1,draft-nelson-rfc2619bis,01,2005-09-20 07:00:00+00:00,,2005-02-09 08:00:00+00:00,2005-02-09 08:00:00+00:00,docevent,2006
/api/v1/doc/document/rfc4669/,4669,rfc4669,RADIUS Authentication Server MIB for IPv6,2006-08-28 18:23:53+00:00,/api/v1/doc/document/draft-ietf-radext-rfc2619bis/,/api/v1/doc/document/draft-ietf-radext-rfc2619bis/,0,draft-ietf-radext-rfc2619bis,04,2020-01-21 08:27:33+00:00,,2005-08-31 07:00:00+00:00,2005-08-31 07:00:00+00:00,docevent,2006
/api/v1/doc/document/rfc4670/,4670,rfc4670,RADIUS Accounting Client MIB for IPv6,2006-08-28 18:24:07+00:00,/api/v1/doc/document/draft-ietf-radext-rfc2620bis/,/api/v1/doc/document/draft-nelson-rfc2620bis/,1,draft-nelson-rfc2620bis,01,2005-09-20 07:00:00+00:00,,2005-02-14 08:00:00+00:00,2005-02-14 08:00:00+00:00,docevent,2006
/api/v1/doc/document/rfc4670/,4670,rfc4670,RADIUS Accounting Client MIB for IPv6,2006-08-28 18:24:07+00:00,/api/v1/doc/document/draft-ietf-radext-rfc2620bis/,/api/v1/doc/document/draft-ietf-radext-rfc2620bis/,0,draft-ietf-radext-rfc2620bis,04,2020-07-29 07:30:40+00:00,,2005-09-09 07:00:00+00:00,2005-09-09 07:00:00+00:00,docevent,2006
/api/v1/doc/document/rfc4671/,4671,rfc4671,RADIUS Accounting Server MIB for IPv6,2006-08-28 18:24:30+00:00,/api/v1/doc/document/draft-ietf-radext-rfc2621bis/,/api/v1/doc/document/draft-nelson-rfc2621bis/,1,draft-nelson-rfc2621bis,01,2005-09-20 07:00:00+00:00,,2005-02-09 08:00:00+00:00,2005-02-09 08:00:00+00:00,docevent,2006
/api/v1/doc/document/rfc4671/,4671,rfc4671,RADIUS Accounting Server MIB for IPv6,2006-08-28 18:24:30+00:00,/api/v1/doc/document/draft-ietf-radext-rfc2621bis/,/api/v1/doc/document/draft-ietf-radext-rfc2621bis/,0,draft-ietf-radext-rfc2621bis,04,2018-12-20 08:21:23+00:00,,2005-09-02 07:00:00+00:00,2005-09-02 07:00:00+00:00,docevent,2006
/api/v1/doc/document/rfc4616/,4616,rfc4616,The PLAIN Simple Authentication and Security Layer (SASL) Mechanism,2006-08-31 18:03:29+00:00,/api/v1/doc/document/draft-ietf-sasl-plain/,/api/v1/doc/document/draft-ietf-sasl-plain/,0,draft-ietf-sasl-plain,09,2022-01-20 08:41:44+00:00,,2003-02-10 08:00:00+00:00,2003-02-10 08:00:00+00:00,docevent,2006
/api/v1/doc/document/rfc4630/,4630,rfc4630,Update to DirectoryString Processing in the Internet X.509 Public Key Infrastructure Certificate and Certificate Revocation List (CRL) Profile,2006-08-31 18:03:38+00:00,/api/v1/doc/document/draft-ietf-pkix-cert-utf8/,/api/v1/doc/document/draft-ietf-pkix-cert-utf8/,0,draft-ietf-pkix-cert-utf8,03,2015-10-14 20:51:27+00:00,,2006-02-17 08:00:00+00:00,2006-02-17 08:00:00+00:00,docevent,2006
/api/v1/doc/document/rfc4653/,4653,rfc4653,Improving the Robustness of TCP to Non-Congestion Events,2006-08-31 18:04:23+00:00,/api/v1/doc/document/draft-ietf-tcpm-tcp-dcr/,/api/v1/doc/document/draft-ietf-tcpm-tcp-dcr/,0,draft-ietf-tcpm-tcp-dcr,07,2015-10-14 20:51:02+00:00,,2004-04-15 07:00:00+00:00,2004-04-15 07:00:00+00:00,docevent,2006
/api/v1/doc/document/rfc4474/,4474,rfc4474,Enhancements for Authenticated Identity Management in the Session Initiation Protocol (SIP),2006-08-31 22:50:13+00:00,/api/v1/doc/document/draft-ietf-sip-identity/,/api/v1/doc/document/draft-peterson-sip-identity/,1,draft-peterson-sip-identity,01,2015-10-14 20:50:30+00:00,,2002-04-18 07:00:00+00:00,2002-04-18 07:00:00+00:00,docevent,2006
/api/v1/doc/document/rfc4474/,4474,rfc4474,Enhancements for Authenticated Identity Management in the Session Initiation Protocol (SIP),2006-08-31 22:50:13+00:00,/api/v1/doc/document/draft-ietf-sip-identity/,/api/v1/doc/document/draft-ietf-sip-identity/,0,draft-ietf-sip-identity,06,2020-01-21 08:27:06+00:00,,2002-10-31 08:00:00+00:00,2002-10-31 08:00:00+00:00,docevent,2006
/api/v1/doc/document/rfc4484/,4484,rfc4484,Trait-Based Authorization Requirements for the Session Initiation Protocol (SIP),2006-08-31 22:50:32+00:00,/api/v1/doc/document/draft-ietf-sipping-trait-authz/,/api/v1/doc/document/draft-ietf-sipping-trait-authz/,0,draft-ietf-sipping-trait-authz,02,2015-10-14 20:51:00+00:00,,2004-02-12 08:00:00+00:00,2004-02-12 08:00:00+00:00,docevent,2006
/api/v1/doc/document/rfc4574/,4574,rfc4574,The Session Description Protocol (SDP) Label Attribute,2006-08-31 22:50:41+00:00,/api/v1/doc/document/draft-ietf-mmusic-sdp-media-label/,/api/v1/doc/document/draft-ietf-mmusic-sdp-media-label/,0,draft-ietf-mmusic-sdp-media-label,01,2013-03-02 16:58:47+00:00,,2004-09-29 07:00:00+00:00,2004-09-29 07:00:00+00:00,docevent,2006
/api/v1/doc/document/rfc4575/,4575,rfc4575,A Session Initiation Protocol (SIP) Event Package for Conference State,2006-08-31 22:50:50+00:00,/api/v1/doc/document/draft-ietf-sipping-conference-package/,/api/v1/doc/document/draft-ietf-sipping-conference-package/,0,draft-ietf-sipping-conference-package,12,2015-10-14 20:50:33+00:00,,2002-06-27 07:00:00+00:00,2002-06-27 07:00:00+00:00,docevent,2006
/api/v1/doc/document/rfc4579/,4579,rfc4579,Session Initiation Protocol (SIP) Call Control - Conferencing for User Agents,2006-08-31 22:50:59+00:00,/api/v1/doc/document/draft-ietf-sipping-cc-conferencing/,/api/v1/doc/document/draft-ietf-sipping-cc-conferencing/,0,draft-ietf-sipping-cc-conferencing,07,2015-10-14 20:50:45+00:00,,2003-04-15 07:00:00+00:00,2003-04-15 07:00:00+00:00,docevent,2006
/api/v1/doc/document/rfc4632/,4632,rfc4632,Classless Inter-domain Routing (CIDR): The Internet Address Assignment and Aggregation Plan,2006-08-31 22:51:09+00:00,/api/v1/doc/document/draft-ietf-grow-rfc1519bis/,/api/v1/doc/document/draft-ietf-grow-rfc1519bis/,0,draft-ietf-grow-rfc1519bis,04,2020-01-21 08:27:24+00:00,,2005-04-15 07:00:00+00:00,2005-04-15 07:00:00+00:00,docevent,2006
/api/v1/doc/document/rfc4635/,4635,rfc4635,"HMAC SHA (Hashed Message Authentication Code, Secure Hash Algorithm) TSIG Algorithm Identifiers",2006-08-31 22:51:17+00:00,/api/v1/doc/document/draft-ietf-dnsext-tsig-sha/,/api/v1/doc/document/draft-ietf-dnsext-tsig-sha/,0,draft-ietf-dnsext-tsig-sha,06,2020-01-21 08:27:25+00:00,,2004-08-19 07:00:00+00:00,2004-08-19 07:00:00+00:00,docevent,2006
/api/v1/doc/document/rfc4662/,4662,rfc4662,A Session Initiation Protocol (SIP) Event Notification Extension for Resource Lists,2006-08-31 22:51:26+00:00,/api/v1/doc/document/draft-ietf-simple-event-list/,/api/v1/doc/document/draft-ietf-simple-presencelist-package/,1,draft-ietf-simple-presencelist-package,00,2015-10-14 20:50:34+00:00,,2002-06-28 07:00:00+00:00,2002-06-28 07:00:00+00:00,docevent,2006
/api/v1/doc/document/rfc4662/,4662,rfc4662,A Session Initiation Protocol (SIP) Event Notification Extension for Resource Lists,2006-08-31 22:51:26+00:00,/api/v1/doc/document/draft-ietf-simple-event-list/,/api/v1/doc/document/draft-ietf-simple-event-list/,0,draft-ietf-simple-event-list,07,2020-01-21 08:27:31+00:00,,2003-02-19 08:00:00+00:00,2003-02-19 08:00:00+00:00,docevent,2006
/api/v1/doc/document/rfc4601/,4601,rfc4601,Protocol Independent Multicast - Sparse Mode (PIM-SM): Protocol Specification (Revised),2006-08-31 22:51:35+00:00,/api/v1/doc/document/draft-ietf-pim-sm-v2-new/,/api/v1/doc/document/draft-ietf-pim-sm-v2-new/,0,draft-ietf-pim-sm-v2-new,12,2020-01-21 08:27:20+00:00,,2000-07-17 07:00:00+00:00,2000-07-17 07:00:00+00:00,docevent,2006
/api/v1/doc/document/rfc4602/,4602,rfc4602,Protocol Independent Multicast - Sparse Mode (PIM-SM) IETF Proposed Standard Requirements Analysis,2006-08-31 22:51:43+00:00,/api/v1/doc/document/draft-ietf-pim-proposed-req/,/api/v1/doc/document/draft-ietf-pim-proposed-req/,0,draft-ietf-pim-proposed-req,02,2015-10-14 20:51:12+00:00,,2005-01-12 08:00:00+00:00,2005-01-12 08:00:00+00:00,docevent,2006
/api/v1/doc/document/rfc4604/,4604,rfc4604,Using Internet Group Management Protocol Version 3 (IGMPv3) and Multicast Listener Discovery Protocol Version 2 (MLDv2) for Source-Specific Multicast,2006-08-31 22:51:50+00:00,/api/v1/doc/document/draft-holbrook-idmr-igmpv3-ssm/,/api/v1/doc/document/draft-holbrook-idmr-igmpv3-ssm/,0,draft-holbrook-idmr-igmpv3-ssm,08,2015-10-14 20:50:03+00:00,,2000-07-14 07:00:00+00:00,2000-07-14 07:00:00+00:00,docevent,2006
/api/v1/doc/document/rfc4605/,4605,rfc4605,"Internet Group Management Protocol (IGMP) / Multicast Listener Discovery (MLD)-Based Multicast Forwarding (""IGMP/MLD Proxying"")",2006-08-31 22:51:56+00:00,/api/v1/doc/document/draft-ietf-magma-igmp-proxy/,/api/v1/doc/document/draft-ietf-magma-igmp-proxy/,0,draft-ietf-magma-igmp-proxy,06,2020-01-21 08:27:20+00:00,,2001-11-19 08:00:00+00:00,2001-11-19 08:00:00+00:00,docevent,2006
/api/v1/doc/document/rfc4607/,4607,rfc4607,Source-Specific Multicast for IP,2006-08-31 22:52:09+00:00,/api/v1/doc/document/draft-ietf-ssm-arch/,/api/v1/doc/document/draft-ietf-ssm-arch/,0,draft-ietf-ssm-arch,07,2020-01-21 08:27:21+00:00,,2002-02-04 08:00:00+00:00,2002-02-04 08:00:00+00:00,docevent,2006
/api/v1/doc/document/rfc4608/,4608,rfc4608,Source-Specific Protocol Independent Multicast in 232/8,2006-08-31 22:52:17+00:00,/api/v1/doc/document/draft-ietf-mboned-ssm232/,/api/v1/doc/document/draft-ietf-mboned-ssm232/,0,draft-ietf-mboned-ssm232,09,2015-10-14 20:50:10+00:00,,2001-02-12 08:00:00+00:00,2001-02-12 08:00:00+00:00,docevent,2006
/api/v1/doc/document/rfc4610/,4610,rfc4610,Anycast-RP Using Protocol Independent Multicast (PIM),2006-08-31 22:52:24+00:00,/api/v1/doc/document/draft-ietf-pim-anycast-rp/,/api/v1/doc/document/draft-farinacci-pim-anycast-rp/,1,draft-farinacci-pim-anycast-rp,00,2011-11-09 08:00:00+00:00,,2003-01-22 08:00:00+00:00,2003-01-22 08:00:00+00:00,docevent,2006
/api/v1/doc/document/rfc4610/,4610,rfc4610,Anycast-RP Using Protocol Independent Multicast (PIM),2006-08-31 22:52:24+00:00,/api/v1/doc/document/draft-ietf-pim-anycast-rp/,/api/v1/doc/document/draft-ietf-pim-anycast-rp/,0,draft-ietf-pim-anycast-rp,07,2015-10-14 20:50:41+00:00,,2003-11-19 08:00:00+00:00,2003-11-19 08:00:00+00:00,docevent,2006
/api/v1/doc/document/rfc4611/,4611,rfc4611,Multicast Source Discovery Protocol (MSDP) Deployment Scenarios,2006-08-31 22:52:32+00:00,/api/v1/doc/document/draft-ietf-mboned-msdp-deploy/,/api/v1/doc/document/draft-ietf-mboned-msdp-deploy/,0,draft-ietf-mboned-msdp-deploy,06,2013-03-02 16:58:49+00:00,,2002-02-22 08:00:00+00:00,2002-02-22 08:00:00+00:00,docevent,2006
/api/v1/doc/document/rfc4645/,4645,rfc4645,Initial Language Subtag Registry,2006-09-08 22:44:39+00:00,/api/v1/doc/document/draft-ietf-ltru-initial/,/api/v1/doc/document/draft-ietf-ltru-initial/,0,draft-ietf-ltru-initial,06,2023-08-17 07:15:53+00:00,,2005-06-21 07:00:00+00:00,2005-06-21 07:00:00+00:00,docevent,2006
/api/v1/doc/document/rfc4646/,4646,rfc4646,Tags for Identifying Languages,2006-09-08 22:44:55+00:00,/api/v1/doc/document/draft-ietf-ltru-registry/,/api/v1/doc/document/draft-ietf-ltru-registry/,0,draft-ietf-ltru-registry,14,2020-01-21 08:27:28+00:00,,2005-03-16 08:00:00+00:00,2005-03-16 08:00:00+00:00,docevent,2006
/api/v1/doc/document/rfc4647/,4647,rfc4647,Matching of Language Tags,2006-09-08 22:45:17+00:00,/api/v1/doc/document/draft-ietf-ltru-matching/,/api/v1/doc/document/draft-ietf-ltru-matching/,0,draft-ietf-ltru-matching,15,2015-10-14 20:51:16+00:00,,2005-05-17 07:00:00+00:00,2005-05-17 07:00:00+00:00,docevent,2006
/api/v1/doc/document/rfc4614/,4614,rfc4614,A Roadmap for Transmission Control Protocol (TCP) Specification Documents,2006-09-13 21:12:14+00:00,/api/v1/doc/document/draft-ietf-tcpm-tcp-roadmap/,/api/v1/doc/document/draft-ietf-tcpm-tcp-roadmap/,0,draft-ietf-tcpm-tcp-roadmap,06,2015-10-14 20:51:08+00:00,,2004-10-11 07:00:00+00:00,2004-10-11 07:00:00+00:00,docevent,2006
/api/v1/doc/document/rfc4638/,4638,rfc4638,Accommodating a Maximum Transit Unit/Maximum Receive Unit (MTU/MRU) Greater Than 1492 in the Point-to-Point Protocol over Ethernet (PPPoE),2006-09-13 21:12:22+00:00,/api/v1/doc/document/draft-arberg-pppoe-mtu-gt1492/,/api/v1/doc/document/draft-arberg-pppoe-mtu-gt1492/,0,draft-arberg-pppoe-mtu-gt1492,03,2015-10-14 20:51:16+00:00,,2005-04-29 07:00:00+00:00,2005-04-29 07:00:00+00:00,docevent,2006
/api/v1/doc/document/rfc4663/,4663,rfc4663,Transferring MIB Work from IETF Bridge MIB WG to IEEE 802.1 WG,2006-09-13 21:12:55+00:00,/api/v1/doc/document/draft-harrington-8021-mib-transition/,/api/v1/doc/document/draft-harrington-8021-mib-transition/,0,draft-harrington-8021-mib-transition,03,2015-10-14 20:51:22+00:00,,2005-10-07 07:00:00+00:00,2005-10-07 07:00:00+00:00,docevent,2006
/api/v1/doc/document/rfc4625/,4625,rfc4625,Fibre Channel Routing Information MIB,2006-09-14 22:53:30+00:00,/api/v1/doc/document/draft-ietf-imss-fc-rtm-mib/,/api/v1/doc/document/draft-kzm-fc-rtm-mib/,1,draft-kzm-fc-rtm-mib,03,2008-04-01 07:00:00+00:00,,2005-02-08 08:00:00+00:00,2005-02-08 08:00:00+00:00,docevent,2006
/api/v1/doc/document/rfc4625/,4625,rfc4625,Fibre Channel Routing Information MIB,2006-09-14 22:53:30+00:00,/api/v1/doc/document/draft-ietf-imss-fc-rtm-mib/,/api/v1/doc/document/draft-ietf-imss-fc-rtm-mib/,0,draft-ietf-imss-fc-rtm-mib,04,2015-10-14 20:51:13+00:00,,2005-09-13 07:00:00+00:00,2005-09-13 07:00:00+00:00,docevent,2006
/api/v1/doc/document/rfc4641/,4641,rfc4641,DNSSEC Operational Practices,2006-09-14 22:53:55+00:00,/api/v1/doc/document/draft-ietf-dnsop-dnssec-operational-practices/,/api/v1/doc/document/draft-ietf-dnsop-dnssec-operational-practices/,0,draft-ietf-dnsop-dnssec-operational-practices,08,2020-01-21 08:27:27+00:00,,2003-10-23 07:00:00+00:00,2003-10-23 07:00:00+00:00,docevent,2006
/api/v1/doc/document/rfc4626/,4626,rfc4626,MIB for Fibre Channel's Fabric Shortest Path First (FSPF) Protocol,2006-09-14 22:55:17+00:00,/api/v1/doc/document/draft-ietf-imss-fc-fspf-mib/,/api/v1/doc/document/draft-kzm-imss-fc-fspf-mib/,1,draft-kzm-imss-fc-fspf-mib,02,2008-04-01 07:00:00+00:00,,2005-02-08 08:00:00+00:00,2005-02-08 08:00:00+00:00,docevent,2006
/api/v1/doc/document/rfc4626/,4626,rfc4626,MIB for Fibre Channel's Fabric Shortest Path First (FSPF) Protocol,2006-09-14 22:55:17+00:00,/api/v1/doc/document/draft-ietf-imss-fc-fspf-mib/,/api/v1/doc/document/draft-ietf-imss-fc-fspf-mib/,0,draft-ietf-imss-fc-fspf-mib,03,2015-10-14 20:51:13+00:00,,2005-09-13 07:00:00+00:00,2005-09-13 07:00:00+00:00,docevent,2006
/api/v1/doc/document/rfc4677/,4677,rfc4677,The Tao of IETF - A Novice's Guide to the Internet Engineering Task Force,2006-09-20 23:42:38+00:00,/api/v1/doc/document/draft-hoffman-taobis/,/api/v1/doc/document/draft-hoffman-taobis/,0,draft-hoffman-taobis,08,2020-01-21 08:27:34+00:00,,2004-09-03 07:00:00+00:00,2004-09-03 07:00:00+00:00,docevent,2006
/api/v1/doc/document/rfc4613/,4613,rfc4613,Media Type Registrations for Downloadable Sounds for Musical Instrument Digital Interface (MIDI),2006-09-20 23:42:47+00:00,/api/v1/doc/document/draft-westerlund-mime-dls/,/api/v1/doc/document/draft-westerlund-mime-dls/,0,draft-westerlund-mime-dls,01,2015-10-14 20:51:23+00:00,,2005-10-19 07:00:00+00:00,2005-10-19 07:00:00+00:00,docevent,2006
/api/v1/doc/document/rfc4656/,4656,rfc4656,A One-way Active Measurement Protocol (OWAMP),2006-09-20 23:42:56+00:00,/api/v1/doc/document/draft-ietf-ippm-owdp/,/api/v1/doc/document/draft-ietf-ippm-owdp/,0,draft-ietf-ippm-owdp,16,2015-10-14 20:50:08+00:00,,2000-11-22 08:00:00+00:00,2000-11-22 08:00:00+00:00,docevent,2006
/api/v1/doc/document/rfc4666/,4666,rfc4666,Signaling System 7 (SS7) Message Transfer Part 3 (MTP3) - User Adaptation Layer (M3UA),2006-09-20 23:43:04+00:00,/api/v1/doc/document/draft-ietf-sigtran-rfc3332bis/,/api/v1/doc/document/draft-ietf-sigtran-m3ua-implementors-guide/,1,draft-ietf-sigtran-m3ua-implementors-guide,07,2015-10-14 20:50:29+00:00,,2002-03-27 08:00:00+00:00,2002-03-27 08:00:00+00:00,docevent,2006
/api/v1/doc/document/rfc4666/,4666,rfc4666,Signaling System 7 (SS7) Message Transfer Part 3 (MTP3) - User Adaptation Layer (M3UA),2006-09-20 23:43:04+00:00,/api/v1/doc/document/draft-ietf-sigtran-rfc3332bis/,/api/v1/doc/document/draft-ietf-sigtran-m3ua-v02/,1,draft-ietf-sigtran-m3ua-v02,00,2004-04-22 07:00:00+00:00,,2004-04-22 07:00:00+00:00,2004-04-22 07:00:00+00:00,docevent,2006
/api/v1/doc/document/rfc4666/,4666,rfc4666,Signaling System 7 (SS7) Message Transfer Part 3 (MTP3) - User Adaptation Layer (M3UA),2006-09-20 23:43:04+00:00,/api/v1/doc/document/draft-ietf-sigtran-rfc3332bis/,/api/v1/doc/document/draft-ietf-sigtran-rfc3332bis/,0,draft-ietf-sigtran-rfc3332bis,06,2015-10-14 20:50:29+00:00,,2004-04-22 07:00:00+00:00,2004-04-22 07:00:00+00:00,docevent,2006
/api/v1/doc/document/rfc4471/,4471,rfc4471,Derivation of DNS Name Predecessor and Successor,2006-09-20 23:43:12+00:00,/api/v1/doc/document/draft-ietf-dnsext-dns-name-p-s/,/api/v1/doc/document/draft-sisson-dnsext-dns-name-p-s/,1,draft-sisson-dnsext-dns-name-p-s,01,2009-09-28 07:00:00+00:00,,2004-11-23 08:00:00+00:00,2004-11-23 08:00:00+00:00,docevent,2006
/api/v1/doc/document/rfc4471/,4471,rfc4471,Derivation of DNS Name Predecessor and Successor,2006-09-20 23:43:12+00:00,/api/v1/doc/document/draft-ietf-dnsext-dns-name-p-s/,/api/v1/doc/document/draft-ietf-dnsext-dns-name-p-s/,0,draft-ietf-dnsext-dns-name-p-s,01,2015-10-14 20:51:10+00:00,,2005-07-14 07:00:00+00:00,2005-07-14 07:00:00+00:00,docevent,2006
/api/v1/doc/document/rfc4672/,4672,rfc4672,RADIUS Dynamic Authorization Client MIB,2006-09-20 23:43:26+00:00,/api/v1/doc/document/draft-ietf-radext-dynauth-client-mib/,/api/v1/doc/document/draft-decnodder-radext-dynauth-client-mib/,1,draft-decnodder-radext-dynauth-client-mib,03,2005-02-18 08:00:00+00:00,,2004-05-04 07:00:00+00:00,2004-05-04 07:00:00+00:00,docevent,2006
/api/v1/doc/document/rfc4672/,4672,rfc4672,RADIUS Dynamic Authorization Client MIB,2006-09-20 23:43:26+00:00,/api/v1/doc/document/draft-ietf-radext-dynauth-client-mib/,/api/v1/doc/document/draft-ietf-radext-dynauth-client-mib/,0,draft-ietf-radext-dynauth-client-mib,06,2022-12-08 23:25:30+00:00,,2005-05-19 07:00:00+00:00,2005-05-19 07:00:00+00:00,docevent,2006
/api/v1/doc/document/rfc4673/,4673,rfc4673,RADIUS Dynamic Authorization Server MIB,2006-09-20 23:43:34+00:00,/api/v1/doc/document/draft-ietf-radext-dynauth-server-mib/,/api/v1/doc/document/draft-decnodder-radext-dynauth-server-mib/,1,draft-decnodder-radext-dynauth-server-mib,03,2005-02-18 08:00:00+00:00,,2004-04-30 07:00:00+00:00,2004-04-30 07:00:00+00:00,docevent,2006
/api/v1/doc/document/rfc4673/,4673,rfc4673,RADIUS Dynamic Authorization Server MIB,2006-09-20 23:43:34+00:00,/api/v1/doc/document/draft-ietf-radext-dynauth-server-mib/,/api/v1/doc/document/draft-ietf-radext-dynauth-server-mib/,0,draft-ietf-radext-dynauth-server-mib,06,2022-12-08 23:24:53+00:00,,2005-05-19 07:00:00+00:00,2005-05-19 07:00:00+00:00,docevent,2006
/api/v1/doc/document/rfc4675/,4675,rfc4675,RADIUS Attributes for Virtual LAN and Priority Support,2006-09-20 23:43:41+00:00,/api/v1/doc/document/draft-ietf-radext-vlan/,/api/v1/doc/document/draft-ietf-radext-vlan/,0,draft-ietf-radext-vlan,06,2015-10-14 20:51:27+00:00,,2006-02-22 08:00:00+00:00,2006-02-22 08:00:00+00:00,docevent,2006
/api/v1/doc/document/rfc4679/,4679,rfc4679,DSL Forum Vendor-Specific RADIUS Attributes,2006-09-20 23:43:47+00:00,/api/v1/doc/document/draft-mammoliti-radius-dsl-vsa/,/api/v1/doc/document/draft-mammoliti-radius-dsl-vsa/,0,draft-mammoliti-radius-dsl-vsa,03,2020-01-21 08:27:35+00:00,,2006-02-16 08:00:00+00:00,2006-02-16 08:00:00+00:00,docevent,2006
/api/v1/doc/document/rfc4640/,4640,rfc4640,Problem Statement for bootstrapping Mobile IPv6 (MIPv6),2006-09-22 21:48:40+00:00,/api/v1/doc/document/draft-ietf-mip6-bootstrap-ps/,/api/v1/doc/document/draft-ietf-mip6-bootstrap-ps/,0,draft-ietf-mip6-bootstrap-ps,05,2020-01-21 08:27:27+00:00,,2004-07-13 07:00:00+00:00,2004-07-13 07:00:00+00:00,docevent,2006
/api/v1/doc/document/rfc4657/,4657,rfc4657,Path Computation Element (PCE) Communication Protocol Generic Requirements,2006-09-22 21:48:53+00:00,/api/v1/doc/document/draft-ietf-pce-comm-protocol-gen-reqs/,/api/v1/doc/document/draft-ash-pce-comm-protocol-gen-reqs/,1,draft-ash-pce-comm-protocol-gen-reqs,01,2008-04-16 07:00:00+00:00,,2005-04-11 07:00:00+00:00,2005-04-11 07:00:00+00:00,docevent,2006
/api/v1/doc/document/rfc4657/,4657,rfc4657,Path Computation Element (PCE) Communication Protocol Generic Requirements,2006-09-22 21:48:53+00:00,/api/v1/doc/document/draft-ietf-pce-comm-protocol-gen-reqs/,/api/v1/doc/document/draft-ietf-pce-comm-protocol-gen-reqs/,0,draft-ietf-pce-comm-protocol-gen-reqs,07,2015-10-14 20:51:16+00:00,,2005-05-16 07:00:00+00:00,2005-05-16 07:00:00+00:00,docevent,2006
/api/v1/doc/document/rfc4659/,4659,rfc4659,BGP-MPLS IP Virtual Private Network (VPN) Extension for IPv6 VPN,2006-09-22 21:49:08+00:00,/api/v1/doc/document/draft-ietf-l3vpn-bgp-ipv6/,/api/v1/doc/document/draft-ietf-l3vpn-bgp-ipv6/,0,draft-ietf-l3vpn-bgp-ipv6,07,2020-07-29 07:30:39+00:00,,2002-04-27 21:27:27+00:00,2002-04-27 21:27:27+00:00,docevent,2006
/api/v1/doc/document/rfc4687/,4687,rfc4687,Operations and Management (OAM) Requirements  for Point-to-Multipoint MPLS Networks,2006-09-26 23:14:06+00:00,/api/v1/doc/document/draft-ietf-mpls-p2mp-oam-reqs/,/api/v1/doc/document/draft-yasukawa-mpls-p2mp-oam-reqs/,1,draft-yasukawa-mpls-p2mp-oam-reqs,01,2005-12-20 08:00:00+00:00,,2005-06-10 07:00:00+00:00,2005-06-10 07:00:00+00:00,docevent,2006
/api/v1/doc/document/rfc4687/,4687,rfc4687,Operations and Management (OAM) Requirements  for Point-to-Multipoint MPLS Networks,2006-09-26 23:14:06+00:00,/api/v1/doc/document/draft-ietf-mpls-p2mp-oam-reqs/,/api/v1/doc/document/draft-ietf-mpls-p2mp-oam-reqs/,0,draft-ietf-mpls-p2mp-oam-reqs,01,2018-12-20 08:21:25+00:00,,2005-12-20 08:00:00+00:00,2005-12-20 08:00:00+00:00,docevent,2006
/api/v1/doc/document/rfc4686/,4686,rfc4686,Analysis of Threats Motivating DomainKeys Identified Mail (DKIM),2006-09-26 23:14:27+00:00,/api/v1/doc/document/draft-ietf-dkim-threats/,/api/v1/doc/document/draft-fenton-dkim-threats/,1,draft-fenton-dkim-threats,02,2015-10-14 20:51:21+00:00,,2005-09-28 07:00:00+00:00,2005-09-28 07:00:00+00:00,docevent,2006
/api/v1/doc/document/rfc4686/,4686,rfc4686,Analysis of Threats Motivating DomainKeys Identified Mail (DKIM),2006-09-26 23:14:27+00:00,/api/v1/doc/document/draft-ietf-dkim-threats/,/api/v1/doc/document/draft-ietf-dkim-threats/,0,draft-ietf-dkim-threats,03,2015-10-14 20:51:21+00:00,,2006-01-23 08:00:00+00:00,2006-01-23 08:00:00+00:00,docevent,2006
/api/v1/doc/document/rfc4631/,4631,rfc4631,Link Management Protocol (LMP) Management Information Base (MIB),2006-09-26 23:14:57+00:00,/api/v1/doc/document/draft-ietf-ccamp-rfc4327bis/,/api/v1/doc/document/draft-ietf-ccamp-rfc4327bis/,0,draft-ietf-ccamp-rfc4327bis,01,2020-07-29 07:30:38+00:00,,2006-01-26 08:00:00+00:00,2006-01-26 08:00:00+00:00,docevent,2006
/api/v1/doc/document/rfc4685/,4685,rfc4685,Atom Threading Extensions,2006-09-26 23:15:09+00:00,/api/v1/doc/document/draft-snell-atompub-feed-thread/,/api/v1/doc/document/draft-snell-atompub-feed-thread/,0,draft-snell-atompub-feed-thread,12,2015-10-14 20:51:20+00:00,,2005-08-10 07:00:00+00:00,2005-08-10 07:00:00+00:00,docevent,2006
/api/v1/doc/document/rfc4661/,4661,rfc4661,An Extensible Markup Language (XML)-Based Format for Event Notification Filtering,2006-09-26 23:15:15+00:00,/api/v1/doc/document/draft-ietf-simple-filter-format/,/api/v1/doc/document/draft-ietf-simple-filter-format/,0,draft-ietf-simple-filter-format,05,2020-01-21 08:27:31+00:00,,2004-02-06 08:00:00+00:00,2004-02-06 08:00:00+00:00,docevent,2006
/api/v1/doc/document/rfc4660/,4660,rfc4660,Functional Description of Event Notification Filtering,2006-09-26 23:16:13+00:00,/api/v1/doc/document/draft-ietf-simple-event-filter-funct/,/api/v1/doc/document/draft-ietf-simple-event-filter-funct/,0,draft-ietf-simple-event-filter-funct,05,2020-01-21 08:27:30+00:00,,2004-02-06 08:00:00+00:00,2004-02-06 08:00:00+00:00,docevent,2006
/api/v1/doc/document/rfc4618/,4618,rfc4618,Encapsulation Methods for Transport of PPP/High-Level Data Link Control (HDLC) over MPLS Networks,2006-09-30 21:24:57+00:00,/api/v1/doc/document/draft-ietf-pwe3-hdlc-ppp-encap-mpls/,/api/v1/doc/document/draft-ietf-pwe3-hdlc-ppp-encap-mpls/,0,draft-ietf-pwe3-hdlc-ppp-encap-mpls,09,2015-10-14 20:50:47+00:00,,2003-06-16 07:00:00+00:00,2003-06-16 07:00:00+00:00,docevent,2006
/api/v1/doc/document/rfc4619/,4619,rfc4619,Encapsulation Methods for Transport of Frame Relay over Multiprotocol Label Switching (MPLS) Networks,2006-09-30 21:25:10+00:00,/api/v1/doc/document/draft-ietf-pwe3-frame-relay/,/api/v1/doc/document/draft-ietf-pwe3-frame-relay/,0,draft-ietf-pwe3-frame-relay,07,2020-01-21 08:27:22+00:00,,2002-10-22 07:00:00+00:00,2002-10-22 07:00:00+00:00,docevent,2006
/api/v1/doc/document/rfc4664/,4664,rfc4664,Framework for Layer 2 Virtual Private Networks (L2VPNs),2006-09-30 21:25:20+00:00,/api/v1/doc/document/draft-ietf-l2vpn-l2-framework/,/api/v1/doc/document/draft-ietf-l2vpn-l2-framework/,0,draft-ietf-l2vpn-l2-framework,05,2015-10-14 20:50:34+00:00,,2002-08-30 05:43:16+00:00,2002-08-30 05:43:16+00:00,docevent,2006
/api/v1/doc/document/rfc4665/,4665,rfc4665,Service Requirements for Layer 2 Provider-Provisioned Virtual Private Networks,2006-09-30 21:25:27+00:00,/api/v1/doc/document/draft-ietf-l2vpn-requirements/,/api/v1/doc/document/draft-ietf-l2vpn-requirements/,0,draft-ietf-l2vpn-requirements,07,2015-10-14 20:50:45+00:00,,2003-07-23 07:00:00+00:00,2003-07-23 07:00:00+00:00,docevent,2006
/api/v1/doc/document/rfc4667/,4667,rfc4667,Layer 2 Virtual Private Network (L2VPN) Extensions for Layer 2 Tunneling Protocol (L2TP),2006-09-30 21:25:37+00:00,/api/v1/doc/document/draft-ietf-l2tpext-l2vpn/,/api/v1/doc/document/draft-ietf-l2tpext-l2vpn/,0,draft-ietf-l2tpext-l2vpn,07,2015-10-14 20:50:59+00:00,,2004-02-04 08:00:00+00:00,2004-02-04 08:00:00+00:00,docevent,2006
/api/v1/doc/document/rfc4678/,4678,rfc4678,Server/Application State Protocol v1,2006-09-30 21:25:46+00:00,/api/v1/doc/document/draft-bivens-sasp/,/api/v1/doc/document/draft-bivens-sasp/,0,draft-bivens-sasp,04,2020-01-21 08:27:35+00:00,,2004-07-15 07:00:00+00:00,2004-07-15 07:00:00+00:00,docevent,2006
/api/v1/doc/document/rfc4650/,4650,rfc4650,HMAC-Authenticated Diffie-Hellman for Multimedia Internet KEYing (MIKEY),2006-09-30 21:25:53+00:00,/api/v1/doc/document/draft-ietf-msec-mikey-dhhmac/,/api/v1/doc/document/draft-euchner-mikey-dhhmac/,1,draft-euchner-mikey-dhhmac,00,2002-02-25 08:00:00+00:00,,2002-02-25 08:00:00+00:00,2002-02-25 08:00:00+00:00,docevent,2006
/api/v1/doc/document/rfc4650/,4650,rfc4650,HMAC-Authenticated Diffie-Hellman for Multimedia Internet KEYing (MIKEY),2006-09-30 21:25:53+00:00,/api/v1/doc/document/draft-ietf-msec-mikey-dhhmac/,/api/v1/doc/document/draft-ietf-msec-mikey-dhhmac/,0,draft-ietf-msec-mikey-dhhmac,11,2020-01-21 08:27:29+00:00,,2002-08-30 07:00:00+00:00,2002-08-30 07:00:00+00:00,docevent,2006
/api/v1/doc/document/rfc4690/,4690,rfc4690,Review and Recommendations for Internationalized Domain Names (IDNs),2006-09-30 21:27:51+00:00,/api/v1/doc/document/draft-iab-idn-nextsteps/,/api/v1/doc/document/draft-iab-idn-nextsteps/,0,draft-iab-idn-nextsteps,06,2020-07-29 07:30:41+00:00,,2005-12-02 08:00:00+00:00,2005-12-02 08:00:00+00:00,docevent,2006
/api/v1/doc/document/rfc4674/,4674,rfc4674,Requirements for Path Computation Element (PCE) Discovery,2006-10-05 16:53:08+00:00,/api/v1/doc/document/draft-ietf-pce-discovery-reqs/,/api/v1/doc/document/draft-leroux-pce-discovery-reqs/,1,draft-leroux-pce-discovery-reqs,01,2011-10-04 07:00:00+00:00,,2005-02-14 08:00:00+00:00,2005-02-14 08:00:00+00:00,docevent,2006
/api/v1/doc/document/rfc4674/,4674,rfc4674,Requirements for Path Computation Element (PCE) Discovery,2006-10-05 16:53:08+00:00,/api/v1/doc/document/draft-ietf-pce-discovery-reqs/,/api/v1/doc/document/draft-ietf-pce-discovery-reqs/,0,draft-ietf-pce-discovery-reqs,05,2015-10-14 20:51:14+00:00,,2005-07-08 07:00:00+00:00,2005-07-08 07:00:00+00:00,docevent,2006
/api/v1/doc/document/rfc4692/,4692,rfc4692,Considerations on the IPv6 Host Density Metric,2006-10-05 16:53:29+00:00,/api/v1/doc/document/draft-huston-hd-metric/,/api/v1/doc/document/draft-huston-hd-metric/,0,draft-huston-hd-metric,02,2015-10-14 20:51:14+00:00,,2005-02-14 08:00:00+00:00,2005-02-14 08:00:00+00:00,docevent,2006
/api/v1/doc/document/rfc4693/,4693,rfc4693,IETF Operational Notes,2006-10-05 16:53:40+00:00,/api/v1/doc/document/draft-alvestrand-ipod/,/api/v1/doc/document/draft-alvestrand-ipod/,0,draft-alvestrand-ipod,03,2018-12-20 08:21:26+00:00,,2006-02-21 08:00:00+00:00,2006-02-21 08:00:00+00:00,docevent,2006
/api/v1/doc/document/rfc4683/,4683,rfc4683,Internet X.509 Public Key Infrastructure Subject Identification Method (SIM),2006-10-05 16:57:29+00:00,/api/v1/doc/document/draft-ietf-pkix-sim/,/api/v1/doc/document/draft-ietf-pkix-sim/,0,draft-ietf-pkix-sim,08,2020-01-21 08:27:35+00:00,,2002-11-01 08:00:00+00:00,2002-11-01 08:00:00+00:00,docevent,2006
/api/v1/doc/document/rfc4636/,4636,rfc4636,Foreign Agent Error Extension for Mobile IPv4,2006-10-10 23:24:20+00:00,/api/v1/doc/document/draft-ietf-mip4-faerr/,/api/v1/doc/document/draft-ietf-mip4-faerr/,0,draft-ietf-mip4-faerr,02,2020-01-21 08:27:26+00:00,,2005-07-05 07:00:01+00:00,2005-07-05 07:00:01+00:00,docevent,2006
/api/v1/doc/document/rfc4681/,4681,rfc4681,TLS User Mapping Extension,2006-10-10 23:24:26+00:00,/api/v1/doc/document/draft-santesson-tls-ume/,/api/v1/doc/document/draft-santesson-tls-ume/,0,draft-santesson-tls-ume,07,2015-10-14 20:51:25+00:00,,2006-01-03 08:00:00+00:00,2006-01-03 08:00:00+00:00,docevent,2006
/api/v1/doc/document/rfc4680/,4680,rfc4680,TLS Handshake Message for Supplemental Data,2006-10-10 23:24:30+00:00,/api/v1/doc/document/draft-santesson-tls-supp/,/api/v1/doc/document/draft-santesson-tls-supp/,0,draft-santesson-tls-supp,02,2015-10-14 20:51:29+00:00,,2006-03-29 08:00:00+00:00,2006-03-29 08:00:00+00:00,docevent,2006
/api/v1/doc/document/rfc4705/,4705,rfc4705,GigaBeam High-Speed Radio Link Encryption,2006-10-12 00:34:04+00:00,/api/v1/doc/document/draft-housley-gigabeam-radio-link-encrypt/,/api/v1/doc/document/draft-housley-gigabeam-radio-link-encrypt/,0,draft-housley-gigabeam-radio-link-encrypt,02,2020-01-21 08:27:37+00:00,,2006-04-28 07:00:00+00:00,2006-04-28 07:00:00+00:00,docevent,2006
/api/v1/doc/document/rfc4714/,4714,rfc4714,Requirements for IETF Technical Publication Service,2006-10-12 00:34:08+00:00,/api/v1/doc/document/draft-mankin-pub-req/,/api/v1/doc/document/draft-mankin-pub-req/,0,draft-mankin-pub-req,11,2015-10-14 20:51:21+00:00,,2005-09-30 07:00:00+00:00,2005-09-30 07:00:00+00:00,docevent,2006
/api/v1/doc/document/rfc4698/,4698,rfc4698,IRIS: An Address Registry (areg) Type for the Internet Registry Information Service,2006-10-13 01:17:34+00:00,/api/v1/doc/document/draft-ietf-crisp-iris-areg/,/api/v1/doc/document/draft-ietf-crisp-iris-areg/,0,draft-ietf-crisp-iris-areg,15,2015-10-14 20:50:35+00:00,,2002-08-15 07:00:00+00:00,2002-08-15 07:00:00+00:00,docevent,2006
/api/v1/doc/document/rfc4713/,4713,rfc4713,Registration and Administration Recommendations for Chinese Domain Names,2006-10-13 01:18:00+00:00,/api/v1/doc/document/draft-xdlee-idn-cdnadmin/,/api/v1/doc/document/draft-xdlee-idn-cdnadmin/,0,draft-xdlee-idn-cdnadmin,08,2015-10-14 20:50:50+00:00,,2003-08-20 07:00:00+00:00,2003-08-20 07:00:00+00:00,docevent,2006
/api/v1/doc/document/rfc4593/,4593,rfc4593,Generic Threats to Routing Protocols,2006-10-14 02:19:18+00:00,/api/v1/doc/document/draft-ietf-rpsec-routing-threats/,/api/v1/doc/document/draft-beard-rpsec-routing-threats/,1,draft-beard-rpsec-routing-threats,01,2008-04-16 07:00:00+00:00,,2002-10-30 08:00:00+00:00,2002-10-30 08:00:00+00:00,docevent,2006
/api/v1/doc/document/rfc4593/,4593,rfc4593,Generic Threats to Routing Protocols,2006-10-14 02:19:18+00:00,/api/v1/doc/document/draft-ietf-rpsec-routing-threats/,/api/v1/doc/document/draft-ietf-rpsec-routing-threats/,0,draft-ietf-rpsec-routing-threats,07,2015-10-14 20:50:39+00:00,,2003-04-02 08:00:00+00:00,2003-04-02 08:00:00+00:00,docevent,2006
/api/v1/doc/document/rfc4609/,4609,rfc4609,Protocol Independent Multicast - Sparse Mode (PIM-SM) Multicast Routing Security Issues and Enhancements,2006-10-14 02:19:23+00:00,/api/v1/doc/document/draft-ietf-mboned-mroutesec/,/api/v1/doc/document/draft-ietf-mboned-mroutesec/,0,draft-ietf-mboned-mroutesec,04,2013-03-02 16:58:49+00:00,,2004-04-16 07:00:00+00:00,2004-04-16 07:00:00+00:00,docevent,2006
/api/v1/doc/document/rfc4648/,4648,rfc4648,"The Base16, Base32, and Base64 Data Encodings",2006-10-17 01:02:29+00:00,/api/v1/doc/document/draft-josefsson-rfc3548bis/,/api/v1/doc/document/draft-josefsson-rfc3548bis/,0,draft-josefsson-rfc3548bis,04,2020-01-21 08:27:29+00:00,,2005-11-14 08:00:00+00:00,2005-11-14 08:00:00+00:00,docevent,2006
/api/v1/doc/document/rfc4688/,4688,rfc4688,A Uniform Resource Name (URN) Namespace for Aerospace and Defence Industries Association of Europe (ASD) Specification 1000D,2006-10-17 01:02:32+00:00,/api/v1/doc/document/draft-rushing-s1000d-urn/,/api/v1/doc/document/draft-rushing-s1000d-urn/,0,draft-rushing-s1000d-urn,00,2015-10-14 20:51:24+00:00,,2005-11-07 08:00:00+00:00,2005-11-07 08:00:00+00:00,docevent,2006
/api/v1/doc/document/rfc4710/,4710,rfc4710,Real-time Application Quality-of-Service Monitoring (RAQMON) Framework,2006-10-20 01:32:07+00:00,/api/v1/doc/document/draft-ietf-rmonmib-raqmon-framework/,/api/v1/doc/document/draft-siddiqui-rmonmib-raqmon-framework/,1,draft-siddiqui-rmonmib-raqmon-framework,00,2002-10-23 07:00:00+00:00,,2002-10-23 07:00:00+00:00,2002-10-23 07:00:00+00:00,docevent,2006
/api/v1/doc/document/rfc4710/,4710,rfc4710,Real-time Application Quality-of-Service Monitoring (RAQMON) Framework,2006-10-20 01:32:07+00:00,/api/v1/doc/document/draft-ietf-rmonmib-raqmon-framework/,/api/v1/doc/document/draft-ietf-rmonmib-raqmon-framework/,0,draft-ietf-rmonmib-raqmon-framework,16,2015-10-14 20:50:38+00:00,,2003-01-15 08:00:00+00:00,2003-01-15 08:00:00+00:00,docevent,2006
/api/v1/doc/document/rfc4712/,4712,rfc4712,Transport Mappings for Real-time Application Quality-of-Service Monitoring (RAQMON) Protocol Data Unit (PDU),2006-10-20 01:32:13+00:00,/api/v1/doc/document/draft-ietf-rmonmib-raqmon-pdu/,/api/v1/doc/document/draft-ietf-rmonmib-raqmon-pdu/,0,draft-ietf-rmonmib-raqmon-pdu,14,2015-10-14 20:50:41+00:00,,2003-01-15 08:00:00+00:00,2003-01-15 08:00:00+00:00,docevent,2006
/api/v1/doc/document/rfc4711/,4711,rfc4711,Real-time Application Quality-of-Service Monitoring (RAQMON) MIB,2006-10-20 01:32:18+00:00,/api/v1/doc/document/draft-ietf-rmonmib-raqmon-mib/,/api/v1/doc/document/draft-ietf-rmonmib-raqmon-mib/,0,draft-ietf-rmonmib-raqmon-mib,12,2015-10-14 20:50:41+00:00,,2003-01-14 08:00:00+00:00,2003-01-14 08:00:00+00:00,docevent,2006
/api/v1/doc/document/rfc4644/,4644,rfc4644,Network News Transfer Protocol (NNTP) Extension for Streaming Feeds,2006-10-26 02:06:39+00:00,/api/v1/doc/document/draft-ietf-nntpext-streaming/,/api/v1/doc/document/draft-ietf-nntpext-streaming/,0,draft-ietf-nntpext-streaming,06,2018-12-20 08:21:19+00:00,,2003-06-03 07:00:00+00:00,2003-06-03 07:00:00+00:00,docevent,2006
/api/v1/doc/document/rfc4643/,4643,rfc4643,Network News Transfer Protocol (NNTP) Extension for Authentication,2006-10-26 02:07:03+00:00,/api/v1/doc/document/draft-ietf-nntpext-authinfo/,/api/v1/doc/document/draft-ietf-nntpext-authinfo/,0,draft-ietf-nntpext-authinfo,10,2020-01-21 08:27:28+00:00,,2004-04-30 07:00:00+00:00,2004-04-30 07:00:00+00:00,docevent,2006
/api/v1/doc/document/rfc4642/,4642,rfc4642,Using Transport Layer Security (TLS) with Network News Transfer Protocol (NNTP),2006-10-26 02:07:16+00:00,/api/v1/doc/document/draft-ietf-nntpext-tls-nntp/,/api/v1/doc/document/draft-ietf-nntpext-tls-nntp/,0,draft-ietf-nntpext-tls-nntp,09,2015-10-14 20:50:44+00:00,,2003-02-28 08:00:00+00:00,2003-02-28 08:00:00+00:00,docevent,2006
/api/v1/doc/document/rfc3977/,3977,rfc3977,Network News Transfer Protocol (NNTP),2006-10-26 02:08:48+00:00,/api/v1/doc/document/draft-ietf-nntpext-base/,/api/v1/doc/document/draft-ietf-nntpext-base/,0,draft-ietf-nntpext-base,27,2020-01-21 08:25:58+00:00,,1997-09-03 07:00:01+00:00,1997-09-03 07:00:01+00:00,docevent,2006
/api/v1/doc/document/rfc4581/,4581,rfc4581,Cryptographically Generated Addresses (CGA) Extension Field Format,2006-10-26 02:09:42+00:00,/api/v1/doc/document/draft-bagnulo-cga-ext/,/api/v1/doc/document/draft-bagnulo-cga-ext/,0,draft-bagnulo-cga-ext,02,2015-10-14 20:51:24+00:00,,2005-12-01 08:00:00+00:00,2005-12-01 08:00:00+00:00,docevent,2006
/api/v1/doc/document/rfc4707/,4707,rfc4707,Netnews Administration System (NAS),2006-10-26 02:09:52+00:00,/api/v1/doc/document/draft-dfncis-netnews-admin-sys/,/api/v1/doc/document/draft-dfncis-netnews-admin-sys/,0,draft-dfncis-netnews-admin-sys,07,2020-01-21 08:27:37+00:00,,2000-01-28 08:00:00+00:00,2000-01-28 08:00:00+00:00,docevent,2006
/api/v1/doc/document/rfc4701/,4701,rfc4701,A DNS Resource Record (RR) for Encoding Dynamic Host Configuration Protocol (DHCP) Information (DHCID RR),2006-10-26 02:10:17+00:00,/api/v1/doc/document/draft-ietf-dnsext-dhcid-rr/,/api/v1/doc/document/draft-ietf-dnsext-dhcid-rr/,0,draft-ietf-dnsext-dhcid-rr,13,2015-10-14 20:50:04+00:00,,2000-07-24 07:00:00+00:00,2000-07-24 07:00:00+00:00,docevent,2006
/api/v1/doc/document/rfc4691/,4691,rfc4691,Guidelines for Acting as an IETF Liaison to Another Organization,2006-10-26 02:10:28+00:00,/api/v1/doc/document/draft-iab-liaison-guidelines/,/api/v1/doc/document/draft-iab-liaison-guidelines/,0,draft-iab-liaison-guidelines,04,2015-10-14 20:51:22+00:00,,2005-10-14 07:00:00+00:00,2005-10-14 07:00:00+00:00,docevent,2006
/api/v1/doc/document/rfc4702/,4702,rfc4702,The Dynamic Host Configuration Protocol (DHCP) Client Fully Qualified Domain Name (FQDN) Option,2006-10-26 02:10:37+00:00,/api/v1/doc/document/draft-ietf-dhc-fqdn-option/,/api/v1/doc/document/draft-ietf-dhc-fqdn-option/,0,draft-ietf-dhc-fqdn-option,13,2013-03-02 16:58:54+00:00,,2000-07-21 07:00:00+00:00,2000-07-21 07:00:00+00:00,docevent,2006
/api/v1/doc/document/rfc4703/,4703,rfc4703,Resolution of Fully Qualified Domain Name (FQDN) Conflicts among Dynamic Host Configuration Protocol (DHCP) Clients,2006-10-26 02:10:43+00:00,/api/v1/doc/document/draft-ietf-dhc-ddns-resolution/,/api/v1/doc/document/draft-ietf-dhc-ddns-resolution/,0,draft-ietf-dhc-ddns-resolution,12,2013-03-02 16:58:54+00:00,,2000-07-24 07:00:00+00:00,2000-07-24 07:00:00+00:00,docevent,2006
/api/v1/doc/document/rfc4708/,4708,rfc4708,CellML Media Type,2006-10-26 02:10:52+00:00,/api/v1/doc/document/draft-miller-media-type-cellml/,/api/v1/doc/document/draft-miller-media-type-cellml/,0,draft-miller-media-type-cellml,05,2015-10-14 20:51:29+00:00,,2006-03-27 08:00:00+00:00,2006-03-27 08:00:00+00:00,docevent,2006
/api/v1/doc/document/rfc4704/,4704,rfc4704,The Dynamic Host Configuration Protocol for IPv6 (DHCPv6) Client Fully Qualified Domain Name (FQDN) Option,2006-10-26 02:11:00+00:00,/api/v1/doc/document/draft-ietf-dhc-dhcpv6-fqdn/,/api/v1/doc/document/draft-ietf-dhc-dhcpv6-fqdn/,0,draft-ietf-dhc-dhcpv6-fqdn,05,2013-03-02 16:58:54+00:00,,2004-09-24 07:00:00+00:00,2004-09-24 07:00:00+00:00,docevent,2006
/api/v1/doc/document/rfc4749/,4749,rfc4749,RTP Payload Format for the G.729.1 Audio Codec,2006-10-26 02:11:08+00:00,/api/v1/doc/document/draft-ietf-avt-rtp-g729-scal-wb-ext/,/api/v1/doc/document/draft-sollaud-avt-rtp-g729-scal-wb-ext/,1,draft-sollaud-avt-rtp-g729-scal-wb-ext,02,2015-10-14 20:51:15+00:00,,2005-03-22 08:00:00+00:00,2005-03-22 08:00:00+00:00,docevent,2006
/api/v1/doc/document/rfc4749/,4749,rfc4749,RTP Payload Format for the G.729.1 Audio Codec,2006-10-26 02:11:08+00:00,/api/v1/doc/document/draft-ietf-avt-rtp-g729-scal-wb-ext/,/api/v1/doc/document/draft-ietf-avt-rtp-g729-scal-wb-ext/,0,draft-ietf-avt-rtp-g729-scal-wb-ext,07,2015-10-14 20:51:15+00:00,,2005-12-07 08:00:00+00:00,2005-12-07 08:00:00+00:00,docevent,2006
/api/v1/doc/document/rfc4709/,4709,rfc4709,Mounting Web Distributed Authoring and Versioning (WebDAV) Servers,2006-10-26 02:11:13+00:00,/api/v1/doc/document/draft-reschke-webdav-mount/,/api/v1/doc/document/draft-reschke-webdav-mount/,0,draft-reschke-webdav-mount,05,2018-12-20 08:21:29+00:00,,2005-08-08 07:00:00+00:00,2005-08-08 07:00:00+00:00,docevent,2006
/api/v1/doc/document/rfc4748/,4748,rfc4748,RFC 3978 Update to Recognize the IETF Trust,2006-10-27 00:21:37+00:00,/api/v1/doc/document/draft-ietf-ipr-ietf-trust-update/,/api/v1/doc/document/draft-ietf-ipr-ietf-trust-update/,0,draft-ietf-ipr-ietf-trust-update,03,2018-12-20 08:21:31+00:00,,2006-07-21 07:00:00+00:00,2006-07-21 07:00:00+00:00,docevent,2006
/api/v1/doc/document/rfc4718/,4718,rfc4718,IKEv2 Clarifications and Implementation Guidelines,2006-10-27 19:59:09+00:00,/api/v1/doc/document/draft-eronen-ipsec-ikev2-clarifications/,/api/v1/doc/document/draft-eronen-ipsec-ikev2-clarifications/,0,draft-eronen-ipsec-ikev2-clarifications,09,2020-01-21 08:27:39+00:00,,2005-02-04 08:00:00+00:00,2005-02-04 08:00:00+00:00,docevent,2006
/api/v1/doc/document/rfc4676/,4676,rfc4676,Dynamic Host Configuration Protocol (DHCPv4 and DHCPv6) Option for Civic Addresses Configuration Information,2006-10-27 19:59:32+00:00,/api/v1/doc/document/draft-ietf-geopriv-dhcp-civil/,/api/v1/doc/document/draft-ietf-geopriv-dhcp-civil/,0,draft-ietf-geopriv-dhcp-civil,09,2020-01-21 08:27:34+00:00,,2003-07-02 07:00:00+00:00,2003-07-02 07:00:00+00:00,docevent,2006
/api/v1/doc/document/rfc4735/,4735,rfc4735,Example Media Types for Use in Documentation,2006-10-27 19:59:50+00:00,/api/v1/doc/document/draft-taylor-types-example/,/api/v1/doc/document/draft-taylor-types-example/,0,draft-taylor-types-example,05,2015-10-14 20:51:29+00:00,,2006-03-23 08:00:00+00:00,2006-03-23 08:00:00+00:00,docevent,2006
/api/v1/doc/document/rfc4697/,4697,rfc4697,Observed DNS Resolution Misbehavior,2006-10-27 20:00:00+00:00,/api/v1/doc/document/draft-ietf-dnsop-bad-dns-res/,/api/v1/doc/document/draft-ietf-dnsop-bad-dns-res/,0,draft-ietf-dnsop-bad-dns-res,06,2015-10-14 20:50:22+00:00,,2001-11-14 08:00:00+00:00,2001-11-14 08:00:00+00:00,docevent,2006
/api/v1/doc/document/rfc4624/,4624,rfc4624,Multicast Source Discovery Protocol (MSDP) MIB,2006-10-27 20:00:07+00:00,/api/v1/doc/document/draft-ietf-mboned-msdp-mib/,/api/v1/doc/document/draft-ietf-mboned-msdp-mib/,0,draft-ietf-mboned-msdp-mib,01,2015-10-14 20:51:05+00:00,,2004-07-12 07:00:00+00:00,2004-07-12 07:00:00+00:00,docevent,2006
/api/v1/doc/document/rfc4694/,4694,rfc4694,"Number Portability Parameters for the ""tel"" URI",2006-10-27 20:00:12+00:00,/api/v1/doc/document/draft-ietf-iptel-tel-np/,/api/v1/doc/document/draft-ietf-iptel-tel-np/,0,draft-ietf-iptel-tel-np,11,2015-10-14 20:51:01+00:00,,2004-03-19 08:00:00+00:00,2004-03-19 08:00:00+00:00,docevent,2006
/api/v1/doc/document/rfc4689/,4689,rfc4689,Terminology for Benchmarking Network-layer Traffic Control Mechanisms,2006-10-31 23:38:12+00:00,/api/v1/doc/document/draft-ietf-bmwg-dsmterm/,/api/v1/doc/document/draft-ietf-bmwg-dsmterm/,0,draft-ietf-bmwg-dsmterm,13,2015-10-14 20:50:12+00:00,,2001-02-27 08:00:00+00:00,2001-02-27 08:00:00+00:00,docevent,2006
/api/v1/doc/document/rfc4652/,4652,rfc4652,Evaluation of Existing Routing Protocols against Automatic Switched Optical Network (ASON) Routing Requirements,2006-10-31 23:38:17+00:00,/api/v1/doc/document/draft-ietf-ccamp-gmpls-ason-routing-eval/,/api/v1/doc/document/draft-dimitri-ccamp-gmpls-ason-routing-eval/,1,draft-dimitri-ccamp-gmpls-ason-routing-eval,01,2005-05-05 07:00:00+00:00,,2005-01-24 08:00:00+00:00,2005-01-24 08:00:00+00:00,docevent,2006
/api/v1/doc/document/rfc4652/,4652,rfc4652,Evaluation of Existing Routing Protocols against Automatic Switched Optical Network (ASON) Routing Requirements,2006-10-31 23:38:17+00:00,/api/v1/doc/document/draft-ietf-ccamp-gmpls-ason-routing-eval/,/api/v1/doc/document/draft-ietf-ccamp-gmpls-ason-routing-eval/,0,draft-ietf-ccamp-gmpls-ason-routing-eval,03,2018-12-20 08:21:19+00:00,,2005-04-21 07:00:00+00:00,2005-04-21 07:00:00+00:00,docevent,2006
/api/v1/doc/document/rfc4736/,4736,rfc4736,Reoptimization of Multiprotocol Label Switching (MPLS) Traffic Engineering (TE) Loosely Routed Label Switched Path (LSP),2006-11-11 01:58:47+00:00,/api/v1/doc/document/draft-ietf-ccamp-loose-path-reopt/,/api/v1/doc/document/draft-vasseur-ccamp-loose-path-reopt/,1,draft-vasseur-ccamp-loose-path-reopt,02,2011-01-10 08:00:00+00:00,,2004-02-27 08:00:00+00:00,2004-02-27 08:00:00+00:00,docevent,2006
/api/v1/doc/document/rfc4736/,4736,rfc4736,Reoptimization of Multiprotocol Label Switching (MPLS) Traffic Engineering (TE) Loosely Routed Label Switched Path (LSP),2006-11-11 01:58:47+00:00,/api/v1/doc/document/draft-ietf-ccamp-loose-path-reopt/,/api/v1/doc/document/draft-ietf-ccamp-loose-path-reopt/,0,draft-ietf-ccamp-loose-path-reopt,02,2015-10-14 20:51:00+00:00,,2004-09-01 07:00:00+00:00,2004-09-01 07:00:00+00:00,docevent,2006
/api/v1/doc/document/rfc4695/,4695,rfc4695,RTP Payload Format for MIDI,2006-11-11 01:59:04+00:00,/api/v1/doc/document/draft-ietf-avt-rtp-midi-format/,/api/v1/doc/document/draft-lazzaro-avt-mwpp-midi-nmp/,1,draft-lazzaro-avt-mwpp-midi-nmp,00,2009-02-24 08:00:00+00:00,,2001-10-02 07:00:00+00:00,2001-10-02 07:00:00+00:00,docevent,2006
/api/v1/doc/document/rfc4695/,4695,rfc4695,RTP Payload Format for MIDI,2006-11-11 01:59:04+00:00,/api/v1/doc/document/draft-ietf-avt-rtp-midi-format/,/api/v1/doc/document/draft-ietf-avt-rtp-midi-format/,0,draft-ietf-avt-rtp-midi-format,15,2020-01-21 08:27:36+00:00,,2003-10-21 07:00:00+00:00,2003-10-21 07:00:00+00:00,docevent,2006
/api/v1/doc/document/rfc4696/,4696,rfc4696,An Implementation Guide for RTP MIDI,2006-11-11 01:59:18+00:00,/api/v1/doc/document/draft-ietf-avt-rtp-midi-guidelines/,/api/v1/doc/document/draft-lazzaro-avt-mwpp-coding-guidelines/,1,draft-lazzaro-avt-mwpp-coding-guidelines,03,2009-02-24 08:00:00+00:00,,2002-10-29 08:00:00+00:00,2002-10-29 08:00:00+00:00,docevent,2006
/api/v1/doc/document/rfc4696/,4696,rfc4696,An Implementation Guide for RTP MIDI,2006-11-11 01:59:18+00:00,/api/v1/doc/document/draft-ietf-avt-rtp-midi-guidelines/,/api/v1/doc/document/draft-ietf-avt-rtp-midi-guidelines/,0,draft-ietf-avt-rtp-midi-guidelines,15,2020-01-21 08:27:36+00:00,,2003-10-21 07:00:00+00:00,2003-10-21 07:00:00+00:00,docevent,2006
/api/v1/doc/document/rfc4722/,4722,rfc4722,Media Server Control Markup Language (MSCML) and Protocol,2006-11-15 00:19:30+00:00,/api/v1/doc/document/draft-vandyke-mscml/,/api/v1/doc/document/draft-vandyke-mscml/,0,draft-vandyke-mscml,09,2015-10-14 20:50:39+00:00,,2002-11-01 08:00:00+00:00,2002-11-01 08:00:00+00:00,docevent,2006
/api/v1/doc/document/rfc4715/,4715,rfc4715,The Integrated Services Digital Network (ISDN) Subaddress Encoding Type for tel URI,2006-11-15 00:19:58+00:00,/api/v1/doc/document/draft-munakata-iptel-isub-type/,/api/v1/doc/document/draft-munakata-iptel-isub-type/,0,draft-munakata-iptel-isub-type,04,2015-10-14 20:51:28+00:00,,2006-03-09 08:00:00+00:00,2006-03-09 08:00:00+00:00,docevent,2006
/api/v1/doc/document/rfc4578/,4578,rfc4578,Dynamic Host Configuration Protocol (DHCP) Options for the Intel Preboot eXecution Environment (PXE),2006-11-15 00:20:16+00:00,/api/v1/doc/document/draft-ietf-dhc-pxe-options/,/api/v1/doc/document/draft-ietf-dhc-pxe-options/,0,draft-ietf-dhc-pxe-options,03,2020-01-21 08:27:17+00:00,,2003-08-29 07:00:00+00:00,2003-08-29 07:00:00+00:00,docevent,2006
/api/v1/doc/document/rfc4719/,4719,rfc4719,Transport of Ethernet Frames over Layer 2 Tunneling Protocol Version 3 (L2TPv3),2006-11-15 00:22:09+00:00,/api/v1/doc/document/draft-ietf-l2tpext-pwe3-ethernet/,/api/v1/doc/document/draft-ietf-l2tpext-pwe3-ethernet/,0,draft-ietf-l2tpext-pwe3-ethernet,09,2020-07-29 07:30:42+00:00,,2002-10-22 07:00:00+00:00,2002-10-22 07:00:00+00:00,docevent,2006
/api/v1/doc/document/rfc4730/,4730,rfc4730,A Session Initiation Protocol (SIP) Event Package for Key Press Stimulus (KPML),2006-11-15 00:22:15+00:00,/api/v1/doc/document/draft-ietf-sipping-kpml/,/api/v1/doc/document/draft-ietf-sipping-kpml/,0,draft-ietf-sipping-kpml,08,2020-01-21 08:27:40+00:00,,2003-09-02 07:00:00+00:00,2003-09-02 07:00:00+00:00,docevent,2006
/api/v1/doc/document/rfc4716/,4716,rfc4716,The Secure Shell (SSH) Public Key File Format,2006-11-15 00:22:26+00:00,/api/v1/doc/document/draft-ietf-secsh-publickeyfile/,/api/v1/doc/document/draft-ietf-secsh-fingerprint/,1,draft-ietf-secsh-fingerprint,00,2003-03-28 08:00:00+00:00,,2002-03-28 08:00:00+00:00,2002-03-28 08:00:00+00:00,docevent,2006
/api/v1/doc/document/rfc4716/,4716,rfc4716,The Secure Shell (SSH) Public Key File Format,2006-11-15 00:22:26+00:00,/api/v1/doc/document/draft-ietf-secsh-publickeyfile/,/api/v1/doc/document/draft-ietf-secsh-publickeyfile/,0,draft-ietf-secsh-publickeyfile,13,2018-12-20 08:21:30+00:00,,2001-01-23 08:00:00+00:00,2001-01-23 08:00:00+00:00,docevent,2006
/api/v1/doc/document/rfc4731/,4731,rfc4731,IMAP4 Extension to SEARCH Command for Controlling What Kind of Information Is Returned,2006-11-15 00:22:40+00:00,/api/v1/doc/document/draft-melnikov-imap-search-ret/,/api/v1/doc/document/draft-melnikov-imap-search-ret/,0,draft-melnikov-imap-search-ret,03,2015-10-14 20:51:14+00:00,,2005-02-11 08:00:00+00:00,2005-02-11 08:00:00+00:00,docevent,2006
/api/v1/doc/document/rfc4684/,4684,rfc4684,Constrained Route Distribution for Border Gateway Protocol/MultiProtocol Label Switching (BGP/MPLS) Internet Protocol (IP) Virtual Private Networks (VPNs),2006-11-15 00:22:46+00:00,/api/v1/doc/document/draft-ietf-l3vpn-rt-constrain/,/api/v1/doc/document/draft-ietf-l3vpn-rt-constrain/,0,draft-ietf-l3vpn-rt-constrain,02,2020-01-21 08:27:35+00:00,,2004-06-02 07:00:00+00:00,2004-06-02 07:00:00+00:00,docevent,2006
/api/v1/doc/document/rfc4720/,4720,rfc4720,Pseudowire Emulation Edge-to-Edge (PWE3) Frame Check Sequence Retention,2006-11-15 00:23:34+00:00,/api/v1/doc/document/draft-ietf-pwe3-fcs-retention/,/api/v1/doc/document/draft-ietf-pwe3-fcs-retention/,0,draft-ietf-pwe3-fcs-retention,04,2013-03-02 16:58:55+00:00,,2003-11-25 08:00:00+00:00,2003-11-25 08:00:00+00:00,docevent,2006
/api/v1/doc/document/rfc4738/,4738,rfc4738,MIKEY-RSA-R: An Additional Mode of Key Distribution in Multimedia Internet KEYing (MIKEY),2006-11-17 01:42:16+00:00,/api/v1/doc/document/draft-ietf-msec-mikey-rsa-r/,/api/v1/doc/document/draft-ignjatic-msec-mikey-rsa-r/,1,draft-ignjatic-msec-mikey-rsa-r,00,2010-04-08 07:00:00+00:00,,2005-01-28 08:00:00+00:00,2005-01-28 08:00:00+00:00,docevent,2006
/api/v1/doc/document/rfc4738/,4738,rfc4738,MIKEY-RSA-R: An Additional Mode of Key Distribution in Multimedia Internet KEYing (MIKEY),2006-11-17 01:42:16+00:00,/api/v1/doc/document/draft-ietf-msec-mikey-rsa-r/,/api/v1/doc/document/draft-ietf-msec-mikey-rsa-r/,0,draft-ietf-msec-mikey-rsa-r,07,2015-10-14 20:51:13+00:00,,2005-07-08 07:00:00+00:00,2005-07-08 07:00:00+00:00,docevent,2006
/api/v1/doc/document/rfc4726/,4726,rfc4726,A Framework for Inter-Domain Multiprotocol Label Switching Traffic Engineering,2006-11-22 16:51:02+00:00,/api/v1/doc/document/draft-ietf-ccamp-inter-domain-framework/,/api/v1/doc/document/draft-farrel-ccamp-inter-domain-framework/,1,draft-farrel-ccamp-inter-domain-framework,01,2011-01-10 08:00:00+00:00,,2004-06-24 07:00:00+00:00,2004-06-24 07:00:00+00:00,docevent,2006
/api/v1/doc/document/rfc4726/,4726,rfc4726,A Framework for Inter-Domain Multiprotocol Label Switching Traffic Engineering,2006-11-22 16:51:02+00:00,/api/v1/doc/document/draft-ietf-ccamp-inter-domain-framework/,/api/v1/doc/document/draft-ietf-ccamp-inter-domain-framework/,0,draft-ietf-ccamp-inter-domain-framework,06,2018-12-20 08:21:31+00:00,,2004-08-20 07:00:00+00:00,2004-08-20 07:00:00+00:00,docevent,2006
/api/v1/doc/document/rfc4582/,4582,rfc4582,The Binary Floor Control Protocol (BFCP),2006-11-22 16:51:08+00:00,/api/v1/doc/document/draft-ietf-xcon-bfcp/,/api/v1/doc/document/draft-ietf-xcon-bfcp/,0,draft-ietf-xcon-bfcp,06,2018-12-20 08:21:13+00:00,,2004-07-13 07:00:00+00:00,2004-07-13 07:00:00+00:00,docevent,2006
/api/v1/doc/document/rfc4583/,4583,rfc4583,Session Description Protocol (SDP) Format for Binary Floor Control Protocol (BFCP) Streams,2006-11-22 16:51:15+00:00,/api/v1/doc/document/draft-ietf-mmusic-sdp-bfcp/,/api/v1/doc/document/draft-ietf-mmusic-sdp-bfcp/,0,draft-ietf-mmusic-sdp-bfcp,03,2015-10-14 20:51:12+00:00,,2005-01-13 08:00:00+00:00,2005-01-13 08:00:00+00:00,docevent,2006
/api/v1/doc/document/rfc4729/,4729,rfc4729,A Uniform Resource Name (URN) Namespace for  the Near Field Communication (NFC) Forum,2006-11-28 23:00:05+00:00,/api/v1/doc/document/draft-abel-nfc-urn/,/api/v1/doc/document/draft-abel-nfc-urn/,0,draft-abel-nfc-urn,00,2015-10-14 20:51:31+00:00,,2006-06-01 07:00:00+00:00,2006-06-01 07:00:00+00:00,docevent,2006
/api/v1/doc/document/rfc4739/,4739,rfc4739,Multiple Authentication Exchanges in the Internet Key Exchange (IKEv2) Protocol,2006-11-28 23:00:20+00:00,/api/v1/doc/document/draft-eronen-ipsec-ikev2-multiple-auth/,/api/v1/doc/document/draft-eronen-ipsec-ikev2-multiple-auth/,0,draft-eronen-ipsec-ikev2-multiple-auth,02,2015-10-14 20:51:22+00:00,,2005-10-17 07:00:00+00:00,2005-10-17 07:00:00+00:00,docevent,2006
/api/v1/doc/document/rfc4746/,4746,rfc4746,Extensible Authentication Protocol (EAP) Password Authenticated Exchange,2006-11-28 23:00:33+00:00,/api/v1/doc/document/draft-clancy-eap-pax/,/api/v1/doc/document/draft-clancy-eap-pax/,0,draft-clancy-eap-pax,11,2020-01-21 08:27:44+00:00,,2004-07-14 07:00:00+00:00,2004-07-14 07:00:00+00:00,docevent,2006
/api/v1/doc/document/rfc4740/,4740,rfc4740,Diameter Session Initiation Protocol (SIP) Application,2006-11-28 23:00:44+00:00,/api/v1/doc/document/draft-ietf-aaa-diameter-sip-app/,/api/v1/doc/document/draft-ietf-aaa-diameter-sip-app/,0,draft-ietf-aaa-diameter-sip-app,12,2022-12-08 23:19:55+00:00,,2003-10-16 07:00:00+00:00,2003-10-16 07:00:00+00:00,docevent,2006
/api/v1/doc/document/rfc4747/,4747,rfc4747,The Virtual Fabrics MIB,2006-11-28 23:00:55+00:00,/api/v1/doc/document/draft-ietf-imss-fc-vf-mib/,/api/v1/doc/document/draft-kipp-fc-virtual-fabrics-mib/,2,draft-kipp-fc-virtual-fabrics-mib,01,2008-04-01 07:00:00+00:00,,2005-04-15 07:00:00+00:00,2005-04-15 07:00:00+00:00,docevent,2006
/api/v1/doc/document/rfc4747/,4747,rfc4747,The Virtual Fabrics MIB,2006-11-28 23:00:55+00:00,/api/v1/doc/document/draft-ietf-imss-fc-vf-mib/,/api/v1/doc/document/draft-ietf-imss-fc-virtual-fabrics-mib/,1,draft-ietf-imss-fc-virtual-fabrics-mib,00,2005-11-28 08:00:00+00:00,,2005-09-27 07:00:00+00:00,2005-09-27 07:00:00+00:00,docevent,2006
/api/v1/doc/document/rfc4747/,4747,rfc4747,The Virtual Fabrics MIB,2006-11-28 23:00:55+00:00,/api/v1/doc/document/draft-ietf-imss-fc-vf-mib/,/api/v1/doc/document/draft-ietf-imss-fc-vf-mib/,0,draft-ietf-imss-fc-vf-mib,02,2020-01-21 08:27:44+00:00,,2005-11-28 08:00:00+00:00,2005-11-28 08:00:00+00:00,docevent,2006
/api/v1/doc/document/rfc4752/,4752,rfc4752,"The Kerberos V5 (""GSSAPI"") Simple Authentication and Security Layer (SASL) Mechanism",2006-11-28 23:01:05+00:00,/api/v1/doc/document/draft-ietf-sasl-gssapi/,/api/v1/doc/document/draft-ietf-sasl-gssapi/,0,draft-ietf-sasl-gssapi,08,2020-01-21 08:27:47+00:00,,2003-11-25 08:00:00+00:00,2003-11-25 08:00:00+00:00,docevent,2006
/api/v1/doc/document/rfc4737/,4737,rfc4737,Packet Reordering Metrics,2006-11-28 23:01:17+00:00,/api/v1/doc/document/draft-ietf-ippm-reordering/,/api/v1/doc/document/draft-ietf-ippm-reordering/,0,draft-ietf-ippm-reordering,13,2015-10-14 20:50:32+00:00,,2002-06-21 07:00:00+00:00,2002-06-21 07:00:00+00:00,docevent,2006
/api/v1/doc/document/rfc4756/,4756,rfc4756,Forward Error Correction Grouping Semantics in Session Description Protocol,2006-11-28 23:01:28+00:00,/api/v1/doc/document/draft-ietf-mmusic-fec-grouping/,/api/v1/doc/document/draft-ietf-mmusic-fec-grouping/,0,draft-ietf-mmusic-fec-grouping,05,2015-10-14 20:51:23+00:00,,2005-10-25 07:00:00+00:00,2005-10-25 07:00:00+00:00,docevent,2006
/api/v1/doc/document/rfc4774/,4774,rfc4774,Specifying Alternate Semantics for the Explicit Congestion Notification (ECN) Field,2006-11-28 23:01:39+00:00,/api/v1/doc/document/draft-ietf-tsvwg-ecn-alternates/,/api/v1/doc/document/draft-ietf-tsvwg-ecn-alternates/,0,draft-ietf-tsvwg-ecn-alternates,02,2015-10-14 20:51:25+00:00,,2006-01-17 08:00:00+00:00,2006-01-17 08:00:00+00:00,docevent,2006
/api/v1/doc/document/rfc4706/,4706,rfc4706,Definitions of Managed Objects for Asymmetric Digital Subscriber Line 2 (ADSL2),2006-11-30 01:31:21+00:00,/api/v1/doc/document/draft-ietf-adslmib-adsl2/,/api/v1/doc/document/draft-ietf-adslmib-adsl2/,0,draft-ietf-adslmib-adsl2,08,2015-10-14 20:51:17+00:00,,1999-05-28 07:00:00+00:00,1999-05-28 07:00:00+00:00,docevent,2006
/api/v1/doc/document/rfc4763/,4763,rfc4763,Extensible Authentication Protocol Method for Shared-secret Authentication and Key Establishment (EAP-SAKE),2006-11-30 01:31:26+00:00,/api/v1/doc/document/draft-vanderveen-eap-sake/,/api/v1/doc/document/draft-vanderveen-eap-sake/,0,draft-vanderveen-eap-sake,02,2020-01-21 08:27:50+00:00,,2006-01-17 08:00:00+00:00,2006-01-17 08:00:00+00:00,docevent,2006
/api/v1/doc/document/rfc4777/,4777,rfc4777,IBM's iSeries Telnet Enhancements,2006-11-30 01:31:30+00:00,/api/v1/doc/document/draft-murphy-iser-telnet/,/api/v1/doc/document/draft-murphy-iser-telnet/,0,draft-murphy-iser-telnet,04,2018-12-20 08:21:35+00:00,,2003-06-20 07:00:00+00:00,2003-06-20 07:00:00+00:00,docevent,2006
/api/v1/doc/document/rfc4789/,4789,rfc4789,Simple Network Management Protocol (SNMP) over IEEE 802 Networks,2006-12-01 00:58:29+00:00,/api/v1/doc/document/draft-schoenw-snmp-ether/,/api/v1/doc/document/draft-schoenw-snmp-ether/,0,draft-schoenw-snmp-ether,02,2018-12-20 08:21:39+00:00,,2006-06-08 07:00:00+00:00,2006-06-08 07:00:00+00:00,docevent,2006
/api/v1/doc/document/rfc4725/,4725,rfc4725,ENUM Validation Architecture,2006-12-01 00:58:36+00:00,/api/v1/doc/document/draft-ietf-enum-validation-arch/,/api/v1/doc/document/draft-mayrhofer-enum-validation-arch/,1,draft-mayrhofer-enum-validation-arch,00,2010-04-09 07:00:00+00:00,,2005-07-11 07:00:00+00:00,2005-07-11 07:00:00+00:00,docevent,2006
/api/v1/doc/document/rfc4725/,4725,rfc4725,ENUM Validation Architecture,2006-12-01 00:58:36+00:00,/api/v1/doc/document/draft-ietf-enum-validation-arch/,/api/v1/doc/document/draft-ietf-enum-validation-arch/,0,draft-ietf-enum-validation-arch,04,2015-10-14 20:51:19+00:00,,2005-10-06 07:00:00+00:00,2005-10-06 07:00:00+00:00,docevent,2006
/api/v1/doc/document/rfc4727/,4727,rfc4727,"Experimental Values In IPv4, IPv6, ICMPv4, ICMPv6, UDP, and TCP Headers",2006-12-01 00:58:42+00:00,/api/v1/doc/document/draft-fenner-iana-exp-2780/,/api/v1/doc/document/draft-fenner-iana-exp-2780/,0,draft-fenner-iana-exp-2780,05,2015-10-14 20:51:19+00:00,,2005-07-12 07:00:00+00:00,2005-07-12 07:00:00+00:00,docevent,2006
/api/v1/doc/document/rfc4769/,4769,rfc4769,IANA Registration for an Enumservice Containing Public Switched Telephone Network (PSTN) Signaling Information,2006-12-01 00:58:48+00:00,/api/v1/doc/document/draft-ietf-enum-pstn/,/api/v1/doc/document/draft-livingood-shockey-enum-npd/,1,draft-livingood-shockey-enum-npd,00,2010-04-26 07:00:00+00:00,,2005-07-08 07:00:00+00:00,2005-07-08 07:00:00+00:00,docevent,2006
/api/v1/doc/document/rfc4769/,4769,rfc4769,IANA Registration for an Enumservice Containing Public Switched Telephone Network (PSTN) Signaling Information,2006-12-01 00:58:48+00:00,/api/v1/doc/document/draft-ietf-enum-pstn/,/api/v1/doc/document/draft-ietf-enum-pstn/,0,draft-ietf-enum-pstn,05,2015-10-14 20:51:19+00:00,,2005-10-28 07:00:00+00:00,2005-10-28 07:00:00+00:00,docevent,2006
/api/v1/doc/document/rfc4758/,4758,rfc4758,Cryptographic Token Key Initialization Protocol (CT-KIP) Version 1.0 Revision 1,2006-12-01 00:58:54+00:00,/api/v1/doc/document/draft-nystrom-ct-kip/,/api/v1/doc/document/draft-nystrom-ct-kip/,0,draft-nystrom-ct-kip,02,2020-01-21 08:27:49+00:00,,2006-03-01 08:00:00+00:00,2006-03-01 08:00:00+00:00,docevent,2006
/api/v1/doc/document/rfc4759/,4759,rfc4759,"The ENUM Dip Indicator Parameter for the ""tel"" URI",2006-12-11 21:57:48+00:00,/api/v1/doc/document/draft-ietf-iptel-tel-enumdi/,/api/v1/doc/document/draft-ietf-iptel-tel-enumdi/,0,draft-ietf-iptel-tel-enumdi,05,2015-10-14 20:51:13+00:00,,2005-02-03 08:00:00+00:00,2005-02-03 08:00:00+00:00,docevent,2006
/api/v1/doc/document/rfc4794/,4794,rfc4794,RFC 1264 Is Obsolete,2006-12-11 21:57:52+00:00,/api/v1/doc/document/draft-fenner-obsolete-1264/,/api/v1/doc/document/draft-fenner-obsolete-1264/,0,draft-fenner-obsolete-1264,03,2015-10-14 20:51:30+00:00,,2006-05-31 07:00:00+00:00,2006-05-31 07:00:00+00:00,docevent,2006
/api/v1/doc/document/rfc4757/,4757,rfc4757,The RC4-HMAC Kerberos Encryption Types Used by Microsoft Windows,2006-12-11 21:57:59+00:00,/api/v1/doc/document/draft-jaganathan-rc4-hmac/,/api/v1/doc/document/draft-jaganathan-rc4-hmac/,0,draft-jaganathan-rc4-hmac,03,2020-01-21 08:27:48+00:00,,2005-07-11 07:00:00+00:00,2005-07-11 07:00:00+00:00,docevent,2006
/api/v1/doc/document/rfc4750/,4750,rfc4750,OSPF Version 2 Management Information Base,2006-12-13 18:23:31+00:00,/api/v1/doc/document/draft-ietf-ospf-mib-update/,/api/v1/doc/document/draft-ietf-ospf-mib-update/,0,draft-ietf-ospf-mib-update,11,2020-01-21 08:27:44+00:00,,2000-04-07 07:00:00+00:00,2000-04-07 07:00:00+00:00,docevent,2006
/api/v1/doc/document/rfc4775/,4775,rfc4775,Procedures for Protocol Extensions and Variations,2006-12-13 18:23:35+00:00,/api/v1/doc/document/draft-carpenter-protocol-extensions/,/api/v1/doc/document/draft-carpenter-protocol-extensions/,0,draft-carpenter-protocol-extensions,04,2018-12-20 08:21:35+00:00,,2006-06-19 07:00:00+00:00,2006-06-19 07:00:00+00:00,docevent,2006
/api/v1/doc/document/rfc4783/,4783,rfc4783,GMPLS - Communication of Alarm Information,2006-12-13 18:25:24+00:00,/api/v1/doc/document/draft-ietf-ccamp-gmpls-alarm-spec/,/api/v1/doc/document/draft-berger-ccamp-gmpls-alarm-spec/,1,draft-berger-ccamp-gmpls-alarm-spec,01,2008-04-16 07:00:00+00:00,,2003-10-20 07:00:00+00:00,2003-10-20 07:00:00+00:00,docevent,2006
/api/v1/doc/document/rfc4783/,4783,rfc4783,GMPLS - Communication of Alarm Information,2006-12-13 18:25:24+00:00,/api/v1/doc/document/draft-ietf-ccamp-gmpls-alarm-spec/,/api/v1/doc/document/draft-ietf-ccamp-gmpls-alarm-spec/,0,draft-ietf-ccamp-gmpls-alarm-spec,06,2018-12-20 08:21:37+00:00,,2004-04-01 08:00:00+00:00,2004-04-01 08:00:00+00:00,docevent,2006
/api/v1/doc/document/rfc4733/,4733,rfc4733,"RTP Payload for DTMF Digits, Telephony Tones, and Telephony Signals",2006-12-19 01:33:28+00:00,/api/v1/doc/document/draft-ietf-avt-rfc2833bis/,/api/v1/doc/document/draft-ietf-avt-rfc2833bis/,0,draft-ietf-avt-rfc2833bis,15,2020-01-21 08:27:42+00:00,,2002-05-29 07:00:00+00:00,2002-05-29 07:00:00+00:00,docevent,2006
/api/v1/doc/document/rfc4734/,4734,rfc4734,"Definition of Events for Modem, Fax, and Text Telephony Signals",2006-12-19 01:33:40+00:00,/api/v1/doc/document/draft-ietf-avt-rfc2833bisdata/,/api/v1/doc/document/draft-ietf-avt-rfc2833bisdata/,0,draft-ietf-avt-rfc2833bisdata,08,2013-03-02 16:58:56+00:00,,2005-01-14 08:00:00+00:00,2005-01-14 08:00:00+00:00,docevent,2006
/api/v1/doc/document/rfc4741/,4741,rfc4741,NETCONF Configuration Protocol,2006-12-19 01:34:01+00:00,/api/v1/doc/document/draft-ietf-netconf-prot/,/api/v1/doc/document/draft-ietf-netconf-prot/,0,draft-ietf-netconf-prot,12,2020-01-21 08:27:42+00:00,,2003-08-12 07:00:00+00:00,2003-08-12 07:00:00+00:00,docevent,2006
/api/v1/doc/document/rfc4742/,4742,rfc4742,Using the NETCONF Configuration Protocol over Secure SHell (SSH),2006-12-19 01:34:25+00:00,/api/v1/doc/document/draft-ietf-netconf-ssh/,/api/v1/doc/document/draft-ietf-netconf-ssh/,0,draft-ietf-netconf-ssh,06,2022-12-08 23:20:47+00:00,,2003-10-21 07:00:00+00:00,2003-10-21 07:00:00+00:00,docevent,2006
/api/v1/doc/document/rfc4743/,4743,rfc4743,Using NETCONF over the Simple Object Access Protocol (SOAP),2006-12-19 01:34:45+00:00,/api/v1/doc/document/draft-ietf-netconf-soap/,/api/v1/doc/document/draft-ietf-netconf-soap/,0,draft-ietf-netconf-soap,08,2023-02-28 08:15:26+00:00,,2003-10-17 07:00:00+00:00,2003-10-17 07:00:00+00:00,docevent,2006
/api/v1/doc/document/rfc4744/,4744,rfc4744,Using the NETCONF Protocol over the Blocks Extensible Exchange Protocol (BEEP),2006-12-19 01:35:03+00:00,/api/v1/doc/document/draft-ietf-netconf-beep/,/api/v1/doc/document/draft-ietf-netconf-beep/,0,draft-ietf-netconf-beep,10,2015-10-14 20:50:51+00:00,,2003-10-08 07:00:00+00:00,2003-10-08 07:00:00+00:00,docevent,2006
/api/v1/doc/document/rfc4755/,4755,rfc4755,IP over InfiniBand: Connected Mode,2006-12-21 23:54:07+00:00,/api/v1/doc/document/draft-ietf-ipoib-connected-mode/,/api/v1/doc/document/draft-ietf-ipoib-connected-mode/,0,draft-ietf-ipoib-connected-mode,03,2015-10-14 20:51:15+00:00,,2005-02-23 08:00:00+00:00,2005-02-23 08:00:00+00:00,docevent,2006
/api/v1/doc/document/rfc4768/,4768,rfc4768,Desired Enhancements to Generic Security Services Application Program Interface (GSS-API) Version 3 Naming,2006-12-21 23:54:13+00:00,/api/v1/doc/document/draft-ietf-kitten-gss-naming/,/api/v1/doc/document/draft-ietf-kitten-gss-naming/,0,draft-ietf-kitten-gss-naming,05,2015-10-14 20:51:11+00:00,,2004-12-02 08:00:00+00:00,2004-12-02 08:00:00+00:00,docevent,2006
/api/v1/doc/document/rfc4723/,4723,rfc4723,Registration of Media Type audio/mobile-xmf,2006-12-21 23:54:17+00:00,/api/v1/doc/document/draft-kosonen-mobile-xmf-mediatype/,/api/v1/doc/document/draft-kosonen-mobile-xmf-mimetype/,1,draft-kosonen-mobile-xmf-mimetype,00,2024-12-18 18:43:47+00:00,,2005-10-04 07:00:00+00:00,2005-10-04 07:00:00+00:00,docevent,2006
/api/v1/doc/document/rfc4723/,4723,rfc4723,Registration of Media Type audio/mobile-xmf,2006-12-21 23:54:17+00:00,/api/v1/doc/document/draft-kosonen-mobile-xmf-mediatype/,/api/v1/doc/document/draft-kosonen-mobile-xmf-mediatype/,0,draft-kosonen-mobile-xmf-mediatype,01,2015-10-14 20:51:22+00:00,,2005-11-11 08:00:00+00:00,2005-11-11 08:00:00+00:00,docevent,2006
/api/v1/doc/document/rfc4717/,4717,rfc4717,Encapsulation Methods for Transport of Asynchronous Transfer Mode (ATM) over MPLS Networks,2006-12-21 23:54:22+00:00,/api/v1/doc/document/draft-ietf-pwe3-atm-encap/,/api/v1/doc/document/draft-ietf-pwe3-atm-encap/,0,draft-ietf-pwe3-atm-encap,11,2020-01-21 08:27:39+00:00,,2002-10-29 08:00:00+00:00,2002-10-29 08:00:00+00:00,docevent,2006
/api/v1/doc/document/rfc4732/,4732,rfc4732,Internet Denial-of-Service Considerations,2006-12-22 21:56:23+00:00,/api/v1/doc/document/draft-iab-dos/,/api/v1/doc/document/draft-iab-dos/,0,draft-iab-dos,05,2015-10-14 20:50:57+00:00,,2004-01-12 08:00:00+00:00,2004-01-12 08:00:00+00:00,docevent,2006
/api/v1/doc/document/rfc4639/,4639,rfc4639,Cable Device Management Information Base for Data-Over-Cable Service Interface Specification (DOCSIS) Compliant Cable Modems and Cable Modem Termination Systems,2006-12-22 21:56:29+00:00,/api/v1/doc/document/draft-ietf-ipcdn-device-mibv2/,/api/v1/doc/document/draft-ietf-ipcdn-device-mibv2/,0,draft-ietf-ipcdn-device-mibv2,11,2018-12-20 08:21:16+00:00,,2000-07-20 07:00:00+00:00,2000-07-20 07:00:00+00:00,docevent,2006
/api/v1/doc/document/rfc4773/,4773,rfc4773,Administration of the IANA Special Purpose IPv6 Address Block,2006-12-22 21:56:35+00:00,/api/v1/doc/document/draft-huston-ipv6-iana-specials/,/api/v1/doc/document/draft-huston-ipv6-iana-specials/,0,draft-huston-ipv6-iana-specials,01,2015-10-14 20:51:24+00:00,,2005-11-14 08:00:00+00:00,2005-11-14 08:00:00+00:00,docevent,2006
/api/v1/doc/document/rfc4772/,4772,rfc4772,Security Implications of Using the Data Encryption Standard (DES),2006-12-22 21:56:41+00:00,/api/v1/doc/document/draft-kelly-saag-des-implications/,/api/v1/doc/document/draft-kelly-saag-des-implications/,0,draft-kelly-saag-des-implications,06,2015-10-14 20:51:26+00:00,,2006-01-30 08:00:00+00:00,2006-01-30 08:00:00+00:00,docevent,2006
/api/v1/doc/document/rfc4786/,4786,rfc4786,Operation of Anycast Services,2006-12-22 21:56:45+00:00,/api/v1/doc/document/draft-ietf-grow-anycast/,/api/v1/doc/document/draft-ietf-grow-anycast/,0,draft-ietf-grow-anycast,04,2018-12-20 08:21:38+00:00,,2005-02-16 08:00:00+00:00,2005-02-16 08:00:00+00:00,docevent,2006
/api/v1/doc/document/rfc4682/,4682,rfc4682,Multimedia Terminal Adapter (MTA) Management Information Base for PacketCable- and IPCablecom-Compliant Devices,2006-12-22 21:56:51+00:00,/api/v1/doc/document/draft-ietf-ipcdn-pktc-mtamib/,/api/v1/doc/document/draft-ietf-ipcdn-pktc-mtamib/,0,draft-ietf-ipcdn-pktc-mtamib,09,2015-10-14 20:50:38+00:00,,2002-10-28 08:00:00+00:00,2002-10-28 08:00:00+00:00,docevent,2006
/api/v1/doc/document/rfc4770/,4770,rfc4770,vCard Extensions for Instant Messaging (IM),2007-01-10 22:07:34+00:00,/api/v1/doc/document/draft-jennings-impp-vcard/,/api/v1/doc/document/draft-jennings-impp-vcard/,0,draft-jennings-impp-vcard,08,2015-10-14 20:50:43+00:00,,2003-02-24 08:00:00+00:00,2003-02-24 08:00:00+00:00,docevent,2007
/api/v1/doc/document/rfc4788/,4788,rfc4788,Enhancements to RTP Payload Formats for EVRC Family Codecs,2007-01-10 22:11:58+00:00,/api/v1/doc/document/draft-ietf-avt-compact-bundled-evrc/,/api/v1/doc/document/draft-xie-avt-compact-bundle-evrc/,1,draft-xie-avt-compact-bundle-evrc,01,2009-02-24 08:00:00+00:00,,2005-04-11 07:00:00+00:00,2005-04-11 07:00:00+00:00,docevent,2007
/api/v1/doc/document/rfc4788/,4788,rfc4788,Enhancements to RTP Payload Formats for EVRC Family Codecs,2007-01-10 22:11:58+00:00,/api/v1/doc/document/draft-ietf-avt-compact-bundled-evrc/,/api/v1/doc/document/draft-ietf-avt-compact-bundled-evrc/,0,draft-ietf-avt-compact-bundled-evrc,11,2015-10-14 20:51:16+00:00,,2006-01-05 08:00:00+00:00,2006-01-05 08:00:00+00:00,docevent,2007
/api/v1/doc/document/rfc4760/,4760,rfc4760,Multiprotocol Extensions for BGP-4,2007-01-17 00:49:29+00:00,/api/v1/doc/document/draft-ietf-idr-rfc2858bis/,/api/v1/doc/document/draft-ietf-idr-rfc2858bis/,0,draft-ietf-idr-rfc2858bis,10,2020-01-21 08:27:49+00:00,,2002-01-08 08:00:00+00:00,2002-01-08 08:00:00+00:00,docevent,2007
/api/v1/doc/document/rfc4761/,4761,rfc4761,Virtual Private LAN Service (VPLS) Using BGP for Auto-Discovery and Signaling,2007-01-17 00:49:35+00:00,/api/v1/doc/document/draft-ietf-l2vpn-vpls-bgp/,/api/v1/doc/document/draft-ietf-l2vpn-vpls-bgp/,0,draft-ietf-l2vpn-vpls-bgp,08,2018-12-20 08:21:34+00:00,,2003-07-22 07:00:00+00:00,2003-07-22 07:00:00+00:00,docevent,2007
/api/v1/doc/document/rfc4724/,4724,rfc4724,Graceful Restart Mechanism for BGP,2007-01-17 00:49:40+00:00,/api/v1/doc/document/draft-ietf-idr-restart/,/api/v1/doc/document/draft-ietf-idr-restart/,0,draft-ietf-idr-restart,13,2018-12-20 08:21:30+00:00,,2000-12-19 08:00:00+00:00,2000-12-19 08:00:00+00:00,docevent,2007
/api/v1/doc/document/rfc4762/,4762,rfc4762,Virtual Private LAN Service (VPLS) Using Label Distribution Protocol (LDP) Signaling,2007-01-17 00:49:44+00:00,/api/v1/doc/document/draft-ietf-l2vpn-vpls-ldp/,/api/v1/doc/document/draft-ietf-l2vpn-vpls-ldp/,0,draft-ietf-l2vpn-vpls-ldp,09,2020-01-21 08:27:49+00:00,,2003-07-22 07:00:00+00:00,2003-07-22 07:00:00+00:00,docevent,2007
/api/v1/doc/document/rfc4764/,4764,rfc4764,The EAP-PSK Protocol: A Pre-Shared Key Extensible Authentication Protocol (EAP) Method,2007-01-18 18:43:05+00:00,/api/v1/doc/document/draft-bersani-eap-psk/,/api/v1/doc/document/draft-bersani-eap-psk/,0,draft-bersani-eap-psk,11,2015-10-14 20:50:58+00:00,,2004-01-29 08:00:00+00:00,2004-01-29 08:00:00+00:00,docevent,2007
/api/v1/doc/document/rfc4781/,4781,rfc4781,Graceful Restart Mechanism for BGP with MPLS,2007-01-18 18:43:10+00:00,/api/v1/doc/document/draft-ietf-mpls-bgp-mpls-restart/,/api/v1/doc/document/draft-ietf-mpls-bgp-mpls-restart/,0,draft-ietf-mpls-bgp-mpls-restart,05,2018-12-20 08:21:36+00:00,,2002-02-13 08:00:00+00:00,2002-02-13 08:00:00+00:00,docevent,2007
/api/v1/doc/document/rfc4753/,4753,rfc4753,ECP Groups For IKE and IKEv2,2007-01-18 18:43:15+00:00,/api/v1/doc/document/draft-ietf-ipsec-ike-ecp-groups/,/api/v1/doc/document/draft-ietf-ipsec-ike-ecp-groups/,0,draft-ietf-ipsec-ike-ecp-groups,03,2020-01-21 08:27:48+00:00,,2005-04-18 07:00:00+00:00,2005-04-18 07:00:00+00:00,docevent,2007
/api/v1/doc/document/rfc4754/,4754,rfc4754,IKE and IKEv2 Authentication Using the Elliptic Curve Digital Signature Algorithm (ECDSA),2007-01-18 18:43:19+00:00,/api/v1/doc/document/draft-ietf-ipsec-ike-auth-ecdsa/,/api/v1/doc/document/draft-ietf-ipsec-ike-auth-ecdsa/,0,draft-ietf-ipsec-ike-auth-ecdsa,06,2016-07-27 07:07:51+00:00,,2000-03-09 08:00:00+00:00,2000-03-09 08:00:00+00:00,docevent,2007
/api/v1/doc/document/rfc4771/,4771,rfc4771,Integrity Transform Carrying Roll-Over Counter for the Secure Real-time Transport Protocol (SRTP),2007-01-18 18:43:24+00:00,/api/v1/doc/document/draft-lehtovirta-srtp-rcc/,/api/v1/doc/document/draft-lehtovirta-srtp-rcc/,0,draft-lehtovirta-srtp-rcc,06,2020-01-21 08:27:50+00:00,,2005-12-02 08:00:00+00:00,2005-12-02 08:00:00+00:00,docevent,2007
/api/v1/doc/document/rfc4779/,4779,rfc4779,ISP IPv6 Deployment Scenarios in Broadband Access Networks,2007-01-23 02:01:23+00:00,/api/v1/doc/document/draft-ietf-v6ops-bb-deployment-scenarios/,/api/v1/doc/document/draft-asadullah-v6ops-bb-deployment-scenarios/,1,draft-asadullah-v6ops-bb-deployment-scenarios,02,2005-03-01 08:00:00+00:00,,2004-08-19 07:00:00+00:00,2004-08-19 07:00:00+00:00,docevent,2007
/api/v1/doc/document/rfc4779/,4779,rfc4779,ISP IPv6 Deployment Scenarios in Broadband Access Networks,2007-01-23 02:01:23+00:00,/api/v1/doc/document/draft-ietf-v6ops-bb-deployment-scenarios/,/api/v1/doc/document/draft-ietf-v6ops-bb-deployment-scenarios/,0,draft-ietf-v6ops-bb-deployment-scenarios,05,2020-01-21 08:27:51+00:00,,2005-02-14 08:00:00+00:00,2005-02-14 08:00:00+00:00,docevent,2007
/api/v1/doc/document/rfc4797/,4797,rfc4797,Use of Provider Edge to Provider Edge (PE-PE) Generic Routing Encapsulation (GRE) or IP in BGP/MPLS IP Virtual Private Networks,2007-01-25 02:19:39+00:00,/api/v1/doc/document/draft-ietf-l3vpn-gre-ip-2547/,/api/v1/doc/document/draft-ietf-l3vpn-gre-ip-2547/,0,draft-ietf-l3vpn-gre-ip-2547,05,2018-12-20 08:21:41+00:00,,2002-04-27 21:30:02+00:00,2002-04-27 21:30:02+00:00,docevent,2007
/api/v1/doc/document/rfc4795/,4795,rfc4795,Link-local Multicast Name Resolution (LLMNR),2007-01-25 02:19:45+00:00,/api/v1/doc/document/draft-ietf-dnsext-mdns/,/api/v1/doc/document/draft-aboba-dnsext-mdns/,1,draft-aboba-dnsext-mdns,01,2008-03-03 08:00:00+00:00,,2000-03-16 08:00:00+00:00,2000-03-16 08:00:00+00:00,docevent,2007
/api/v1/doc/document/rfc4795/,4795,rfc4795,Link-local Multicast Name Resolution (LLMNR),2007-01-25 02:19:45+00:00,/api/v1/doc/document/draft-ietf-dnsext-mdns/,/api/v1/doc/document/draft-ietf-dnsext-mdns/,0,draft-ietf-dnsext-mdns,47,2020-01-21 08:27:53+00:00,,2000-11-17 08:00:00+00:00,2000-11-17 08:00:00+00:00,docevent,2007
/api/v1/doc/document/rfc4792/,4792,rfc4792,Encoding Instructions for the Generic String Encoding Rules (GSER),2007-01-25 02:19:54+00:00,/api/v1/doc/document/draft-legg-ldap-gser-ei/,/api/v1/doc/document/draft-legg-ldap-gser-ei/,0,draft-legg-ldap-gser-ei,02,2015-10-14 20:51:19+00:00,,2005-07-07 07:00:00+00:00,2005-07-07 07:00:00+00:00,docevent,2007
/api/v1/doc/document/rfc4782/,4782,rfc4782,Quick-Start for TCP and IP,2007-01-30 00:48:40+00:00,/api/v1/doc/document/draft-ietf-tsvwg-quickstart/,/api/v1/doc/document/draft-ietf-tsvwg-quickstart/,0,draft-ietf-tsvwg-quickstart,07,2020-01-21 08:27:51+00:00,,2005-06-03 07:00:00+00:00,2005-06-03 07:00:00+00:00,docevent,2007
/api/v1/doc/document/rfc4778/,4778,rfc4778,Operational Security Current Practices in Internet Service Provider Environments,2007-02-01 02:17:25+00:00,/api/v1/doc/document/draft-ietf-opsec-current-practices/,/api/v1/doc/document/draft-ietf-opsec-current-practices/,0,draft-ietf-opsec-current-practices,07,2020-01-21 08:27:50+00:00,,2005-02-15 08:00:00+00:00,2005-02-15 08:00:00+00:00,docevent,2007
/api/v1/doc/document/rfc4785/,4785,rfc4785,Pre-Shared Key (PSK) Ciphersuites with NULL Encryption for Transport Layer Security (TLS),2007-02-01 02:17:30+00:00,/api/v1/doc/document/draft-ietf-tls-psk-null/,/api/v1/doc/document/draft-ietf-tls-psk-null/,0,draft-ietf-tls-psk-null,03,2015-10-14 20:51:34+00:00,,2006-07-20 07:00:00+00:00,2006-07-20 07:00:00+00:00,docevent,2007
/api/v1/doc/document/rfc4629/,4629,rfc4629,RTP Payload Format for ITU-T Rec. H.263 Video,2007-02-01 02:17:35+00:00,/api/v1/doc/document/draft-ietf-avt-rfc2429-bis/,/api/v1/doc/document/draft-ietf-avt-rfc2429-bis/,0,draft-ietf-avt-rfc2429-bis,09,2018-12-20 08:21:15+00:00,,2004-01-20 08:00:00+00:00,2004-01-20 08:00:00+00:00,docevent,2007
/api/v1/doc/document/rfc4721/,4721,rfc4721,Mobile IPv4 Challenge/Response Extensions (Revised),2007-02-01 02:17:40+00:00,/api/v1/doc/document/draft-ietf-mip4-rfc3012bis/,/api/v1/doc/document/draft-ietf-mobileip-rfc3012bis/,1,draft-ietf-mobileip-rfc3012bis,05,2015-10-14 20:50:23+00:00,,2001-11-21 08:00:00+00:00,2001-11-21 08:00:00+00:00,docevent,2007
/api/v1/doc/document/rfc4721/,4721,rfc4721,Mobile IPv4 Challenge/Response Extensions (Revised),2007-02-01 02:17:40+00:00,/api/v1/doc/document/draft-ietf-mip4-rfc3012bis/,/api/v1/doc/document/draft-ietf-mip4-rfc3012bis/,0,draft-ietf-mip4-rfc3012bis,05,2018-12-20 08:21:30+00:00,,2003-10-21 07:00:00+00:00,2003-10-21 07:00:00+00:00,docevent,2007
/api/v1/doc/document/rfc4787/,4787,rfc4787,Network Address Translation (NAT) Behavioral Requirements for Unicast UDP,2007-02-01 02:17:44+00:00,/api/v1/doc/document/draft-ietf-behave-nat-udp/,/api/v1/doc/document/draft-ietf-behave-nat/,1,draft-ietf-behave-nat,00,2008-06-16 07:00:00+00:00,,2004-10-18 07:00:00+00:00,2004-10-18 07:00:00+00:00,docevent,2007
/api/v1/doc/document/rfc4787/,4787,rfc4787,Network Address Translation (NAT) Behavioral Requirements for Unicast UDP,2007-02-01 02:17:44+00:00,/api/v1/doc/document/draft-ietf-behave-nat-udp/,/api/v1/doc/document/draft-ietf-behave-nat-udp/,0,draft-ietf-behave-nat-udp,08,2015-10-14 20:51:09+00:00,,2005-01-13 08:00:00+00:00,2005-01-13 08:00:00+00:00,docevent,2007
/api/v1/doc/document/rfc4628/,4628,rfc4628,RTP Payload Format for H.263 Moving RFC 2190 to Historic Status,2007-02-01 18:51:35+00:00,/api/v1/doc/document/draft-ietf-avt-rfc2190-to-historic/,/api/v1/doc/document/draft-ietf-avt-rfc2190-to-historic/,0,draft-ietf-avt-rfc2190-to-historic,06,2015-10-14 20:51:07+00:00,,2004-09-15 07:00:00+00:00,2004-09-15 07:00:00+00:00,docevent,2007
/api/v1/doc/document/rfc4651/,4651,rfc4651,A Taxonomy and Analysis of Enhancements to Mobile IPv6 Route Optimization,2007-02-08 02:16:54+00:00,/api/v1/doc/document/draft-irtf-mobopts-ro-enhancements/,/api/v1/doc/document/draft-irtf-mobopts-ro-enhancements/,0,draft-irtf-mobopts-ro-enhancements,08,2015-10-14 20:51:12+00:00,,2005-01-27 08:00:00+00:00,2005-01-27 08:00:00+00:00,docevent,2007
/api/v1/doc/document/rfc4798/,4798,rfc4798,Connecting IPv6 Islands over IPv4 MPLS Using IPv6 Provider Edge Routers (6PE),2007-02-09 01:46:50+00:00,/api/v1/doc/document/draft-ooms-v6ops-bgp-tunnel/,/api/v1/doc/document/draft-ooms-v6ops-bgp-tunnel/,0,draft-ooms-v6ops-bgp-tunnel,07,2015-10-14 20:50:39+00:00,,2002-10-31 08:00:00+00:00,2002-10-31 08:00:00+00:00,docevent,2007
/api/v1/doc/document/rfc4796/,4796,rfc4796,The Session Description Protocol (SDP) Content Attribute,2007-02-09 01:47:17+00:00,/api/v1/doc/document/draft-ietf-mmusic-sdp-media-content/,/api/v1/doc/document/draft-ietf-mmusic-sdp-media-content/,0,draft-ietf-mmusic-sdp-media-content,06,2015-10-14 20:51:22+00:00,,2005-10-17 07:00:00+00:00,2005-10-17 07:00:00+00:00,docevent,2007
/api/v1/doc/document/rfc4793/,4793,rfc4793,The EAP Protected One-Time Password Protocol (EAP-POTP),2007-02-09 01:47:31+00:00,/api/v1/doc/document/draft-nystrom-eap-potp/,/api/v1/doc/document/draft-nystrom-eap-potp/,0,draft-nystrom-eap-potp,07,2015-10-14 20:51:14+00:00,,2005-02-15 08:00:00+00:00,2005-02-15 08:00:00+00:00,docevent,2007
/api/v1/doc/document/rfc4728/,4728,rfc4728,The Dynamic Source Routing Protocol (DSR) for Mobile Ad Hoc Networks for IPv4,2007-02-09 01:47:43+00:00,/api/v1/doc/document/draft-ietf-manet-dsr/,/api/v1/doc/document/draft-ietf-manet-dsr/,0,draft-ietf-manet-dsr,10,2020-01-21 08:27:40+00:00,,1998-03-18 08:00:00+00:00,1998-03-18 08:00:00+00:00,docevent,2007
/api/v1/doc/document/rfc4745/,4745,rfc4745,Common Policy: A Document Format for Expressing Privacy Preferences,2007-02-16 17:43:38+00:00,/api/v1/doc/document/draft-ietf-geopriv-common-policy/,/api/v1/doc/document/draft-ietf-geopriv-common-policy/,0,draft-ietf-geopriv-common-policy,11,2020-01-21 08:27:43+00:00,,2004-02-10 08:00:00+00:00,2004-02-10 08:00:00+00:00,docevent,2007
/api/v1/doc/document/rfc4815/,4815,rfc4815,RObust Header Compression (ROHC): Corrections and Clarifications to RFC 3095,2007-02-16 17:43:58+00:00,/api/v1/doc/document/draft-ietf-rohc-rtp-impl-guide/,/api/v1/doc/document/draft-ietf-rohc-rtp-impl-guide/,0,draft-ietf-rohc-rtp-impl-guide,22,2015-10-14 20:50:27+00:00,,2002-02-14 08:00:00+00:00,2002-02-14 08:00:00+00:00,docevent,2007
/api/v1/doc/document/rfc4816/,4816,rfc4816,Pseudowire Emulation Edge-to-Edge (PWE3) Asynchronous Transfer Mode (ATM) Transparent Cell Transport Service,2007-02-16 17:44:11+00:00,/api/v1/doc/document/draft-ietf-pwe3-cell-transport/,/api/v1/doc/document/draft-malis-pwe3-cell-transport/,1,draft-malis-pwe3-cell-transport,00,2004-06-04 07:00:00+00:00,,2002-10-21 07:00:00+00:00,2002-10-21 07:00:00+00:00,docevent,2007
/api/v1/doc/document/rfc4816/,4816,rfc4816,Pseudowire Emulation Edge-to-Edge (PWE3) Asynchronous Transfer Mode (ATM) Transparent Cell Transport Service,2007-02-16 17:44:11+00:00,/api/v1/doc/document/draft-ietf-pwe3-cell-transport/,/api/v1/doc/document/draft-ietf-pwe3-cell-transport/,0,draft-ietf-pwe3-cell-transport,06,2015-10-14 20:50:37+00:00,,2004-08-12 07:00:00+00:00,2004-08-12 07:00:00+00:00,docevent,2007
/api/v1/doc/document/rfc4804/,4804,rfc4804,Aggregation of Resource ReSerVation Protocol (RSVP) Reservations over MPLS TE/DS-TE Tunnels,2007-02-22 02:20:17+00:00,/api/v1/doc/document/draft-ietf-tsvwg-rsvp-dste/,/api/v1/doc/document/draft-ietf-tsvwg-rsvp-dste/,0,draft-ietf-tsvwg-rsvp-dste,05,2015-10-14 20:51:20+00:00,,2005-07-21 07:00:00+00:00,2005-07-21 07:00:00+00:00,docevent,2007
/api/v1/doc/document/rfc4806/,4806,rfc4806,Online Certificate Status Protocol (OCSP) Extensions to IKEv2,2007-02-27 00:12:17+00:00,/api/v1/doc/document/draft-myers-ikev2-ocsp/,/api/v1/doc/document/draft-myers-ipsec-ikev2-oscp/,1,draft-myers-ipsec-ikev2-oscp,02,2008-12-01 08:00:00+00:00,,2004-07-12 07:00:00+00:00,2004-07-12 07:00:00+00:00,docevent,2007
/api/v1/doc/document/rfc4806/,4806,rfc4806,Online Certificate Status Protocol (OCSP) Extensions to IKEv2,2007-02-27 00:12:17+00:00,/api/v1/doc/document/draft-myers-ikev2-ocsp/,/api/v1/doc/document/draft-myers-ikev2-ocsp/,0,draft-myers-ikev2-ocsp,05,2018-12-20 08:21:42+00:00,,2005-09-26 07:00:00+00:00,2005-09-26 07:00:00+00:00,docevent,2007
/api/v1/doc/document/rfc4809/,4809,rfc4809,Requirements for an IPsec Certificate Management Profile,2007-03-01 05:07:06+00:00,/api/v1/doc/document/draft-ietf-pki4ipsec-mgmt-profile-rqts/,/api/v1/doc/document/draft-ietf-pki4ipsec-mgmt-profile-rqts/,0,draft-ietf-pki4ipsec-mgmt-profile-rqts,07,2015-10-14 20:51:06+00:00,,2004-08-12 07:00:00+00:00,2004-08-12 07:00:00+00:00,docevent,2007
/api/v1/doc/document/rfc4856/,4856,rfc4856,Media Type Registration of Payload Formats in the RTP Profile for Audio and Video Conferences,2007-03-01 05:08:02+00:00,/api/v1/doc/document/draft-ietf-avt-rfc3555bis-part2/,/api/v1/doc/document/draft-ietf-avt-rfc3555bis-part2/,0,draft-ietf-avt-rfc3555bis-part2,02,2015-10-14 20:51:28+00:00,,2006-03-02 08:00:00+00:00,2006-03-02 08:00:00+00:00,docevent,2007
/api/v1/doc/document/rfc4855/,4855,rfc4855,Media Type Registration of RTP Payload Formats,2007-03-01 05:08:22+00:00,/api/v1/doc/document/draft-ietf-avt-rfc3555bis/,/api/v1/doc/document/draft-ietf-avt-rfc3555bis/,0,draft-ietf-avt-rfc3555bis,05,2015-10-14 20:51:20+00:00,,2005-07-13 07:00:00+00:00,2005-07-13 07:00:00+00:00,docevent,2007
/api/v1/doc/document/rfc4803/,4803,rfc4803,Generalized Multiprotocol Label Switching (GMPLS) Label Switching Router (LSR) Management Information Base,2007-03-01 05:08:55+00:00,/api/v1/doc/document/draft-ietf-ccamp-gmpls-lsr-mib/,/api/v1/doc/document/draft-ietf-ccamp-gmpls-lsr-mib/,0,draft-ietf-ccamp-gmpls-lsr-mib,15,2020-01-21 08:27:53+00:00,,2002-06-28 07:00:00+00:00,2002-06-28 07:00:00+00:00,docevent,2007
/api/v1/doc/document/rfc4802/,4802,rfc4802,Generalized Multiprotocol Label Switching (GMPLS) Traffic Engineering Management Information Base,2007-03-01 05:09:47+00:00,/api/v1/doc/document/draft-ietf-ccamp-gmpls-te-mib/,/api/v1/doc/document/draft-ietf-ccamp-gmpls-te-mib/,0,draft-ietf-ccamp-gmpls-te-mib,16,2015-10-14 20:50:34+00:00,,2002-06-28 07:00:00+00:00,2002-06-28 07:00:00+00:00,docevent,2007
/api/v1/doc/document/rfc4801/,4801,rfc4801,Definitions of Textual Conventions for Generalized Multiprotocol Label Switching (GMPLS) Management,2007-03-01 05:10:07+00:00,/api/v1/doc/document/draft-ietf-ccamp-gmpls-tc-mib/,/api/v1/doc/document/draft-ietf-ccamp-gmpls-tc-mib/,0,draft-ietf-ccamp-gmpls-tc-mib,11,2015-10-14 20:50:34+00:00,,2002-06-28 07:00:00+00:00,2002-06-28 07:00:00+00:00,docevent,2007
/api/v1/doc/document/rfc4822/,4822,rfc4822,RIPv2 Cryptographic Authentication,2007-03-01 05:10:32+00:00,/api/v1/doc/document/draft-rja-ripv2-auth/,/api/v1/doc/document/draft-rja-ripv2-auth/,0,draft-rja-ripv2-auth,06,2015-10-14 20:51:06+00:00,,2004-08-26 07:00:00+00:00,2004-08-26 07:00:00+00:00,docevent,2007
/api/v1/doc/document/rfc4807/,4807,rfc4807,IPsec Security Policy Database Configuration MIB,2007-03-11 23:39:43+00:00,/api/v1/doc/document/draft-ietf-ipsp-spd-mib/,/api/v1/doc/document/draft-ietf-ipsp-spd-mib/,0,draft-ietf-ipsp-spd-mib,07,2020-01-21 08:27:54+00:00,,2004-03-04 02:37:38+00:00,2004-03-04 02:37:38+00:00,docevent,2007
/api/v1/doc/document/rfc4766/,4766,rfc4766,Intrusion Detection Message Exchange Requirements,2007-03-11 23:39:47+00:00,/api/v1/doc/document/draft-ietf-idwg-requirements/,/api/v1/doc/document/draft-ietf-idwg-requirements/,0,draft-ietf-idwg-requirements,10,2015-10-14 20:49:56+00:00,,1999-06-25 07:00:00+00:00,1999-06-25 07:00:00+00:00,docevent,2007
/api/v1/doc/document/rfc4767/,4767,rfc4767,The Intrusion Detection Exchange Protocol (IDXP),2007-03-11 23:39:53+00:00,/api/v1/doc/document/draft-ietf-idwg-beep-idxp/,/api/v1/doc/document/draft-ietf-idwg-beep-idxp/,0,draft-ietf-idwg-beep-idxp,07,2015-10-14 20:50:10+00:00,,2001-02-20 08:00:00+00:00,2001-02-20 08:00:00+00:00,docevent,2007
/api/v1/doc/document/rfc4765/,4765,rfc4765,The Intrusion Detection Message Exchange Format (IDMEF),2007-03-11 23:39:58+00:00,/api/v1/doc/document/draft-ietf-idwg-idmef-xml/,/api/v1/doc/document/draft-ietf-idwg-idmef-xml/,0,draft-ietf-idwg-idmef-xml,16,2018-12-20 08:21:34+00:00,,2000-04-11 07:00:00+00:00,2000-04-11 07:00:00+00:00,docevent,2007
/api/v1/doc/document/rfc4805/,4805,rfc4805,"Definitions of Managed Objects for the DS1, J1, E1, DS2, and E2 Interface Types",2007-03-11 23:40:06+00:00,/api/v1/doc/document/draft-orly-atommib-rfc3895bis/,/api/v1/doc/document/draft-orly-atommib-rfc3895bis/,0,draft-orly-atommib-rfc3895bis,01,2018-12-20 08:21:41+00:00,,2006-04-10 07:00:00+00:00,2006-04-10 07:00:00+00:00,docevent,2007
/api/v1/doc/document/rfc4819/,4819,rfc4819,Secure Shell Public Key Subsystem,2007-03-12 23:55:14+00:00,/api/v1/doc/document/draft-ietf-secsh-publickey-subsystem/,/api/v1/doc/document/draft-ietf-secsh-publickey-subsystem/,0,draft-ietf-secsh-publickey-subsystem,08,2018-12-20 08:21:43+00:00,,2003-10-24 07:00:00+00:00,2003-10-24 07:00:00+00:00,docevent,2007
/api/v1/doc/document/rfc4790/,4790,rfc4790,Internet Application Protocol Collation Registry,2007-03-15 21:51:18+00:00,/api/v1/doc/document/draft-newman-i18n-comparator/,/api/v1/doc/document/draft-newman-i18n-comparator/,0,draft-newman-i18n-comparator,14,2020-01-21 08:27:52+00:00,,2003-05-12 07:00:00+00:00,2003-05-12 07:00:00+00:00,docevent,2007
/api/v1/doc/document/rfc4791/,4791,rfc4791,Calendaring Extensions to WebDAV (CalDAV),2007-03-15 21:51:26+00:00,/api/v1/doc/document/draft-dusseault-caldav/,/api/v1/doc/document/draft-dusseault-caldav/,0,draft-dusseault-caldav,15,2020-01-21 08:27:53+00:00,,2004-06-24 07:00:00+00:00,2004-06-24 07:00:00+00:00,docevent,2007
/api/v1/doc/document/rfc3659/,3659,rfc3659,Extensions to FTP,2007-03-18 18:42:55+00:00,/api/v1/doc/document/draft-ietf-ftpext-mlst/,/api/v1/doc/document/draft-ietf-ftpext-mlst/,0,draft-ietf-ftpext-mlst,16,2020-01-21 08:25:25+00:00,,1997-03-26 08:00:00+00:00,1997-03-26 08:00:00+00:00,docevent,2007
/api/v1/doc/document/rfc4808/,4808,rfc4808,Key Change Strategies for TCP-MD5,2007-03-18 18:43:25+00:00,/api/v1/doc/document/draft-bellovin-keyroll2385/,/api/v1/doc/document/draft-bellovin-keyroll2385/,0,draft-bellovin-keyroll2385,04,2013-03-02 16:59:00+00:00,,2006-06-26 07:00:00+00:00,2006-06-26 07:00:00+00:00,docevent,2007
/api/v1/doc/document/rfc4813/,4813,rfc4813,OSPF Link-Local Signaling,2007-03-21 09:12:09+00:00,/api/v1/doc/document/draft-nguyen-ospf-lls/,/api/v1/doc/document/draft-nguyen-ospf-lls/,0,draft-nguyen-ospf-lls,06,2015-10-14 20:50:29+00:00,,2002-03-21 08:00:00+00:00,2002-03-21 08:00:00+00:00,docevent,2007
/api/v1/doc/document/rfc4812/,4812,rfc4812,OSPF Restart Signaling,2007-03-21 09:12:36+00:00,/api/v1/doc/document/draft-nguyen-ospf-restart/,/api/v1/doc/document/draft-nguyen-ospf-restart/,0,draft-nguyen-ospf-restart,06,2020-01-21 08:27:54+00:00,,2002-03-11 08:00:00+00:00,2002-03-11 08:00:00+00:00,docevent,2007
/api/v1/doc/document/rfc4811/,4811,rfc4811,OSPF Out-of-Band Link State Database (LSDB) Resynchronization,2007-03-21 09:12:43+00:00,/api/v1/doc/document/draft-nguyen-ospf-oob-resync/,/api/v1/doc/document/draft-nguyen-ospf-oob-resync/,0,draft-nguyen-ospf-oob-resync,06,2018-12-20 08:21:42+00:00,,2002-03-11 08:00:00+00:00,2002-03-11 08:00:00+00:00,docevent,2007
/api/v1/doc/document/rfc4841/,4841,rfc4841,RFC 4181 Update to Recognize the IETF Trust,2007-03-27 20:21:57+00:00,/api/v1/doc/document/draft-heard-rfc4181-update/,/api/v1/doc/document/draft-heard-rfc4181-update/,0,draft-heard-rfc4181-update,00,2015-10-14 20:51:43+00:00,,2007-01-03 08:00:00+00:00,2007-01-03 08:00:00+00:00,docevent,2007
/api/v1/doc/document/rfc4810/,4810,rfc4810,Long-Term Archive Service Requirements,2007-03-30 00:56:56+00:00,/api/v1/doc/document/draft-ietf-ltans-reqs/,/api/v1/doc/document/draft-ietf-ltans-reqs/,0,draft-ietf-ltans-reqs,10,2015-10-14 20:50:58+00:00,,2004-02-03 08:00:00+00:00,2004-02-03 08:00:00+00:00,docevent,2007
/api/v1/doc/document/rfc4814/,4814,rfc4814,Hash and Stuffing: Overlooked Factors in Network Device Benchmarking,2007-03-30 00:57:14+00:00,/api/v1/doc/document/draft-ietf-bmwg-hash-stuffing/,/api/v1/doc/document/draft-ietf-bmwg-hash-stuffing/,0,draft-ietf-bmwg-hash-stuffing,08,2015-10-14 20:51:06+00:00,,2004-07-16 07:00:00+00:00,2004-07-16 07:00:00+00:00,docevent,2007
/api/v1/doc/document/rfc4817/,4817,rfc4817,Encapsulation of MPLS over Layer 2 Tunneling Protocol Version 3,2007-03-30 00:57:28+00:00,/api/v1/doc/document/draft-ietf-mpls-over-l2tpv3/,/api/v1/doc/document/draft-ietf-mpls-over-l2tpv3/,0,draft-ietf-mpls-over-l2tpv3,03,2015-10-14 20:51:14+00:00,,2005-02-15 08:00:00+00:00,2005-02-15 08:00:00+00:00,docevent,2007
/api/v1/doc/document/rfc4820/,4820,rfc4820,Padding Chunk and Parameter for the Stream Control Transmission Protocol (SCTP),2007-03-30 00:57:49+00:00,/api/v1/doc/document/draft-ietf-tsvwg-sctp-padding/,/api/v1/doc/document/draft-tuexen-tsvwg-sctp-padding/,1,draft-tuexen-tsvwg-sctp-padding,01,2006-06-02 07:00:00+00:00,,2006-02-27 08:00:00+00:00,2006-02-27 08:00:00+00:00,docevent,2007
/api/v1/doc/document/rfc4820/,4820,rfc4820,Padding Chunk and Parameter for the Stream Control Transmission Protocol (SCTP),2007-03-30 00:57:49+00:00,/api/v1/doc/document/draft-ietf-tsvwg-sctp-padding/,/api/v1/doc/document/draft-ietf-tsvwg-sctp-padding/,0,draft-ietf-tsvwg-sctp-padding,02,2020-07-29 07:30:44+00:00,,2006-06-02 07:00:00+00:00,2006-06-02 07:00:00+00:00,docevent,2007
/api/v1/doc/document/rfc4821/,4821,rfc4821,Packetization Layer Path MTU Discovery,2007-03-30 00:58:05+00:00,/api/v1/doc/document/draft-ietf-pmtud-method/,/api/v1/doc/document/draft-ietf-pmtud-method/,0,draft-ietf-pmtud-method,11,2020-07-29 07:30:45+00:00,,2003-10-21 07:00:00+00:00,2003-10-21 07:00:00+00:00,docevent,2007
/api/v1/doc/document/rfc4867/,4867,rfc4867,RTP Payload Format and File Storage Format for the Adaptive Multi-Rate (AMR) and Adaptive Multi-Rate Wideband (AMR-WB) Audio Codecs,2007-04-10 18:21:02+00:00,/api/v1/doc/document/draft-ietf-avt-rtp-amr-bis/,/api/v1/doc/document/draft-ietf-avt-rtp-amr-bis/,0,draft-ietf-avt-rtp-amr-bis,06,2020-01-21 08:28:01+00:00,,2004-10-19 07:00:00+00:00,2004-10-19 07:00:00+00:00,docevent,2007
/api/v1/doc/document/rfc4874/,4874,rfc4874,Exclude Routes - Extension to Resource ReserVation Protocol-Traffic Engineering (RSVP-TE),2007-04-10 18:21:09+00:00,/api/v1/doc/document/draft-ietf-ccamp-rsvp-te-exclude-route/,/api/v1/doc/document/draft-ietf-ccamp-rsvp-te-exclude-route/,0,draft-ietf-ccamp-rsvp-te-exclude-route,06,2020-01-21 08:28:03+00:00,,2003-06-13 07:00:00+00:00,2003-06-13 07:00:00+00:00,docevent,2007
/api/v1/doc/document/rfc4879/,4879,rfc4879,Clarification of the Third Party Disclosure Procedure in RFC 3979,2007-04-10 18:21:14+00:00,/api/v1/doc/document/draft-narten-ipr-3979-3rd-party-fix/,/api/v1/doc/document/draft-narten-ipr-3979-3rd-party-fix/,0,draft-narten-ipr-3979-3rd-party-fix,00,2015-10-14 20:51:36+00:00,,2006-10-13 07:00:00+00:00,2006-10-13 07:00:00+00:00,docevent,2007
/api/v1/doc/document/rfc4877/,4877,rfc4877,Mobile IPv6 Operation with IKEv2 and the Revised IPsec Architecture,2007-04-12 00:37:11+00:00,/api/v1/doc/document/draft-ietf-mip6-ikev2-ipsec/,/api/v1/doc/document/draft-ietf-mip6-ikev2-ipsec/,0,draft-ietf-mip6-ikev2-ipsec,08,2020-01-21 08:28:05+00:00,,2004-10-19 07:00:00+00:00,2004-10-19 07:00:00+00:00,docevent,2007
/api/v1/doc/document/rfc4842/,4842,rfc4842,Synchronous Optical Network/Synchronous Digital Hierarchy (SONET/SDH) Circuit Emulation over Packet (CEP),2007-04-12 00:37:30+00:00,/api/v1/doc/document/draft-ietf-pwe3-sonet/,/api/v1/doc/document/draft-ietf-pwe3-sonet/,0,draft-ietf-pwe3-sonet,14,2020-01-21 08:27:57+00:00,,2002-07-25 07:00:00+00:00,2002-07-25 07:00:00+00:00,docevent,2007
/api/v1/doc/document/rfc4840/,4840,rfc4840,Multiple Encapsulation Methods Considered Harmful,2007-04-12 00:37:47+00:00,/api/v1/doc/document/draft-iab-link-encaps/,/api/v1/doc/document/draft-iab-link-encaps/,0,draft-iab-link-encaps,08,2015-10-14 20:51:30+00:00,,2006-05-23 07:00:00+00:00,2006-05-23 07:00:00+00:00,docevent,2007
/api/v1/doc/document/rfc4838/,4838,rfc4838,Delay-Tolerant Networking Architecture,2007-04-12 00:38:05+00:00,/api/v1/doc/document/draft-irtf-dtnrg-arch/,/api/v1/doc/document/draft-irtf-dtnrg-arch/,0,draft-irtf-dtnrg-arch,08,2015-10-14 20:50:44+00:00,,2003-03-24 08:00:00+00:00,2003-03-24 08:00:00+00:00,docevent,2007
/api/v1/doc/document/rfc4835/,4835,rfc4835,Cryptographic Algorithm Implementation Requirements for Encapsulating Security Payload (ESP) and Authentication Header (AH),2007-04-12 00:38:22+00:00,/api/v1/doc/document/draft-manral-ipsec-rfc4305-bis-errata/,/api/v1/doc/document/draft-manral-ipsec-rfc4305-bis-errata/,0,draft-manral-ipsec-rfc4305-bis-errata,03,2015-10-14 20:51:29+00:00,,2006-04-17 07:00:00+00:00,2006-04-17 07:00:00+00:00,docevent,2007
/api/v1/doc/document/rfc4832/,4832,rfc4832,Security Threats to Network-Based Localized Mobility Management (NETLMM),2007-04-12 00:38:36+00:00,/api/v1/doc/document/draft-ietf-netlmm-threats/,/api/v1/doc/document/draft-kempf-netlmm-threats/,1,draft-kempf-netlmm-threats,00,2008-03-03 08:00:00+00:00,,2006-02-15 08:00:00+00:00,2006-02-15 08:00:00+00:00,docevent,2007
/api/v1/doc/document/rfc4832/,4832,rfc4832,Security Threats to Network-Based Localized Mobility Management (NETLMM),2007-04-12 00:38:36+00:00,/api/v1/doc/document/draft-ietf-netlmm-threats/,/api/v1/doc/document/draft-ietf-netlmm-threats/,0,draft-ietf-netlmm-threats,04,2015-10-14 20:51:26+00:00,,2006-04-27 07:00:00+00:00,2006-04-27 07:00:00+00:00,docevent,2007
/api/v1/doc/document/rfc4831/,4831,rfc4831,Goals for Network-Based Localized Mobility Management (NETLMM),2007-04-12 00:38:50+00:00,/api/v1/doc/document/draft-ietf-netlmm-nohost-req/,/api/v1/doc/document/draft-ietf-netlmm-nohost-req/,0,draft-ietf-netlmm-nohost-req,05,2015-10-14 20:51:26+00:00,,2006-02-02 08:00:00+00:00,2006-02-02 08:00:00+00:00,docevent,2007
/api/v1/doc/document/rfc4830/,4830,rfc4830,Problem Statement for Network-Based Localized Mobility Management (NETLMM),2007-04-12 00:39:08+00:00,/api/v1/doc/document/draft-ietf-netlmm-nohost-ps/,/api/v1/doc/document/draft-kempf-netlmm-nohost-ps/,1,draft-kempf-netlmm-nohost-ps,01,2008-03-03 08:00:00+00:00,,2005-06-24 07:00:00+00:00,2005-06-24 07:00:00+00:00,docevent,2007
/api/v1/doc/document/rfc4830/,4830,rfc4830,Problem Statement for Network-Based Localized Mobility Management (NETLMM),2007-04-12 00:39:08+00:00,/api/v1/doc/document/draft-ietf-netlmm-nohost-ps/,/api/v1/doc/document/draft-ietf-netlmm-nohost-ps/,0,draft-ietf-netlmm-nohost-ps,05,2015-10-14 20:51:18+00:00,,2006-02-02 08:00:00+00:00,2006-02-02 08:00:00+00:00,docevent,2007
/api/v1/doc/document/rfc4818/,4818,rfc4818,RADIUS Delegated-IPv6-Prefix Attribute,2007-04-12 00:39:18+00:00,/api/v1/doc/document/draft-ietf-radext-delegated-prefix/,/api/v1/doc/document/draft-salowey-radext-delegated-prefix/,1,draft-salowey-radext-delegated-prefix,01,2005-10-24 07:00:00+00:00,,2005-09-22 07:00:00+00:00,2005-09-22 07:00:00+00:00,docevent,2007
/api/v1/doc/document/rfc4818/,4818,rfc4818,RADIUS Delegated-IPv6-Prefix Attribute,2007-04-12 00:39:18+00:00,/api/v1/doc/document/draft-ietf-radext-delegated-prefix/,/api/v1/doc/document/draft-ietf-radext-delegated-prefix/,0,draft-ietf-radext-delegated-prefix,05,2015-10-14 20:51:28+00:00,,2006-03-02 08:00:00+00:00,2006-03-02 08:00:00+00:00,docevent,2007
/api/v1/doc/document/rfc4828/,4828,rfc4828,TCP Friendly Rate Control (TFRC): The Small-Packet (SP) Variant,2007-04-16 18:32:17+00:00,/api/v1/doc/document/draft-ietf-dccp-tfrc-voip/,/api/v1/doc/document/draft-ietf-dccp-tfrc-voip/,0,draft-ietf-dccp-tfrc-voip,07,2020-01-21 08:27:56+00:00,,2005-01-10 08:00:00+00:00,2005-01-10 08:00:00+00:00,docevent,2007
/api/v1/doc/document/rfc4833/,4833,rfc4833,Timezone Options for DHCP,2007-04-16 18:32:35+00:00,/api/v1/doc/document/draft-ietf-dhc-timezone-option/,/api/v1/doc/document/draft-lear-dhc-timezone-option/,1,draft-lear-dhc-timezone-option,02,2008-03-03 08:00:00+00:00,,2006-01-27 08:00:00+00:00,2006-01-27 08:00:00+00:00,docevent,2007
/api/v1/doc/document/rfc4833/,4833,rfc4833,Timezone Options for DHCP,2007-04-16 18:32:35+00:00,/api/v1/doc/document/draft-ietf-dhc-timezone-option/,/api/v1/doc/document/draft-ietf-dhc-timezone-option/,0,draft-ietf-dhc-timezone-option,05,2015-10-14 20:51:26+00:00,,2006-05-17 07:00:00+00:00,2006-05-17 07:00:00+00:00,docevent,2007
/api/v1/doc/document/rfc4853/,4853,rfc4853,Cryptographic Message Syntax (CMS) Multiple Signer Clarification,2007-04-17 21:08:41+00:00,/api/v1/doc/document/draft-ietf-smime-cms-mult-sign/,/api/v1/doc/document/draft-ietf-smime-cms-mult-sign/,0,draft-ietf-smime-cms-mult-sign,03,2020-01-21 08:27:59+00:00,,2006-04-21 07:00:00+00:00,2006-04-21 07:00:00+00:00,docevent,2007
/api/v1/doc/document/rfc4834/,4834,rfc4834,Requirements for Multicast in Layer 3 Provider-Provisioned Virtual Private Networks (PPVPNs),2007-04-17 21:08:59+00:00,/api/v1/doc/document/draft-ietf-l3vpn-ppvpn-mcast-reqts/,/api/v1/doc/document/draft-ietf-l3vpn-ppvpn-mcast-reqts/,0,draft-ietf-l3vpn-ppvpn-mcast-reqts,10,2015-10-14 20:51:13+00:00,,2005-02-04 08:00:00+00:00,2005-02-04 08:00:00+00:00,docevent,2007
/api/v1/doc/document/rfc4850/,4850,rfc4850,Declarative Public Extension Key for Internet Small Computer Systems Interface (iSCSI) Node Architecture,2007-04-17 21:10:47+00:00,/api/v1/doc/document/draft-ietf-ips-iscsi-nodearch-key/,/api/v1/doc/document/draft-ietf-ips-iscsi-nodearch-key/,0,draft-ietf-ips-iscsi-nodearch-key,03,2015-10-14 20:51:30+00:00,,2006-05-05 07:00:00+00:00,2006-05-05 07:00:00+00:00,docevent,2007
/api/v1/doc/document/rfc4852/,4852,rfc4852,IPv6 Enterprise Network Analysis - IP Layer 3 Focus,2007-04-20 23:27:07+00:00,/api/v1/doc/document/draft-ietf-v6ops-ent-analysis/,/api/v1/doc/document/draft-ietf-v6ops-ent-analysis/,0,draft-ietf-v6ops-ent-analysis,07,2020-01-21 08:27:58+00:00,,2004-09-16 07:00:00+00:00,2004-09-16 07:00:00+00:00,docevent,2007
/api/v1/doc/document/rfc4823/,4823,rfc4823,FTP Transport for Secure Peer-to-Peer Business Data Interchange over the Internet,2007-04-24 03:06:24+00:00,/api/v1/doc/document/draft-ietf-ediint-as3/,/api/v1/doc/document/draft-ietf-ediint-as3/,0,draft-ietf-ediint-as3,04,2020-01-21 08:27:55+00:00,,2003-06-30 07:00:00+00:00,2003-06-30 07:00:00+00:00,docevent,2007
/api/v1/doc/document/rfc4829/,4829,rfc4829,Label Switched Path (LSP) Preemption Policies for MPLS Traffic Engineering,2007-04-24 03:06:51+00:00,/api/v1/doc/document/draft-deoliveira-diff-te-preemption/,/api/v1/doc/document/draft-deoliveira-diff-te-preemption/,0,draft-deoliveira-diff-te-preemption,06,2013-03-02 16:59:01+00:00,,2003-02-25 08:00:00+00:00,2003-02-25 08:00:00+00:00,docevent,2007
/api/v1/doc/document/rfc4839/,4839,rfc4839,Media Type Registrations for the Open eBook Publication Structure (OEBPS) Package File (OPF),2007-04-24 03:09:15+00:00,/api/v1/doc/document/draft-conboy-mime-opf/,/api/v1/doc/document/draft-conboy-mime-opf/,0,draft-conboy-mime-opf,00,2015-10-14 20:51:36+00:00,,2006-10-06 07:00:00+00:00,2006-10-06 07:00:00+00:00,docevent,2007
/api/v1/doc/document/rfc4843/,4843,rfc4843,An IPv6 Prefix for Overlay Routable Cryptographic Hash Identifiers (ORCHID),2007-04-27 01:39:41+00:00,/api/v1/doc/document/draft-laganier-ipv6-khi/,/api/v1/doc/document/draft-laganier-ipv6-khi/,0,draft-laganier-ipv6-khi,07,2018-12-20 08:21:45+00:00,,2005-09-02 07:00:00+00:00,2005-09-02 07:00:00+00:00,docevent,2007
/api/v1/doc/document/rfc4859/,4859,rfc4859,Codepoint Registry for the Flags Field in the Resource Reservation Protocol-Traffic Engineering (RSVP-TE) Session Attribute Object,2007-04-27 01:39:44+00:00,/api/v1/doc/document/draft-ietf-mpls-iana-rsvp-session-flags/,/api/v1/doc/document/draft-farrel-mpls-iana-rsvp-session-flags/,1,draft-farrel-mpls-iana-rsvp-session-flags,00,2008-04-16 07:00:00+00:00,,2006-05-08 07:00:00+00:00,2006-05-08 07:00:00+00:00,docevent,2007
/api/v1/doc/document/rfc4859/,4859,rfc4859,Codepoint Registry for the Flags Field in the Resource Reservation Protocol-Traffic Engineering (RSVP-TE) Session Attribute Object,2007-04-27 01:39:44+00:00,/api/v1/doc/document/draft-ietf-mpls-iana-rsvp-session-flags/,/api/v1/doc/document/draft-ietf-mpls-iana-rsvp-session-flags/,0,draft-ietf-mpls-iana-rsvp-session-flags,01,2015-10-14 20:51:30+00:00,,2006-07-12 07:00:00+00:00,2006-07-12 07:00:00+00:00,docevent,2007
/api/v1/doc/document/rfc4836/,4836,rfc4836,Definitions of Managed Objects for IEEE 802.3 Medium Attachment Units (MAUs),2007-04-28 00:59:22+00:00,/api/v1/doc/document/draft-ietf-hubmib-rfc3636bis/,/api/v1/doc/document/draft-ietf-hubmib-rfc3636bis/,0,draft-ietf-hubmib-rfc3636bis,05,2015-10-14 20:51:16+00:00,,2005-04-05 07:00:00+00:00,2005-04-05 07:00:00+00:00,docevent,2007
/api/v1/doc/document/rfc4854/,4854,rfc4854,A Uniform Resource Name (URN) Namespace for Extensions to the Extensible Messaging and Presence Protocol (XMPP),2007-04-28 00:59:34+00:00,/api/v1/doc/document/draft-saintandre-xmpp-urn/,/api/v1/doc/document/draft-saintandre-xmpp-urn/,0,draft-saintandre-xmpp-urn,03,2015-10-14 20:51:38+00:00,,2006-11-07 08:00:00+00:00,2006-11-07 08:00:00+00:00,docevent,2007
/api/v1/doc/document/rfc4848/,4848,rfc4848,Domain-Based Application Service Location Using URIs and the Dynamic Delegation Discovery Service (DDDS),2007-05-01 03:57:47+00:00,/api/v1/doc/document/draft-daigle-unaptr/,/api/v1/doc/document/draft-daigle-unaptr/,0,draft-daigle-unaptr,02,2015-10-14 20:51:33+00:00,,2006-06-20 07:00:00+00:00,2006-06-20 07:00:00+00:00,docevent,2007
/api/v1/doc/document/rfc4884/,4884,rfc4884,Extended ICMP to Support Multi-Part Messages,2007-05-01 03:58:12+00:00,/api/v1/doc/document/draft-bonica-internet-icmp/,/api/v1/doc/document/draft-bonica-internet-icmp/,0,draft-bonica-internet-icmp,16,2020-01-21 08:28:07+00:00,,2005-09-19 07:00:00+00:00,2005-09-19 07:00:00+00:00,docevent,2007
/api/v1/doc/document/rfc4849/,4849,rfc4849,RADIUS Filter Rule Attribute,2007-05-01 03:58:23+00:00,/api/v1/doc/document/draft-ietf-radext-filter/,/api/v1/doc/document/draft-ietf-radext-filter/,0,draft-ietf-radext-filter,08,2015-10-14 20:51:32+00:00,,2006-06-19 07:00:00+00:00,2006-06-19 07:00:00+00:00,docevent,2007
/api/v1/doc/document/rfc4847/,4847,rfc4847,Framework and Requirements for Layer 1 Virtual Private Networks,2007-05-01 03:58:35+00:00,/api/v1/doc/document/draft-ietf-l1vpn-framework/,/api/v1/doc/document/draft-ietf-l1vpn-framework/,0,draft-ietf-l1vpn-framework,05,2018-12-20 08:21:45+00:00,,2005-08-26 07:00:00+00:00,2005-08-26 07:00:00+00:00,docevent,2007
/api/v1/doc/document/rfc4780/,4780,rfc4780,Management Information Base for the Session Initiation Protocol (SIP),2007-05-01 03:58:51+00:00,/api/v1/doc/document/draft-ietf-sip-mib/,/api/v1/doc/document/draft-ietf-sip-mib/,0,draft-ietf-sip-mib,12,2015-10-14 20:50:00+00:00,,2000-03-09 08:00:00+00:00,2000-03-09 08:00:00+00:00,docevent,2007
/api/v1/doc/document/rfc4868/,4868,rfc4868,"Using HMAC-SHA-256, HMAC-SHA-384, and HMAC-SHA-512 with IPsec",2007-05-04 22:59:21+00:00,/api/v1/doc/document/draft-kelly-ipsec-ciph-sha2/,/api/v1/doc/document/draft-kelly-ipsec-ciph-sha2/,0,draft-kelly-ipsec-ciph-sha2,01,2020-01-21 08:28:01+00:00,,2006-09-29 07:00:00+00:00,2006-09-29 07:00:00+00:00,docevent,2007
/api/v1/doc/document/rfc4860/,4860,rfc4860,Generic Aggregate Resource ReSerVation Protocol (RSVP) Reservations,2007-05-04 22:59:37+00:00,/api/v1/doc/document/draft-ietf-tsvwg-rsvp-ipsec/,/api/v1/doc/document/draft-ietf-tsvwg-rsvp-ipsec/,0,draft-ietf-tsvwg-rsvp-ipsec,05,2015-10-14 20:51:28+00:00,,2006-03-09 08:00:00+00:00,2006-03-09 08:00:00+00:00,docevent,2007
/api/v1/doc/document/rfc4851/,4851,rfc4851,The Flexible Authentication via Secure Tunneling Extensible Authentication Protocol Method (EAP-FAST),2007-05-04 22:59:47+00:00,/api/v1/doc/document/draft-cam-winget-eap-fast/,/api/v1/doc/document/draft-cam-winget-eap-fast/,0,draft-cam-winget-eap-fast,06,2020-01-21 08:27:58+00:00,,2004-02-10 08:00:00+00:00,2004-02-10 08:00:00+00:00,docevent,2007
/api/v1/doc/document/rfc4869/,4869,rfc4869,Suite B Cryptographic Suites for IPsec,2007-05-04 23:00:01+00:00,/api/v1/doc/document/draft-solinas-ui-suites/,/api/v1/doc/document/draft-solinas-ui-suites/,0,draft-solinas-ui-suites,01,2018-08-01 07:19:06+00:00,,2006-12-08 08:00:00+00:00,2006-12-08 08:00:00+00:00,docevent,2007
/api/v1/doc/document/rfc4872/,4872,rfc4872,RSVP-TE Extensions in Support of End-to-End Generalized Multi-Protocol Label Switching (GMPLS) Recovery,2007-05-08 21:47:46+00:00,/api/v1/doc/document/draft-ietf-ccamp-gmpls-recovery-e2e-signaling/,/api/v1/doc/document/draft-ietf-ccamp-gmpls-recovery-e2e-signaling/,0,draft-ietf-ccamp-gmpls-recovery-e2e-signaling,04,2020-01-21 08:28:02+00:00,,2004-04-06 07:00:00+00:00,2004-04-06 07:00:00+00:00,docevent,2007
/api/v1/doc/document/rfc4873/,4873,rfc4873,GMPLS Segment Recovery,2007-05-08 21:52:04+00:00,/api/v1/doc/document/draft-ietf-ccamp-gmpls-segment-recovery/,/api/v1/doc/document/draft-berger-ccamp-gmpls-segment-recovery/,1,draft-berger-ccamp-gmpls-segment-recovery,00,2004-07-23 07:00:00+00:00,,2004-02-10 08:00:00+00:00,2004-02-10 08:00:00+00:00,docevent,2007
/api/v1/doc/document/rfc4873/,4873,rfc4873,GMPLS Segment Recovery,2007-05-08 21:52:04+00:00,/api/v1/doc/document/draft-ietf-ccamp-gmpls-segment-recovery/,/api/v1/doc/document/draft-ietf-ccamp-gmpls-segment-recovery/,0,draft-ietf-ccamp-gmpls-segment-recovery,03,2020-01-21 08:28:02+00:00,,2004-04-28 07:00:00+00:00,2004-04-28 07:00:00+00:00,docevent,2007
/api/v1/doc/document/rfc4858/,4858,rfc4858,Document Shepherding from Working Group Last Call to Publication,2007-05-09 22:55:25+00:00,/api/v1/doc/document/draft-ietf-proto-wgchair-doc-shepherding/,/api/v1/doc/document/draft-ietf-proto-wgchair-doc-shepherding/,0,draft-ietf-proto-wgchair-doc-shepherding,09,2015-10-14 20:51:05+00:00,,2004-07-13 07:00:00+00:00,2004-07-13 07:00:00+00:00,docevent,2007
/api/v1/doc/document/rfc4863/,4863,rfc4863,Wildcard Pseudowire Type,2007-05-11 21:04:05+00:00,/api/v1/doc/document/draft-ietf-pwe3-wildcard-pw-type/,/api/v1/doc/document/draft-ietf-pwe3-wildcard-pw-type/,0,draft-ietf-pwe3-wildcard-pw-type,02,2015-10-14 20:51:25+00:00,,2006-01-24 08:00:00+00:00,2006-01-24 08:00:00+00:00,docevent,2007
/api/v1/doc/document/rfc4866/,4866,rfc4866,Enhanced Route Optimization for Mobile IPv6,2007-05-11 21:04:21+00:00,/api/v1/doc/document/draft-ietf-mipshop-cga-cba/,/api/v1/doc/document/draft-arkko-mipshop-cga-cba/,1,draft-arkko-mipshop-cga-cba,04,2008-03-03 08:00:00+00:00,,2005-07-12 07:00:00+00:00,2005-07-12 07:00:00+00:00,docevent,2007
/api/v1/doc/document/rfc4866/,4866,rfc4866,Enhanced Route Optimization for Mobile IPv6,2007-05-11 21:04:21+00:00,/api/v1/doc/document/draft-ietf-mipshop-cga-cba/,/api/v1/doc/document/draft-ietf-mipshop-cga-cba/,0,draft-ietf-mipshop-cga-cba,03,2020-01-21 08:28:00+00:00,,2006-08-14 07:00:00+00:00,2006-08-14 07:00:00+00:00,docevent,2007
/api/v1/doc/document/rfc4875/,4875,rfc4875,Extensions to Resource Reservation Protocol - Traffic Engineering (RSVP-TE) for Point-to-Multipoint TE Label Switched Paths (LSPs),2007-05-11 21:04:37+00:00,/api/v1/doc/document/draft-ietf-mpls-rsvp-te-p2mp/,/api/v1/doc/document/draft-ietf-mpls-rsvp-te-p2mp/,0,draft-ietf-mpls-rsvp-te-p2mp,07,2020-01-21 08:28:03+00:00,,2004-11-18 08:00:00+00:00,2004-11-18 08:00:00+00:00,docevent,2007
/api/v1/doc/document/rfc4890/,4890,rfc4890,Recommendations for Filtering ICMPv6 Messages in Firewalls,2007-05-11 21:04:49+00:00,/api/v1/doc/document/draft-ietf-v6ops-icmpv6-filtering-recs/,/api/v1/doc/document/draft-ietf-v6ops-icmpv6-filtering-bcp/,1,draft-ietf-v6ops-icmpv6-filtering-bcp,01,2006-07-20 07:00:00+00:00,,2005-10-17 07:00:00+00:00,2005-10-17 07:00:00+00:00,docevent,2007
/api/v1/doc/document/rfc4890/,4890,rfc4890,Recommendations for Filtering ICMPv6 Messages in Firewalls,2007-05-11 21:04:49+00:00,/api/v1/doc/document/draft-ietf-v6ops-icmpv6-filtering-recs/,/api/v1/doc/document/draft-ietf-v6ops-icmpv6-filtering-recs/,0,draft-ietf-v6ops-icmpv6-filtering-recs,03,2020-01-21 08:28:07+00:00,,2006-04-26 07:00:00+00:00,2006-04-26 07:00:00+00:00,docevent,2007
/api/v1/doc/document/rfc4891/,4891,rfc4891,Using IPsec to Secure IPv6-in-IPv4 Tunnels,2007-05-11 21:05:03+00:00,/api/v1/doc/document/draft-ietf-v6ops-ipsec-tunnels/,/api/v1/doc/document/draft-tschofenig-v6ops-secure-tunnels/,1,draft-tschofenig-v6ops-secure-tunnels,03,2005-07-13 07:00:00+00:00,,2004-06-14 07:00:00+00:00,2004-06-14 07:00:00+00:00,docevent,2007
/api/v1/doc/document/rfc4891/,4891,rfc4891,Using IPsec to Secure IPv6-in-IPv4 Tunnels,2007-05-11 21:05:03+00:00,/api/v1/doc/document/draft-ietf-v6ops-ipsec-tunnels/,/api/v1/doc/document/draft-ietf-v6ops-ipsec-tunnels/,0,draft-ietf-v6ops-ipsec-tunnels,05,2015-10-14 20:51:04+00:00,,2005-07-11 07:00:00+00:00,2005-07-11 07:00:00+00:00,docevent,2007
/api/v1/doc/document/rfc4876/,4876,rfc4876,A Configuration Profile Schema for Lightweight Directory Access Protocol (LDAP)-Based Agents,2007-05-19 00:23:56+00:00,/api/v1/doc/document/draft-joslin-config-schema/,/api/v1/doc/document/draft-joslin-config-schema/,0,draft-joslin-config-schema,17,2020-01-21 08:28:04+00:00,,2000-11-27 08:00:00+00:00,2000-11-27 08:00:00+00:00,docevent,2007
/api/v1/doc/document/rfc4864/,4864,rfc4864,Local Network Protection for IPv6,2007-05-19 00:32:19+00:00,/api/v1/doc/document/draft-ietf-v6ops-nap/,/api/v1/doc/document/draft-ietf-v6ops-nap/,0,draft-ietf-v6ops-nap,06,2015-10-14 20:51:15+00:00,,2005-03-28 08:00:00+00:00,2005-03-28 08:00:00+00:00,docevent,2007
/api/v1/doc/document/rfc4893/,4893,rfc4893,BGP Support for Four-octet AS Number Space,2007-05-19 00:32:36+00:00,/api/v1/doc/document/draft-ietf-idr-as4bytes/,/api/v1/doc/document/draft-ietf-idr-as4bytes/,0,draft-ietf-idr-as4bytes,13,2015-10-14 20:50:09+00:00,,2001-01-30 08:00:00+00:00,2001-01-30 08:00:00+00:00,docevent,2007
/api/v1/doc/document/rfc4825/,4825,rfc4825,The Extensible Markup Language (XML) Configuration Access Protocol (XCAP),2007-05-22 23:41:02+00:00,/api/v1/doc/document/draft-ietf-simple-xcap/,/api/v1/doc/document/draft-ietf-simple-xcap/,0,draft-ietf-simple-xcap,12,2015-10-14 20:50:48+00:00,,2003-06-25 07:00:00+00:00,2003-06-25 07:00:00+00:00,docevent,2007
/api/v1/doc/document/rfc4826/,4826,rfc4826,Extensible Markup Language (XML) Formats for Representing Resource Lists,2007-05-22 23:41:14+00:00,/api/v1/doc/document/draft-ietf-simple-xcap-list-usage/,/api/v1/doc/document/draft-ietf-simple-xcap-list-usage/,0,draft-ietf-simple-xcap-list-usage,05,2020-01-21 08:27:55+00:00,,2003-06-25 07:00:00+00:00,2003-06-25 07:00:00+00:00,docevent,2007
/api/v1/doc/document/rfc4827/,4827,rfc4827,An Extensible Markup Language (XML) Configuration Access Protocol (XCAP) Usage for Manipulating Presence Document Contents,2007-05-22 23:41:26+00:00,/api/v1/doc/document/draft-ietf-simple-xcap-pidf-manipulation-usage/,/api/v1/doc/document/draft-ietf-simple-xcap-pidf-manipulation-usage/,0,draft-ietf-simple-xcap-pidf-manipulation-usage,02,2020-01-21 08:27:56+00:00,,2004-05-13 07:00:00+00:00,2004-05-13 07:00:00+00:00,docevent,2007
/api/v1/doc/document/rfc4870/,4870,rfc4870,Domain-Based Email Authentication Using Public Keys Advertised in the DNS (DomainKeys),2007-05-23 00:06:47+00:00,/api/v1/doc/document/draft-delany-domainkeys-base/,/api/v1/doc/document/draft-delany-domainkeys-base/,0,draft-delany-domainkeys-base,06,2018-12-20 08:21:46+00:00,,2004-05-19 07:00:00+00:00,2004-05-19 07:00:00+00:00,docevent,2007
/api/v1/doc/document/rfc4871/,4871,rfc4871,DomainKeys Identified Mail (DKIM) Signatures,2007-05-23 00:06:55+00:00,/api/v1/doc/document/draft-ietf-dkim-base/,/api/v1/doc/document/draft-allman-dkim-base/,1,draft-allman-dkim-base,01,2006-07-17 07:00:00+00:00,,2005-07-12 07:00:00+00:00,2005-07-12 07:00:00+00:00,docevent,2007
/api/v1/doc/document/rfc4871/,4871,rfc4871,DomainKeys Identified Mail (DKIM) Signatures,2007-05-23 00:06:55+00:00,/api/v1/doc/document/draft-ietf-dkim-base/,/api/v1/doc/document/draft-ietf-dkim-base/,0,draft-ietf-dkim-base,10,2020-01-21 08:28:01+00:00,,2006-02-03 08:00:00+00:00,2006-02-03 08:00:00+00:00,docevent,2007
/api/v1/doc/document/rfc4882/,4882,rfc4882,IP Address Location Privacy and Mobile IPv6: Problem Statement,2007-05-25 21:19:49+00:00,/api/v1/doc/document/draft-ietf-mip6-location-privacy-ps/,/api/v1/doc/document/draft-ietf-mip6-location-privacy-ps/,0,draft-ietf-mip6-location-privacy-ps,06,2015-10-14 20:51:22+00:00,,2005-10-14 07:00:00+00:00,2005-10-14 07:00:00+00:00,docevent,2007
/api/v1/doc/document/rfc4902/,4902,rfc4902,"Integrity, Privacy, and Security in Open Pluggable Edge Services (OPES) for SMTP",2007-05-25 21:19:58+00:00,/api/v1/doc/document/draft-ietf-opes-smtp-security/,/api/v1/doc/document/draft-ietf-opes-smtp-security/,0,draft-ietf-opes-smtp-security,03,2018-12-20 08:21:49+00:00,,2006-05-22 07:00:00+00:00,2006-05-22 07:00:00+00:00,docevent,2007
/api/v1/doc/document/rfc4898/,4898,rfc4898,TCP Extended Statistics MIB,2007-05-30 23:50:24+00:00,/api/v1/doc/document/draft-ietf-tsvwg-tcp-mib-extension/,/api/v1/doc/document/draft-ietf-tsvwg-tcp-mib-extension/,0,draft-ietf-tsvwg-tcp-mib-extension,15,2015-10-14 20:50:28+00:00,,2002-02-26 08:00:00+00:00,2002-02-26 08:00:00+00:00,docevent,2007
/api/v1/doc/document/rfc4934/,4934,rfc4934,Extensible Provisioning Protocol (EPP) Transport Over TCP,2007-05-30 23:50:39+00:00,/api/v1/doc/document/draft-hollenbeck-epp-rfc3734bis/,/api/v1/doc/document/draft-hollenbeck-epp-rfc3734bis/,0,draft-hollenbeck-epp-rfc3734bis,05,2015-10-14 20:51:21+00:00,,2005-09-08 07:00:00+00:00,2005-09-08 07:00:00+00:00,docevent,2007
/api/v1/doc/document/rfc4933/,4933,rfc4933,Extensible Provisioning Protocol (EPP) Contact Mapping,2007-05-30 23:50:48+00:00,/api/v1/doc/document/draft-hollenbeck-epp-rfc3733bis/,/api/v1/doc/document/draft-hollenbeck-epp-rfc3733bis/,0,draft-hollenbeck-epp-rfc3733bis,06,2015-10-14 20:51:21+00:00,,2005-09-08 07:00:00+00:00,2005-09-08 07:00:00+00:00,docevent,2007
/api/v1/doc/document/rfc4932/,4932,rfc4932,Extensible Provisioning Protocol (EPP) Host Mapping,2007-05-30 23:50:59+00:00,/api/v1/doc/document/draft-hollenbeck-epp-rfc3732bis/,/api/v1/doc/document/draft-hollenbeck-epp-rfc3732bis/,0,draft-hollenbeck-epp-rfc3732bis,04,2015-10-14 20:51:21+00:00,,2005-09-08 07:00:00+00:00,2005-09-08 07:00:00+00:00,docevent,2007
/api/v1/doc/document/rfc4931/,4931,rfc4931,Extensible Provisioning Protocol (EPP) Domain Name Mapping,2007-05-30 23:51:08+00:00,/api/v1/doc/document/draft-hollenbeck-epp-rfc3731bis/,/api/v1/doc/document/draft-hollenbeck-epp-rfc3731bis/,0,draft-hollenbeck-epp-rfc3731bis,05,2015-10-14 20:51:21+00:00,,2005-09-12 07:00:00+00:00,2005-09-12 07:00:00+00:00,docevent,2007
/api/v1/doc/document/rfc4930/,4930,rfc4930,Extensible Provisioning Protocol (EPP),2007-05-30 23:51:18+00:00,/api/v1/doc/document/draft-hollenbeck-epp-rfc3730bis/,/api/v1/doc/document/draft-hollenbeck-epp-rfc3730bis/,0,draft-hollenbeck-epp-rfc3730bis,04,2015-10-14 20:51:21+00:00,,2005-09-02 07:00:00+00:00,2005-09-02 07:00:00+00:00,docevent,2007
/api/v1/doc/document/rfc4894/,4894,rfc4894,Use of Hash Algorithms in Internet Key Exchange (IKE) and IPsec,2007-06-01 00:40:05+00:00,/api/v1/doc/document/draft-hoffman-ike-ipsec-hash-use/,/api/v1/doc/document/draft-hoffman-ike-ipsec-hash-use/,0,draft-hoffman-ike-ipsec-hash-use,06,2015-10-14 20:51:24+00:00,,2005-11-30 08:00:00+00:00,2005-11-30 08:00:00+00:00,docevent,2007
/api/v1/doc/document/rfc4865/,4865,rfc4865,SMTP Submission Service Extension for Future Message Release,2007-06-01 00:40:09+00:00,/api/v1/doc/document/draft-vaudreuil-futuredelivery/,/api/v1/doc/document/draft-vaudreuil-futuredelivery/,0,draft-vaudreuil-futuredelivery,04,2020-01-21 08:28:00+00:00,,2002-04-30 07:00:00+00:00,2002-04-30 07:00:00+00:00,docevent,2007
/api/v1/doc/document/rfc4897/,4897,rfc4897,Handling Normative References to Standards-Track Documents,2007-06-13 17:32:55+00:00,/api/v1/doc/document/draft-klensin-norm-ref/,/api/v1/doc/document/draft-klensin-norm-ref/,0,draft-klensin-norm-ref,04,2020-01-21 08:28:08+00:00,,2006-03-27 08:00:00+00:00,2006-03-27 08:00:00+00:00,docevent,2007
/api/v1/doc/document/rfc4904/,4904,rfc4904,Representing Trunk Groups in tel/sip Uniform Resource Identifiers (URIs),2007-06-13 17:33:05+00:00,/api/v1/doc/document/draft-ietf-iptel-trunk-group/,/api/v1/doc/document/draft-ietf-iptel-trunk-group/,0,draft-ietf-iptel-trunk-group,10,2015-10-14 20:50:40+00:00,,2002-11-01 08:00:00+00:00,2002-11-01 08:00:00+00:00,docevent,2007
/api/v1/doc/document/rfc4857/,4857,rfc4857,Mobile IPv4 Regional Registration,2007-06-15 18:03:29+00:00,/api/v1/doc/document/draft-ietf-mip4-reg-tunnel/,/api/v1/doc/document/draft-ietf-mip4-reg-tunnel/,0,draft-ietf-mip4-reg-tunnel,04,2020-01-21 08:27:59+00:00,,2004-11-23 08:00:00+00:00,2004-11-23 08:00:00+00:00,docevent,2007
/api/v1/doc/document/rfc4896/,4896,rfc4896,Signaling Compression (SigComp) Corrections and Clarifications,2007-06-15 18:03:45+00:00,/api/v1/doc/document/draft-ietf-rohc-sigcomp-impl-guide/,/api/v1/doc/document/draft-ietf-rohc-sigcomp-impl-guide/,0,draft-ietf-rohc-sigcomp-impl-guide,10,2015-10-14 20:50:46+00:00,,2003-05-15 07:00:00+00:00,2003-05-15 07:00:00+00:00,docevent,2007
/api/v1/doc/document/rfc4901/,4901,rfc4901,Protocol Extensions for Header Compression over MPLS,2007-06-15 18:03:57+00:00,/api/v1/doc/document/draft-ietf-avt-hc-over-mpls-protocol/,/api/v1/doc/document/draft-ash-avt-hc-over-mpls-protocol/,1,draft-ash-avt-hc-over-mpls-protocol,01,2024-12-18 18:43:45+00:00,,2005-04-21 07:00:00+00:00,2005-04-21 07:00:00+00:00,docevent,2007
/api/v1/doc/document/rfc4901/,4901,rfc4901,Protocol Extensions for Header Compression over MPLS,2007-06-15 18:03:57+00:00,/api/v1/doc/document/draft-ietf-avt-hc-over-mpls-protocol/,/api/v1/doc/document/draft-ietf-avt-hc-over-mpls-protocol/,0,draft-ietf-avt-hc-over-mpls-protocol,08,2015-10-14 20:51:16+00:00,,2005-08-10 07:00:00+00:00,2005-08-10 07:00:00+00:00,docevent,2007
/api/v1/doc/document/rfc4907/,4907,rfc4907,Architectural Implications of Link Indications,2007-06-15 18:04:10+00:00,/api/v1/doc/document/draft-iab-link-indications/,/api/v1/doc/document/draft-iab-link-indications/,0,draft-iab-link-indications,10,2020-01-21 08:28:10+00:00,,2004-10-15 07:00:00+00:00,2004-10-15 07:00:00+00:00,docevent,2007
/api/v1/doc/document/rfc4784/,4784,rfc4784,Verizon Wireless Dynamic Mobile IP Key Update for cdma2000(R) Networks,2007-06-21 00:28:03+00:00,/api/v1/doc/document/draft-carroll-dynmobileip-cdma/,/api/v1/doc/document/draft-carroll-dynmobileip-cdma/,0,draft-carroll-dynmobileip-cdma,05,2018-12-20 08:21:38+00:00,,2003-05-28 07:00:00+00:00,2003-05-28 07:00:00+00:00,docevent,2007
/api/v1/doc/document/rfc4916/,4916,rfc4916,Connected Identity in the Session Initiation Protocol (SIP),2007-06-21 00:28:24+00:00,/api/v1/doc/document/draft-ietf-sip-connected-identity/,/api/v1/doc/document/draft-elwell-sip-connected-identity/,1,draft-elwell-sip-connected-identity,01,2008-03-17 07:00:00+00:00,,2005-10-14 07:00:00+00:00,2005-10-14 07:00:00+00:00,docevent,2007
/api/v1/doc/document/rfc4916/,4916,rfc4916,Connected Identity in the Session Initiation Protocol (SIP),2007-06-21 00:28:24+00:00,/api/v1/doc/document/draft-ietf-sip-connected-identity/,/api/v1/doc/document/draft-ietf-sip-connected-identity/,0,draft-ietf-sip-connected-identity,05,2015-10-14 20:51:22+00:00,,2006-04-26 07:00:00+00:00,2006-04-26 07:00:00+00:00,docevent,2007
/api/v1/doc/document/rfc4905/,4905,rfc4905,Encapsulation Methods for Transport of Layer 2 Frames over MPLS Networks,2007-06-21 00:28:34+00:00,/api/v1/doc/document/draft-martini-l2circuit-encap-mpls/,/api/v1/doc/document/draft-martini-l2circuit-encap-mpls/,0,draft-martini-l2circuit-encap-mpls,12,2020-07-29 07:30:47+00:00,,2000-11-21 08:00:00+00:00,2000-11-21 08:00:00+00:00,docevent,2007
/api/v1/doc/document/rfc4906/,4906,rfc4906,Transport of Layer 2 Frames Over MPLS,2007-06-21 00:28:49+00:00,/api/v1/doc/document/draft-martini-l2circuit-trans-mpls/,/api/v1/doc/document/draft-martini-l2circuit-trans-mpls/,0,draft-martini-l2circuit-trans-mpls,19,2020-01-21 08:28:09+00:00,,1999-12-16 08:00:00+00:00,1999-12-16 08:00:00+00:00,docevent,2007
/api/v1/doc/document/rfc4892/,4892,rfc4892,Requirements for a Mechanism Identifying a Name Server Instance,2007-06-21 00:29:15+00:00,/api/v1/doc/document/draft-ietf-dnsop-serverid/,/api/v1/doc/document/draft-ietf-dnsop-serverid/,0,draft-ietf-dnsop-serverid,08,2015-10-14 20:50:31+00:00,,2002-05-03 07:00:00+00:00,2002-05-03 07:00:00+00:00,docevent,2007
/api/v1/doc/document/rfc4917/,4917,rfc4917,Mobile IPv4 Message String Extension,2007-06-26 00:21:34+00:00,/api/v1/doc/document/draft-ietf-mip4-message-string-ext/,/api/v1/doc/document/draft-ietf-mip4-message-string-ext/,0,draft-ietf-mip4-message-string-ext,03,2015-10-14 20:51:25+00:00,,2006-01-24 08:00:00+00:00,2006-01-24 08:00:00+00:00,docevent,2007
/api/v1/doc/document/rfc4903/,4903,rfc4903,Multi-Link Subnet Issues,2007-06-26 00:21:38+00:00,/api/v1/doc/document/draft-iab-multilink-subnet-issues/,/api/v1/doc/document/draft-iab-multilink-subnet-issues/,0,draft-iab-multilink-subnet-issues,03,2015-10-14 20:51:35+00:00,,2006-09-13 07:00:00+00:00,2006-09-13 07:00:00+00:00,docevent,2007
/api/v1/doc/document/rfc4929/,4929,rfc4929,Change Process for Multiprotocol Label Switching (MPLS) and Generalized MPLS (GMPLS) Protocols and Procedures,2007-06-26 23:03:28+00:00,/api/v1/doc/document/draft-andersson-rtg-gmpls-change/,/api/v1/doc/document/draft-andersson-rtg-gmpls-change/,0,draft-andersson-rtg-gmpls-change,08,2015-10-14 20:51:10+00:00,,2004-11-23 08:00:00+00:00,2004-11-23 08:00:00+00:00,docevent,2007
/api/v1/doc/document/rfc4908/,4908,rfc4908,Multi-homing for small scale fixed network Using Mobile IP and NEMO,2007-06-26 23:03:32+00:00,/api/v1/doc/document/draft-nagami-mip6-nemo-multihome-fixed-network/,/api/v1/doc/document/draft-nagami-mip6-nemo-multihome-fixed-network/,0,draft-nagami-mip6-nemo-multihome-fixed-network,04,2015-10-14 20:51:01+00:00,,2004-03-10 08:00:00+00:00,2004-03-10 08:00:00+00:00,docevent,2007
/api/v1/doc/document/rfc4927/,4927,rfc4927,Path Computation Element Communication Protocol (PCECP) Specific Requirements for Inter-Area MPLS and GMPLS Traffic Engineering,2007-06-26 23:03:36+00:00,/api/v1/doc/document/draft-ietf-pce-pcecp-interarea-reqs/,/api/v1/doc/document/draft-ietf-pce-pcecp-interarea-reqs/,0,draft-ietf-pce-pcecp-interarea-reqs,05,2015-10-14 20:51:24+00:00,,2005-12-01 08:00:00+00:00,2005-12-01 08:00:00+00:00,docevent,2007
/api/v1/doc/document/rfc4909/,4909,rfc4909,Multimedia Internet KEYing (MIKEY) General Extension Payload for Open Mobile Alliance BCAST LTKM/STKM Transport,2007-06-28 00:25:59+00:00,/api/v1/doc/document/draft-dondeti-msec-mikey-genext-oma/,/api/v1/doc/document/draft-dondeti-msec-mikey-genext-oma/,0,draft-dondeti-msec-mikey-genext-oma,04,2020-01-21 08:28:10+00:00,,2006-04-28 07:00:00+00:00,2006-04-28 07:00:00+00:00,docevent,2007
/api/v1/doc/document/rfc4928/,4928,rfc4928,Avoiding Equal Cost Multipath Treatment in MPLS Networks,2007-06-28 00:26:03+00:00,/api/v1/doc/document/draft-ietf-mpls-ecmp-bcp/,/api/v1/doc/document/draft-ietf-mpls-ecmp-bcp/,0,draft-ietf-mpls-ecmp-bcp,03,2015-10-14 20:51:09+00:00,,2004-10-19 07:00:00+00:00,2004-10-19 07:00:00+00:00,docevent,2007
/api/v1/doc/document/rfc4937/,4937,rfc4937,IANA Considerations for PPP over Ethernet (PPPoE),2007-06-30 21:37:40+00:00,/api/v1/doc/document/draft-arberg-pppoe-iana/,/api/v1/doc/document/draft-arberg-pppoe-iana/,0,draft-arberg-pppoe-iana,03,2015-10-14 20:51:24+00:00,,2005-11-07 08:00:00+00:00,2005-11-07 08:00:00+00:00,docevent,2007
/api/v1/doc/document/rfc4938/,4938,rfc4938,PPP Over Ethernet (PPPoE) Extensions for Credit Flow and Link Metrics,2007-06-30 21:37:51+00:00,/api/v1/doc/document/draft-bberry-pppoe-credit/,/api/v1/doc/document/draft-bberry-pppoe-credit/,0,draft-bberry-pppoe-credit,06,2020-01-21 08:28:14+00:00,,2004-03-17 08:00:00+00:00,2004-03-17 08:00:00+00:00,docevent,2007
/api/v1/doc/document/rfc4915/,4915,rfc4915,Multi-Topology (MT) Routing in OSPF,2007-06-30 21:38:00+00:00,/api/v1/doc/document/draft-ietf-ospf-mt/,/api/v1/doc/document/draft-ietf-ospf-mt/,0,draft-ietf-ospf-mt,09,2018-12-20 08:21:50+00:00,,2004-10-05 07:00:00+00:00,2004-10-05 07:00:00+00:00,docevent,2007
/api/v1/doc/document/rfc4918/,4918,rfc4918,HTTP Extensions for Web Distributed Authoring and Versioning (WebDAV),2007-06-30 21:38:14+00:00,/api/v1/doc/document/draft-ietf-webdav-rfc2518bis/,/api/v1/doc/document/draft-ietf-webdav-rfc2518bis/,0,draft-ietf-webdav-rfc2518bis,18,2020-01-21 08:28:11+00:00,,2002-02-20 08:00:00+00:00,2002-02-20 08:00:00+00:00,docevent,2007
/api/v1/doc/document/rfc4881/,4881,rfc4881,Low-Latency Handoffs in Mobile IPv4,2007-06-30 21:38:31+00:00,/api/v1/doc/document/draft-ietf-mobileip-lowlatency-handoffs-v4/,/api/v1/doc/document/draft-ietf-mobileip-lowlatency-handoffs-v4/,0,draft-ietf-mobileip-lowlatency-handoffs-v4,11,2015-10-14 20:50:11+00:00,,2001-02-26 08:00:00+00:00,2001-02-26 08:00:00+00:00,docevent,2007
/api/v1/doc/document/rfc4878/,4878,rfc4878,"Definitions and Managed Objects for Operations, Administration, and Maintenance (OAM) Functions on Ethernet-Like Interfaces",2007-06-30 21:38:40+00:00,/api/v1/doc/document/draft-ietf-hubmib-efm-mib/,/api/v1/doc/document/draft-ietf-hubmib-efm-mib/,0,draft-ietf-hubmib-efm-mib,06,2015-10-14 20:50:58+00:00,,2004-02-02 08:00:00+00:00,2004-02-02 08:00:00+00:00,docevent,2007
/api/v1/doc/document/rfc4837/,4837,rfc4837,Managed Objects of Ethernet Passive Optical Networks (EPON),2007-07-11 00:28:22+00:00,/api/v1/doc/document/draft-ietf-hubmib-efm-epon-mib/,/api/v1/doc/document/draft-ietf-hubmib-efm-epon-mib/,0,draft-ietf-hubmib-efm-epon-mib,06,2015-10-14 20:50:57+00:00,,2004-01-09 08:00:00+00:00,2004-01-09 08:00:00+00:00,docevent,2007
/api/v1/doc/document/rfc4926/,4926,rfc4926,A URN Namespace for GEANT,2007-07-11 00:28:27+00:00,/api/v1/doc/document/draft-kalin-geant-urn-namespace/,/api/v1/doc/document/draft-kalin-geant-urn-namespace/,0,draft-kalin-geant-urn-namespace,01,2015-10-14 20:51:30+00:00,,2006-05-22 07:00:00+00:00,2006-05-22 07:00:00+00:00,docevent,2007
/api/v1/doc/document/rfc4912/,4912,rfc4912,Abstract Syntax Notation X (ASN.X),2007-07-14 20:26:10+00:00,/api/v1/doc/document/draft-legg-xed-asd/,/api/v1/doc/document/draft-legg-xed-asd/,0,draft-legg-xed-asd,07,2015-10-14 20:50:49+00:00,,2003-08-07 07:00:00+00:00,2003-08-07 07:00:00+00:00,docevent,2007
/api/v1/doc/document/rfc4914/,4914,rfc4914,Abstract Syntax Notation X (ASN.X) Representation of Encoding Instructions for the XML Encoding Rules (XER),2007-07-14 20:26:12+00:00,/api/v1/doc/document/draft-legg-xed-asd-xerei/,/api/v1/doc/document/draft-legg-xed-asd-xerei/,0,draft-legg-xed-asd-xerei,03,2015-10-14 20:51:16+00:00,,2005-04-12 07:00:00+00:00,2005-04-12 07:00:00+00:00,docevent,2007
/api/v1/doc/document/rfc4913/,4913,rfc4913,Abstract Syntax Notation X (ASN.X) Representation of Encoding Instructions for the Generic String Encoding Rules (GSER),2007-07-14 20:26:13+00:00,/api/v1/doc/document/draft-legg-xed-asd-gserei/,/api/v1/doc/document/draft-legg-xed-asd-gserei/,0,draft-legg-xed-asd-gserei,03,2015-10-14 20:51:18+00:00,,2005-07-06 07:00:00+00:00,2005-07-06 07:00:00+00:00,docevent,2007
/api/v1/doc/document/rfc4910/,4910,rfc4910,Robust XML Encoding Rules (RXER) for Abstract Syntax Notation One (ASN.1),2007-07-14 20:26:14+00:00,/api/v1/doc/document/draft-legg-xed-rxer/,/api/v1/doc/document/draft-legg-xed-rxer/,0,draft-legg-xed-rxer,07,2015-10-14 20:50:57+00:00,,2003-12-22 08:00:00+00:00,2003-12-22 08:00:00+00:00,docevent,2007
/api/v1/doc/document/rfc4911/,4911,rfc4911,Encoding Instructions for the Robust XML Encoding Rules (RXER),2007-07-14 20:26:14+00:00,/api/v1/doc/document/draft-legg-xed-rxer-ei/,/api/v1/doc/document/draft-legg-xed-rxer-ei/,0,draft-legg-xed-rxer-ei,04,2015-10-14 20:51:14+00:00,,2005-02-11 08:00:00+00:00,2005-02-11 08:00:00+00:00,docevent,2007
/api/v1/doc/document/rfc4920/,4920,rfc4920,Crankback Signaling Extensions for MPLS and GMPLS RSVP-TE,2007-07-14 20:26:15+00:00,/api/v1/doc/document/draft-ietf-ccamp-crankback/,/api/v1/doc/document/draft-ietf-ccamp-crankback/,0,draft-ietf-ccamp-crankback,06,2020-01-21 08:28:13+00:00,,2003-12-16 08:00:00+00:00,2003-12-16 08:00:00+00:00,docevent,2007
/api/v1/doc/document/rfc4844/,4844,rfc4844,The RFC Series and RFC Editor,2007-07-19 00:11:38+00:00,/api/v1/doc/document/draft-iab-rfc-editor/,/api/v1/doc/document/draft-iab-rfc-editor/,0,draft-iab-rfc-editor,04,2022-09-08 07:15:19+00:00,,2006-05-23 07:00:00+00:00,2006-05-23 07:00:00+00:00,docevent,2007
/api/v1/doc/document/rfc4845/,4845,rfc4845,Process for Publication of IAB RFCs,2007-07-19 00:11:51+00:00,/api/v1/doc/document/draft-iab-publication/,/api/v1/doc/document/draft-iab-publication/,0,draft-iab-publication,00,2015-10-14 20:51:43+00:00,,2006-12-22 08:00:00+00:00,2006-12-22 08:00:00+00:00,docevent,2007
/api/v1/doc/document/rfc4846/,4846,rfc4846,Independent Submissions to the RFC Editor,2007-07-19 00:12:02+00:00,/api/v1/doc/document/draft-iab-rfc-independent/,/api/v1/doc/document/draft-iab-rfc-independent/,0,draft-iab-rfc-independent,00,2013-03-02 16:59:02+00:00,,2007-03-08 08:00:00+00:00,2007-03-08 08:00:00+00:00,docevent,2007
/api/v1/doc/document/rfc4940/,4940,rfc4940,IANA Considerations for OSPF,2007-07-19 00:12:23+00:00,/api/v1/doc/document/draft-ietf-ospf-iana/,/api/v1/doc/document/draft-ietf-ospf-iana/,0,draft-ietf-ospf-iana,03,2015-10-14 20:51:15+00:00,,2005-04-01 08:00:00+00:00,2005-04-01 08:00:00+00:00,docevent,2007
/api/v1/doc/document/rfc4885/,4885,rfc4885,Network Mobility Support Terminology,2007-07-19 00:12:35+00:00,/api/v1/doc/document/draft-ietf-nemo-terminology/,/api/v1/doc/document/draft-ietf-nemo-terminology/,0,draft-ietf-nemo-terminology,06,2015-10-14 20:50:46+00:00,,2003-05-15 07:00:00+00:00,2003-05-15 07:00:00+00:00,docevent,2007
/api/v1/doc/document/rfc4886/,4886,rfc4886,Network Mobility Support Goals and Requirements,2007-07-19 00:12:45+00:00,/api/v1/doc/document/draft-ietf-nemo-requirements/,/api/v1/doc/document/draft-ietf-nemo-requirements/,0,draft-ietf-nemo-requirements,06,2020-01-21 08:28:07+00:00,,2003-02-13 08:00:00+00:00,2003-02-13 08:00:00+00:00,docevent,2007
/api/v1/doc/document/rfc4887/,4887,rfc4887,Network Mobility Home Network Models,2007-07-19 00:12:59+00:00,/api/v1/doc/document/draft-ietf-nemo-home-network-models/,/api/v1/doc/document/draft-ietf-nemo-home-network-models/,0,draft-ietf-nemo-home-network-models,06,2015-10-14 20:51:02+00:00,,2004-04-22 07:00:00+00:00,2004-04-22 07:00:00+00:00,docevent,2007
/api/v1/doc/document/rfc4888/,4888,rfc4888,Network Mobility Route Optimization Problem Statement,2007-07-19 00:13:14+00:00,/api/v1/doc/document/draft-ietf-nemo-ro-problem-statement/,/api/v1/doc/document/draft-clausen-nemo-ro-problem-statement/,1,draft-clausen-nemo-ro-problem-statement,01,2007-03-08 08:00:00+00:00,,2004-10-19 07:00:00+00:00,2004-10-19 07:00:00+00:00,docevent,2007
/api/v1/doc/document/rfc4888/,4888,rfc4888,Network Mobility Route Optimization Problem Statement,2007-07-19 00:13:14+00:00,/api/v1/doc/document/draft-ietf-nemo-ro-problem-statement/,/api/v1/doc/document/draft-ietf-nemo-ro-problem-statement/,0,draft-ietf-nemo-ro-problem-statement,03,2015-10-14 20:51:09+00:00,,2005-07-05 07:00:00+00:00,2005-07-05 07:00:00+00:00,docevent,2007
/api/v1/doc/document/rfc4889/,4889,rfc4889,Network Mobility Route Optimization Solution Space Analysis,2007-07-19 00:13:25+00:00,/api/v1/doc/document/draft-ietf-nemo-ro-space-analysis/,/api/v1/doc/document/draft-ietf-nemo-ro-space-analysis/,0,draft-ietf-nemo-ro-space-analysis,03,2015-10-14 20:51:21+00:00,,2005-09-02 07:00:00+00:00,2005-09-02 07:00:00+00:00,docevent,2007
/api/v1/doc/document/rfc4947/,4947,rfc4947,Address Resolution Mechanisms for IP Datagrams over MPEG-2 Networks,2007-07-19 00:13:40+00:00,/api/v1/doc/document/draft-ietf-ipdvb-ar/,/api/v1/doc/document/draft-ietf-ipdvb-ar/,0,draft-ietf-ipdvb-ar,06,2018-12-20 08:21:55+00:00,,2005-06-16 07:00:00+00:00,2005-06-16 07:00:00+00:00,docevent,2007
/api/v1/doc/document/rfc4982/,4982,rfc4982,Support for Multiple Hash Algorithms in Cryptographically Generated Addresses (CGAs),2007-07-23 18:45:30+00:00,/api/v1/doc/document/draft-bagnulo-multiple-hash-cga/,/api/v1/doc/document/draft-bagnulo-multiple-hash-cga/,0,draft-bagnulo-multiple-hash-cga,03,2015-10-14 20:51:32+00:00,,2006-06-08 07:00:00+00:00,2006-06-08 07:00:00+00:00,docevent,2007
/api/v1/doc/document/rfc4954/,4954,rfc4954,SMTP Service Extension for Authentication,2007-07-23 18:47:03+00:00,/api/v1/doc/document/draft-siemborski-rfc2554bis/,/api/v1/doc/document/draft-siemborski-rfc2554bis/,0,draft-siemborski-rfc2554bis,09,2020-01-21 08:28:16+00:00,,2003-10-10 07:00:00+00:00,2003-10-10 07:00:00+00:00,docevent,2007
/api/v1/doc/document/rfc4958/,4958,rfc4958,A Framework for Supporting Emergency Telecommunications Services (ETS) within a Single Administrative Domain,2007-07-23 18:47:24+00:00,/api/v1/doc/document/draft-ietf-ieprep-domain-frame/,/api/v1/doc/document/draft-ietf-ieprep-domain-frame/,0,draft-ietf-ieprep-domain-frame,08,2020-01-21 08:28:16+00:00,,2004-01-12 08:00:00+00:00,2004-01-12 08:00:00+00:00,docevent,2007
/api/v1/doc/document/rfc4946/,4946,rfc4946,Atom License Extension,2007-07-23 18:47:53+00:00,/api/v1/doc/document/draft-snell-atompub-feed-license/,/api/v1/doc/document/draft-snell-atompub-feed-license/,0,draft-snell-atompub-feed-license,11,2015-10-14 20:51:20+00:00,,2005-08-10 07:00:00+00:00,2005-08-10 07:00:00+00:00,docevent,2007
/api/v1/doc/document/rfc4962/,4962,rfc4962,"Guidance for Authentication, Authorization, and Accounting (AAA) Key Management",2007-07-23 18:48:26+00:00,/api/v1/doc/document/draft-housley-aaa-key-mgmt/,/api/v1/doc/document/draft-housley-aaa-key-mgmt/,0,draft-housley-aaa-key-mgmt,09,2015-10-14 20:51:17+00:00,,2005-06-13 07:00:00+00:00,2005-06-13 07:00:00+00:00,docevent,2007
/api/v1/doc/document/rfc4939/,4939,rfc4939,Definitions of Managed Objects for iSNS (Internet Storage Name Service),2007-07-23 18:48:51+00:00,/api/v1/doc/document/draft-ietf-ips-isns-mib/,/api/v1/doc/document/draft-ietf-ips-isns-mib/,0,draft-ietf-ips-isns-mib,11,2020-01-21 08:28:14+00:00,,2001-10-15 07:00:00+00:00,2001-10-15 07:00:00+00:00,docevent,2007
/api/v1/doc/document/rfc4883/,4883,rfc4883,Benchmarking Terminology for Resource Reservation Capable Routers,2007-07-25 16:01:07+00:00,/api/v1/doc/document/draft-ietf-bmwg-benchres-term/,/api/v1/doc/document/draft-ietf-bmwg-benchres-term/,0,draft-ietf-bmwg-benchres-term,08,2015-10-14 20:50:17+00:00,,2001-07-16 07:00:00+00:00,2001-07-16 07:00:00+00:00,docevent,2007
/api/v1/doc/document/rfc5034/,5034,rfc5034,The Post Office Protocol (POP3) Simple Authentication and Security Layer (SASL) Authentication Mechanism,2007-07-25 16:01:28+00:00,/api/v1/doc/document/draft-siemborski-rfc1734bis/,/api/v1/doc/document/draft-siemborski-rfc1734bis/,0,draft-siemborski-rfc1734bis,11,2022-05-11 07:16:43+00:00,,2003-10-10 07:00:00+00:00,2003-10-10 07:00:00+00:00,docevent,2007
/api/v1/doc/document/rfc4924/,4924,rfc4924,Reflections on Internet Transparency,2007-07-25 16:01:45+00:00,/api/v1/doc/document/draft-iab-net-transparent/,/api/v1/doc/document/draft-iab-net-transparent/,0,draft-iab-net-transparent,05,2015-10-14 20:51:38+00:00,,2006-10-19 07:00:00+00:00,2006-10-19 07:00:00+00:00,docevent,2007
/api/v1/doc/document/rfc4966/,4966,rfc4966,Reasons to Move the Network Address Translator - Protocol Translator (NAT-PT) to Historic Status,2007-07-25 16:01:59+00:00,/api/v1/doc/document/draft-ietf-v6ops-natpt-to-historic/,/api/v1/doc/document/draft-aoun-v6ops-natpt-deprecate/,2,draft-aoun-v6ops-natpt-deprecate,00,2005-03-01 08:00:00+00:00,,2004-09-21 07:00:00+00:00,2004-09-21 07:00:00+00:00,docevent,2007
/api/v1/doc/document/rfc4966/,4966,rfc4966,Reasons to Move the Network Address Translator - Protocol Translator (NAT-PT) to Historic Status,2007-07-25 16:01:59+00:00,/api/v1/doc/document/draft-ietf-v6ops-natpt-to-historic/,/api/v1/doc/document/draft-ietf-v6ops-natpt-to-exprmntl/,1,draft-ietf-v6ops-natpt-to-exprmntl,03,2015-10-14 20:51:07+00:00,,2005-02-03 08:00:00+00:00,2005-02-03 08:00:00+00:00,docevent,2007
/api/v1/doc/document/rfc4966/,4966,rfc4966,Reasons to Move the Network Address Translator - Protocol Translator (NAT-PT) to Historic Status,2007-07-25 16:01:59+00:00,/api/v1/doc/document/draft-ietf-v6ops-natpt-to-historic/,/api/v1/doc/document/draft-ietf-v6ops-natpt-to-historic/,0,draft-ietf-v6ops-natpt-to-historic,00,2020-01-21 08:28:18+00:00,,2007-02-21 08:00:00+00:00,2007-02-21 08:00:00+00:00,docevent,2007
/api/v1/doc/document/rfc4952/,4952,rfc4952,Overview and Framework for Internationalized Email,2007-07-25 16:02:14+00:00,/api/v1/doc/document/draft-ietf-eai-framework/,/api/v1/doc/document/draft-ietf-eai-framework/,0,draft-ietf-eai-framework,05,2015-10-14 20:51:30+00:00,,2006-05-24 07:00:00+00:00,2006-05-24 07:00:00+00:00,docevent,2007
/api/v1/doc/document/rfc4925/,4925,rfc4925,Softwire Problem Statement,2007-07-27 20:30:21+00:00,/api/v1/doc/document/draft-ietf-softwire-problem-statement/,/api/v1/doc/document/draft-ietf-softwire-problem-statement/,0,draft-ietf-softwire-problem-statement,03,2015-10-14 20:51:24+00:00,,2005-12-12 08:00:00+00:00,2005-12-12 08:00:00+00:00,docevent,2007
/api/v1/doc/document/rfc4955/,4955,rfc4955,DNS Security (DNSSEC) Experiments,2007-07-27 20:30:50+00:00,/api/v1/doc/document/draft-ietf-dnsext-dnssec-experiments/,/api/v1/doc/document/draft-ietf-dnsext-dnssec-experiments/,0,draft-ietf-dnsext-dnssec-experiments,04,2015-10-14 20:51:13+00:00,,2005-02-04 08:00:00+00:00,2005-02-04 08:00:00+00:00,docevent,2007
/api/v1/doc/document/rfc4956/,4956,rfc4956,DNS Security (DNSSEC) Opt-In,2007-07-27 20:31:04+00:00,/api/v1/doc/document/draft-ietf-dnsext-dnssec-opt-in/,/api/v1/doc/document/draft-ietf-dnsext-dnssec-opt-in/,0,draft-ietf-dnsext-dnssec-opt-in,09,2020-01-21 08:28:16+00:00,,2001-06-26 07:00:00+00:00,2001-06-26 07:00:00+00:00,docevent,2007
/api/v1/doc/document/rfc4967/,4967,rfc4967,Dial String Parameter for the Session Initiation Protocol Uniform Resource Identifier,2007-07-27 20:31:25+00:00,/api/v1/doc/document/draft-rosen-iptel-dialstring/,/api/v1/doc/document/draft-rosen-iptel-dialstring/,0,draft-rosen-iptel-dialstring,05,2020-01-21 08:28:18+00:00,,2004-06-03 07:00:00+00:00,2004-06-03 07:00:00+00:00,docevent,2007
/api/v1/doc/document/rfc4963/,4963,rfc4963,IPv4 Reassembly Errors at High Data Rates,2007-07-27 21:33:30+00:00,/api/v1/doc/document/draft-heffner-frag-harmful/,/api/v1/doc/document/draft-heffner-frag-harmful/,0,draft-heffner-frag-harmful,05,2015-10-14 20:51:29+00:00,,2006-03-31 08:00:00+00:00,2006-03-31 08:00:00+00:00,docevent,2007
/api/v1/doc/document/rfc4953/,4953,rfc4953,Defending TCP Against Spoofing Attacks,2007-07-31 01:03:31+00:00,/api/v1/doc/document/draft-ietf-tcpm-tcp-antispoof/,/api/v1/doc/document/draft-ietf-tcpm-tcp-antispoof/,0,draft-ietf-tcpm-tcp-antispoof,06,2015-10-14 20:51:14+00:00,,2005-02-14 08:00:00+00:00,2005-02-14 08:00:00+00:00,docevent,2007
/api/v1/doc/document/rfc4995/,4995,rfc4995,The RObust Header Compression (ROHC) Framework,2007-07-31 01:03:46+00:00,/api/v1/doc/document/draft-ietf-rohc-rfc3095bis-framework/,/api/v1/doc/document/draft-ietf-rohc-rfc3095bis-framework/,0,draft-ietf-rohc-rfc3095bis-framework,04,2018-12-20 08:22:01+00:00,,2005-12-14 08:00:00+00:00,2005-12-14 08:00:00+00:00,docevent,2007
/api/v1/doc/document/rfc4996/,4996,rfc4996,RObust Header Compression (ROHC): A Profile for TCP/IP (ROHC-TCP),2007-07-31 01:03:56+00:00,/api/v1/doc/document/draft-ietf-rohc-tcp/,/api/v1/doc/document/draft-ietf-rohc-tcp-epic/,1,draft-ietf-rohc-tcp-epic,02,2001-11-30 08:00:00+00:00,,2001-02-26 08:00:00+00:00,2001-02-26 08:00:00+00:00,docevent,2007
/api/v1/doc/document/rfc4996/,4996,rfc4996,RObust Header Compression (ROHC): A Profile for TCP/IP (ROHC-TCP),2007-07-31 01:03:56+00:00,/api/v1/doc/document/draft-ietf-rohc-tcp/,/api/v1/doc/document/draft-ietf-rohc-tcp-taroc/,1,draft-ietf-rohc-tcp-taroc,04,2001-11-28 08:00:00+00:00,,2000-11-20 08:00:00+00:00,2000-11-20 08:00:00+00:00,docevent,2007
/api/v1/doc/document/rfc4996/,4996,rfc4996,RObust Header Compression (ROHC): A Profile for TCP/IP (ROHC-TCP),2007-07-31 01:03:56+00:00,/api/v1/doc/document/draft-ietf-rohc-tcp/,/api/v1/doc/document/draft-ietf-rohc-tcp/,0,draft-ietf-rohc-tcp,16,2020-01-21 08:28:23+00:00,,2002-01-31 08:00:00+00:00,2002-01-31 08:00:00+00:00,docevent,2007
/api/v1/doc/document/rfc4997/,4997,rfc4997,Formal Notation for RObust Header Compression (ROHC-FN),2007-07-31 01:04:06+00:00,/api/v1/doc/document/draft-ietf-rohc-formal-notation/,/api/v1/doc/document/draft-ietf-rohc-epic-lite/,1,draft-ietf-rohc-epic-lite,01,2002-03-06 08:00:00+00:00,,2001-11-29 08:00:00+00:00,2001-11-29 08:00:00+00:00,docevent,2007
/api/v1/doc/document/rfc4997/,4997,rfc4997,Formal Notation for RObust Header Compression (ROHC-FN),2007-07-31 01:04:06+00:00,/api/v1/doc/document/draft-ietf-rohc-formal-notation/,/api/v1/doc/document/draft-ietf-rohc-formal-notation/,0,draft-ietf-rohc-formal-notation,13,2015-10-14 20:50:21+00:00,,2002-11-01 08:00:00+00:00,2002-11-01 08:00:00+00:00,docevent,2007
/api/v1/doc/document/rfc4961/,4961,rfc4961,Symmetric RTP / RTP Control Protocol (RTCP),2007-08-01 01:07:44+00:00,/api/v1/doc/document/draft-wing-behave-symmetric-rtprtcp/,/api/v1/doc/document/draft-wing-behave-symmetric-rtprtcp/,0,draft-wing-behave-symmetric-rtprtcp,03,2015-10-14 20:51:17+00:00,,2005-05-24 07:00:00+00:00,2005-05-24 07:00:00+00:00,docevent,2007
/api/v1/doc/document/rfc4970/,4970,rfc4970,Extensions to OSPF for Advertising Optional Router Capabilities,2007-08-01 01:08:12+00:00,/api/v1/doc/document/draft-ietf-ospf-cap/,/api/v1/doc/document/draft-ietf-ospf-cap/,0,draft-ietf-ospf-cap,11,2015-10-14 20:50:49+00:00,,2003-07-25 07:00:00+00:00,2003-07-25 07:00:00+00:00,docevent,2007
/api/v1/doc/document/rfc4971/,4971,rfc4971,Intermediate System to Intermediate System (IS-IS) Extensions for Advertising Router Information,2007-08-01 01:08:22+00:00,/api/v1/doc/document/draft-ietf-isis-caps/,/api/v1/doc/document/draft-ietf-isis-caps/,0,draft-ietf-isis-caps,07,2015-10-14 20:51:12+00:00,,2005-01-26 08:00:00+00:00,2005-01-26 08:00:00+00:00,docevent,2007
/api/v1/doc/document/rfc4972/,4972,rfc4972,Routing Extensions for Discovery of Multiprotocol (MPLS) Label Switch Router (LSR) Traffic Engineering (TE) Mesh Membership,2007-08-01 01:08:33+00:00,/api/v1/doc/document/draft-ietf-ccamp-automesh/,/api/v1/doc/document/draft-ietf-ccamp-automesh/,0,draft-ietf-ccamp-automesh,04,2015-10-14 20:51:24+00:00,,2005-11-28 08:00:00+00:00,2005-11-28 08:00:00+00:00,docevent,2007
/api/v1/doc/document/rfc4973/,4973,rfc4973,OSPF-xTE: Experimental Extension to OSPF for Traffic Engineering,2007-08-01 01:08:40+00:00,/api/v1/doc/document/draft-srisuresh-ospf-te/,/api/v1/doc/document/draft-srisuresh-ospf-te/,0,draft-srisuresh-ospf-te,07,2013-03-02 16:59:10+00:00,,2001-06-25 07:00:00+00:00,2001-06-25 07:00:00+00:00,docevent,2007
/api/v1/doc/document/rfc4950/,4950,rfc4950,ICMP Extensions for Multiprotocol Label Switching,2007-08-03 01:16:11+00:00,/api/v1/doc/document/draft-ietf-mpls-icmp/,/api/v1/doc/document/draft-ietf-mpls-icmp/,0,draft-ietf-mpls-icmp,08,2015-10-14 20:49:57+00:00,,1999-07-19 07:00:00+00:00,1999-07-19 07:00:00+00:00,docevent,2007
/api/v1/doc/document/rfc4968/,4968,rfc4968,Analysis of IPv6 Link Models for 802.16 Based Networks,2007-08-04 02:59:32+00:00,/api/v1/doc/document/draft-ietf-16ng-ipv6-link-model-analysis/,/api/v1/doc/document/draft-ietf-16ng-ipv6-link-model-analysis/,0,draft-ietf-16ng-ipv6-link-model-analysis,03,2015-10-14 20:51:36+00:00,,2006-10-10 07:00:00+00:00,2006-10-10 07:00:00+00:00,docevent,2007
/api/v1/doc/document/rfc4935/,4935,rfc4935,Fibre Channel Fabric Configuration Server MIB,2007-08-04 02:59:45+00:00,/api/v1/doc/document/draft-ietf-imss-fc-fcs-mib/,/api/v1/doc/document/draft-kzm-imss-fc-fcs-mib/,1,draft-kzm-imss-fc-fcs-mib,02,2008-04-01 07:00:00+00:00,,2005-11-28 08:00:00+00:00,2005-11-28 08:00:00+00:00,docevent,2007
/api/v1/doc/document/rfc4935/,4935,rfc4935,Fibre Channel Fabric Configuration Server MIB,2007-08-04 02:59:45+00:00,/api/v1/doc/document/draft-ietf-imss-fc-fcs-mib/,/api/v1/doc/document/draft-ietf-imss-fc-fcs-mib/,0,draft-ietf-imss-fc-fcs-mib,02,2015-10-14 20:51:24+00:00,,2006-08-22 07:00:00+00:00,2006-08-22 07:00:00+00:00,docevent,2007
/api/v1/doc/document/rfc4936/,4936,rfc4936,Fibre Channel Zone Server MIB,2007-08-04 02:59:56+00:00,/api/v1/doc/document/draft-ietf-imss-fc-zs-mib/,/api/v1/doc/document/draft-kzm-imss-fc-zs-mib/,1,draft-kzm-imss-fc-zs-mib,03,2008-04-01 07:00:00+00:00,,2005-09-02 07:00:00+00:00,2005-09-02 07:00:00+00:00,docevent,2007
/api/v1/doc/document/rfc4936/,4936,rfc4936,Fibre Channel Zone Server MIB,2007-08-04 02:59:56+00:00,/api/v1/doc/document/draft-ietf-imss-fc-zs-mib/,/api/v1/doc/document/draft-ietf-imss-fc-zs-mib/,0,draft-ietf-imss-fc-zs-mib,03,2015-10-14 20:51:21+00:00,,2006-08-22 07:00:00+00:00,2006-08-22 07:00:00+00:00,docevent,2007
/api/v1/doc/document/rfc4974/,4974,rfc4974,Generalized MPLS (GMPLS) RSVP-TE Signaling Extensions in Support of Calls,2007-08-08 00:35:24+00:00,/api/v1/doc/document/draft-ietf-ccamp-gmpls-rsvp-te-call/,/api/v1/doc/document/draft-papadimitriou-ccamp-gmpls-rsvp-te-call/,1,draft-papadimitriou-ccamp-gmpls-rsvp-te-call,00,2006-04-26 07:00:00+00:00,,2005-11-28 08:00:00+00:00,2005-11-28 08:00:00+00:00,docevent,2007
/api/v1/doc/document/rfc4974/,4974,rfc4974,Generalized MPLS (GMPLS) RSVP-TE Signaling Extensions in Support of Calls,2007-08-08 00:35:24+00:00,/api/v1/doc/document/draft-ietf-ccamp-gmpls-rsvp-te-call/,/api/v1/doc/document/draft-ietf-ccamp-gmpls-rsvp-te-call/,0,draft-ietf-ccamp-gmpls-rsvp-te-call,04,2018-12-20 08:21:59+00:00,,2006-04-17 07:00:00+00:00,2006-04-17 07:00:00+00:00,docevent,2007
/api/v1/doc/document/rfc4979/,4979,rfc4979,IANA Registration for Enumservice 'XMPP',2007-08-08 00:35:34+00:00,/api/v1/doc/document/draft-ietf-enum-xmpp/,/api/v1/doc/document/draft-mayrhofer-enum-xmpp/,1,draft-mayrhofer-enum-xmpp,00,2006-10-02 07:00:00+00:00,,2006-10-02 07:00:00+00:00,2006-10-02 07:00:00+00:00,docevent,2007
/api/v1/doc/document/rfc4979/,4979,rfc4979,IANA Registration for Enumservice 'XMPP',2007-08-08 00:35:34+00:00,/api/v1/doc/document/draft-ietf-enum-xmpp/,/api/v1/doc/document/draft-ietf-enum-xmpp/,0,draft-ietf-enum-xmpp,02,2015-10-14 20:51:35+00:00,,2006-11-27 08:00:00+00:00,2006-11-27 08:00:00+00:00,docevent,2007
/api/v1/doc/document/rfc5052/,5052,rfc5052,Forward Error Correction (FEC) Building Block,2007-08-08 00:35:49+00:00,/api/v1/doc/document/draft-ietf-rmt-fec-bb-revised/,/api/v1/doc/document/draft-ietf-rmt-fec-bb-revised/,0,draft-ietf-rmt-fec-bb-revised,07,2020-01-21 08:28:30+00:00,,2005-05-03 07:00:00+00:00,2005-05-03 07:00:00+00:00,docevent,2007
/api/v1/doc/document/rfc5065/,5065,rfc5065,Autonomous System Confederations for BGP,2007-08-08 00:36:04+00:00,/api/v1/doc/document/draft-ietf-idr-rfc3065bis/,/api/v1/doc/document/draft-ietf-idr-rfc3065bis/,0,draft-ietf-idr-rfc3065bis,06,2020-01-21 08:28:32+00:00,,2003-08-27 07:00:00+00:00,2003-08-27 07:00:00+00:00,docevent,2007
/api/v1/doc/document/rfc4969/,4969,rfc4969,IANA Registration for vCard Enumservice,2007-08-08 00:36:16+00:00,/api/v1/doc/document/draft-ietf-enum-vcard/,/api/v1/doc/document/draft-mayrhofer-enum-vcard/,1,draft-mayrhofer-enum-vcard,00,2015-10-14 20:51:22+00:00,,2005-10-04 07:00:00+00:00,2005-10-04 07:00:00+00:00,docevent,2007
/api/v1/doc/document/rfc4969/,4969,rfc4969,IANA Registration for vCard Enumservice,2007-08-08 00:36:16+00:00,/api/v1/doc/document/draft-ietf-enum-vcard/,/api/v1/doc/document/draft-ietf-enum-vcard/,0,draft-ietf-enum-vcard,06,2018-12-20 08:21:58+00:00,,2005-11-30 08:00:00+00:00,2005-11-30 08:00:00+00:00,docevent,2007
/api/v1/doc/document/rfc4957/,4957,rfc4957,Link-Layer Event Notifications for Detecting Network Attachments,2007-08-08 00:36:26+00:00,/api/v1/doc/document/draft-ietf-dna-link-information/,/api/v1/doc/document/draft-ietf-dna-link-information/,0,draft-ietf-dna-link-information,06,2015-10-14 20:51:07+00:00,,2004-09-24 07:00:00+00:00,2004-09-24 07:00:00+00:00,docevent,2007
/api/v1/doc/document/rfc4991/,4991,rfc4991,A Common Schema for Internet Registry Information Service Transfer Protocols,2007-08-08 00:36:40+00:00,/api/v1/doc/document/draft-ietf-crisp-iris-common-transport/,/api/v1/doc/document/draft-ietf-crisp-iris-common-transport/,0,draft-ietf-crisp-iris-common-transport,05,2020-01-21 08:28:21+00:00,,2005-05-02 07:00:00+00:00,2005-05-02 07:00:00+00:00,docevent,2007
/api/v1/doc/document/rfc4992/,4992,rfc4992,XML Pipelining with Chunks for the Internet Registry Information Service,2007-08-08 00:36:52+00:00,/api/v1/doc/document/draft-ietf-crisp-iris-xpc/,/api/v1/doc/document/draft-ietf-crisp-iris-xpc/,0,draft-ietf-crisp-iris-xpc,06,2020-01-21 08:28:22+00:00,,2005-05-02 07:00:00+00:00,2005-05-02 07:00:00+00:00,docevent,2007
/api/v1/doc/document/rfc4993/,4993,rfc4993,A Lightweight UDP Transfer Protocol for the Internet Registry Information Service,2007-08-08 00:37:04+00:00,/api/v1/doc/document/draft-ietf-crisp-iris-lwz/,/api/v1/doc/document/draft-ietf-crisp-iris-lwz/,0,draft-ietf-crisp-iris-lwz,08,2020-01-21 08:28:22+00:00,,2004-10-08 07:00:00+00:00,2004-10-08 07:00:00+00:00,docevent,2007
/api/v1/doc/document/rfc5020/,5020,rfc5020,The Lightweight Directory Access Protocol (LDAP) entryDN Operational Attribute,2007-08-11 00:49:02+00:00,/api/v1/doc/document/draft-zeilenga-ldap-entrydn/,/api/v1/doc/document/draft-zeilenga-ldap-entrydn/,0,draft-zeilenga-ldap-entrydn,02,2015-10-14 20:51:32+00:00,,2006-06-19 07:00:00+00:00,2006-06-19 07:00:00+00:00,docevent,2007
/api/v1/doc/document/rfc4945/,4945,rfc4945,"The Internet IP Security PKI Profile of IKEv1/ISAKMP, IKEv2, and PKIX",2007-08-11 00:49:14+00:00,/api/v1/doc/document/draft-ietf-pki4ipsec-ikecert-profile/,/api/v1/doc/document/draft-ietf-pki4ipsec-ikecert-profile/,0,draft-ietf-pki4ipsec-ikecert-profile,12,2015-10-14 20:51:04+00:00,,2004-06-03 07:00:00+00:00,2004-06-03 07:00:00+00:00,docevent,2007
/api/v1/doc/document/rfc4948/,4948,rfc4948,"Report from the IAB workshop on Unwanted Traffic March 9-10, 2006",2007-08-15 23:10:33+00:00,/api/v1/doc/document/draft-iab-iwout-report/,/api/v1/doc/document/draft-iab-iwout-report/,0,draft-iab-iwout-report,03,2020-01-21 08:28:15+00:00,,2006-10-18 07:00:00+00:00,2006-10-18 07:00:00+00:00,docevent,2007
/api/v1/doc/document/rfc4923/,4923,rfc4923,Quality of Service (QoS) Signaling in a Nested Virtual Private Network,2007-08-15 23:10:43+00:00,/api/v1/doc/document/draft-ietf-tsvwg-vpn-signaled-preemption/,/api/v1/doc/document/draft-baker-tsvwg-vpn-signaled-preemption/,1,draft-baker-tsvwg-vpn-signaled-preemption,04,2007-06-28 07:00:00+00:00,,2004-09-16 07:00:00+00:00,2004-09-16 07:00:00+00:00,docevent,2007
/api/v1/doc/document/rfc4923/,4923,rfc4923,Quality of Service (QoS) Signaling in a Nested Virtual Private Network,2007-08-15 23:10:43+00:00,/api/v1/doc/document/draft-ietf-tsvwg-vpn-signaled-preemption/,/api/v1/doc/document/draft-ietf-tsvwg-vpn-signaled-preemption/,0,draft-ietf-tsvwg-vpn-signaled-preemption,02,2015-10-14 20:51:07+00:00,,2006-02-28 08:00:00+00:00,2006-02-28 08:00:00+00:00,docevent,2007
/api/v1/doc/document/rfc4919/,4919,rfc4919,"IPv6 over Low-Power Wireless Personal Area Networks (6LoWPANs): Overview, Assumptions, Problem Statement, and Goals",2007-08-15 23:10:52+00:00,/api/v1/doc/document/draft-ietf-6lowpan-problem/,/api/v1/doc/document/draft-ietf-6lowpan-problem/,0,draft-ietf-6lowpan-problem,08,2020-01-21 08:28:12+00:00,,2005-07-13 07:00:00+00:00,2005-07-13 07:00:00+00:00,docevent,2007
/api/v1/doc/document/rfc4987/,4987,rfc4987,TCP SYN Flooding Attacks and Common Mitigations,2007-08-17 23:41:55+00:00,/api/v1/doc/document/draft-ietf-tcpm-syn-flood/,/api/v1/doc/document/draft-ietf-tcpm-syn-flood/,0,draft-ietf-tcpm-syn-flood,05,2022-07-30 07:14:56+00:00,,2006-07-19 07:00:00+00:00,2006-07-19 07:00:00+00:00,docevent,2007
/api/v1/doc/document/rfc4998/,4998,rfc4998,Evidence Record Syntax (ERS),2007-08-17 23:42:01+00:00,/api/v1/doc/document/draft-ietf-ltans-ers/,/api/v1/doc/document/draft-ietf-ltans-ers/,0,draft-ietf-ltans-ers,15,2023-04-02 07:16:01+00:00,,2004-02-12 08:00:00+00:00,2004-02-12 08:00:00+00:00,docevent,2007
/api/v1/doc/document/rfc5021/,5021,rfc5021,Extended Kerberos Version 5 Key Distribution Center (KDC) Exchanges over TCP,2007-08-17 23:42:03+00:00,/api/v1/doc/document/draft-ietf-krb-wg-tcp-expansion/,/api/v1/doc/document/draft-ietf-krb-wg-tcp-expansion/,0,draft-ietf-krb-wg-tcp-expansion,02,2015-10-14 20:51:30+00:00,,2006-05-11 07:00:00+00:00,2006-05-11 07:00:00+00:00,docevent,2007
/api/v1/doc/document/rfc4949/,4949,rfc4949,"Internet Security Glossary, Version 2",2007-08-21 00:09:15+00:00,/api/v1/doc/document/draft-shirey-secgloss-v2/,/api/v1/doc/document/draft-shirey-secgloss-v2/,0,draft-shirey-secgloss-v2,08,2013-03-02 16:59:08+00:00,,2004-08-23 07:00:00+00:00,2004-08-23 07:00:00+00:00,docevent,2007
/api/v1/doc/document/rfc5001/,5001,rfc5001,DNS Name Server Identifier (NSID) Option,2007-08-21 00:09:26+00:00,/api/v1/doc/document/draft-ietf-dnsext-nsid/,/api/v1/doc/document/draft-austein-dnsext-nsid/,1,draft-austein-dnsext-nsid,02,2005-09-19 07:00:00+00:00,,2004-02-11 08:00:00+00:00,2004-02-11 08:00:00+00:00,docevent,2007
/api/v1/doc/document/rfc5001/,5001,rfc5001,DNS Name Server Identifier (NSID) Option,2007-08-21 00:09:26+00:00,/api/v1/doc/document/draft-ietf-dnsext-nsid/,/api/v1/doc/document/draft-ietf-dnsext-nsid/,0,draft-ietf-dnsext-nsid,02,2015-10-14 20:51:00+00:00,,2005-09-12 07:00:00+00:00,2005-09-12 07:00:00+00:00,docevent,2007
/api/v1/doc/document/rfc4951/,4951,rfc4951,"Fail Over Extensions for Layer 2 Tunneling Protocol (L2TP) ""failover""",2007-08-21 00:09:39+00:00,/api/v1/doc/document/draft-ietf-l2tpext-failover/,/api/v1/doc/document/draft-vipin-l2tpext-failover/,1,draft-vipin-l2tpext-failover,02,2008-12-01 08:00:00+00:00,,2001-05-04 07:00:00+00:00,2001-05-04 07:00:00+00:00,docevent,2007
/api/v1/doc/document/rfc4951/,4951,rfc4951,"Fail Over Extensions for Layer 2 Tunneling Protocol (L2TP) ""failover""",2007-08-21 00:09:39+00:00,/api/v1/doc/document/draft-ietf-l2tpext-failover/,/api/v1/doc/document/draft-ietf-l2tpext-failover/,0,draft-ietf-l2tpext-failover,12,2015-10-14 20:50:14+00:00,,2002-05-06 07:00:00+00:00,2002-05-06 07:00:00+00:00,docevent,2007
/api/v1/doc/document/rfc5013/,5013,rfc5013,The Dublin Core Metadata Element Set,2007-08-23 00:22:21+00:00,/api/v1/doc/document/draft-kunze-rfc2413bis/,/api/v1/doc/document/draft-kunze-rfc2413bis/,0,draft-kunze-rfc2413bis,07,2015-10-14 20:50:21+00:00,,2001-10-16 07:00:00+00:00,2001-10-16 07:00:00+00:00,docevent,2007
/api/v1/doc/document/rfc5033/,5033,rfc5033,Specifying New Congestion Control Algorithms,2007-08-23 00:22:23+00:00,/api/v1/doc/document/draft-ietf-tsvwg-cc-alt/,/api/v1/doc/document/draft-floyd-cc-alt/,2,draft-floyd-cc-alt,01,2024-09-24 23:11:58+00:00,,2006-10-17 07:00:00+00:00,2006-10-17 07:00:00+00:00,docevent,2007
/api/v1/doc/document/rfc5033/,5033,rfc5033,Specifying New Congestion Control Algorithms,2007-08-23 00:22:23+00:00,/api/v1/doc/document/draft-ietf-tsvwg-cc-alt/,/api/v1/doc/document/draft-floyd-tsvwg-cc-alt/,1,draft-floyd-tsvwg-cc-alt,00,2024-09-24 23:11:59+00:00,,2006-12-06 08:00:00+00:00,2006-12-06 08:00:00+00:00,docevent,2007
/api/v1/doc/document/rfc5033/,5033,rfc5033,Specifying New Congestion Control Algorithms,2007-08-23 00:22:23+00:00,/api/v1/doc/document/draft-ietf-tsvwg-cc-alt/,/api/v1/doc/document/draft-ietf-tsvwg-cc-alt/,0,draft-ietf-tsvwg-cc-alt,04,2015-10-14 20:51:42+00:00,,2007-03-06 08:00:00+00:00,2007-03-06 08:00:00+00:00,docevent,2007
/api/v1/doc/document/rfc4983/,4983,rfc4983,Fibre Channel Registered State Change Notification (RSCN) MIB,2007-08-24 22:55:20+00:00,/api/v1/doc/document/draft-ietf-imss-fc-rscn-mib/,/api/v1/doc/document/draft-kzm-imss-fc-rscn-mib/,1,draft-kzm-imss-fc-rscn-mib,03,2008-04-01 07:00:00+00:00,,2005-11-28 08:00:00+00:00,2005-11-28 08:00:00+00:00,docevent,2007
/api/v1/doc/document/rfc4983/,4983,rfc4983,Fibre Channel Registered State Change Notification (RSCN) MIB,2007-08-24 22:55:20+00:00,/api/v1/doc/document/draft-ietf-imss-fc-rscn-mib/,/api/v1/doc/document/draft-ietf-imss-fc-rscn-mib/,0,draft-ietf-imss-fc-rscn-mib,02,2015-10-14 20:51:24+00:00,,2006-08-22 07:00:00+00:00,2006-08-22 07:00:00+00:00,docevent,2007
/api/v1/doc/document/rfc5035/,5035,rfc5035,Enhanced Security Services (ESS) Update: Adding CertID Algorithm Agility,2007-08-24 22:55:35+00:00,/api/v1/doc/document/draft-ietf-smime-escertid/,/api/v1/doc/document/draft-ietf-smime-escertid/,0,draft-ietf-smime-escertid,06,2020-01-21 08:28:28+00:00,,2006-03-24 08:00:00+00:00,2006-03-24 08:00:00+00:00,docevent,2007
/api/v1/doc/document/rfc5002/,5002,rfc5002,The Session Initiation Protocol (SIP) P-Profile-Key Private Header (P-Header),2007-08-24 22:55:47+00:00,/api/v1/doc/document/draft-camarillo-sipping-profile-key/,/api/v1/doc/document/draft-camarillo-sipping-profile-key/,0,draft-camarillo-sipping-profile-key,02,2020-01-21 08:28:24+00:00,,2006-06-01 07:00:00+00:00,2006-06-01 07:00:00+00:00,docevent,2007
/api/v1/doc/document/rfc4977/,4977,rfc4977,Problem Statement: Dual Stack Mobility,2007-08-29 21:09:26+00:00,/api/v1/doc/document/draft-ietf-mip6-dsmip-problem/,/api/v1/doc/document/draft-ietf-mip6-dsmip-problem/,0,draft-ietf-mip6-dsmip-problem,03,2015-10-14 20:51:20+00:00,,2005-07-15 07:00:00+00:00,2005-07-15 07:00:00+00:00,docevent,2007
/api/v1/doc/document/rfc4978/,4978,rfc4978,The IMAP COMPRESS Extension,2007-08-29 21:09:41+00:00,/api/v1/doc/document/draft-ietf-lemonade-compress/,/api/v1/doc/document/draft-ietf-lemonade-compress/,0,draft-ietf-lemonade-compress,08,2020-01-21 08:28:20+00:00,,2006-03-02 08:00:00+00:00,2006-03-02 08:00:00+00:00,docevent,2007
/api/v1/doc/document/rfc4895/,4895,rfc4895,Authenticated Chunks for the Stream Control Transmission Protocol (SCTP),2007-08-29 21:09:56+00:00,/api/v1/doc/document/draft-ietf-tsvwg-sctp-auth/,/api/v1/doc/document/draft-ietf-tsvwg-sctp-auth/,0,draft-ietf-tsvwg-sctp-auth,08,2015-10-14 20:51:18+00:00,,2005-06-15 07:00:00+00:00,2005-06-15 07:00:00+00:00,docevent,2007
/api/v1/doc/document/rfc4986/,4986,rfc4986,Requirements Related to DNS Security (DNSSEC) Trust Anchor Rollover,2007-08-29 21:10:08+00:00,/api/v1/doc/document/draft-ietf-dnsext-rollover-requirements/,/api/v1/doc/document/draft-ietf-dnsext-rollover-requirements/,0,draft-ietf-dnsext-rollover-requirements,04,2015-10-14 20:51:27+00:00,,2006-03-02 08:00:00+00:00,2006-03-02 08:00:00+00:00,docevent,2007
/api/v1/doc/document/rfc4985/,4985,rfc4985,Internet X.509 Public Key Infrastructure Subject Alternative Name for Expression of Service Name,2007-08-29 21:10:18+00:00,/api/v1/doc/document/draft-ietf-pkix-srvsan/,/api/v1/doc/document/draft-ietf-pkix-srvsan/,0,draft-ietf-pkix-srvsan,05,2020-01-21 08:28:21+00:00,,2005-09-23 07:00:00+00:00,2005-09-23 07:00:00+00:00,docevent,2007
/api/v1/doc/document/rfc4964/,4964,rfc4964,The P-Answer-State Header Extension to the Session Initiation Protocol for the Open Mobile Alliance Push to Talk over Cellular,2007-09-06 15:55:17+00:00,/api/v1/doc/document/draft-allen-sipping-poc-p-answer-state-header/,/api/v1/doc/document/draft-allen-sipping-poc-p-headers/,1,draft-allen-sipping-poc-p-headers,01,2005-06-29 07:00:00+00:00,,2004-11-18 08:00:00+00:00,2004-11-18 08:00:00+00:00,docevent,2007
/api/v1/doc/document/rfc4964/,4964,rfc4964,The P-Answer-State Header Extension to the Session Initiation Protocol for the Open Mobile Alliance Push to Talk over Cellular,2007-09-06 15:55:17+00:00,/api/v1/doc/document/draft-allen-sipping-poc-p-answer-state-header/,/api/v1/doc/document/draft-allen-sipping-poc-p-answer-state-header/,0,draft-allen-sipping-poc-p-answer-state-header,05,2015-10-14 20:51:10+00:00,,2005-06-27 07:00:00+00:00,2005-06-27 07:00:00+00:00,docevent,2007
/api/v1/doc/document/rfc4990/,4990,rfc4990,Use of Addresses in Generalized Multiprotocol Label Switching (GMPLS) Networks,2007-09-06 15:55:27+00:00,/api/v1/doc/document/draft-ietf-ccamp-gmpls-addressing/,/api/v1/doc/document/draft-shiomoto-ccamp-gmpls-addressing/,1,draft-shiomoto-ccamp-gmpls-addressing,01,2011-01-10 08:00:00+00:00,,2005-02-01 08:00:00+00:00,2005-02-01 08:00:00+00:00,docevent,2007
/api/v1/doc/document/rfc4990/,4990,rfc4990,Use of Addresses in Generalized Multiprotocol Label Switching (GMPLS) Networks,2007-09-06 15:55:27+00:00,/api/v1/doc/document/draft-ietf-ccamp-gmpls-addressing/,/api/v1/doc/document/draft-ietf-ccamp-gmpls-addressing/,0,draft-ietf-ccamp-gmpls-addressing,08,2018-12-20 08:22:00+00:00,,2005-05-05 07:00:00+00:00,2005-05-05 07:00:00+00:00,docevent,2007
/api/v1/doc/document/rfc5003/,5003,rfc5003,Attachment Individual Identifier (AII) Types for Aggregation,2007-09-06 15:55:50+00:00,/api/v1/doc/document/draft-ietf-pwe3-aii-aggregate/,/api/v1/doc/document/draft-ietf-pwe3-aii-aggregate/,0,draft-ietf-pwe3-aii-aggregate,02,2015-10-14 20:51:27+00:00,,2006-02-28 08:00:00+00:00,2006-02-28 08:00:00+00:00,docevent,2007
/api/v1/doc/document/rfc5011/,5011,rfc5011,Automated Updates of DNS Security (DNSSEC) Trust Anchors,2007-09-06 15:56:07+00:00,/api/v1/doc/document/draft-ietf-dnsext-trustupdate-timers/,/api/v1/doc/document/draft-ietf-dnsext-trustupdate-timers/,0,draft-ietf-dnsext-trustupdate-timers,06,2018-12-20 08:22:03+00:00,,2004-10-27 07:00:00+00:00,2004-10-27 07:00:00+00:00,docevent,2007
/api/v1/doc/document/rfc5032/,5032,rfc5032,WITHIN Search Extension to the IMAP Protocol,2007-09-06 15:56:19+00:00,/api/v1/doc/document/draft-ietf-lemonade-search-within/,/api/v1/doc/document/draft-ietf-lemonade-search-within/,0,draft-ietf-lemonade-search-within,05,2015-10-14 20:51:28+00:00,,2006-03-02 08:00:00+00:00,2006-03-02 08:00:00+00:00,docevent,2007
/api/v1/doc/document/rfc4981/,4981,rfc4981,Survey of Research towards Robust Peer-to-Peer Networks: Search Methods,2007-09-08 00:39:48+00:00,/api/v1/doc/document/draft-irtf-p2prg-survey-search/,/api/v1/doc/document/draft-irtf-p2prg-survey-search/,0,draft-irtf-p2prg-survey-search,01,2018-12-20 08:21:59+00:00,,2006-03-22 08:00:00+00:00,2006-03-22 08:00:00+00:00,docevent,2007
/api/v1/doc/document/rfc5010/,5010,rfc5010,The Dynamic Host Configuration Protocol Version 4 (DHCPv4) Relay Agent Flags Suboption,2007-09-08 00:40:04+00:00,/api/v1/doc/document/draft-ietf-dhc-relay-agent-flags/,/api/v1/doc/document/draft-kinnear-dhc-relay-agent-flags/,1,draft-kinnear-dhc-relay-agent-flags,00,2008-03-03 08:00:00+00:00,,2006-06-08 07:00:00+00:00,2006-06-08 07:00:00+00:00,docevent,2007
/api/v1/doc/document/rfc5010/,5010,rfc5010,The Dynamic Host Configuration Protocol Version 4 (DHCPv4) Relay Agent Flags Suboption,2007-09-08 00:40:04+00:00,/api/v1/doc/document/draft-ietf-dhc-relay-agent-flags/,/api/v1/doc/document/draft-ietf-dhc-relay-agent-flags/,0,draft-ietf-dhc-relay-agent-flags,03,2015-10-14 20:51:31+00:00,,2006-06-19 07:00:00+00:00,2006-06-19 07:00:00+00:00,docevent,2007
/api/v1/doc/document/rfc5004/,5004,rfc5004,Avoid BGP Best Path Transitions from One External to Another,2007-09-08 00:40:48+00:00,/api/v1/doc/document/draft-ietf-idr-avoid-transition/,/api/v1/doc/document/draft-ietf-idr-avoid-transition/,0,draft-ietf-idr-avoid-transition,05,2015-10-14 20:51:03+00:00,,2004-05-19 07:00:00+00:00,2004-05-19 07:00:00+00:00,docevent,2007
/api/v1/doc/document/rfc5005/,5005,rfc5005,Feed Paging and Archiving,2007-09-08 00:41:00+00:00,/api/v1/doc/document/draft-nottingham-atompub-feed-history/,/api/v1/doc/document/draft-nottingham-atompub-feed-history/,0,draft-nottingham-atompub-feed-history,11,2020-01-21 08:28:24+00:00,,2005-06-28 07:00:00+00:00,2005-06-28 07:00:00+00:00,docevent,2007
/api/v1/doc/document/rfc5007/,5007,rfc5007,DHCPv6 Leasequery,2007-09-15 00:24:05+00:00,/api/v1/doc/document/draft-ietf-dhc-dhcpv6-leasequery/,/api/v1/doc/document/draft-brzozowski-dhc-dhcvp6-leasequery/,2,draft-brzozowski-dhc-dhcvp6-leasequery,00,2008-03-03 08:00:00+00:00,,2006-06-19 07:00:00+00:00,2006-06-19 07:00:00+00:00,docevent,2007
/api/v1/doc/document/rfc5007/,5007,rfc5007,DHCPv6 Leasequery,2007-09-15 00:24:05+00:00,/api/v1/doc/document/draft-ietf-dhc-dhcpv6-leasequery/,/api/v1/doc/document/draft-ietf-dhc-dhcvp6-leasequery/,1,draft-ietf-dhc-dhcvp6-leasequery,01,2015-10-14 20:51:32+00:00,,2006-08-22 07:00:00+00:00,2006-08-22 07:00:00+00:00,docevent,2007
/api/v1/doc/document/rfc5007/,5007,rfc5007,DHCPv6 Leasequery,2007-09-15 00:24:05+00:00,/api/v1/doc/document/draft-ietf-dhc-dhcpv6-leasequery/,/api/v1/doc/document/draft-ietf-dhc-dhcpv6-leasequery/,0,draft-ietf-dhc-dhcpv6-leasequery,01,2020-01-21 08:28:24+00:00,,2007-03-05 08:00:00+00:00,2007-03-05 08:00:00+00:00,docevent,2007
/api/v1/doc/document/rfc5008/,5008,rfc5008,Suite B in Secure/Multipurpose Internet Mail Extensions (S/MIME),2007-09-15 00:24:12+00:00,/api/v1/doc/document/draft-housley-smime-suite-b/,/api/v1/doc/document/draft-housley-smime-suite-b/,0,draft-housley-smime-suite-b,02,2020-01-21 08:28:25+00:00,,2007-04-16 07:00:00+00:00,2007-04-16 07:00:00+00:00,docevent,2007
/api/v1/doc/document/rfc5017/,5017,rfc5017,MIB Textual Conventions for Uniform Resource Identifiers (URIs),2007-09-15 00:24:26+00:00,/api/v1/doc/document/draft-mcwalter-uri-mib/,/api/v1/doc/document/draft-mcwalter-uri-mib/,0,draft-mcwalter-uri-mib,04,2015-10-14 20:51:41+00:00,,2006-11-14 08:00:00+00:00,2006-11-14 08:00:00+00:00,docevent,2007
/api/v1/doc/document/rfc4994/,4994,rfc4994,DHCPv6 Relay Agent Echo Request Option,2007-09-20 15:53:46+00:00,/api/v1/doc/document/draft-ietf-dhc-dhcpv6-ero/,/api/v1/doc/document/draft-szeng-dhc-dhcpv6-ero/,1,draft-szeng-dhc-dhcpv6-ero,02,2007-03-08 08:00:00+00:00,,2006-04-26 07:00:00+00:00,2006-04-26 07:00:00+00:00,docevent,2007
/api/v1/doc/document/rfc4994/,4994,rfc4994,DHCPv6 Relay Agent Echo Request Option,2007-09-20 15:53:46+00:00,/api/v1/doc/document/draft-ietf-dhc-dhcpv6-ero/,/api/v1/doc/document/draft-ietf-dhc-dhcpv6-ero/,0,draft-ietf-dhc-dhcpv6-ero,01,2015-10-14 20:51:30+00:00,,2006-10-25 07:00:00+00:00,2006-10-25 07:00:00+00:00,docevent,2007
/api/v1/doc/document/rfc5014/,5014,rfc5014,IPv6 Socket API for Source Address Selection,2007-09-20 15:54:03+00:00,/api/v1/doc/document/draft-chakrabarti-ipv6-addrselect-api/,/api/v1/doc/document/draft-chakrabarti-ipv6-addrselect-api/,0,draft-chakrabarti-ipv6-addrselect-api,07,2015-10-14 20:50:43+00:00,,2003-02-24 08:00:00+00:00,2003-02-24 08:00:00+00:00,docevent,2007
/api/v1/doc/document/rfc5029/,5029,rfc5029,Definition of an IS-IS Link Attribute Sub-TLV,2007-09-20 15:54:14+00:00,/api/v1/doc/document/draft-ietf-isis-link-attr/,/api/v1/doc/document/draft-ietf-isis-link-attr/,0,draft-ietf-isis-link-attr,03,2015-10-14 20:51:12+00:00,,2005-01-14 08:00:00+00:00,2005-01-14 08:00:00+00:00,docevent,2007
/api/v1/doc/document/rfc4959/,4959,rfc4959,IMAP Extension for Simple Authentication and Security Layer (SASL) Initial Client Response,2007-09-21 22:21:03+00:00,/api/v1/doc/document/draft-siemborski-imap-sasl-initial-response/,/api/v1/doc/document/draft-siemborski-imap-sasl-initial-response/,0,draft-siemborski-imap-sasl-initial-response,06,2020-01-21 08:28:17+00:00,,2003-10-10 07:00:00+00:00,2003-10-10 07:00:00+00:00,docevent,2007
/api/v1/doc/document/rfc4965/,4965,rfc4965,CableLabs - IETF Standardization Collaboration,2007-09-21 22:21:15+00:00,/api/v1/doc/document/draft-mule-ietf-cablelabs-collaboration/,/api/v1/doc/document/draft-mule-ietf-cablelabs-collaboration/,0,draft-mule-ietf-cablelabs-collaboration,03,2013-03-02 16:59:09+00:00,,2005-10-27 07:00:00+00:00,2005-10-27 07:00:00+00:00,docevent,2007
/api/v1/doc/document/rfc5061/,5061,rfc5061,Stream Control Transmission Protocol (SCTP) Dynamic Address Reconfiguration,2007-09-21 22:21:56+00:00,/api/v1/doc/document/draft-ietf-tsvwg-addip-sctp/,/api/v1/doc/document/draft-ietf-tsvwg-addip-sctp/,0,draft-ietf-tsvwg-addip-sctp,22,2015-10-14 20:50:14+00:00,,2001-05-11 07:00:00+00:00,2001-05-11 07:00:00+00:00,docevent,2007
/api/v1/doc/document/rfc5062/,5062,rfc5062,Security Attacks Found Against the Stream Control Transmission Protocol (SCTP) and Current Countermeasures,2007-09-21 22:22:05+00:00,/api/v1/doc/document/draft-ietf-tsvwg-sctpthreat/,/api/v1/doc/document/draft-stewart-tsvwg-sctpthreat/,1,draft-stewart-tsvwg-sctpthreat,04,2006-01-20 08:00:00+00:00,,2004-06-25 07:00:00+00:00,2004-06-25 07:00:00+00:00,docevent,2007
/api/v1/doc/document/rfc5062/,5062,rfc5062,Security Attacks Found Against the Stream Control Transmission Protocol (SCTP) and Current Countermeasures,2007-09-21 22:22:05+00:00,/api/v1/doc/document/draft-ietf-tsvwg-sctpthreat/,/api/v1/doc/document/draft-ietf-tsvwg-sctpthreat/,0,draft-ietf-tsvwg-sctpthreat,05,2015-10-14 20:51:03+00:00,,2006-01-20 08:00:00+00:00,2006-01-20 08:00:00+00:00,docevent,2007
/api/v1/doc/document/rfc4960/,4960,rfc4960,Stream Control Transmission Protocol,2007-09-21 22:22:17+00:00,/api/v1/doc/document/draft-ietf-tsvwg-2960bis/,/api/v1/doc/document/draft-ietf-tsvwg-rfc2960-bis/,1,draft-ietf-tsvwg-rfc2960-bis,00,2007-07-05 07:00:00+00:00,,2001-05-16 07:00:00+00:00,2001-05-16 07:00:00+00:00,docevent,2007
/api/v1/doc/document/rfc4960/,4960,rfc4960,Stream Control Transmission Protocol,2007-09-21 22:22:17+00:00,/api/v1/doc/document/draft-ietf-tsvwg-2960bis/,/api/v1/doc/document/draft-ietf-tsvwg-2960bis/,0,draft-ietf-tsvwg-2960bis,05,2020-01-21 08:28:17+00:00,,2006-02-17 08:00:00+00:00,2006-02-17 08:00:00+00:00,docevent,2007
/api/v1/doc/document/rfc5006/,5006,rfc5006,IPv6 Router Advertisement Option for DNS Configuration,2007-09-24 22:32:35+00:00,/api/v1/doc/document/draft-jeong-dnsop-ipv6-dns-discovery/,/api/v1/doc/document/draft-jeong-dnsop-ipv6-dns-discovery/,0,draft-jeong-dnsop-ipv6-dns-discovery,12,2013-03-02 16:59:23+00:00,,2003-07-31 07:00:00+00:00,2003-07-31 07:00:00+00:00,docevent,2007
/api/v1/doc/document/rfc4861/,4861,rfc4861,Neighbor Discovery for IP version 6 (IPv6),2007-09-24 22:32:48+00:00,/api/v1/doc/document/draft-ietf-ipv6-2461bis/,/api/v1/doc/document/draft-ietf-ipv6-2461bis/,0,draft-ietf-ipv6-2461bis,11,2020-01-21 08:27:59+00:00,,2004-07-16 07:00:00+00:00,2004-07-16 07:00:00+00:00,docevent,2007
/api/v1/doc/document/rfc4862/,4862,rfc4862,IPv6 Stateless Address Autoconfiguration,2007-09-24 22:32:57+00:00,/api/v1/doc/document/draft-ietf-ipv6-rfc2462bis/,/api/v1/doc/document/draft-ietf-ipv6-rfc2462bis/,0,draft-ietf-ipv6-rfc2462bis,08,2015-10-14 20:51:00+00:00,,2004-02-10 08:00:00+00:00,2004-02-10 08:00:00+00:00,docevent,2007
/api/v1/doc/document/rfc4941/,4941,rfc4941,Privacy Extensions for Stateless Address Autoconfiguration in IPv6,2007-09-24 22:33:09+00:00,/api/v1/doc/document/draft-ietf-ipv6-privacy-addrs-v2/,/api/v1/doc/document/draft-ietf-ipv6-privacy-addrs-v2/,0,draft-ietf-ipv6-privacy-addrs-v2,05,2020-01-21 08:28:14+00:00,,2004-09-22 07:00:00+00:00,2004-09-22 07:00:00+00:00,docevent,2007
/api/v1/doc/document/rfc4942/,4942,rfc4942,IPv6 Transition/Co-existence Security Considerations,2007-09-24 22:33:17+00:00,/api/v1/doc/document/draft-ietf-v6ops-security-overview/,/api/v1/doc/document/draft-savola-v6ops-security-overview/,1,draft-savola-v6ops-security-overview,03,2004-10-27 07:00:00+00:00,,2003-06-20 07:00:00+00:00,2003-06-20 07:00:00+00:00,docevent,2007
/api/v1/doc/document/rfc4942/,4942,rfc4942,IPv6 Transition/Co-existence Security Considerations,2007-09-24 22:33:17+00:00,/api/v1/doc/document/draft-ietf-v6ops-security-overview/,/api/v1/doc/document/draft-ietf-v6ops-security-overview/,0,draft-ietf-v6ops-security-overview,06,2018-12-20 08:21:55+00:00,,2005-05-13 07:00:00+00:00,2005-05-13 07:00:00+00:00,docevent,2007
/api/v1/doc/document/rfc4943/,4943,rfc4943,IPv6 Neighbor Discovery On-Link Assumption Considered Harmful,2007-09-24 22:33:26+00:00,/api/v1/doc/document/draft-ietf-v6ops-onlinkassumption/,/api/v1/doc/document/draft-ietf-v6ops-onlinkassumption/,0,draft-ietf-v6ops-onlinkassumption,04,2015-10-14 20:50:53+00:00,,2003-10-22 07:00:00+00:00,2003-10-22 07:00:00+00:00,docevent,2007
/api/v1/doc/document/rfc5018/,5018,rfc5018,Connection Establishment in the Binary Floor Control Protocol (BFCP),2007-09-24 22:33:36+00:00,/api/v1/doc/document/draft-ietf-xcon-bfcp-connection/,/api/v1/doc/document/draft-ietf-xcon-bfcp-connection/,0,draft-ietf-xcon-bfcp-connection,05,2015-10-14 20:51:25+00:00,,2005-12-16 08:00:00+00:00,2005-12-16 08:00:00+00:00,docevent,2007
/api/v1/doc/document/rfc5072/,5072,rfc5072,IP Version 6 over PPP,2007-09-24 22:33:47+00:00,/api/v1/doc/document/draft-ietf-ipv6-over-ppp-v2/,/api/v1/doc/document/draft-ietf-ipv6-over-ppp-v2/,0,draft-ietf-ipv6-over-ppp-v2,03,2018-12-20 08:22:11+00:00,,2004-06-03 07:00:00+00:00,2004-06-03 07:00:00+00:00,docevent,2007
/api/v1/doc/document/rfc5019/,5019,rfc5019,The Lightweight Online Certificate Status Protocol (OCSP) Profile for High-Volume Environments,2007-09-24 22:33:59+00:00,/api/v1/doc/document/draft-ietf-pkix-lightweight-ocsp-profile/,/api/v1/doc/document/draft-ietf-pkix-lightweight-ocsp-profile/,0,draft-ietf-pkix-lightweight-ocsp-profile,11,2020-01-21 08:28:26+00:00,,2004-10-01 07:00:00+00:00,2004-10-01 07:00:00+00:00,docevent,2007
/api/v1/doc/document/rfc4975/,4975,rfc4975,The Message Session Relay Protocol (MSRP),2007-09-25 22:32:22+00:00,/api/v1/doc/document/draft-ietf-simple-message-sessions/,/api/v1/doc/document/draft-ietf-simple-message-sessions/,0,draft-ietf-simple-message-sessions,19,2020-01-21 08:28:19+00:00,,2003-05-23 07:00:00+00:00,2003-05-23 07:00:00+00:00,docevent,2007
/api/v1/doc/document/rfc4976/,4976,rfc4976,Relay Extensions for the Message Sessions Relay Protocol (MSRP),2007-09-25 22:32:32+00:00,/api/v1/doc/document/draft-ietf-simple-msrp-relays/,/api/v1/doc/document/draft-ietf-simple-msrp-relays/,0,draft-ietf-simple-msrp-relays,10,2020-01-21 08:28:20+00:00,,2004-05-18 07:00:00+00:00,2004-05-18 07:00:00+00:00,docevent,2007
/api/v1/doc/document/rfc5009/,5009,rfc5009,Private Header (P-Header) Extension to the Session Initiation Protocol (SIP) for Authorization of Early Media,2007-09-25 22:32:43+00:00,/api/v1/doc/document/draft-ejzak-sipping-p-em-auth/,/api/v1/doc/document/draft-ejzak-sipping-p-em-auth/,0,draft-ejzak-sipping-p-em-auth,04,2015-10-14 20:51:26+00:00,,2006-02-16 08:00:00+00:00,2006-02-16 08:00:00+00:00,docevent,2007
/api/v1/doc/document/rfc4944/,4944,rfc4944,Transmission of IPv6 Packets over IEEE 802.15.4 Networks,2007-09-25 22:32:57+00:00,/api/v1/doc/document/draft-ietf-6lowpan-format/,/api/v1/doc/document/draft-ietf-6lowpan-format/,0,draft-ietf-6lowpan-format,13,2020-01-21 08:28:15+00:00,,2005-07-13 07:00:00+00:00,2005-07-13 07:00:00+00:00,docevent,2007
/api/v1/doc/document/rfc4984/,4984,rfc4984,Report from the IAB Workshop on Routing and Addressing,2007-09-27 22:33:55+00:00,/api/v1/doc/document/draft-iab-raws-report/,/api/v1/doc/document/draft-iab-raws-report/,0,draft-iab-raws-report,02,2020-01-21 08:28:20+00:00,,2006-12-15 08:00:00+00:00,2006-12-15 08:00:00+00:00,docevent,2007
/api/v1/doc/document/rfc5023/,5023,rfc5023,The Atom Publishing Protocol,2007-10-09 01:09:21+00:00,/api/v1/doc/document/draft-ietf-atompub-protocol/,/api/v1/doc/document/draft-ietf-atompub-protocol/,0,draft-ietf-atompub-protocol,17,2020-01-21 08:28:27+00:00,,2004-07-09 07:00:00+00:00,2004-07-09 07:00:00+00:00,docevent,2007
/api/v1/doc/document/rfc4980/,4980,rfc4980,Analysis of Multihoming in Network Mobility Support,2007-10-09 01:09:33+00:00,/api/v1/doc/document/draft-ietf-nemo-multihoming-issues/,/api/v1/doc/document/draft-ietf-nemo-multihoming-issues/,0,draft-ietf-nemo-multihoming-issues,07,2015-10-14 20:51:05+00:00,,2004-07-13 07:00:00+00:00,2004-07-13 07:00:00+00:00,docevent,2007
/api/v1/doc/document/rfc5036/,5036,rfc5036,LDP Specification,2007-10-12 19:36:54+00:00,/api/v1/doc/document/draft-ietf-mpls-rfc3036bis/,/api/v1/doc/document/draft-ietf-mpls-rfc3036bis/,0,draft-ietf-mpls-rfc3036bis,04,2020-01-21 08:28:28+00:00,,2004-10-12 07:00:00+00:00,2004-10-12 07:00:00+00:00,docevent,2007
/api/v1/doc/document/rfc5037/,5037,rfc5037,Experience with the Label Distribution Protocol (LDP),2007-10-12 19:37:05+00:00,/api/v1/doc/document/draft-ietf-mpls-ldp-experience/,/api/v1/doc/document/draft-ietf-mpls-ldp-experience/,0,draft-ietf-mpls-ldp-experience,00,2015-10-14 20:51:21+00:00,,2005-09-19 07:00:00+00:00,2005-09-19 07:00:00+00:00,docevent,2007
/api/v1/doc/document/rfc5038/,5038,rfc5038,The Label Distribution Protocol (LDP) Implementation Survey Results,2007-10-12 19:37:15+00:00,/api/v1/doc/document/draft-ietf-mpls-ldp-survey2002/,/api/v1/doc/document/draft-ietf-mpls-ldp-survey2002/,0,draft-ietf-mpls-ldp-survey2002,00,2015-10-14 20:51:22+00:00,,2005-10-03 07:00:00+00:00,2005-10-03 07:00:00+00:00,docevent,2007
/api/v1/doc/document/rfc5015/,5015,rfc5015,Bidirectional Protocol Independent Multicast (BIDIR-PIM),2007-10-17 01:06:21+00:00,/api/v1/doc/document/draft-ietf-pim-bidir/,/api/v1/doc/document/draft-ietf-pim-bidir/,0,draft-ietf-pim-bidir,09,2020-01-21 08:28:25+00:00,,2000-03-09 08:00:00+00:00,2000-03-09 08:00:00+00:00,docevent,2007
/api/v1/doc/document/rfc5016/,5016,rfc5016,Requirements for a DomainKeys Identified Mail (DKIM) Signing Practices Protocol,2007-10-17 01:06:30+00:00,/api/v1/doc/document/draft-ietf-dkim-ssp-requirements/,/api/v1/doc/document/draft-ietf-dkim-ssp-requirements/,0,draft-ietf-dkim-ssp-requirements,05,2015-10-14 20:51:34+00:00,,2006-08-10 07:00:00+00:00,2006-08-10 07:00:00+00:00,docevent,2007
/api/v1/doc/document/rfc5027/,5027,rfc5027,Security Preconditions for Session Description Protocol (SDP) Media Streams,2007-10-17 01:06:44+00:00,/api/v1/doc/document/draft-ietf-mmusic-securityprecondition/,/api/v1/doc/document/draft-andreasen-mmusic-securityprecondition/,1,draft-andreasen-mmusic-securityprecondition,02,2008-04-16 07:00:00+00:00,,2003-10-21 07:00:00+00:00,2003-10-21 07:00:00+00:00,docevent,2007
/api/v1/doc/document/rfc5027/,5027,rfc5027,Security Preconditions for Session Description Protocol (SDP) Media Streams,2007-10-17 01:06:44+00:00,/api/v1/doc/document/draft-ietf-mmusic-securityprecondition/,/api/v1/doc/document/draft-ietf-mmusic-securityprecondition/,0,draft-ietf-mmusic-securityprecondition,04,2015-10-14 20:50:52+00:00,,2005-02-16 08:00:00+00:00,2005-02-16 08:00:00+00:00,docevent,2007
/api/v1/doc/document/rfc5063/,5063,rfc5063,Extensions to GMPLS Resource Reservation Protocol (RSVP) Graceful Restart,2007-10-17 01:06:53+00:00,/api/v1/doc/document/draft-ietf-ccamp-rsvp-restart-ext/,/api/v1/doc/document/draft-aruns-ccamp-rsvp-restart-ext/,1,draft-aruns-ccamp-rsvp-restart-ext,01,2008-04-16 07:00:00+00:00,,2004-02-10 08:00:00+00:00,2004-02-10 08:00:00+00:00,docevent,2007
/api/v1/doc/document/rfc5063/,5063,rfc5063,Extensions to GMPLS Resource Reservation Protocol (RSVP) Graceful Restart,2007-10-17 01:06:53+00:00,/api/v1/doc/document/draft-ietf-ccamp-rsvp-restart-ext/,/api/v1/doc/document/draft-ietf-ccamp-rsvp-restart-ext/,0,draft-ietf-ccamp-rsvp-restart-ext,09,2018-12-20 08:22:09+00:00,,2004-10-11 07:00:00+00:00,2004-10-11 07:00:00+00:00,docevent,2007
/api/v1/doc/document/rfc5078/,5078,rfc5078,"IAB and IESG Selection, Confirmation, and Recall Process: Revision of the Nominating and Recall Committees Timeline",2007-10-17 01:07:02+00:00,/api/v1/doc/document/draft-dawkins-nomcom-start-earlier/,/api/v1/doc/document/draft-dawkins-nomcom-start-earlier/,0,draft-dawkins-nomcom-start-earlier,02,2015-10-14 20:51:46+00:00,,2007-05-22 07:00:00+00:00,2007-05-22 07:00:00+00:00,docevent,2007
/api/v1/doc/document/rfc5028/,5028,rfc5028,A Telephone Number Mapping (ENUM) Service Registration for Instant Messaging (IM) Services,2007-10-18 17:12:04+00:00,/api/v1/doc/document/draft-ietf-enum-im-service/,/api/v1/doc/document/draft-mahy-enum-im-service/,1,draft-mahy-enum-im-service,00,2015-10-14 20:51:27+00:00,,2006-02-22 08:00:00+00:00,2006-02-22 08:00:00+00:00,docevent,2007
/api/v1/doc/document/rfc5028/,5028,rfc5028,A Telephone Number Mapping (ENUM) Service Registration for Instant Messaging (IM) Services,2007-10-18 17:12:04+00:00,/api/v1/doc/document/draft-ietf-enum-im-service/,/api/v1/doc/document/draft-ietf-enum-im-service/,0,draft-ietf-enum-im-service,03,2015-10-14 20:51:27+00:00,,2006-03-23 08:00:00+00:00,2006-03-23 08:00:00+00:00,docevent,2007
/api/v1/doc/document/rfc5053/,5053,rfc5053,Raptor Forward Error Correction Scheme for Object Delivery,2007-10-23 18:27:37+00:00,/api/v1/doc/document/draft-ietf-rmt-bb-fec-raptor-object/,/api/v1/doc/document/draft-ietf-rmt-bb-fec-raptor-object/,0,draft-ietf-rmt-bb-fec-raptor-object,09,2018-12-20 08:22:07+00:00,,2005-02-15 08:00:00+00:00,2005-02-15 08:00:00+00:00,docevent,2007
/api/v1/doc/document/rfc5051/,5051,rfc5051,i;unicode-casemap - Simple Unicode Collation Algorithm,2007-10-24 00:20:02+00:00,/api/v1/doc/document/draft-crispin-collation-unicasemap/,/api/v1/doc/document/draft-crispin-collation-unicasemap/,0,draft-crispin-collation-unicasemap,07,2015-10-14 20:51:42+00:00,,2006-12-06 08:00:00+00:00,2006-12-06 08:00:00+00:00,docevent,2007
/api/v1/doc/document/rfc5030/,5030,rfc5030,Mobile IPv4 RADIUS Requirements,2007-10-26 00:07:01+00:00,/api/v1/doc/document/draft-ietf-mip4-radius-requirements/,/api/v1/doc/document/draft-ietf-mip4-radius-requirements/,0,draft-ietf-mip4-radius-requirements,04,2015-10-14 20:51:26+00:00,,2006-02-13 08:00:00+00:00,2006-02-13 08:00:00+00:00,docevent,2007
/api/v1/doc/document/rfc5026/,5026,rfc5026,Mobile IPv6 Bootstrapping in Split Scenario,2007-10-31 22:52:27+00:00,/api/v1/doc/document/draft-ietf-mip6-bootstrapping-split/,/api/v1/doc/document/draft-ietf-mip6-bootstrapping-split/,0,draft-ietf-mip6-bootstrapping-split,07,2015-10-14 20:51:18+00:00,,2005-06-28 07:00:00+00:00,2005-06-28 07:00:00+00:00,docevent,2007
/api/v1/doc/document/rfc4988/,4988,rfc4988,Mobile IPv4 Fast Handovers,2007-10-31 22:52:44+00:00,/api/v1/doc/document/draft-ietf-mip4-fmipv4/,/api/v1/doc/document/draft-ietf-mip4-fmipv4/,0,draft-ietf-mip4-fmipv4,07,2015-10-14 20:51:27+00:00,,2006-02-27 08:00:00+00:00,2006-02-27 08:00:00+00:00,docevent,2007
/api/v1/doc/document/rfc5040/,5040,rfc5040,A Remote Direct Memory Access Protocol Specification,2007-10-31 22:53:25+00:00,/api/v1/doc/document/draft-ietf-rddp-rdmap/,/api/v1/doc/document/draft-ietf-rddp-rdmap/,0,draft-ietf-rddp-rdmap,07,2015-10-14 20:50:42+00:00,,2003-02-19 08:00:00+00:00,2003-02-19 08:00:00+00:00,docevent,2007
/api/v1/doc/document/rfc5041/,5041,rfc5041,Direct Data Placement over Reliable Transports,2007-10-31 22:53:31+00:00,/api/v1/doc/document/draft-ietf-rddp-ddp/,/api/v1/doc/document/draft-ietf-rddp-ddp/,0,draft-ietf-rddp-ddp,07,2015-10-14 20:50:43+00:00,,2003-02-24 08:00:00+00:00,2003-02-24 08:00:00+00:00,docevent,2007
/api/v1/doc/document/rfc5042/,5042,rfc5042,Direct Data Placement Protocol (DDP) / Remote Direct Memory Access Protocol (RDMAP) Security,2007-10-31 22:53:41+00:00,/api/v1/doc/document/draft-ietf-rddp-security/,/api/v1/doc/document/draft-ietf-rddp-security/,0,draft-ietf-rddp-security,10,2013-03-02 16:59:25+00:00,,2003-10-22 07:00:00+00:00,2003-10-22 07:00:00+00:00,docevent,2007
/api/v1/doc/document/rfc5043/,5043,rfc5043,Stream Control Transmission Protocol (SCTP) Direct Data Placement (DDP) Adaptation,2007-10-31 22:53:48+00:00,/api/v1/doc/document/draft-ietf-rddp-sctp/,/api/v1/doc/document/draft-ietf-rddp-sctp/,0,draft-ietf-rddp-sctp,07,2015-10-14 20:50:50+00:00,,2003-09-15 07:00:00+00:00,2003-09-15 07:00:00+00:00,docevent,2007
/api/v1/doc/document/rfc5044/,5044,rfc5044,Marker PDU Aligned Framing for TCP Specification,2007-10-31 22:53:57+00:00,/api/v1/doc/document/draft-ietf-rddp-mpa/,/api/v1/doc/document/draft-ietf-rddp-mpa/,0,draft-ietf-rddp-mpa,08,2020-01-21 08:28:29+00:00,,2003-10-09 07:00:00+00:00,2003-10-09 07:00:00+00:00,docevent,2007
/api/v1/doc/document/rfc5045/,5045,rfc5045,Applicability of Remote Direct Memory Access Protocol (RDMA) and Direct Data Placement (DDP),2007-10-31 22:54:05+00:00,/api/v1/doc/document/draft-ietf-rddp-applicability/,/api/v1/doc/document/draft-bestler-rddp-applicability/,1,draft-bestler-rddp-applicability,00,2007-06-28 07:00:00+00:00,,2003-02-24 08:00:00+00:00,2003-02-24 08:00:00+00:00,docevent,2007
/api/v1/doc/document/rfc5045/,5045,rfc5045,Applicability of Remote Direct Memory Access Protocol (RDMA) and Direct Data Placement (DDP),2007-10-31 22:54:05+00:00,/api/v1/doc/document/draft-ietf-rddp-applicability/,/api/v1/doc/document/draft-ietf-rddp-applicability/,0,draft-ietf-rddp-applicability,08,2013-03-02 16:59:26+00:00,,2003-06-12 07:00:00+00:00,2003-06-12 07:00:00+00:00,docevent,2007
/api/v1/doc/document/rfc5046/,5046,rfc5046,Internet Small Computer System Interface (iSCSI) Extensions for Remote Direct Memory Access (RDMA),2007-10-31 22:54:23+00:00,/api/v1/doc/document/draft-ietf-ips-iser/,/api/v1/doc/document/draft-ko-iwarp-iser/,1,draft-ko-iwarp-iser,02,2004-12-02 08:00:00+00:00,,2003-07-23 07:00:00+00:00,2003-07-23 07:00:00+00:00,docevent,2007
/api/v1/doc/document/rfc5046/,5046,rfc5046,Internet Small Computer System Interface (iSCSI) Extensions for Remote Direct Memory Access (RDMA),2007-10-31 22:54:23+00:00,/api/v1/doc/document/draft-ietf-ips-iser/,/api/v1/doc/document/draft-ietf-ips-iser/,0,draft-ietf-ips-iser,06,2015-10-14 20:50:49+00:00,,2004-09-14 07:00:00+00:00,2004-09-14 07:00:00+00:00,docevent,2007
/api/v1/doc/document/rfc5047/,5047,rfc5047,DA: Datamover Architecture for the Internet Small Computer System Interface (iSCSI),2007-10-31 22:54:33+00:00,/api/v1/doc/document/draft-ietf-ips-iwarp-da/,/api/v1/doc/document/draft-ietf-ips-iwarp-da/,0,draft-ietf-ips-iwarp-da,05,2015-10-14 20:51:07+00:00,,2004-09-10 07:00:00+00:00,2004-09-10 07:00:00+00:00,docevent,2007
/api/v1/doc/document/rfc5048/,5048,rfc5048,Internet Small Computer System Interface (iSCSI) Corrections and Clarifications,2007-10-31 22:54:40+00:00,/api/v1/doc/document/draft-ietf-ips-iscsi-impl-guide/,/api/v1/doc/document/draft-ietf-ips-iscsi-impl-guide/,0,draft-ietf-ips-iscsi-impl-guide,09,2015-10-14 20:51:19+00:00,,2005-07-12 07:00:00+00:00,2005-07-12 07:00:00+00:00,docevent,2007
/api/v1/doc/document/rfc4880/,4880,rfc4880,OpenPGP Message Format,2007-11-03 01:29:56+00:00,/api/v1/doc/document/draft-ietf-openpgp-rfc2440bis/,/api/v1/doc/document/draft-ietf-openpgp-rfc2440bis/,0,draft-ietf-openpgp-rfc2440bis,22,2020-01-21 08:28:05+00:00,,1999-12-21 08:00:00+00:00,1999-12-21 08:00:00+00:00,docevent,2007
/api/v1/doc/document/rfc5081/,5081,rfc5081,Using OpenPGP Keys for Transport Layer Security (TLS) Authentication,2007-11-03 01:29:58+00:00,/api/v1/doc/document/draft-ietf-tls-openpgp-keys/,/api/v1/doc/document/draft-ietf-tls-openpgp-keys/,0,draft-ietf-tls-openpgp-keys,11,2015-10-14 20:50:26+00:00,,2002-01-22 08:00:00+00:00,2002-01-22 08:00:00+00:00,docevent,2007
/api/v1/doc/document/rfc5024/,5024,rfc5024,ODETTE File Transfer Protocol 2.0,2007-11-07 01:44:45+00:00,/api/v1/doc/document/draft-friend-oftp2/,/api/v1/doc/document/draft-friend-oftp2/,0,draft-friend-oftp2,04,2018-12-20 08:22:05+00:00,,2006-04-26 07:00:00+00:00,2006-04-26 07:00:00+00:00,docevent,2007
/api/v1/doc/document/rfc5057/,5057,rfc5057,Multiple Dialog Usages in the Session Initiation Protocol,2007-11-07 01:44:56+00:00,/api/v1/doc/document/draft-ietf-sipping-dialogusage/,/api/v1/doc/document/draft-ietf-sipping-dialogusage/,0,draft-ietf-sipping-dialogusage,06,2018-12-20 08:22:08+00:00,,2005-11-28 08:00:00+00:00,2005-11-28 08:00:00+00:00,docevent,2007
/api/v1/doc/document/rfc5068/,5068,rfc5068,Email Submission Operations: Access and Accountability Requirements,2007-11-08 01:31:10+00:00,/api/v1/doc/document/draft-hutzler-spamops/,/api/v1/doc/document/draft-hutzler-spamops/,0,draft-hutzler-spamops,08,2018-12-20 08:22:10+00:00,,2004-03-31 08:00:00+00:00,2004-03-31 08:00:00+00:00,docevent,2007
/api/v1/doc/document/rfc5074/,5074,rfc5074,DNSSEC Lookaside Validation (DLV),2007-11-14 00:43:44+00:00,/api/v1/doc/document/draft-weiler-dnssec-dlv/,/api/v1/doc/document/draft-weiler-dnssec-dlv/,0,draft-weiler-dnssec-dlv,04,2020-03-26 07:29:17+00:00,,2006-02-28 08:00:00+00:00,2006-02-28 08:00:00+00:00,docevent,2007
/api/v1/doc/document/rfc5050/,5050,rfc5050,Bundle Protocol Specification,2007-11-17 03:10:02+00:00,/api/v1/doc/document/draft-irtf-dtnrg-bundle-spec/,/api/v1/doc/document/draft-irtf-dtnrg-bundle-spec/,0,draft-irtf-dtnrg-bundle-spec,10,2020-01-21 08:28:29+00:00,,2003-03-24 08:00:00+00:00,2003-03-24 08:00:00+00:00,docevent,2007
/api/v1/doc/document/rfc5056/,5056,rfc5056,On the Use of Channel Bindings to Secure Channels,2007-11-17 03:10:11+00:00,/api/v1/doc/document/draft-williams-on-channel-binding/,/api/v1/doc/document/draft-ietf-nfsv4-channel-bindings/,1,draft-ietf-nfsv4-channel-bindings,04,2006-08-15 07:00:00+00:00,,2003-10-23 07:00:00+00:00,2003-10-23 07:00:00+00:00,docevent,2007
/api/v1/doc/document/rfc5058/,5058,rfc5058,Explicit Multicast (Xcast) Concepts and Options,2007-11-20 01:49:09+00:00,/api/v1/doc/document/draft-ooms-xcast-basic-spec/,/api/v1/doc/document/draft-ooms-xcast-basic-spec/,0,draft-ooms-xcast-basic-spec,13,2020-01-21 08:28:30+00:00,,2001-01-04 08:00:00+00:00,2001-01-04 08:00:00+00:00,docevent,2007
/api/v1/doc/document/rfc5067/,5067,rfc5067,Infrastructure ENUM Requirements,2007-11-20 01:49:20+00:00,/api/v1/doc/document/draft-ietf-enum-infrastructure-enum-reqs/,/api/v1/doc/document/draft-lind-infrastructure-enum-reqs/,1,draft-lind-infrastructure-enum-reqs,01,2010-04-26 07:00:00+00:00,,2005-07-15 07:00:00+00:00,2005-07-15 07:00:00+00:00,docevent,2007
/api/v1/doc/document/rfc5067/,5067,rfc5067,Infrastructure ENUM Requirements,2007-11-20 01:49:20+00:00,/api/v1/doc/document/draft-ietf-enum-infrastructure-enum-reqs/,/api/v1/doc/document/draft-ietf-enum-infrastructure-enum-reqs/,0,draft-ietf-enum-infrastructure-enum-reqs,04,2015-10-14 20:51:20+00:00,,2006-03-07 08:00:00+00:00,2006-03-07 08:00:00+00:00,docevent,2007
/api/v1/doc/document/rfc5075/,5075,rfc5075,IPv6 Router Advertisement Flags Option,2007-11-20 01:49:28+00:00,/api/v1/doc/document/draft-ietf-ipv6-ra-flags-option/,/api/v1/doc/document/draft-haberman-ipv6-ra-flags-option/,1,draft-haberman-ipv6-ra-flags-option,01,2007-04-18 07:00:00+00:00,,2006-08-01 07:00:00+00:00,2006-08-01 07:00:00+00:00,docevent,2007
/api/v1/doc/document/rfc5075/,5075,rfc5075,IPv6 Router Advertisement Flags Option,2007-11-20 01:49:28+00:00,/api/v1/doc/document/draft-ietf-ipv6-ra-flags-option/,/api/v1/doc/document/draft-ietf-ipv6-ra-flags-option/,0,draft-ietf-ipv6-ra-flags-option,02,2020-01-21 08:28:33+00:00,,2007-06-05 07:00:00+00:00,2007-06-05 07:00:00+00:00,docevent,2007
/api/v1/doc/document/rfc5054/,5054,rfc5054,Using the Secure Remote Password (SRP) Protocol for TLS Authentication,2007-11-21 00:43:24+00:00,/api/v1/doc/document/draft-ietf-tls-srp/,/api/v1/doc/document/draft-ietf-tls-srp/,0,draft-ietf-tls-srp,14,2023-10-11 07:15:34+00:00,,2001-03-08 08:00:00+00:00,2001-03-08 08:00:00+00:00,docevent,2007
/api/v1/doc/document/rfc5066/,5066,rfc5066,Ethernet in the First Mile Copper (EFMCu) Interfaces MIB,2007-11-21 00:43:34+00:00,/api/v1/doc/document/draft-ietf-hubmib-efm-cu-mib/,/api/v1/doc/document/draft-beili-hubmib-efm-cu-mib/,1,draft-beili-hubmib-efm-cu-mib,00,2008-04-16 07:00:00+00:00,,2003-10-22 07:00:00+00:00,2003-10-22 07:00:00+00:00,docevent,2007
/api/v1/doc/document/rfc5066/,5066,rfc5066,Ethernet in the First Mile Copper (EFMCu) Interfaces MIB,2007-11-21 00:43:34+00:00,/api/v1/doc/document/draft-ietf-hubmib-efm-cu-mib/,/api/v1/doc/document/draft-ietf-hubmib-efm-cu-mib/,0,draft-ietf-hubmib-efm-cu-mib,08,2015-10-14 20:50:53+00:00,,2004-01-14 08:00:00+00:00,2004-01-14 08:00:00+00:00,docevent,2007
/api/v1/doc/document/rfc5055/,5055,rfc5055,Server-Based Certificate Validation Protocol (SCVP),2007-12-12 23:04:39+00:00,/api/v1/doc/document/draft-ietf-pkix-scvp/,/api/v1/doc/document/draft-ietf-pkix-scvp/,0,draft-ietf-pkix-scvp,33,2015-10-14 20:49:56+00:00,,1999-06-25 07:00:00+00:00,1999-06-25 07:00:00+00:00,docevent,2007
/api/v1/doc/document/rfc5071/,5071,rfc5071,Dynamic Host Configuration Protocol Options Used by PXELINUX,2007-12-12 23:04:45+00:00,/api/v1/doc/document/draft-ietf-dhc-pxelinux/,/api/v1/doc/document/draft-ietf-dhc-pxelinux/,0,draft-ietf-dhc-pxelinux,03,2015-10-14 20:51:34+00:00,,2006-08-15 07:00:00+00:00,2006-08-15 07:00:00+00:00,docevent,2007
/api/v1/doc/document/rfc5073/,5073,rfc5073,IGP Routing Protocol Extensions for Discovery of Traffic Engineering Node Capabilities,2007-12-12 23:05:01+00:00,/api/v1/doc/document/draft-ietf-ccamp-te-node-cap/,/api/v1/doc/document/draft-vasseur-ccamp-te-node-cap/,1,draft-vasseur-ccamp-te-node-cap,01,2011-01-10 08:00:00+00:00,,2005-02-14 08:00:00+00:00,2005-02-14 08:00:00+00:00,docevent,2007
/api/v1/doc/document/rfc5073/,5073,rfc5073,IGP Routing Protocol Extensions for Discovery of Traffic Engineering Node Capabilities,2007-12-12 23:05:01+00:00,/api/v1/doc/document/draft-ietf-ccamp-te-node-cap/,/api/v1/doc/document/draft-ietf-ccamp-te-node-cap/,0,draft-ietf-ccamp-te-node-cap,05,2015-10-14 20:51:14+00:00,,2005-11-30 08:00:00+00:00,2005-11-30 08:00:00+00:00,docevent,2007
/api/v1/doc/document/rfc5076/,5076,rfc5076,ENUM Validation Information Mapping for the Extensible Provisioning Protocol,2007-12-12 23:05:12+00:00,/api/v1/doc/document/draft-ietf-enum-validation-epp/,/api/v1/doc/document/draft-hoeneisen-enum-validation-epp/,1,draft-hoeneisen-enum-validation-epp,01,2010-04-09 07:00:00+00:00,,2004-09-30 07:00:00+00:00,2004-09-30 07:00:00+00:00,docevent,2007
/api/v1/doc/document/rfc5076/,5076,rfc5076,ENUM Validation Information Mapping for the Extensible Provisioning Protocol,2007-12-12 23:05:12+00:00,/api/v1/doc/document/draft-ietf-enum-validation-epp/,/api/v1/doc/document/draft-ietf-enum-validation-epp/,0,draft-ietf-enum-validation-epp,06,2015-10-14 20:51:08+00:00,,2005-09-07 07:00:00+00:00,2005-09-07 07:00:00+00:00,docevent,2007
/api/v1/doc/document/rfc5095/,5095,rfc5095,Deprecation of Type 0 Routing Headers in IPv6,2007-12-12 23:06:01+00:00,/api/v1/doc/document/draft-ietf-ipv6-deprecate-rh0/,/api/v1/doc/document/draft-ietf-ipv6-deprecate-rh0/,0,draft-ietf-ipv6-deprecate-rh0,01,2015-10-14 20:51:46+00:00,,2007-05-16 07:00:00+00:00,2007-05-16 07:00:00+00:00,docevent,2007
/api/v1/doc/document/rfc5131/,5131,rfc5131,A MIB Textual Convention for Language Tags,2007-12-18 01:01:25+00:00,/api/v1/doc/document/draft-mcwalter-langtag-mib/,/api/v1/doc/document/draft-mcwalter-langtag-mib/,0,draft-mcwalter-langtag-mib,03,2015-10-14 20:51:41+00:00,,2006-11-14 08:00:00+00:00,2006-11-14 08:00:00+00:00,docevent,2007
/api/v1/doc/document/rfc5132/,5132,rfc5132,IP Multicast MIB,2007-12-18 01:01:41+00:00,/api/v1/doc/document/draft-ietf-mboned-ip-mcast-mib/,/api/v1/doc/document/draft-ietf-mboned-ip-mcast-mib/,0,draft-ietf-mboned-ip-mcast-mib,07,2015-10-14 20:51:29+00:00,,2006-04-04 07:00:00+00:00,2006-04-04 07:00:00+00:00,docevent,2007
/api/v1/doc/document/rfc5109/,5109,rfc5109,RTP Payload Format for Generic Forward Error Correction,2007-12-18 01:02:18+00:00,/api/v1/doc/document/draft-ietf-avt-ulp/,/api/v1/doc/document/draft-li-ulp/,1,draft-li-ulp,00,2009-02-24 08:00:00+00:00,,2000-07-07 07:00:00+00:00,2000-07-07 07:00:00+00:00,docevent,2007
/api/v1/doc/document/rfc5109/,5109,rfc5109,RTP Payload Format for Generic Forward Error Correction,2007-12-18 01:02:18+00:00,/api/v1/doc/document/draft-ietf-avt-ulp/,/api/v1/doc/document/draft-ietf-avt-ulp/,0,draft-ietf-avt-ulp,23,2015-10-14 20:50:02+00:00,,2000-11-15 08:00:00+00:00,2000-11-15 08:00:00+00:00,docevent,2007
/api/v1/doc/document/rfc5070/,5070,rfc5070,The Incident Object Description Exchange Format,2007-12-18 01:02:32+00:00,/api/v1/doc/document/draft-ietf-inch-iodef/,/api/v1/doc/document/draft-ietf-inch-iodef/,0,draft-ietf-inch-iodef,14,2015-10-14 20:50:38+00:00,,2002-10-29 08:00:00+00:00,2002-10-29 08:00:00+00:00,docevent,2007
/api/v1/doc/document/rfc5080/,5080,rfc5080,Common Remote Authentication Dial In User Service (RADIUS) Implementation Issues and Suggested Fixes,2007-12-18 01:02:49+00:00,/api/v1/doc/document/draft-ietf-radext-fixes/,/api/v1/doc/document/draft-aboba-radext-fixes/,1,draft-aboba-radext-fixes,03,2008-04-16 07:00:00+00:00,,2005-07-11 07:00:00+00:00,2005-07-11 07:00:00+00:00,docevent,2007
/api/v1/doc/document/rfc5080/,5080,rfc5080,Common Remote Authentication Dial In User Service (RADIUS) Implementation Issues and Suggested Fixes,2007-12-18 01:02:49+00:00,/api/v1/doc/document/draft-ietf-radext-fixes/,/api/v1/doc/document/draft-ietf-radext-fixes/,0,draft-ietf-radext-fixes,08,2015-10-14 20:51:19+00:00,,2007-01-03 08:00:00+00:00,2007-01-03 08:00:00+00:00,docevent,2007
/api/v1/doc/document/rfc5025/,5025,rfc5025,Presence Authorization Rules,2007-12-18 01:02:59+00:00,/api/v1/doc/document/draft-ietf-simple-presence-rules/,/api/v1/doc/document/draft-ietf-simple-xcap-auth-usage/,1,draft-ietf-simple-xcap-auth-usage,01,2004-07-23 07:00:00+00:00,,2003-06-24 07:00:00+00:00,2003-06-24 07:00:00+00:00,docevent,2007
/api/v1/doc/document/rfc5079/,5079,rfc5079,Rejecting Anonymous Requests in the Session Initiation Protocol (SIP),2007-12-18 01:03:17+00:00,/api/v1/doc/document/draft-ietf-sip-acr-code/,/api/v1/doc/document/draft-rosenberg-sipping-acr-code/,1,draft-rosenberg-sipping-acr-code,00,2006-02-22 08:00:00+00:00,,2005-11-10 08:00:00+00:00,2005-11-10 08:00:00+00:00,docevent,2007
/api/v1/doc/document/rfc5086/,5086,rfc5086,Structure-Aware Time Division Multiplexed (TDM) Circuit Emulation Service over Packet Switched Network (CESoPSN),2007-12-18 01:03:30+00:00,/api/v1/doc/document/draft-ietf-pwe3-cesopsn/,/api/v1/doc/document/draft-ietf-pwe3-cesopsn/,0,draft-ietf-pwe3-cesopsn,07,2015-10-14 20:51:00+00:00,,2004-02-11 08:00:00+00:00,2004-02-11 08:00:00+00:00,docevent,2007
/api/v1/doc/document/rfc5087/,5087,rfc5087,Time Division Multiplexing over IP (TDMoIP),2007-12-18 01:03:40+00:00,/api/v1/doc/document/draft-ietf-pwe3-tdmoip/,/api/v1/doc/document/draft-anavi-tdmoip/,1,draft-anavi-tdmoip,06,2003-10-28 08:00:00+00:00,,2001-02-15 08:00:00+00:00,2001-02-15 08:00:00+00:00,docevent,2007
/api/v1/doc/document/rfc5087/,5087,rfc5087,Time Division Multiplexing over IP (TDMoIP),2007-12-18 01:03:40+00:00,/api/v1/doc/document/draft-ietf-pwe3-tdmoip/,/api/v1/doc/document/draft-ietf-pwe3-tdmoip/,0,draft-ietf-pwe3-tdmoip,06,2020-01-21 08:28:35+00:00,,2004-02-13 08:00:00+00:00,2004-02-13 08:00:00+00:00,docevent,2007
/api/v1/doc/document/rfc5094/,5094,rfc5094,Mobile IPv6 Vendor Specific Option,2007-12-18 01:03:50+00:00,/api/v1/doc/document/draft-ietf-mip6-vsm/,/api/v1/doc/document/draft-devarapalli-mip6-vsm/,1,draft-devarapalli-mip6-vsm,02,2008-03-03 08:00:00+00:00,,2006-06-15 07:00:00+00:00,2006-06-15 07:00:00+00:00,docevent,2007
/api/v1/doc/document/rfc5096/,5096,rfc5096,Mobile IPv6 Experimental Messages,2007-12-18 01:03:58+00:00,/api/v1/doc/document/draft-ietf-mip6-experimental-messages/,/api/v1/doc/document/draft-devarapalli-mip6-experimental-messages/,1,draft-devarapalli-mip6-experimental-messages,01,2008-03-03 08:00:00+00:00,,2006-06-15 07:00:00+00:00,2006-06-15 07:00:00+00:00,docevent,2007
/api/v1/doc/document/rfc5091/,5091,rfc5091,Identity-Based Cryptography Standard (IBCS) #1: Supersingular Curve Implementations of the BF and BB1 Cryptosystems,2007-12-21 22:58:56+00:00,/api/v1/doc/document/draft-martin-ibcs/,/api/v1/doc/document/draft-martin-ibcs/,0,draft-martin-ibcs,07,2020-01-21 08:28:38+00:00,,2006-10-11 07:00:00+00:00,2006-10-11 07:00:00+00:00,docevent,2007
/api/v1/doc/document/rfc5093/,5093,rfc5093,BT's eXtended Network Quality RTP Control Protocol Extended Reports (RTCP XR XNQ),2007-12-21 22:59:05+00:00,/api/v1/doc/document/draft-hunt-avt-rtcpxnq/,/api/v1/doc/document/draft-hunt-avt-rtcpxnq/,0,draft-hunt-avt-rtcpxnq,01,2015-10-14 20:51:46+00:00,,2007-05-01 07:00:00+00:00,2007-05-01 07:00:00+00:00,docevent,2007
/api/v1/doc/document/rfc5133/,5133,rfc5133,Terminal Endpoint Identifier (TEI) Query Request Number Change,2007-12-21 22:59:20+00:00,/api/v1/doc/document/draft-ietf-sigtran-rfc4233update/,/api/v1/doc/document/draft-tuexen-sigtran-rfc4233update/,1,draft-tuexen-sigtran-rfc4233update,00,2008-04-16 07:00:00+00:00,,2006-06-20 07:00:00+00:00,2006-06-20 07:00:00+00:00,docevent,2007
/api/v1/doc/document/rfc5105/,5105,rfc5105,ENUM Validation Token Format Definition,2007-12-21 22:59:35+00:00,/api/v1/doc/document/draft-ietf-enum-validation-token/,/api/v1/doc/document/draft-lendl-enum-validation-token/,1,draft-lendl-enum-validation-token,00,2010-04-09 07:00:00+00:00,,2005-07-11 07:00:00+00:00,2005-07-11 07:00:00+00:00,docevent,2007
/api/v1/doc/document/rfc5105/,5105,rfc5105,ENUM Validation Token Format Definition,2007-12-21 22:59:35+00:00,/api/v1/doc/document/draft-ietf-enum-validation-token/,/api/v1/doc/document/draft-ietf-enum-validation-token/,0,draft-ietf-enum-validation-token,04,2015-10-14 20:51:19+00:00,,2005-10-10 07:00:00+00:00,2005-10-10 07:00:00+00:00,docevent,2007
/api/v1/doc/document/rfc5012/,5012,rfc5012,Requirements for Emergency Context Resolution with Internet Technologies,2008-01-08 01:14:07+00:00,/api/v1/doc/document/draft-ietf-ecrit-requirements/,/api/v1/doc/document/draft-ietf-ecrit-requirements/,0,draft-ietf-ecrit-requirements,13,2015-10-14 20:51:21+00:00,,2005-09-06 07:00:00+00:00,2005-09-06 07:00:00+00:00,docevent,2008
/api/v1/doc/document/rfc5031/,5031,rfc5031,A Uniform Resource Name (URN) for Emergency and Other Well-Known Services,2008-01-08 01:14:21+00:00,/api/v1/doc/document/draft-ietf-ecrit-service-urn/,/api/v1/doc/document/draft-ietf-sipping-sos/,1,draft-ietf-sipping-sos,02,2006-05-12 07:00:00+00:00,,2004-02-10 08:00:00+00:00,2004-02-10 08:00:00+00:00,docevent,2008
/api/v1/doc/document/rfc5031/,5031,rfc5031,A Uniform Resource Name (URN) for Emergency and Other Well-Known Services,2008-01-08 01:14:21+00:00,/api/v1/doc/document/draft-ietf-ecrit-service-urn/,/api/v1/doc/document/draft-ietf-ecrit-service-urn/,0,draft-ietf-ecrit-service-urn,07,2015-10-14 20:50:59+00:00,,2006-02-17 08:00:00+00:00,2006-02-17 08:00:00+00:00,docevent,2008
/api/v1/doc/document/rfc5069/,5069,rfc5069,Security Threats and Requirements for Emergency Call Marking and Mapping,2008-01-08 01:14:32+00:00,/api/v1/doc/document/draft-ietf-ecrit-security-threats/,/api/v1/doc/document/draft-taylor-ecrit-security-threats/,1,draft-taylor-ecrit-security-threats,03,2015-10-14 20:51:21+00:00,,2005-09-07 07:00:00+00:00,2005-09-07 07:00:00+00:00,docevent,2008
/api/v1/doc/document/rfc5069/,5069,rfc5069,Security Threats and Requirements for Emergency Call Marking and Mapping,2008-01-08 01:14:32+00:00,/api/v1/doc/document/draft-ietf-ecrit-security-threats/,/api/v1/doc/document/draft-ietf-ecrit-security-threats/,0,draft-ietf-ecrit-security-threats,05,2018-12-20 08:22:11+00:00,,2006-03-24 08:00:00+00:00,2006-03-24 08:00:00+00:00,docevent,2008
/api/v1/doc/document/rfc5088/,5088,rfc5088,OSPF Protocol Extensions for Path Computation Element (PCE) Discovery,2008-01-08 01:14:42+00:00,/api/v1/doc/document/draft-ietf-pce-disco-proto-ospf/,/api/v1/doc/document/draft-ietf-pce-disco-proto-ospf/,0,draft-ietf-pce-disco-proto-ospf,08,2020-01-21 08:28:35+00:00,,2006-09-20 07:00:00+00:00,2006-09-20 07:00:00+00:00,docevent,2008
/api/v1/doc/document/rfc5089/,5089,rfc5089,IS-IS Protocol Extensions for Path Computation Element (PCE) Discovery,2008-01-08 01:15:06+00:00,/api/v1/doc/document/draft-ietf-pce-disco-proto-isis/,/api/v1/doc/document/draft-leroux-pce-disco-proto-igp/,2,draft-leroux-pce-disco-proto-igp,00,2011-10-04 07:00:00+00:00,,2005-10-17 07:00:00+00:00,2005-10-17 07:00:00+00:00,docevent,2008
/api/v1/doc/document/rfc5089/,5089,rfc5089,IS-IS Protocol Extensions for Path Computation Element (PCE) Discovery,2008-01-08 01:15:06+00:00,/api/v1/doc/document/draft-ietf-pce-disco-proto-isis/,/api/v1/doc/document/draft-ietf-pce-disco-proto-igp/,1,draft-ietf-pce-disco-proto-igp,02,2006-11-02 08:00:00+00:00,,2005-11-30 08:00:00+00:00,2005-11-30 08:00:00+00:00,docevent,2008
/api/v1/doc/document/rfc5089/,5089,rfc5089,IS-IS Protocol Extensions for Path Computation Element (PCE) Discovery,2008-01-08 01:15:06+00:00,/api/v1/doc/document/draft-ietf-pce-disco-proto-isis/,/api/v1/doc/document/draft-ietf-pce-disco-proto-isis/,0,draft-ietf-pce-disco-proto-isis,08,2015-10-14 20:51:24+00:00,,2006-09-20 07:00:00+00:00,2006-09-20 07:00:00+00:00,docevent,2008
/api/v1/doc/document/rfc5112/,5112,rfc5112,The Presence-Specific Static Dictionary for Signaling Compression (Sigcomp),2008-01-15 00:55:09+00:00,/api/v1/doc/document/draft-garcia-simple-presence-dictionary/,/api/v1/doc/document/draft-garcia-simple-presence-dictionary/,0,draft-garcia-simple-presence-dictionary,06,2013-03-02 16:59:30+00:00,,2006-06-19 07:00:00+00:00,2006-06-19 07:00:00+00:00,docevent,2008
/api/v1/doc/document/rfc5134/,5134,rfc5134,A Uniform Resource Name Namespace for the EPCglobal Electronic Product Code (EPC) and Related Standards,2008-01-16 19:50:37+00:00,/api/v1/doc/document/draft-mealling-epc-urn/,/api/v1/doc/document/draft-mealling-epc-urn/,0,draft-mealling-epc-urn,02,2020-01-21 08:28:42+00:00,,2005-03-21 08:00:00+00:00,2005-03-21 08:00:00+00:00,docevent,2008
/api/v1/doc/document/rfc5115/,5115,rfc5115,Telephony Routing over IP (TRIP) Attribute for Resource Priority,2008-01-16 19:51:03+00:00,/api/v1/doc/document/draft-carlberg-trip-attribute-rp/,/api/v1/doc/document/draft-carlberg-trip-attribute-rp/,0,draft-carlberg-trip-attribute-rp,04,2015-10-14 20:51:21+00:00,,2005-09-16 07:00:00+00:00,2005-09-16 07:00:00+00:00,docevent,2008
/api/v1/doc/document/rfc5229/,5229,rfc5229,Sieve Email Filtering: Variables Extension,2008-01-16 19:51:28+00:00,/api/v1/doc/document/draft-ietf-sieve-variables/,/api/v1/doc/document/draft-homme-sieve-variables/,1,draft-homme-sieve-variables,04,2010-02-01 08:00:00+00:00,,2003-03-21 08:00:00+00:00,2003-03-21 08:00:00+00:00,docevent,2008
/api/v1/doc/document/rfc5229/,5229,rfc5229,Sieve Email Filtering: Variables Extension,2008-01-16 19:51:28+00:00,/api/v1/doc/document/draft-ietf-sieve-variables/,/api/v1/doc/document/draft-ietf-sieve-variables/,0,draft-ietf-sieve-variables,08,2020-01-21 08:28:55+00:00,,2004-11-29 08:00:00+00:00,2004-11-29 08:00:00+00:00,docevent,2008
/api/v1/doc/document/rfc5230/,5230,rfc5230,Sieve Email Filtering: Vacation Extension,2008-01-16 19:51:37+00:00,/api/v1/doc/document/draft-ietf-sieve-vacation/,/api/v1/doc/document/draft-showalter-sieve-vacation/,1,draft-showalter-sieve-vacation,06,2015-10-14 20:49:52+00:00,,1998-08-14 07:00:00+00:00,1998-08-14 07:00:00+00:00,docevent,2008
/api/v1/doc/document/rfc5230/,5230,rfc5230,Sieve Email Filtering: Vacation Extension,2008-01-16 19:51:37+00:00,/api/v1/doc/document/draft-ietf-sieve-vacation/,/api/v1/doc/document/draft-ietf-sieve-vacation/,0,draft-ietf-sieve-vacation,07,2020-01-21 08:28:55+00:00,,2005-03-16 08:00:00+00:00,2005-03-16 08:00:00+00:00,docevent,2008
/api/v1/doc/document/rfc5231/,5231,rfc5231,Sieve Email Filtering: Relational Extension,2008-01-16 19:51:45+00:00,/api/v1/doc/document/draft-ietf-sieve-3431bis/,/api/v1/doc/document/draft-ietf-sieve-3431bis/,0,draft-ietf-sieve-3431bis,04,2018-12-20 08:22:36+00:00,,2005-02-15 08:00:00+00:00,2005-02-15 08:00:00+00:00,docevent,2008
/api/v1/doc/document/rfc5232/,5232,rfc5232,Sieve Email Filtering: Imap4flags Extension,2008-01-16 19:52:02+00:00,/api/v1/doc/document/draft-ietf-sieve-imapflags/,/api/v1/doc/document/draft-melnikov-sieve-imapflags/,1,draft-melnikov-sieve-imapflags,06,2010-02-01 08:00:00+00:00,,1998-11-16 08:00:00+00:00,1998-11-16 08:00:00+00:00,docevent,2008
/api/v1/doc/document/rfc5232/,5232,rfc5232,Sieve Email Filtering: Imap4flags Extension,2008-01-16 19:52:02+00:00,/api/v1/doc/document/draft-ietf-sieve-imapflags/,/api/v1/doc/document/draft-ietf-sieve-imapflags/,0,draft-ietf-sieve-imapflags,05,2020-01-21 08:28:55+00:00,,2005-02-08 08:00:00+00:00,2005-02-08 08:00:00+00:00,docevent,2008
/api/v1/doc/document/rfc5233/,5233,rfc5233,Sieve Email Filtering: Subaddress Extension,2008-01-16 19:52:12+00:00,/api/v1/doc/document/draft-ietf-sieve-rfc3598bis/,/api/v1/doc/document/draft-ietf-sieve-rfc3598bis/,0,draft-ietf-sieve-rfc3598bis,05,2020-01-21 08:28:56+00:00,,2005-02-08 08:00:00+00:00,2005-02-08 08:00:00+00:00,docevent,2008
/api/v1/doc/document/rfc5235/,5235,rfc5235,Sieve Email Filtering: Spamtest and Virustest Extensions,2008-01-16 19:52:31+00:00,/api/v1/doc/document/draft-ietf-sieve-spamtestbis/,/api/v1/doc/document/draft-ietf-sieve-spamtestbis/,0,draft-ietf-sieve-spamtestbis,05,2015-10-14 20:51:13+00:00,,2005-02-03 08:00:00+00:00,2005-02-03 08:00:00+00:00,docevent,2008
/api/v1/doc/document/rfc5077/,5077,rfc5077,Transport Layer Security (TLS) Session Resumption without Server-Side State,2008-01-26 00:35:12+00:00,/api/v1/doc/document/draft-salowey-tls-rfc4507bis/,/api/v1/doc/document/draft-salowey-tls-rfc4507bis/,0,draft-salowey-tls-rfc4507bis,01,2016-09-13 07:08:00+00:00,,2007-06-12 07:00:00+00:00,2007-06-12 07:00:00+00:00,docevent,2008
/api/v1/doc/document/rfc5097/,5097,rfc5097,MIB for the UDP-Lite protocol,2008-01-26 00:35:21+00:00,/api/v1/doc/document/draft-ietf-tsvwg-udplite-mib/,/api/v1/doc/document/draft-renker-tsvwg-udplite-mib/,1,draft-renker-tsvwg-udplite-mib,02,2015-10-14 20:51:35+00:00,,2006-09-25 07:00:00+00:00,2006-09-25 07:00:00+00:00,docevent,2008
/api/v1/doc/document/rfc5060/,5060,rfc5060,Protocol Independent Multicast MIB,2008-01-26 00:36:15+00:00,/api/v1/doc/document/draft-ietf-pim-mib-v2/,/api/v1/doc/document/draft-ietf-pim-mib-v2/,0,draft-ietf-pim-mib-v2,10,2020-01-21 08:28:32+00:00,,2002-06-20 07:00:00+00:00,2002-06-20 07:00:00+00:00,docevent,2008
/api/v1/doc/document/rfc5059/,5059,rfc5059,Bootstrap Router (BSR) Mechanism for Protocol Independent Multicast (PIM),2008-01-26 00:36:28+00:00,/api/v1/doc/document/draft-ietf-pim-sm-bsr/,/api/v1/doc/document/draft-ietf-pim-sm-bsr/,0,draft-ietf-pim-sm-bsr,12,2020-01-21 08:28:32+00:00,,2001-02-27 08:00:00+00:00,2001-02-27 08:00:00+00:00,docevent,2008
/api/v1/doc/document/rfc5142/,5142,rfc5142,Mobility Header Home Agent Switch Message,2008-01-29 01:28:04+00:00,/api/v1/doc/document/draft-ietf-mip6-ha-switch/,/api/v1/doc/document/draft-haley-mip6-ha-switch/,1,draft-haley-mip6-ha-switch,01,2008-04-17 07:00:00+00:00,,2005-04-07 07:00:00+00:00,2005-04-07 07:00:00+00:00,docevent,2008
/api/v1/doc/document/rfc5110/,5110,rfc5110,Overview of the Internet Multicast Routing Architecture,2008-02-01 00:32:23+00:00,/api/v1/doc/document/draft-ietf-mboned-routingarch/,/api/v1/doc/document/draft-savola-mboned-routingarch/,1,draft-savola-mboned-routingarch,01,2005-04-27 07:00:00+00:00,,2004-12-23 08:00:00+00:00,2004-12-23 08:00:00+00:00,docevent,2008
/api/v1/doc/document/rfc5116/,5116,rfc5116,An Interface and Algorithms for Authenticated Encryption,2008-02-01 01:23:48+00:00,/api/v1/doc/document/draft-mcgrew-auth-enc/,/api/v1/doc/document/draft-mcgrew-auth-enc/,0,draft-mcgrew-auth-enc,05,2020-01-21 08:28:41+00:00,,2006-08-18 07:00:00+00:00,2006-08-18 07:00:00+00:00,docevent,2008
/api/v1/doc/document/rfc5117/,5117,rfc5117,RTP Topologies,2008-02-01 01:24:23+00:00,/api/v1/doc/document/draft-ietf-avt-topologies/,/api/v1/doc/document/draft-wenger-avt-topologies/,1,draft-wenger-avt-topologies,00,2008-04-17 07:00:00+00:00,,2006-07-31 07:00:00+00:00,2006-07-31 07:00:00+00:00,docevent,2008
/api/v1/doc/document/rfc5176/,5176,rfc5176,Dynamic Authorization Extensions to Remote Authentication Dial In User Service (RADIUS),2008-02-01 01:24:31+00:00,/api/v1/doc/document/draft-ietf-radext-rfc3576bis/,/api/v1/doc/document/draft-chiba-radext-rfc3576bis/,1,draft-chiba-radext-rfc3576bis,01,2008-04-17 07:00:00+00:00,,2006-11-28 08:00:00+00:00,2006-11-28 08:00:00+00:00,docevent,2008
/api/v1/doc/document/rfc5101/,5101,rfc5101,Specification of the IP Flow Information Export (IPFIX) Protocol for the Exchange of IP Traffic Flow Information,2008-02-01 01:24:40+00:00,/api/v1/doc/document/draft-ietf-ipfix-protocol/,/api/v1/doc/document/draft-ietf-ipfix-protocol/,0,draft-ietf-ipfix-protocol,26,2020-01-21 08:28:39+00:00,,2003-06-19 07:00:00+00:00,2003-06-19 07:00:00+00:00,docevent,2008
/api/v1/doc/document/rfc5102/,5102,rfc5102,Information Model for IP Flow Information Export,2008-02-01 01:24:48+00:00,/api/v1/doc/document/draft-ietf-ipfix-info/,/api/v1/doc/document/draft-ietf-ipfix-info/,0,draft-ietf-ipfix-info,15,2020-01-21 08:28:40+00:00,,2003-06-18 07:00:00+00:00,2003-06-18 07:00:00+00:00,docevent,2008
/api/v1/doc/document/rfc5103/,5103,rfc5103,Bidirectional Flow Export Using IP Flow Information Export (IPFIX),2008-02-01 01:24:56+00:00,/api/v1/doc/document/draft-ietf-ipfix-biflow/,/api/v1/doc/document/draft-boschi-ipfix-biflow/,1,draft-boschi-ipfix-biflow,01,2008-04-17 07:00:00+00:00,,2005-10-19 07:00:00+00:00,2005-10-19 07:00:00+00:00,docevent,2008
/api/v1/doc/document/rfc5103/,5103,rfc5103,Bidirectional Flow Export Using IP Flow Information Export (IPFIX),2008-02-01 01:24:56+00:00,/api/v1/doc/document/draft-ietf-ipfix-biflow/,/api/v1/doc/document/draft-trammell-ipfix-biflow/,1,draft-trammell-ipfix-biflow,02,2008-04-17 07:00:00+00:00,,2006-03-01 08:00:00+00:00,2006-03-01 08:00:00+00:00,docevent,2008
/api/v1/doc/document/rfc5103/,5103,rfc5103,Bidirectional Flow Export Using IP Flow Information Export (IPFIX),2008-02-01 01:24:56+00:00,/api/v1/doc/document/draft-ietf-ipfix-biflow/,/api/v1/doc/document/draft-ietf-ipfix-biflow/,0,draft-ietf-ipfix-biflow,05,2020-01-21 08:28:40+00:00,,2006-09-06 07:00:00+00:00,2006-09-06 07:00:00+00:00,docevent,2008
/api/v1/doc/document/rfc5135/,5135,rfc5135,IP Multicast Requirements for a Network Address Translator (NAT) and a Network Address Port Translator (NAPT),2008-02-07 23:33:31+00:00,/api/v1/doc/document/draft-ietf-behave-multicast/,/api/v1/doc/document/draft-wing-behave-multicast/,1,draft-wing-behave-multicast,00,2007-09-21 07:00:00+00:00,,2004-10-19 07:00:00+00:00,2004-10-19 07:00:00+00:00,docevent,2008
/api/v1/doc/document/rfc5125/,5125,rfc5125,Reclassification of RFC 3525 to Historic,2008-02-07 23:34:05+00:00,/api/v1/doc/document/draft-taylor-megaco-obsol3525/,/api/v1/doc/document/draft-taylor-megaco-obsol3525/,0,draft-taylor-megaco-obsol3525,01,2015-10-14 20:51:46+00:00,,2007-05-03 07:00:00+00:00,2007-05-03 07:00:00+00:00,docevent,2008
/api/v1/doc/document/rfc5120/,5120,rfc5120,M-ISIS: Multi Topology (MT) Routing in Intermediate System to Intermediate Systems (IS-ISs),2008-02-09 01:23:41+00:00,/api/v1/doc/document/draft-ietf-isis-wg-multi-topology/,/api/v1/doc/document/draft-ietf-isis-wg-multi-topology/,0,draft-ietf-isis-wg-multi-topology,12,2015-10-14 20:50:12+00:00,,2001-02-27 08:00:00+00:00,2001-02-27 08:00:00+00:00,docevent,2008
/api/v1/doc/document/rfc5136/,5136,rfc5136,Defining Network Capacity,2008-02-12 19:59:33+00:00,/api/v1/doc/document/draft-ietf-ippm-bw-capacity/,/api/v1/doc/document/draft-ietf-ippm-bw-capacity/,0,draft-ietf-ippm-bw-capacity,05,2015-10-14 20:51:18+00:00,,2005-06-21 07:00:00+00:00,2005-06-21 07:00:00+00:00,docevent,2008
/api/v1/doc/document/rfc5090/,5090,rfc5090,RADIUS Extension for Digest Authentication,2008-02-15 02:10:32+00:00,/api/v1/doc/document/draft-ietf-radext-rfc4590bis/,/api/v1/doc/document/draft-ietf-radext-rfc4590bis/,0,draft-ietf-radext-rfc4590bis,02,2020-01-21 08:28:36+00:00,,2007-01-02 08:00:00+00:00,2007-01-02 08:00:00+00:00,docevent,2008
/api/v1/doc/document/rfc5119/,5119,rfc5119,A Uniform Resource Name (URN) Namespace for the Society of Motion Picture and Television Engineers (SMPTE),2008-02-15 02:10:49+00:00,/api/v1/doc/document/draft-edwards-urn-smpte/,/api/v1/doc/document/draft-edwards-urn-smpte/,0,draft-edwards-urn-smpte,02,2015-10-14 20:51:43+00:00,,2007-02-07 08:00:00+00:00,2007-02-07 08:00:00+00:00,docevent,2008
/api/v1/doc/document/rfc5219/,5219,rfc5219,A More Loss-Tolerant RTP Payload Format for MP3 Audio,2008-02-15 02:10:57+00:00,/api/v1/doc/document/draft-ietf-avt-rfc3119bis/,/api/v1/doc/document/draft-finlayson-rtp-mp3/,1,draft-finlayson-rtp-mp3,00,2009-02-24 08:00:00+00:00,,1999-02-24 08:00:00+00:00,1999-02-24 08:00:00+00:00,docevent,2008
/api/v1/doc/document/rfc5219/,5219,rfc5219,A More Loss-Tolerant RTP Payload Format for MP3 Audio,2008-02-15 02:10:57+00:00,/api/v1/doc/document/draft-ietf-avt-rfc3119bis/,/api/v1/doc/document/draft-ietf-avt-rfc3119bis/,0,draft-ietf-avt-rfc3119bis,05,2015-10-14 20:49:55+00:00,,2002-10-18 07:00:00+00:00,2002-10-18 07:00:00+00:00,docevent,2008
/api/v1/doc/document/rfc5104/,5104,rfc5104,Codec Control Messages in the RTP Audio-Visual Profile with Feedback (AVPF),2008-02-23 01:11:25+00:00,/api/v1/doc/document/draft-ietf-avt-avpf-ccm/,/api/v1/doc/document/draft-wenger-avt-avpf-ccm/,1,draft-wenger-avt-avpf-ccm,04,2006-08-29 07:00:00+00:00,,2005-07-13 07:00:00+00:00,2005-07-13 07:00:00+00:00,docevent,2008
/api/v1/doc/document/rfc5127/,5127,rfc5127,Aggregation of Diffserv Service Classes,2008-02-23 01:11:38+00:00,/api/v1/doc/document/draft-ietf-tsvwg-diffserv-class-aggr/,/api/v1/doc/document/draft-chan-tsvwg-diffserv-class-aggr/,1,draft-chan-tsvwg-diffserv-class-aggr,03,2006-01-19 08:00:00+00:00,,2004-10-19 07:00:00+00:00,2004-10-19 07:00:00+00:00,docevent,2008
/api/v1/doc/document/rfc5138/,5138,rfc5138,A Uniform Resource Name (URN) Namespace for the Commission for the Management and Application of Geoscience Information (CGI),2008-02-23 01:11:49+00:00,/api/v1/doc/document/draft-sjdcox-cgi-urn/,/api/v1/doc/document/draft-sjdcox-cgi-urn/,0,draft-sjdcox-cgi-urn,00,2015-10-14 20:51:50+00:00,,2007-10-05 07:00:00+00:00,2007-10-05 07:00:00+00:00,docevent,2008
/api/v1/doc/document/rfc5143/,5143,rfc5143,Synchronous Optical Network/Synchronous Digital Hierarchy (SONET/SDH) Circuit Emulation Service over MPLS (CEM) Encapsulation,2008-02-23 01:12:41+00:00,/api/v1/doc/document/draft-malis-sonet-ces-mpls/,/api/v1/doc/document/draft-malis-sonet-ces-mpls/,0,draft-malis-sonet-ces-mpls,09,2015-10-14 20:50:03+00:00,,2000-07-13 07:00:00+00:00,2000-07-13 07:00:00+00:00,docevent,2008
/api/v1/doc/document/rfc5124/,5124,rfc5124,Extended Secure RTP Profile for Real-time Transport Control Protocol (RTCP)-Based Feedback (RTP/SAVPF),2008-02-23 01:12:54+00:00,/api/v1/doc/document/draft-ietf-avt-profile-savpf/,/api/v1/doc/document/draft-ietf-avt-profile-savpf/,0,draft-ietf-avt-profile-savpf,12,2015-10-14 20:50:52+00:00,,2003-10-21 07:00:00+00:00,2003-10-21 07:00:00+00:00,docevent,2008
/api/v1/doc/document/rfc5122/,5122,rfc5122,Internationalized Resource Identifiers (IRIs) and Uniform Resource Identifiers (URIs) for the Extensible Messaging and Presence Protocol (XMPP),2008-02-23 01:13:33+00:00,/api/v1/doc/document/draft-saintandre-rfc4622bis/,/api/v1/doc/document/draft-saintandre-rfc4622bis/,0,draft-saintandre-rfc4622bis,01,2015-10-14 20:51:45+00:00,,2007-04-09 07:00:00+00:00,2007-04-09 07:00:00+00:00,docevent,2008
/api/v1/doc/document/rfc5148/,5148,rfc5148,Jitter Considerations in Mobile Ad Hoc Networks (MANETs),2008-02-27 19:39:22+00:00,/api/v1/doc/document/draft-ietf-manet-jitter/,/api/v1/doc/document/draft-clausen-manet-jitter/,1,draft-clausen-manet-jitter,01,2008-02-29 08:00:00+00:00,,2007-02-06 08:00:00+00:00,2007-02-06 08:00:00+00:00,docevent,2008
/api/v1/doc/document/rfc5188/,5188,rfc5188,RTP Payload Format for the Enhanced Variable Rate Wideband Codec (EVRC-WB) and the Media Subtype Updates for EVRC-B Codec,2008-02-27 19:39:46+00:00,/api/v1/doc/document/draft-ietf-avt-rtp-evrc-wb/,/api/v1/doc/document/draft-hdesinen-avt-rtp-evrc-wb/,1,draft-hdesinen-avt-rtp-evrc-wb,00,2008-04-17 07:00:00+00:00,,2006-11-29 08:00:00+00:00,2006-11-29 08:00:00+00:00,docevent,2008
/api/v1/doc/document/rfc5123/,5123,rfc5123,Considerations in Validating the Path in BGP,2008-02-28 23:49:28+00:00,/api/v1/doc/document/draft-white-pathconsiderations/,/api/v1/doc/document/draft-white-pathconsiderations/,0,draft-white-pathconsiderations,09,2020-01-21 08:28:41+00:00,,2004-02-02 08:00:00+00:00,2004-02-02 08:00:00+00:00,docevent,2008
/api/v1/doc/document/rfc5150/,5150,rfc5150,Label Switched Path Stitching with Generalized Multiprotocol Label Switching Traffic Engineering (GMPLS TE),2008-02-29 00:31:42+00:00,/api/v1/doc/document/draft-ietf-ccamp-lsp-stitching/,/api/v1/doc/document/draft-ayyangar-ccamp-lsp-stitching/,1,draft-ayyangar-ccamp-lsp-stitching,00,2008-04-16 07:00:00+00:00,,2005-02-14 08:00:00+00:00,2005-02-14 08:00:00+00:00,docevent,2008
/api/v1/doc/document/rfc5150/,5150,rfc5150,Label Switched Path Stitching with Generalized Multiprotocol Label Switching Traffic Engineering (GMPLS TE),2008-02-29 00:31:42+00:00,/api/v1/doc/document/draft-ietf-ccamp-lsp-stitching/,/api/v1/doc/document/draft-ietf-ccamp-lsp-stitching/,0,draft-ietf-ccamp-lsp-stitching,06,2020-01-21 08:28:45+00:00,,2005-04-01 08:00:00+00:00,2005-04-01 08:00:00+00:00,docevent,2008
/api/v1/doc/document/rfc5152/,5152,rfc5152,A Per-Domain Path Computation Method for Establishing Inter-Domain Traffic Engineering (TE) Label Switched Paths (LSPs),2008-02-29 00:31:58+00:00,/api/v1/doc/document/draft-ietf-ccamp-inter-domain-pd-path-comp/,/api/v1/doc/document/draft-vasseur-ccamp-inter-domain-path-comp/,1,draft-vasseur-ccamp-inter-domain-path-comp,00,2004-07-13 07:00:00+00:00,,2004-07-13 07:00:00+00:00,2004-07-13 07:00:00+00:00,docevent,2008
/api/v1/doc/document/rfc5152/,5152,rfc5152,A Per-Domain Path Computation Method for Establishing Inter-Domain Traffic Engineering (TE) Label Switched Paths (LSPs),2008-02-29 00:31:58+00:00,/api/v1/doc/document/draft-ietf-ccamp-inter-domain-pd-path-comp/,/api/v1/doc/document/draft-vasseur-ccamp-inter-domain-pd-path-comp/,1,draft-vasseur-ccamp-inter-domain-pd-path-comp,00,2011-01-10 08:00:00+00:00,,2005-02-07 08:00:00+00:00,2005-02-07 08:00:00+00:00,docevent,2008
/api/v1/doc/document/rfc5151/,5151,rfc5151,Inter-Domain MPLS and GMPLS Traffic Engineering -- Resource Reservation Protocol-Traffic Engineering (RSVP-TE) Extensions,2008-02-29 00:36:49+00:00,/api/v1/doc/document/draft-ietf-ccamp-inter-domain-rsvp-te/,/api/v1/doc/document/draft-ayyangar-ccamp-inter-domain-rsvp-te/,1,draft-ayyangar-ccamp-inter-domain-rsvp-te,02,2008-04-16 07:00:00+00:00,,2004-07-13 07:00:00+00:00,2004-07-13 07:00:00+00:00,docevent,2008
/api/v1/doc/document/rfc5151/,5151,rfc5151,Inter-Domain MPLS and GMPLS Traffic Engineering -- Resource Reservation Protocol-Traffic Engineering (RSVP-TE) Extensions,2008-02-29 00:36:49+00:00,/api/v1/doc/document/draft-ietf-ccamp-inter-domain-rsvp-te/,/api/v1/doc/document/draft-ietf-ccamp-inter-domain-rsvp-te/,0,draft-ietf-ccamp-inter-domain-rsvp-te,07,2020-01-21 08:28:46+00:00,,2005-02-09 08:00:00+00:00,2005-02-09 08:00:00+00:00,docevent,2008
/api/v1/doc/document/rfc5098/,5098,rfc5098,Signaling MIB for PacketCable and IPCablecom Multimedia Terminal Adapters (MTAs),2008-03-01 02:38:33+00:00,/api/v1/doc/document/draft-ietf-ipcdn-pktc-signaling/,/api/v1/doc/document/draft-ietf-ipcdn-pktc-signaling/,0,draft-ietf-ipcdn-pktc-signaling,15,2015-10-14 20:50:38+00:00,,2002-10-28 08:00:00+00:00,2002-10-28 08:00:00+00:00,docevent,2008
/api/v1/doc/document/rfc5126/,5126,rfc5126,CMS Advanced Electronic Signatures (CAdES),2008-03-06 21:57:23+00:00,/api/v1/doc/document/draft-ietf-smime-cades/,/api/v1/doc/document/draft-ietf-smime-cades/,0,draft-ietf-smime-cades,07,2018-12-20 08:22:20+00:00,,2005-12-02 08:00:00+00:00,2005-12-02 08:00:00+00:00,docevent,2008
/api/v1/doc/document/rfc5158/,5158,rfc5158,6to4 Reverse DNS Delegation Specification,2008-03-06 21:57:27+00:00,/api/v1/doc/document/draft-huston-6to4-reverse-dns/,/api/v1/doc/document/draft-huston-6to4-reverse-dns/,0,draft-huston-6to4-reverse-dns,07,2015-10-14 20:50:58+00:00,,2004-01-23 08:00:00+00:00,2004-01-23 08:00:00+00:00,docevent,2008
/api/v1/doc/document/rfc5140/,5140,rfc5140,A Telephony Gateway REgistration Protocol (TGREP),2008-03-08 00:00:12+00:00,/api/v1/doc/document/draft-ietf-iptel-tgrep/,/api/v1/doc/document/draft-ietf-iptel-trip-gw/,1,draft-ietf-iptel-trip-gw,00,2015-10-14 20:50:32+00:00,,2002-06-07 07:00:00+00:00,2002-06-07 07:00:00+00:00,docevent,2008
/api/v1/doc/document/rfc5140/,5140,rfc5140,A Telephony Gateway REgistration Protocol (TGREP),2008-03-08 00:00:12+00:00,/api/v1/doc/document/draft-ietf-iptel-tgrep/,/api/v1/doc/document/draft-ietf-iptel-tgrep/,0,draft-ietf-iptel-tgrep,09,2015-10-14 20:50:32+00:00,,2002-10-04 07:00:00+00:00,2002-10-04 07:00:00+00:00,docevent,2008
/api/v1/doc/document/rfc5162/,5162,rfc5162,IMAP4 Extensions for Quick Mailbox Resynchronization,2008-03-10 14:09:11+00:00,/api/v1/doc/document/draft-ietf-lemonade-reconnect-client/,/api/v1/doc/document/draft-melnikov-imap-expunged/,1,draft-melnikov-imap-expunged,02,2015-10-14 20:51:13+00:00,,2005-01-31 08:00:00+00:00,2005-01-31 08:00:00+00:00,docevent,2008
/api/v1/doc/document/rfc5145/,5145,rfc5145,Framework for MPLS-TE to GMPLS Migration,2008-03-21 23:33:00+00:00,/api/v1/doc/document/draft-ietf-ccamp-mpls-gmpls-interwork-fmwk/,/api/v1/doc/document/draft-shiomoto-ccamp-mpls-gmpls-interwork-fmwk/,1,draft-shiomoto-ccamp-mpls-gmpls-interwork-fmwk,01,2006-04-26 07:00:00+00:00,,2005-10-12 07:00:00+00:00,2005-10-12 07:00:00+00:00,docevent,2008
/api/v1/doc/document/rfc5146/,5146,rfc5146,Interworking Requirements to Support Operation of MPLS-TE over GMPLS Networks,2008-03-21 23:33:25+00:00,/api/v1/doc/document/draft-ietf-ccamp-mpls-gmpls-interwork-reqts/,/api/v1/doc/document/draft-kumaki-ccamp-mpls-gmpls-interwork-reqts/,1,draft-kumaki-ccamp-mpls-gmpls-interwork-reqts,02,2006-12-21 08:00:00+00:00,,2006-02-27 08:00:00+00:00,2006-02-27 08:00:00+00:00,docevent,2008
/api/v1/doc/document/rfc5214/,5214,rfc5214,Intra-Site Automatic Tunnel Addressing Protocol (ISATAP),2008-03-21 23:34:28+00:00,/api/v1/doc/document/draft-templin-rfc4214bis/,/api/v1/doc/document/draft-templin-rfc4214bis/,0,draft-templin-rfc4214bis,05,2015-10-14 20:51:45+00:00,,2007-04-02 07:00:00+00:00,2007-04-02 07:00:00+00:00,docevent,2008
/api/v1/doc/document/rfc5189/,5189,rfc5189,Middlebox Communication (MIDCOM) Protocol Semantics,2008-03-25 21:47:29+00:00,/api/v1/doc/document/draft-ietf-midcom-rfc3989-bis/,/api/v1/doc/document/draft-ietf-midcom-rfc3989-bis/,0,draft-ietf-midcom-rfc3989-bis,02,2015-10-14 20:51:46+00:00,,2007-05-29 07:00:00+00:00,2007-05-29 07:00:00+00:00,docevent,2008
/api/v1/doc/document/rfc5190/,5190,rfc5190,Definitions of Managed Objects for Middlebox Communication,2008-03-25 21:47:31+00:00,/api/v1/doc/document/draft-ietf-midcom-mib/,/api/v1/doc/document/draft-barnes-midcom-mib/,1,draft-barnes-midcom-mib,01,2007-06-28 07:00:00+00:00,,2003-03-31 08:00:00+00:00,2003-03-31 08:00:00+00:00,docevent,2008
/api/v1/doc/document/rfc5128/,5128,rfc5128,State of Peer-to-Peer (P2P) Communication across Network Address Translators (NATs),2008-03-28 21:10:43+00:00,/api/v1/doc/document/draft-ietf-behave-p2p-state/,/api/v1/doc/document/draft-srisuresh-behave-p2p-state/,1,draft-srisuresh-behave-p2p-state,04,2015-10-14 20:51:12+00:00,,2005-01-03 08:00:00+00:00,2005-01-03 08:00:00+00:00,docevent,2008
/api/v1/doc/document/rfc5167/,5167,rfc5167,Media Server Control Protocol Requirements,2008-03-31 22:41:28+00:00,/api/v1/doc/document/draft-ietf-mediactrl-requirements/,/api/v1/doc/document/draft-dolly-mediactrl-requirements/,1,draft-dolly-mediactrl-requirements,00,2008-10-02 07:00:00+00:00,,2007-06-15 07:00:00+00:00,2007-06-15 07:00:00+00:00,docevent,2008
/api/v1/doc/document/rfc5169/,5169,rfc5169,Handover Key Management and Re-Authentication Problem Statement,2008-03-31 22:41:33+00:00,/api/v1/doc/document/draft-ietf-hokey-reauth-ps/,/api/v1/doc/document/draft-clancy-hokey-reauth-ps/,1,draft-clancy-hokey-reauth-ps,01,2008-04-02 07:00:00+00:00,,2006-12-19 08:00:00+00:00,2006-12-19 08:00:00+00:00,docevent,2008
/api/v1/doc/document/rfc5154/,5154,rfc5154,IP over IEEE 802.16 Problem Statement and Goals,2008-04-09 21:46:26+00:00,/api/v1/doc/document/draft-ietf-16ng-ps-goals/,/api/v1/doc/document/draft-jee-16ng-ps-goals/,1,draft-jee-16ng-ps-goals,00,2008-03-03 08:00:00+00:00,,2006-02-28 08:00:00+00:00,2006-02-28 08:00:00+00:00,docevent,2008
/api/v1/doc/document/rfc5165/,5165,rfc5165,A Uniform Resource Name (URN) Namespace for the Open Geospatial Consortium (OGC),2008-04-11 22:24:39+00:00,/api/v1/doc/document/draft-creed-ogc-urn/,/api/v1/doc/document/draft-creed-ogc-urn/,0,draft-creed-ogc-urn,03,2015-10-14 20:51:12+00:00,,2005-01-13 08:00:00+00:00,2005-01-13 08:00:00+00:00,docevent,2008
/api/v1/doc/document/rfc5153/,5153,rfc5153,IP Flow Information Export (IPFIX) Implementation Guidelines,2008-04-18 23:03:04+00:00,/api/v1/doc/document/draft-ietf-ipfix-implementation-guidelines/,/api/v1/doc/document/draft-boschi-ipfix-implementation-guidelines/,1,draft-boschi-ipfix-implementation-guidelines,02,2008-04-16 07:00:00+00:00,,2005-10-19 07:00:00+00:00,2005-10-19 07:00:00+00:00,docevent,2008
/api/v1/doc/document/rfc5153/,5153,rfc5153,IP Flow Information Export (IPFIX) Implementation Guidelines,2008-04-18 23:03:04+00:00,/api/v1/doc/document/draft-ietf-ipfix-implementation-guidelines/,/api/v1/doc/document/draft-ietf-ipfix-implementation-guidelines/,0,draft-ietf-ipfix-implementation-guidelines,08,2020-01-21 08:28:47+00:00,,2006-09-05 07:00:00+00:00,2006-09-05 07:00:00+00:00,docevent,2008
/api/v1/doc/document/rfc5202/,5202,rfc5202,Using the Encapsulating Security Payload (ESP) Transport Format with the Host Identity Protocol (HIP),2008-04-18 23:03:28+00:00,/api/v1/doc/document/draft-ietf-hip-esp/,/api/v1/doc/document/draft-ietf-hip-esp/,0,draft-ietf-hip-esp,06,2015-10-14 20:51:18+00:00,,2005-07-05 07:00:00+00:00,2005-07-05 07:00:00+00:00,docevent,2008
/api/v1/doc/document/rfc5203/,5203,rfc5203,Host Identity Protocol (HIP) Registration Extension,2008-04-18 23:03:37+00:00,/api/v1/doc/document/draft-ietf-hip-registration/,/api/v1/doc/document/draft-ietf-hip-registration/,0,draft-ietf-hip-registration,02,2015-10-14 20:51:21+00:00,,2005-09-21 07:00:00+00:00,2005-09-21 07:00:00+00:00,docevent,2008
/api/v1/doc/document/rfc5204/,5204,rfc5204,Host Identity Protocol (HIP) Rendezvous Extension,2008-04-18 23:03:44+00:00,/api/v1/doc/document/draft-ietf-hip-rvs/,/api/v1/doc/document/draft-ietf-hip-rvs/,0,draft-ietf-hip-rvs,05,2015-10-14 20:51:10+00:00,,2004-10-19 07:00:00+00:00,2004-10-19 07:00:00+00:00,docevent,2008
/api/v1/doc/document/rfc5205/,5205,rfc5205,Host Identity Protocol (HIP) Domain Name System (DNS) Extensions,2008-04-18 23:03:49+00:00,/api/v1/doc/document/draft-ietf-hip-dns/,/api/v1/doc/document/draft-ietf-hip-dns/,0,draft-ietf-hip-dns,09,2019-12-21 08:23:41+00:00,,2004-10-19 07:00:00+00:00,2004-10-19 07:00:00+00:00,docevent,2008
/api/v1/doc/document/rfc5206/,5206,rfc5206,End-Host Mobility and Multihoming with the Host Identity Protocol,2008-04-18 23:03:56+00:00,/api/v1/doc/document/draft-ietf-hip-mm/,/api/v1/doc/document/draft-ietf-hip-mm/,0,draft-ietf-hip-mm,05,2015-10-14 20:51:09+00:00,,2004-10-19 07:00:00+00:00,2004-10-19 07:00:00+00:00,docevent,2008
/api/v1/doc/document/rfc5207/,5207,rfc5207,NAT and Firewall Traversal Issues of Host Identity Protocol (HIP) Communication,2008-04-18 23:04:07+00:00,/api/v1/doc/document/draft-irtf-hiprg-nat/,/api/v1/doc/document/draft-irtf-hiprg-nat/,0,draft-irtf-hiprg-nat,04,2015-10-14 20:51:22+00:00,,2005-10-07 07:00:00+00:00,2005-10-07 07:00:00+00:00,docevent,2008
/api/v1/doc/document/rfc5163/,5163,rfc5163,Extension Formats for Unidirectional Lightweight Encapsulation (ULE) and the Generic Stream Encapsulation (GSE),2008-04-23 23:47:17+00:00,/api/v1/doc/document/draft-ietf-ipdvb-ule-ext/,/api/v1/doc/document/draft-fairhurst-ipdvb-ule-ext/,1,draft-fairhurst-ipdvb-ule-ext,01,2008-02-29 08:00:00+00:00,,2006-06-20 07:00:00+00:00,2006-06-20 07:00:00+00:00,docevent,2008
/api/v1/doc/document/rfc5171/,5171,rfc5171,Cisco Systems UniDirectional Link Detection (UDLD) Protocol,2008-04-23 23:47:19+00:00,/api/v1/doc/document/draft-foschiano-udld/,/api/v1/doc/document/draft-foschiano-udld/,0,draft-foschiano-udld,03,2018-12-20 08:22:28+00:00,,2005-08-03 07:00:00+00:00,2005-08-03 07:00:00+00:00,docevent,2008
/api/v1/doc/document/rfc5225/,5225,rfc5225,"RObust Header Compression Version 2 (ROHCv2): Profiles for RTP, UDP, IP, ESP and UDP-Lite",2008-04-30 00:25:04+00:00,/api/v1/doc/document/draft-ietf-rohc-rfc3095bis-rohcv2-profiles/,/api/v1/doc/document/draft-ietf-rohc-rfc3095bis-improvements/,1,draft-ietf-rohc-rfc3095bis-improvements,03,2006-12-11 08:00:00+00:00,,2005-08-10 07:00:00+00:00,2005-08-10 07:00:00+00:00,docevent,2008
/api/v1/doc/document/rfc5173/,5173,rfc5173,Sieve Email Filtering: Body Extension,2008-05-01 01:17:17+00:00,/api/v1/doc/document/draft-ietf-sieve-body/,/api/v1/doc/document/draft-degener-sieve-body/,1,draft-degener-sieve-body,03,2010-02-01 08:00:00+00:00,,2002-06-26 07:00:00+00:00,2002-06-26 07:00:00+00:00,docevent,2008
/api/v1/doc/document/rfc5173/,5173,rfc5173,Sieve Email Filtering: Body Extension,2008-05-01 01:17:17+00:00,/api/v1/doc/document/draft-ietf-sieve-body/,/api/v1/doc/document/draft-ietf-sieve-body/,0,draft-ietf-sieve-body,09,2015-10-14 20:50:33+00:00,,2005-02-07 08:00:00+00:00,2005-02-07 08:00:00+00:00,docevent,2008
/api/v1/doc/document/rfc5280/,5280,rfc5280,Internet X.509 Public Key Infrastructure Certificate and Certificate Revocation List (CRL) Profile,2008-05-08 23:15:07+00:00,/api/v1/doc/document/draft-ietf-pkix-rfc3280bis/,/api/v1/doc/document/draft-ietf-pkix-rfc3280bis/,0,draft-ietf-pkix-rfc3280bis,11,2020-01-21 08:29:04+00:00,,2005-04-15 07:00:00+00:00,2005-04-15 07:00:00+00:00,docevent,2008
/api/v1/doc/document/rfc5181/,5181,rfc5181,IPv6 Deployment Scenarios in 802.16 Networks,2008-05-09 21:28:29+00:00,/api/v1/doc/document/draft-ietf-v6ops-802-16-deployment-scenarios/,/api/v1/doc/document/draft-shin-v6ops-802-16-deployment-scenarios/,1,draft-shin-v6ops-802-16-deployment-scenarios,00,2008-04-16 07:00:00+00:00,,2006-03-02 08:00:00+00:00,2006-03-02 08:00:00+00:00,docevent,2008
/api/v1/doc/document/rfc5181/,5181,rfc5181,IPv6 Deployment Scenarios in 802.16 Networks,2008-05-09 21:28:29+00:00,/api/v1/doc/document/draft-ietf-v6ops-802-16-deployment-scenarios/,/api/v1/doc/document/draft-ietf-v6ops-802-16-deployment-scenarios/,0,draft-ietf-v6ops-802-16-deployment-scenarios,07,2015-10-14 20:51:28+00:00,,2006-05-30 07:00:00+00:00,2006-05-30 07:00:00+00:00,docevent,2008
/api/v1/doc/document/rfc5192/,5192,rfc5192,DHCP Options for Protocol for Carrying Authentication for Network Access (PANA) Authentication Agents,2008-05-13 21:38:44+00:00,/api/v1/doc/document/draft-ietf-dhc-paa-option/,/api/v1/doc/document/draft-ietf-dhc-paa-option/,0,draft-ietf-dhc-paa-option,05,2015-10-14 20:51:22+00:00,,2005-10-07 07:00:00+00:00,2005-10-07 07:00:00+00:00,docevent,2008
/api/v1/doc/document/rfc5180/,5180,rfc5180,IPv6 Benchmarking Methodology for Network Interconnect Devices,2008-05-19 23:36:15+00:00,/api/v1/doc/document/draft-ietf-bmwg-ipv6-meth/,/api/v1/doc/document/draft-ietf-bmwg-ipv6-meth/,0,draft-ietf-bmwg-ipv6-meth,05,2020-01-21 08:28:49+00:00,,2007-01-02 08:00:00+00:00,2007-01-02 08:00:00+00:00,docevent,2008
/api/v1/doc/document/rfc5184/,5184,rfc5184,Unified Layer 2 (L2) Abstractions for Layer 3 (L3)-Driven Fast Handover,2008-05-29 23:30:58+00:00,/api/v1/doc/document/draft-irtf-mobopts-l2-abstractions/,/api/v1/doc/document/draft-irtf-mobopts-l2-abstractions/,0,draft-irtf-mobopts-l2-abstractions,07,2015-10-14 20:51:34+00:00,,2006-07-28 07:00:00+00:00,2006-07-28 07:00:00+00:00,docevent,2008
/api/v1/doc/document/rfc5208/,5208,rfc5208,Public-Key Cryptography Standards (PKCS) #8: Private-Key Information Syntax Specification Version 1.2,2008-05-29 23:31:00+00:00,/api/v1/doc/document/draft-kaliski-pkcs8/,/api/v1/doc/document/draft-kaliski-pkcs8/,0,draft-kaliski-pkcs8,00,2020-01-21 08:28:51+00:00,,2008-04-16 07:00:00+00:00,2008-04-16 07:00:00+00:00,docevent,2008
/api/v1/doc/document/rfc5238/,5238,rfc5238,Datagram Transport Layer Security (DTLS) over the Datagram Congestion Control Protocol (DCCP),2008-05-29 23:31:03+00:00,/api/v1/doc/document/draft-ietf-dccp-dtls/,/api/v1/doc/document/draft-phelan-dccp-dtls/,1,draft-phelan-dccp-dtls,01,2024-12-18 18:43:50+00:00,,2006-06-22 07:00:00+00:00,2006-06-22 07:00:00+00:00,docevent,2008
/api/v1/doc/document/rfc5186/,5186,rfc5186,Internet Group Management Protocol Version 3 (IGMPv3) / Multicast Listener Discovery Version 2 (MLDv2) and Multicast Routing Protocol Interaction,2008-05-30 17:40:17+00:00,/api/v1/doc/document/draft-ietf-magma-igmpv3-and-routing/,/api/v1/doc/document/draft-ietf-magma-igmpv3-and-routing/,0,draft-ietf-magma-igmpv3-and-routing,05,2015-10-14 20:50:12+00:00,,2002-03-05 08:00:02+00:00,2002-03-05 08:00:02+00:00,docevent,2008
/api/v1/doc/document/rfc5194/,5194,rfc5194,Framework for Real-Time Text over IP Using the Session Initiation Protocol (SIP),2008-06-03 22:23:41+00:00,/api/v1/doc/document/draft-ietf-sipping-toip/,/api/v1/doc/document/draft-vanwijk-sipping-toip/,1,draft-vanwijk-sipping-toip,00,2004-10-21 07:00:00+00:00,,2004-07-20 07:00:00+00:00,2004-07-20 07:00:00+00:00,docevent,2008
/api/v1/doc/document/rfc5194/,5194,rfc5194,Framework for Real-Time Text over IP Using the Session Initiation Protocol (SIP),2008-06-03 22:23:41+00:00,/api/v1/doc/document/draft-ietf-sipping-toip/,/api/v1/doc/document/draft-ietf-sipping-toip/,0,draft-ietf-sipping-toip,09,2015-10-14 20:51:06+00:00,,2004-10-20 07:00:00+00:00,2004-10-20 07:00:00+00:00,docevent,2008
/api/v1/doc/document/rfc5236/,5236,rfc5236,Improved Packet Reordering Metrics,2008-06-03 22:23:53+00:00,/api/v1/doc/document/draft-jayasumana-reorder-density/,/api/v1/doc/document/draft-jayasumana-reorder-density/,0,draft-jayasumana-reorder-density,08,2018-12-20 08:22:37+00:00,,2003-02-11 08:00:00+00:00,2003-02-11 08:00:00+00:00,docevent,2008
/api/v1/doc/document/rfc5240/,5240,rfc5240,Protocol Independent Multicast (PIM) Bootstrap Router MIB,2008-06-03 22:24:03+00:00,/api/v1/doc/document/draft-ietf-pim-bsr-mib/,/api/v1/doc/document/draft-mcwalter-pim-bsr-mib/,1,draft-mcwalter-pim-bsr-mib,01,2008-04-17 07:00:00+00:00,,2005-10-04 07:00:00+00:00,2005-10-04 07:00:00+00:00,docevent,2008
/api/v1/doc/document/rfc5240/,5240,rfc5240,Protocol Independent Multicast (PIM) Bootstrap Router MIB,2008-06-03 22:24:03+00:00,/api/v1/doc/document/draft-ietf-pim-bsr-mib/,/api/v1/doc/document/draft-ietf-pim-bsr-mib/,0,draft-ietf-pim-bsr-mib,06,2015-10-14 20:51:22+00:00,,2006-08-29 07:00:00+00:00,2006-08-29 07:00:00+00:00,docevent,2008
/api/v1/doc/document/rfc5195/,5195,rfc5195,BGP-Based Auto-Discovery for Layer-1 VPNs,2008-06-07 00:03:08+00:00,/api/v1/doc/document/draft-ietf-l1vpn-bgp-auto-discovery/,/api/v1/doc/document/draft-ouldbrahim-l1vpn-bgp-auto-discovery/,1,draft-ouldbrahim-l1vpn-bgp-auto-discovery,01,2008-04-16 07:00:00+00:00,,2005-10-21 07:00:00+00:00,2005-10-21 07:00:00+00:00,docevent,2008
/api/v1/doc/document/rfc5195/,5195,rfc5195,BGP-Based Auto-Discovery for Layer-1 VPNs,2008-06-07 00:03:08+00:00,/api/v1/doc/document/draft-ietf-l1vpn-bgp-auto-discovery/,/api/v1/doc/document/draft-ietf-l1vpn-bgp-auto-discovery/,0,draft-ietf-l1vpn-bgp-auto-discovery,05,2015-10-14 20:51:23+00:00,,2006-05-03 07:00:00+00:00,2006-05-03 07:00:00+00:00,docevent,2008
/api/v1/doc/document/rfc5239/,5239,rfc5239,A Framework for Centralized Conferencing,2008-06-09 22:16:48+00:00,/api/v1/doc/document/draft-ietf-xcon-framework/,/api/v1/doc/document/draft-barnes-xcon-framework/,1,draft-barnes-xcon-framework,02,2005-02-15 08:00:00+00:00,,2004-10-19 07:00:00+00:00,2004-10-19 07:00:00+00:00,docevent,2008
/api/v1/doc/document/rfc5256/,5256,rfc5256,Internet Message Access Protocol - SORT and THREAD Extensions,2008-06-09 22:16:50+00:00,/api/v1/doc/document/draft-ietf-imapext-sort/,/api/v1/doc/document/draft-ietf-imapext-sort/,0,draft-ietf-imapext-sort,20,2015-10-14 20:49:57+00:00,,2000-02-07 08:00:00+00:00,2000-02-07 08:00:00+00:00,docevent,2008
/api/v1/doc/document/rfc5258/,5258,rfc5258,Internet Message Access Protocol version 4 - LIST Command Extensions,2008-06-09 22:16:51+00:00,/api/v1/doc/document/draft-ietf-imapext-list-extensions/,/api/v1/doc/document/draft-ietf-imapext-list-extensions/,0,draft-ietf-imapext-list-extensions,18,2018-06-14 19:38:21+00:00,,2000-10-03 07:00:00+00:00,2000-10-03 07:00:00+00:00,docevent,2008
/api/v1/doc/document/rfc5197/,5197,rfc5197,On the Applicability of Various Multimedia Internet KEYing (MIKEY) Modes and Extensions,2008-06-11 23:43:22+00:00,/api/v1/doc/document/draft-ietf-msec-mikey-applicability/,/api/v1/doc/document/draft-fries-msec-mikey-applicability/,1,draft-fries-msec-mikey-applicability,00,2006-11-29 08:00:00+00:00,,2006-02-28 08:00:00+00:00,2006-02-28 08:00:00+00:00,docevent,2008
/api/v1/doc/document/rfc5257/,5257,rfc5257,Internet Message Access Protocol - ANNOTATE Extension,2008-06-14 00:11:11+00:00,/api/v1/doc/document/draft-ietf-imapext-annotate/,/api/v1/doc/document/draft-ietf-imapext-annotate/,0,draft-ietf-imapext-annotate,16,2018-12-20 08:22:39+00:00,,2000-07-18 07:00:00+00:00,2000-07-18 07:00:00+00:00,docevent,2008
/api/v1/doc/document/rfc5244/,5244,rfc5244,Definition of Events for Channel-Oriented Telephony Signalling,2008-06-17 22:17:17+00:00,/api/v1/doc/document/draft-ietf-avt-rfc2833biscas/,/api/v1/doc/document/draft-ietf-avt-rfc2833biscas/,0,draft-ietf-avt-rfc2833biscas,05,2015-10-14 20:51:13+00:00,,2005-02-07 08:00:00+00:00,2005-02-07 08:00:00+00:00,docevent,2008
/api/v1/doc/document/rfc5265/,5265,rfc5265,Mobile IPv4 Traversal across IPsec-Based VPN Gateways,2008-06-17 22:17:19+00:00,/api/v1/doc/document/draft-ietf-mip4-vpn-problem-solution/,/api/v1/doc/document/draft-ietf-mobileip-vpn-problem-solution/,1,draft-ietf-mobileip-vpn-problem-solution,03,2003-09-30 07:00:00+00:00,,2003-03-03 08:00:00+00:00,2003-03-03 08:00:00+00:00,docevent,2008
/api/v1/doc/document/rfc5266/,5266,rfc5266,Secure Connectivity and Mobility Using Mobile IPv4 and IKEv2 Mobility and Multihoming (MOBIKE),2008-06-17 22:17:21+00:00,/api/v1/doc/document/draft-ietf-mip4-mobike-connectivity/,/api/v1/doc/document/draft-devarapalli-mip4-mobike-connectivity/,1,draft-devarapalli-mip4-mobike-connectivity,01,2008-12-01 08:00:00+00:00,,2005-07-12 07:00:00+00:00,2005-07-12 07:00:00+00:00,docevent,2008
/api/v1/doc/document/rfc5266/,5266,rfc5266,Secure Connectivity and Mobility Using Mobile IPv4 and IKEv2 Mobility and Multihoming (MOBIKE),2008-06-17 22:17:21+00:00,/api/v1/doc/document/draft-ietf-mip4-mobike-connectivity/,/api/v1/doc/document/draft-ietf-mip4-mobike-connectivity/,0,draft-ietf-mip4-mobike-connectivity,03,2015-10-14 20:51:19+00:00,,2006-01-24 08:00:00+00:00,2006-01-24 08:00:00+00:00,docevent,2008
/api/v1/doc/document/rfc5269/,5269,rfc5269,Distributing a Symmetric Fast Mobile IPv6 (FMIPv6) Handover Key Using SEcure Neighbor Discovery (SEND),2008-06-25 23:27:22+00:00,/api/v1/doc/document/draft-ietf-mipshop-handover-key/,/api/v1/doc/document/draft-kempf-mipshop-handover-key/,1,draft-kempf-mipshop-handover-key,00,2008-03-03 08:00:00+00:00,,2006-05-30 07:00:00+00:00,2006-05-30 07:00:00+00:00,docevent,2008
/api/v1/doc/document/rfc5270/,5270,rfc5270,Mobile IPv6 Fast Handovers over IEEE 802.16e Networks,2008-06-25 23:27:24+00:00,/api/v1/doc/document/draft-ietf-mipshop-fh80216e/,/api/v1/doc/document/draft-jang-mipshop-fh80216e/,1,draft-jang-mipshop-fh80216e,02,2008-03-03 08:00:00+00:00,,2005-07-12 07:00:00+00:00,2005-07-12 07:00:00+00:00,docevent,2008
/api/v1/doc/document/rfc5271/,5271,rfc5271,Mobile IPv6 Fast Handovers for 3G CDMA Networks,2008-06-25 23:27:26+00:00,/api/v1/doc/document/draft-ietf-mipshop-3gfh/,/api/v1/doc/document/draft-yokota-mipshop-3gfh/,1,draft-yokota-mipshop-3gfh,02,2008-03-03 08:00:00+00:00,,2005-07-12 07:00:00+00:00,2005-07-12 07:00:00+00:00,docevent,2008
/api/v1/doc/document/rfc5209/,5209,rfc5209,Network Endpoint Assessment (NEA): Overview and Requirements,2008-06-26 22:43:46+00:00,/api/v1/doc/document/draft-ietf-nea-requirements/,/api/v1/doc/document/draft-khosravi-nea-requirements/,1,draft-khosravi-nea-requirements,01,2008-03-25 07:00:00+00:00,,2006-05-23 07:00:00+00:00,2006-05-23 07:00:00+00:00,docevent,2008
/api/v1/doc/document/rfc5209/,5209,rfc5209,Network Endpoint Assessment (NEA): Overview and Requirements,2008-06-26 22:43:46+00:00,/api/v1/doc/document/draft-ietf-nea-requirements/,/api/v1/doc/document/draft-ietf-nea-requirements/,0,draft-ietf-nea-requirements,07,2015-10-14 20:51:30+00:00,,2007-01-10 08:00:00+00:00,2007-01-10 08:00:00+00:00,docevent,2008
/api/v1/doc/document/rfc5227/,5227,rfc5227,IPv4 Address Conflict Detection,2008-07-03 21:17:44+00:00,/api/v1/doc/document/draft-cheshire-ipv4-acd/,/api/v1/doc/document/draft-cheshire-ipv4-acd/,0,draft-cheshire-ipv4-acd,06,2013-03-02 16:59:36+00:00,,2001-11-12 08:00:00+00:00,2001-11-12 08:00:00+00:00,docevent,2008
/api/v1/doc/document/rfc5250/,5250,rfc5250,The OSPF Opaque LSA Option,2008-07-03 21:18:23+00:00,/api/v1/doc/document/draft-ietf-ospf-rfc2370bis/,/api/v1/doc/document/draft-berger-ospf-rfc2370bis/,1,draft-berger-ospf-rfc2370bis,00,2008-04-16 07:00:00+00:00,,2006-10-16 07:00:00+00:00,2006-10-16 07:00:00+00:00,docevent,2008
/api/v1/doc/document/rfc5251/,5251,rfc5251,Layer 1 VPN Basic Mode,2008-07-03 21:18:40+00:00,/api/v1/doc/document/draft-ietf-l1vpn-basic-mode/,/api/v1/doc/document/draft-fedyk-l1vpn-basic-mode/,1,draft-fedyk-l1vpn-basic-mode,01,2008-04-17 07:00:00+00:00,,2005-10-19 07:00:00+00:00,2005-10-19 07:00:00+00:00,docevent,2008
/api/v1/doc/document/rfc5252/,5252,rfc5252,OSPF-Based Layer 1 VPN Auto-Discovery,2008-07-03 21:19:45+00:00,/api/v1/doc/document/draft-ietf-l1vpn-ospf-auto-discovery/,/api/v1/doc/document/draft-bryskin-l1vpn-ospf-auto-discovery/,1,draft-bryskin-l1vpn-ospf-auto-discovery,01,2008-04-16 07:00:00+00:00,,2006-02-21 08:00:00+00:00,2006-02-21 08:00:00+00:00,docevent,2008
/api/v1/doc/document/rfc5253/,5253,rfc5253,Applicability Statement for Layer 1 Virtual Private Network (L1VPN) Basic Mode,2008-07-03 21:20:03+00:00,/api/v1/doc/document/draft-ietf-l1vpn-applicability-basic-mode/,/api/v1/doc/document/draft-takeda-l1vpn-applicability-basic-mode/,1,draft-takeda-l1vpn-applicability-basic-mode,00,2008-04-16 07:00:00+00:00,,2006-10-18 07:00:00+00:00,2006-10-18 07:00:00+00:00,docevent,2008
/api/v1/doc/document/rfc5220/,5220,rfc5220,Problem Statement for Default Address Selection in Multi-Prefix Environments: Operational Issues of RFC 3484 Default Rules,2008-07-15 23:06:21+00:00,/api/v1/doc/document/draft-ietf-v6ops-addr-select-ps/,/api/v1/doc/document/draft-arifumi-v6ops-addr-select-ps/,1,draft-arifumi-v6ops-addr-select-ps,01,2006-12-05 08:00:00+00:00,,2006-06-13 07:00:00+00:00,2006-06-13 07:00:00+00:00,docevent,2008
/api/v1/doc/document/rfc5283/,5283,rfc5283,LDP Extension for Inter-Area Label Switched Paths (LSPs),2008-07-22 23:41:16+00:00,/api/v1/doc/document/draft-ietf-mpls-ldp-interarea/,/api/v1/doc/document/draft-decraene-mpls-ldp-interarea/,1,draft-decraene-mpls-ldp-interarea,04,2010-01-05 08:00:00+00:00,,2005-07-11 07:00:00+00:00,2005-07-11 07:00:00+00:00,docevent,2008
/api/v1/doc/document/rfc5283/,5283,rfc5283,LDP Extension for Inter-Area Label Switched Paths (LSPs),2008-07-22 23:41:16+00:00,/api/v1/doc/document/draft-ietf-mpls-ldp-interarea/,/api/v1/doc/document/draft-ietf-mpls-ldp-interarea/,0,draft-ietf-mpls-ldp-interarea,04,2018-12-20 08:22:41+00:00,,2007-07-31 07:00:00+00:00,2007-07-31 07:00:00+00:00,docevent,2008
/api/v1/doc/document/rfc5278/,5278,rfc5278,IANA Registration of Enumservices for Voice and Video Messaging,2008-07-25 21:54:23+00:00,/api/v1/doc/document/draft-ietf-enum-vmsg/,/api/v1/doc/document/draft-livingood-enum-videomsg/,1,draft-livingood-enum-videomsg,01,2010-04-26 07:00:00+00:00,,2007-08-30 07:00:00+00:00,2007-08-30 07:00:00+00:00,docevent,2008
/api/v1/doc/document/rfc5278/,5278,rfc5278,IANA Registration of Enumservices for Voice and Video Messaging,2008-07-25 21:54:23+00:00,/api/v1/doc/document/draft-ietf-enum-vmsg/,/api/v1/doc/document/draft-livingood-enum-voicemsg/,1,draft-livingood-enum-voicemsg,01,2010-04-26 07:00:00+00:00,,2007-08-30 07:00:00+00:00,2007-08-30 07:00:00+00:00,docevent,2008
/api/v1/doc/document/rfc5222/,5222,rfc5222,LoST: A Location-to-Service Translation Protocol,2008-08-05 22:47:16+00:00,/api/v1/doc/document/draft-ietf-ecrit-lost/,/api/v1/doc/document/draft-hardie-ecrit-lost/,1,draft-hardie-ecrit-lost,00,2008-04-17 07:00:00+00:00,,2006-03-01 08:00:00+00:00,2006-03-01 08:00:00+00:00,docevent,2008
/api/v1/doc/document/rfc5223/,5223,rfc5223,Discovering Location-to-Service Translation (LoST) Servers Using the Dynamic Host Configuration Protocol (DHCP),2008-08-05 22:47:37+00:00,/api/v1/doc/document/draft-ietf-ecrit-dhc-lost-discovery/,/api/v1/doc/document/draft-polk-ecrit-dhc-lost-discovery/,1,draft-polk-ecrit-dhc-lost-discovery,01,2008-04-16 07:00:00+00:00,,2006-09-05 07:00:00+00:00,2006-09-05 07:00:00+00:00,docevent,2008
/api/v1/doc/document/rfc5291/,5291,rfc5291,Outbound Route Filtering Capability for BGP-4,2008-08-05 22:47:58+00:00,/api/v1/doc/document/draft-ietf-idr-route-filter/,/api/v1/doc/document/draft-ietf-idr-route-filter/,0,draft-ietf-idr-route-filter,17,2020-07-29 07:30:59+00:00,,2000-09-11 07:00:00+00:00,2000-09-11 07:00:00+00:00,docevent,2008
/api/v1/doc/document/rfc5292/,5292,rfc5292,Address-Prefix-Based Outbound Route Filter for BGP-4,2008-08-05 22:48:14+00:00,/api/v1/doc/document/draft-ietf-idr-bgp-prefix-orf/,/api/v1/doc/document/draft-ietf-idr-bgp-prefix-orf/,0,draft-ietf-idr-bgp-prefix-orf,05,2015-10-14 20:51:06+00:00,,2004-08-30 07:00:00+00:00,2004-08-30 07:00:00+00:00,docevent,2008
/api/v1/doc/document/rfc5287/,5287,rfc5287,Control Protocol Extensions for the Setup of Time-Division Multiplexing (TDM) Pseudowires in MPLS Networks,2008-08-06 23:27:18+00:00,/api/v1/doc/document/draft-ietf-pwe3-tdm-control-protocol-extensi/,/api/v1/doc/document/draft-vainshtein-pwe3-tdm-control-protocol-extensi/,1,draft-vainshtein-pwe3-tdm-control-protocol-extensi,04,2009-03-05 08:00:00+00:00,,2004-02-09 08:00:00+00:00,2004-02-09 08:00:00+00:00,docevent,2008
/api/v1/doc/document/rfc5213/,5213,rfc5213,Proxy Mobile IPv6,2008-08-13 16:36:46+00:00,/api/v1/doc/document/draft-ietf-netlmm-proxymip6/,/api/v1/doc/document/draft-sgundave-mip6-proxymip6/,1,draft-sgundave-mip6-proxymip6,02,2011-04-18 07:00:00+00:00,,2006-10-19 07:00:00+00:00,2006-10-19 07:00:00+00:00,docevent,2008
/api/v1/doc/document/rfc5215/,5215,rfc5215,RTP Payload Format for Vorbis Encoded Audio,2008-08-13 16:37:04+00:00,/api/v1/doc/document/draft-ietf-avt-rtp-vorbis/,/api/v1/doc/document/draft-kerr-avt-vorbis-rtp/,1,draft-kerr-avt-vorbis-rtp,05,2015-10-14 20:50:40+00:00,,2003-01-08 08:00:00+00:00,2003-01-08 08:00:00+00:00,docevent,2008
/api/v1/doc/document/rfc5215/,5215,rfc5215,RTP Payload Format for Vorbis Encoded Audio,2008-08-13 16:37:04+00:00,/api/v1/doc/document/draft-ietf-avt-rtp-vorbis/,/api/v1/doc/document/draft-ietf-avt-rtp-vorbis/,0,draft-ietf-avt-rtp-vorbis,09,2018-12-20 08:22:33+00:00,,2006-02-28 08:00:00+00:00,2006-02-28 08:00:00+00:00,docevent,2008
/api/v1/doc/document/rfc5247/,5247,rfc5247,Extensible Authentication Protocol (EAP) Key Management Framework,2008-08-15 20:53:43+00:00,/api/v1/doc/document/draft-ietf-eap-keying/,/api/v1/doc/document/draft-aboba-pppext-key-problem/,1,draft-aboba-pppext-key-problem,07,2008-03-03 08:00:00+00:00,,2001-11-12 08:00:00+00:00,2001-11-12 08:00:00+00:00,docevent,2008
/api/v1/doc/document/rfc5246/,5246,rfc5246,The Transport Layer Security (TLS) Protocol Version 1.2,2008-08-15 20:54:02+00:00,/api/v1/doc/document/draft-ietf-tls-rfc4346-bis/,/api/v1/doc/document/draft-ietf-tls-rfc4346-bis/,0,draft-ietf-tls-rfc4346-bis,10,2020-01-21 08:28:58+00:00,,2006-03-02 08:00:00+00:00,2006-03-02 08:00:00+00:00,docevent,2008
/api/v1/doc/document/rfc5281/,5281,rfc5281,Extensible Authentication Protocol Tunneled Transport Layer Security Authenticated Protocol Version 0 (EAP-TTLSv0),2008-08-15 20:54:21+00:00,/api/v1/doc/document/draft-funk-eap-ttls-v0/,/api/v1/doc/document/draft-funk-eap-ttls-v0/,0,draft-funk-eap-ttls-v0,05,2020-01-21 08:29:06+00:00,,2005-02-16 08:00:00+00:00,2005-02-16 08:00:00+00:00,docevent,2008
/api/v1/doc/document/rfc5282/,5282,rfc5282,Using Authenticated Encryption Algorithms with the Encrypted Payload of the Internet Key Exchange version 2 (IKEv2) Protocol,2008-08-21 18:45:28+00:00,/api/v1/doc/document/draft-black-ipsec-ikev2-aead-modes/,/api/v1/doc/document/draft-black-ipsec-ikev2-aead-modes/,0,draft-black-ipsec-ikev2-aead-modes,01,2020-01-21 08:29:07+00:00,,2008-02-20 08:00:00+00:00,2008-02-20 08:00:00+00:00,docevent,2008
/api/v1/doc/document/rfc5288/,5288,rfc5288,AES Galois Counter Mode (GCM) Cipher Suites for TLS,2008-08-21 18:45:45+00:00,/api/v1/doc/document/draft-ietf-tls-rsa-aes-gcm/,/api/v1/doc/document/draft-salowey-tls-rsa-aes-gcm/,1,draft-salowey-tls-rsa-aes-gcm,00,2008-02-29 08:00:00+00:00,,2007-02-26 08:00:00+00:00,2007-02-26 08:00:00+00:00,docevent,2008
/api/v1/doc/document/rfc5293/,5293,rfc5293,Sieve Email Filtering: Editheader Extension,2008-08-21 18:47:57+00:00,/api/v1/doc/document/draft-ietf-sieve-editheader/,/api/v1/doc/document/draft-degener-sieve-editheader/,1,draft-degener-sieve-editheader,02,2010-02-01 08:00:00+00:00,,2003-04-21 07:00:00+00:00,2003-04-21 07:00:00+00:00,docevent,2008
/api/v1/doc/document/rfc5293/,5293,rfc5293,Sieve Email Filtering: Editheader Extension,2008-08-21 18:47:57+00:00,/api/v1/doc/document/draft-ietf-sieve-editheader/,/api/v1/doc/document/draft-ietf-sieve-editheader/,0,draft-ietf-sieve-editheader,11,2015-10-14 20:50:45+00:00,,2005-02-07 08:00:00+00:00,2005-02-07 08:00:00+00:00,docevent,2008
/api/v1/doc/document/rfc5294/,5294,rfc5294,Host Threats to Protocol Independent Multicast (PIM),2008-08-21 18:48:12+00:00,/api/v1/doc/document/draft-ietf-pim-lasthop-threats/,/api/v1/doc/document/draft-savola-pim-lasthop-threats/,1,draft-savola-pim-lasthop-threats,02,2008-04-16 07:00:00+00:00,,2004-11-23 08:00:00+00:00,2004-11-23 08:00:00+00:00,docevent,2008
/api/v1/doc/document/rfc5298/,5298,rfc5298,Analysis of Inter-Domain Label Switched Path (LSP) Recovery,2008-08-21 18:48:33+00:00,/api/v1/doc/document/draft-ietf-ccamp-inter-domain-recovery-analysis/,/api/v1/doc/document/draft-takeda-ccamp-inter-domain-recovery-analysis/,1,draft-takeda-ccamp-inter-domain-recovery-analysis,01,2006-12-22 08:00:00+00:00,,2006-06-19 07:00:00+00:00,2006-06-19 07:00:00+00:00,docevent,2008
/api/v1/doc/document/rfc5284/,5284,rfc5284,User-Defined Errors for RSVP,2008-08-27 23:27:28+00:00,/api/v1/doc/document/draft-ietf-tsvwg-rsvp-user-error-spec/,/api/v1/doc/document/draft-swallow-rsvp-user-error-spec/,1,draft-swallow-rsvp-user-error-spec,01,2007-04-10 07:00:00+00:00,,2006-10-13 07:00:00+00:00,2006-10-13 07:00:00+00:00,docevent,2008
/api/v1/doc/document/rfc5295/,5295,rfc5295,Specification for the Derivation of Root Keys from an Extended Master Session Key (EMSK),2008-08-27 23:27:50+00:00,/api/v1/doc/document/draft-ietf-hokey-emsk-hierarchy/,/api/v1/doc/document/draft-salowey-eap-emsk-deriv/,1,draft-salowey-eap-emsk-deriv,01,2008-12-01 08:00:00+00:00,,2006-05-12 07:00:00+00:00,2006-05-12 07:00:00+00:00,docevent,2008
/api/v1/doc/document/rfc5335/,5335,rfc5335,Internationalized Email Headers,2008-09-06 00:07:41+00:00,/api/v1/doc/document/draft-ietf-eai-utf8headers/,/api/v1/doc/document/draft-ietf-eai-utf8headers/,0,draft-ietf-eai-utf8headers,12,2020-01-21 08:29:14+00:00,,2006-06-05 07:00:00+00:00,2006-06-05 07:00:00+00:00,docevent,2008
/api/v1/doc/document/rfc5324/,5324,rfc5324,MIB for Fibre-Channel Security Protocols (FC-SP),2008-09-11 18:58:27+00:00,/api/v1/doc/document/draft-ietf-imss-fc-fcsp-mib/,/api/v1/doc/document/draft-kzm-imss-fc-fcsp-mib/,1,draft-kzm-imss-fc-fcsp-mib,00,2007-06-12 07:00:00+00:00,,2007-06-12 07:00:00+00:00,2007-06-12 07:00:00+00:00,docevent,2008
/api/v1/doc/document/rfc5338/,5338,rfc5338,Using the Host Identity Protocol with Legacy Applications,2008-09-18 23:12:41+00:00,/api/v1/doc/document/draft-ietf-hip-applications/,/api/v1/doc/document/draft-henderson-hip-applications/,1,draft-henderson-hip-applications,03,2008-03-03 08:00:00+00:00,,2005-02-15 08:00:00+00:00,2005-02-15 08:00:00+00:00,docevent,2008
/api/v1/doc/document/rfc5348/,5348,rfc5348,TCP Friendly Rate Control (TFRC): Protocol Specification,2008-09-25 17:38:58+00:00,/api/v1/doc/document/draft-ietf-dccp-rfc3448bis/,/api/v1/doc/document/draft-floyd-rfc3448bis/,1,draft-floyd-rfc3448bis,00,2006-10-17 07:00:00+00:00,,2006-06-22 07:00:00+00:00,2006-06-22 07:00:00+00:00,docevent,2008
/api/v1/doc/document/rfc5380/,5380,rfc5380,Hierarchical Mobile IPv6 (HMIPv6) Mobility Management,2008-10-02 21:04:50+00:00,/api/v1/doc/document/draft-ietf-mipshop-4140bis/,/api/v1/doc/document/draft-soliman-mipshop-4140bis/,1,draft-soliman-mipshop-4140bis,01,2008-03-03 08:00:00+00:00,,2006-06-20 07:00:00+00:00,2006-06-20 07:00:00+00:00,docevent,2008
/api/v1/doc/document/rfc5303/,5303,rfc5303,Three-Way Handshake for IS-IS Point-to-Point Adjacencies,2008-10-03 20:31:58+00:00,/api/v1/doc/document/draft-ietf-isis-rfc3373bis/,/api/v1/doc/document/draft-ietf-isis-rfc3373bis/,0,draft-ietf-isis-rfc3373bis,01,2020-01-21 08:29:10+00:00,,2008-04-02 07:00:00+00:00,2008-04-02 07:00:00+00:00,docevent,2008
/api/v1/doc/document/rfc5305/,5305,rfc5305,IS-IS Extensions for Traffic Engineering,2008-10-03 20:32:44+00:00,/api/v1/doc/document/draft-ietf-isis-te-bis/,/api/v1/doc/document/draft-ietf-isis-te-bis/,0,draft-ietf-isis-te-bis,00,2015-10-14 20:51:21+00:00,,2005-09-06 07:00:00+00:00,2005-09-06 07:00:00+00:00,docevent,2008
/api/v1/doc/document/rfc5307/,5307,rfc5307,IS-IS Extensions in Support of Generalized Multi-Protocol Label Switching (GMPLS),2008-10-03 20:33:25+00:00,/api/v1/doc/document/draft-ietf-isis-rfc4205bis/,/api/v1/doc/document/draft-ietf-isis-rfc4205bis/,0,draft-ietf-isis-rfc4205bis,00,2020-01-21 08:29:10+00:00,,2006-11-15 08:00:00+00:00,2006-11-15 08:00:00+00:00,docevent,2008
/api/v1/doc/document/rfc5309/,5309,rfc5309,Point-to-Point Operation over LAN in Link State Routing Protocols,2008-10-03 20:34:16+00:00,/api/v1/doc/document/draft-ietf-isis-igp-p2p-over-lan/,/api/v1/doc/document/draft-ietf-isis-igp-p2p-over-lan/,0,draft-ietf-isis-igp-p2p-over-lan,06,2020-07-29 07:31:00+00:00,,2001-09-21 07:00:00+00:00,2001-09-21 07:00:00+00:00,docevent,2008
/api/v1/doc/document/rfc5346/,5346,rfc5346,Operational Requirements for ENUM-Based Softswitch Use,2008-10-03 20:34:30+00:00,/api/v1/doc/document/draft-ietf-enum-softswitch-req/,/api/v1/doc/document/draft-lim-kim-enum-based-softswitch/,1,draft-lim-kim-enum-based-softswitch,01,2010-04-26 07:00:00+00:00,,2006-10-18 07:00:00+00:00,2006-10-18 07:00:00+00:00,docevent,2008
/api/v1/doc/document/rfc5357/,5357,rfc5357,A Two-Way Active Measurement Protocol (TWAMP),2008-10-06 22:22:14+00:00,/api/v1/doc/document/draft-ietf-ippm-twamp/,/api/v1/doc/document/draft-ietf-ippm-twamp/,0,draft-ietf-ippm-twamp,09,2020-01-21 08:29:17+00:00,,2005-11-11 08:00:00+00:00,2005-11-11 08:00:00+00:00,docevent,2008
/api/v1/doc/document/rfc5382/,5382,rfc5382,NAT Behavioral Requirements for TCP,2008-10-16 22:08:17+00:00,/api/v1/doc/document/draft-ietf-behave-tcp/,/api/v1/doc/document/draft-hoffman-behave-tcp/,1,draft-hoffman-behave-tcp,04,2006-10-20 07:00:00+00:00,,2005-06-01 07:00:00+00:00,2005-06-01 07:00:00+00:00,docevent,2008
/api/v1/doc/document/rfc5330/,5330,rfc5330,A Link-Type sub-TLV to Convey the Number of Traffic Engineering Label Switched Paths Signalled with Zero Reserved Bandwidth across a Link,2008-10-17 22:24:03+00:00,/api/v1/doc/document/draft-ietf-mpls-number-0-bw-te-lsps/,/api/v1/doc/document/draft-vasseur-mpls-nb-te-lsp/,2,draft-vasseur-mpls-nb-te-lsp,00,2006-02-07 08:00:00+00:00,,2006-02-06 08:00:00+00:00,2006-02-06 08:00:00+00:00,docevent,2008
/api/v1/doc/document/rfc5330/,5330,rfc5330,A Link-Type sub-TLV to Convey the Number of Traffic Engineering Label Switched Paths Signalled with Zero Reserved Bandwidth across a Link,2008-10-17 22:24:03+00:00,/api/v1/doc/document/draft-ietf-mpls-number-0-bw-te-lsps/,/api/v1/doc/document/draft-vasseur-mpls-number-0-bw-te-lsps/,1,draft-vasseur-mpls-number-0-bw-te-lsps,00,2008-04-16 07:00:00+00:00,,2006-02-07 08:00:00+00:00,2006-02-07 08:00:00+00:00,docevent,2008
/api/v1/doc/document/rfc5254/,5254,rfc5254,Requirements for Multi-Segment Pseudowire Emulation Edge-to-Edge (PWE3),2008-10-21 16:46:26+00:00,/api/v1/doc/document/draft-ietf-pwe3-ms-pw-requirements/,/api/v1/doc/document/draft-ietf-pwe3-ms-pw-requirements/,0,draft-ietf-pwe3-ms-pw-requirements,07,2020-01-21 08:29:00+00:00,,2005-06-16 07:00:00+00:00,2005-06-16 07:00:00+00:00,docevent,2008
/api/v1/doc/document/rfc5344/,5344,rfc5344,Presence and Instant Messaging Peering Use Cases,2008-10-21 16:46:45+00:00,/api/v1/doc/document/draft-ietf-speermint-consolidated-presence-im-usecases/,/api/v1/doc/document/draft-ietf-speermint-consolidated-presence-im-usecases/,0,draft-ietf-speermint-consolidated-presence-im-usecases,05,2015-10-14 20:51:45+00:00,,2007-02-28 08:00:00+00:00,2007-02-28 08:00:00+00:00,docevent,2008
/api/v1/doc/document/rfc5371/,5371,rfc5371,RTP Payload Format for JPEG 2000 Video Streams,2008-10-21 16:47:03+00:00,/api/v1/doc/document/draft-ietf-avt-rtp-jpeg2000/,/api/v1/doc/document/draft-edwards-avt-rtp-jpeg2000/,1,draft-edwards-avt-rtp-jpeg2000,00,2009-02-24 08:00:00+00:00,,2001-11-13 08:00:00+00:00,2001-11-13 08:00:00+00:00,docevent,2008
/api/v1/doc/document/rfc5371/,5371,rfc5371,RTP Payload Format for JPEG 2000 Video Streams,2008-10-21 16:47:03+00:00,/api/v1/doc/document/draft-ietf-avt-rtp-jpeg2000/,/api/v1/doc/document/draft-ietf-avt-rtp-jpeg2000/,0,draft-ietf-avt-rtp-jpeg2000,20,2015-10-14 20:50:22+00:00,,2002-05-13 07:00:00+00:00,2002-05-13 07:00:00+00:00,docevent,2008
/api/v1/doc/document/rfc5372/,5372,rfc5372,Payload Format for JPEG 2000 Video: Extensions for Scalability and Main Header Recovery,2008-10-21 16:47:26+00:00,/api/v1/doc/document/draft-ietf-avt-rtp-jpeg2000-beam/,/api/v1/doc/document/draft-ietf-avt-rtp-jpeg2000-beam/,0,draft-ietf-avt-rtp-jpeg2000-beam,11,2018-12-20 08:23:03+00:00,,2005-02-15 08:00:00+00:00,2005-02-15 08:00:00+00:00,docevent,2008
/api/v1/doc/document/rfc5383/,5383,rfc5383,Deployment Considerations for Lemonade-Compliant Mobile Email,2008-10-23 22:00:46+00:00,/api/v1/doc/document/draft-ietf-lemonade-deployments/,/api/v1/doc/document/draft-ietf-lemonade-deployments/,0,draft-ietf-lemonade-deployments,09,2015-10-14 20:51:28+00:00,,2006-03-02 08:00:00+00:00,2006-03-02 08:00:00+00:00,docevent,2008
/api/v1/doc/document/rfc5361/,5361,rfc5361,A Document Format for Requesting Consent,2008-10-30 18:25:25+00:00,/api/v1/doc/document/draft-ietf-sipping-consent-format/,/api/v1/doc/document/draft-camarillo-sipping-consent-format/,1,draft-camarillo-sipping-consent-format,01,2008-04-16 07:00:00+00:00,,2006-02-27 08:00:00+00:00,2006-02-27 08:00:00+00:00,docevent,2008
/api/v1/doc/document/rfc5362/,5362,rfc5362,The Session Initiation Protocol (SIP) Pending Additions Event Package,2008-10-30 18:27:02+00:00,/api/v1/doc/document/draft-ietf-sipping-pending-additions/,/api/v1/doc/document/draft-camarillo-sipping-pending-additions/,1,draft-camarillo-sipping-pending-additions,00,2008-04-16 07:00:00+00:00,,2006-06-13 07:00:00+00:00,2006-06-13 07:00:00+00:00,docevent,2008
/api/v1/doc/document/rfc5365/,5365,rfc5365,Multiple-Recipient MESSAGE Requests in the Session Initiation Protocol (SIP),2008-10-30 18:27:23+00:00,/api/v1/doc/document/draft-ietf-sip-uri-list-message/,/api/v1/doc/document/draft-ietf-sipping-uri-list-message/,1,draft-ietf-sipping-uri-list-message,08,2006-09-24 07:00:00+00:00,,2004-07-13 07:00:00+00:00,2004-07-13 07:00:00+00:00,docevent,2008
/api/v1/doc/document/rfc5367/,5367,rfc5367,Subscriptions to Request-Contained Resource Lists in the Session Initiation Protocol (SIP),2008-10-30 18:27:47+00:00,/api/v1/doc/document/draft-ietf-sip-uri-list-subscribe/,/api/v1/doc/document/draft-ietf-sipping-uri-list-subscribe/,1,draft-ietf-sipping-uri-list-subscribe,05,2006-09-24 07:00:00+00:00,,2004-07-13 07:00:00+00:00,2004-07-13 07:00:00+00:00,docevent,2008
/api/v1/doc/document/rfc5368/,5368,rfc5368,Referring to Multiple Resources in the Session Initiation Protocol (SIP),2008-10-30 18:27:57+00:00,/api/v1/doc/document/draft-ietf-sip-multiple-refer/,/api/v1/doc/document/draft-ietf-sipping-multiple-refer/,1,draft-ietf-sipping-multiple-refer,06,2006-09-24 07:00:00+00:00,,2004-07-13 07:00:00+00:00,2004-07-13 07:00:00+00:00,docevent,2008
/api/v1/doc/document/rfc5369/,5369,rfc5369,Framework for Transcoding with the Session Initiation Protocol (SIP),2008-10-30 18:28:08+00:00,/api/v1/doc/document/draft-ietf-sipping-transc-framework/,/api/v1/doc/document/draft-ietf-sipping-transc-framework/,0,draft-ietf-sipping-transc-framework,05,2015-10-14 20:50:59+00:00,,2004-02-06 08:00:00+00:00,2004-02-06 08:00:00+00:00,docevent,2008
/api/v1/doc/document/rfc5370/,5370,rfc5370,The Session Initiation Protocol (SIP) Conference Bridge Transcoding Model,2008-10-30 18:28:18+00:00,/api/v1/doc/document/draft-ietf-sipping-transc-conf/,/api/v1/doc/document/draft-ietf-sipping-transc-conf/,0,draft-ietf-sipping-transc-conf,03,2015-10-14 20:51:17+00:00,,2005-06-03 07:00:00+00:00,2005-06-03 07:00:00+00:00,docevent,2008
/api/v1/doc/document/rfc5376/,5376,rfc5376,Inter-AS Requirements for the Path Computation Element Communication Protocol (PCECP),2008-11-14 21:41:34+00:00,/api/v1/doc/document/draft-ietf-pce-interas-pcecp-reqs/,/api/v1/doc/document/draft-leroux-pce-pcecp-interarea-reqs/,1,draft-leroux-pce-pcecp-interarea-reqs,00,2011-10-04 07:00:00+00:00,,2005-10-17 07:00:00+00:00,2005-10-17 07:00:00+00:00,docevent,2008
/api/v1/doc/document/rfc5405/,5405,rfc5405,Unicast UDP Usage Guidelines for Application Designers,2008-11-18 17:09:44+00:00,/api/v1/doc/document/draft-ietf-tsvwg-udp-guidelines/,/api/v1/doc/document/draft-eggert-tsvwg-udp-guidelines/,1,draft-eggert-tsvwg-udp-guidelines,02,2007-05-29 07:00:00+00:00,,2007-02-27 08:00:00+00:00,2007-02-27 08:00:00+00:00,docevent,2008
/api/v1/doc/document/rfc5373/,5373,rfc5373,Requesting Answering Modes for the Session Initiation Protocol (SIP),2008-11-25 23:31:47+00:00,/api/v1/doc/document/draft-ietf-sip-answermode/,/api/v1/doc/document/draft-willis-sip-answeralert/,1,draft-willis-sip-answeralert,01,2005-12-15 08:00:00+00:00,,2005-06-15 07:00:00+00:00,2005-06-15 07:00:00+00:00,docevent,2008
/api/v1/doc/document/rfc5391/,5391,rfc5391,RTP Payload Format for ITU-T Recommendation G.711.1,2008-11-25 23:31:50+00:00,/api/v1/doc/document/draft-ietf-avt-rtp-g711wb/,/api/v1/doc/document/draft-sollaud-avt-rtp-g711wb/,1,draft-sollaud-avt-rtp-g711wb,00,2008-02-18 08:00:00+00:00,,2008-02-18 08:00:00+00:00,2008-02-18 08:00:00+00:00,docevent,2008
/api/v1/doc/document/rfc5395/,5395,rfc5395,Domain Name System (DNS) IANA Considerations,2008-11-26 22:17:43+00:00,/api/v1/doc/document/draft-ietf-dnsext-2929bis/,/api/v1/doc/document/draft-ietf-dnsext-2929bis/,0,draft-ietf-dnsext-2929bis,07,2020-01-21 08:29:21+00:00,,2005-07-11 07:00:00+00:00,2005-07-11 07:00:00+00:00,docevent,2008
/api/v1/doc/document/rfc5375/,5375,rfc5375,IPv6 Unicast Address Assignment Considerations,2008-12-04 00:20:00+00:00,/api/v1/doc/document/draft-ietf-v6ops-addcon/,/api/v1/doc/document/draft-vandevelde-v6ops-addcon/,1,draft-vandevelde-v6ops-addcon,00,2008-04-17 07:00:00+00:00,,2006-02-13 08:00:00+00:00,2006-02-13 08:00:00+00:00,docevent,2008
/api/v1/doc/document/rfc5390/,5390,rfc5390,Requirements for Management of Overload in the Session Initiation Protocol,2008-12-09 23:59:14+00:00,/api/v1/doc/document/draft-ietf-sipping-overload-reqs/,/api/v1/doc/document/draft-rosenberg-sipping-overload-reqs/,1,draft-rosenberg-sipping-overload-reqs,02,2008-04-16 07:00:00+00:00,,2006-02-27 08:00:00+00:00,2006-02-27 08:00:00+00:00,docevent,2008
/api/v1/doc/document/rfc5407/,5407,rfc5407,Example Call Flows of Race Conditions in the Session Initiation Protocol (SIP),2008-12-10 22:57:01+00:00,/api/v1/doc/document/draft-ietf-sipping-race-examples/,/api/v1/doc/document/draft-hasebe-sipping-exceptional-procedure-example/,2,draft-hasebe-sipping-exceptional-procedure-example,03,2006-03-21 08:00:00+00:00,,2005-07-12 07:00:00+00:00,2005-07-12 07:00:00+00:00,docevent,2008
/api/v1/doc/document/rfc5407/,5407,rfc5407,Example Call Flows of Race Conditions in the Session Initiation Protocol (SIP),2008-12-10 22:57:01+00:00,/api/v1/doc/document/draft-ietf-sipping-race-examples/,/api/v1/doc/document/draft-hasebe-sipping-race-examples/,1,draft-hasebe-sipping-race-examples,02,2006-10-24 07:00:00+00:00,,2006-03-03 08:00:00+00:00,2006-03-03 08:00:00+00:00,docevent,2008
/api/v1/doc/document/rfc5407/,5407,rfc5407,Example Call Flows of Race Conditions in the Session Initiation Protocol (SIP),2008-12-10 22:57:01+00:00,/api/v1/doc/document/draft-ietf-sipping-race-examples/,/api/v1/doc/document/draft-ietf-sipping-race-examples/,0,draft-ietf-sipping-race-examples,06,2015-10-14 20:51:29+00:00,,2006-12-11 08:00:00+00:00,2006-12-11 08:00:00+00:00,docevent,2008
/api/v1/doc/document/rfc5316/,5316,rfc5316,ISIS Extensions in Support of Inter-Autonomous System (AS) MPLS and GMPLS Traffic Engineering,2008-12-11 23:12:26+00:00,/api/v1/doc/document/draft-ietf-ccamp-isis-interas-te-extension/,/api/v1/doc/document/draft-chen-ccamp-isis-interas-te-extension/,1,draft-chen-ccamp-isis-interas-te-extension,01,2009-04-28 07:00:00+00:00,,2007-07-03 07:00:00+00:00,2007-07-03 07:00:00+00:00,docevent,2008
/api/v1/doc/document/rfc5388/,5388,rfc5388,Information Model and XML Data Model for Traceroute Measurements,2008-12-11 23:12:49+00:00,/api/v1/doc/document/draft-ietf-ippm-storetraceroutes/,/api/v1/doc/document/draft-niccolini-ippm-storetraceroutes/,1,draft-niccolini-ippm-storetraceroutes,03,2006-10-17 07:00:00+00:00,,2005-02-14 08:00:00+00:00,2005-02-14 08:00:00+00:00,docevent,2008
/api/v1/doc/document/rfc5394/,5394,rfc5394,Policy-Enabled Path Computation Framework,2008-12-11 23:13:07+00:00,/api/v1/doc/document/draft-ietf-pce-policy-enabled-path-comp/,/api/v1/doc/document/draft-bryskin-pce-policy-enabled-path-comp/,1,draft-bryskin-pce-policy-enabled-path-comp,02,2008-04-16 07:00:00+00:00,,2005-10-10 07:00:00+00:00,2005-10-10 07:00:00+00:00,docevent,2008
/api/v1/doc/document/rfc5392/,5392,rfc5392,OSPF Extensions in Support of Inter-Autonomous System (AS) MPLS and GMPLS Traffic Engineering,2009-01-14 22:59:14+00:00,/api/v1/doc/document/draft-ietf-ccamp-ospf-interas-te-extension/,/api/v1/doc/document/draft-chen-ccamp-ospf-interas-te-extension/,1,draft-chen-ccamp-ospf-interas-te-extension,02,2007-06-06 07:00:00+00:00,,2007-01-30 08:00:00+00:00,2007-01-30 08:00:00+00:00,docevent,2009
/api/v1/doc/document/rfc5409/,5409,rfc5409,Using the Boneh-Franklin and Boneh-Boyen Identity-Based Encryption Algorithms with the Cryptographic Message Syntax (CMS),2009-01-24 00:09:13+00:00,/api/v1/doc/document/draft-ietf-smime-bfibecms/,/api/v1/doc/document/draft-ietf-smime-bfibecms/,0,draft-ietf-smime-bfibecms,10,2015-10-14 20:51:34+00:00,,2006-06-14 07:00:00+00:00,2006-06-14 07:00:00+00:00,docevent,2009
/api/v1/doc/document/rfc5408/,5408,rfc5408,Identity-Based Encryption Architecture and Supporting Data Structures,2009-01-24 00:13:18+00:00,/api/v1/doc/document/draft-ietf-smime-ibearch/,/api/v1/doc/document/draft-ietf-smime-ibearch/,0,draft-ietf-smime-ibearch,09,2020-01-21 08:29:23+00:00,,2006-06-14 07:00:00+00:00,2006-06-14 07:00:00+00:00,docevent,2009
/api/v1/doc/document/rfc5459/,5459,rfc5459,G.729.1 RTP Payload Format Update: Discontinuous Transmission (DTX) Support,2009-01-24 00:13:20+00:00,/api/v1/doc/document/draft-ietf-avt-rfc4749-dtx-update/,/api/v1/doc/document/draft-sollaud-avt-rfc4749-dtx-update/,1,draft-sollaud-avt-rfc4749-dtx-update,00,2009-02-24 08:00:00+00:00,,2008-01-21 08:00:00+00:00,2008-01-21 08:00:00+00:00,docevent,2009
/api/v1/doc/document/rfc5435/,5435,rfc5435,Sieve Email Filtering: Extension for Notifications,2009-02-01 03:52:29+00:00,/api/v1/doc/document/draft-ietf-sieve-notify/,/api/v1/doc/document/draft-martin-sieve-notify/,1,draft-martin-sieve-notify,01,2010-02-01 08:00:00+00:00,,2001-01-05 08:00:00+00:00,2001-01-05 08:00:00+00:00,docevent,2009
/api/v1/doc/document/rfc5437/,5437,rfc5437,Sieve Notification Mechanism: Extensible Messaging and Presence Protocol (XMPP),2009-02-01 03:52:53+00:00,/api/v1/doc/document/draft-ietf-sieve-notify-xmpp/,/api/v1/doc/document/draft-saintandre-sieve-notify-xmpp/,1,draft-saintandre-sieve-notify-xmpp,00,2010-02-01 08:00:00+00:00,,2005-12-08 08:00:00+00:00,2005-12-08 08:00:00+00:00,docevent,2009
/api/v1/doc/document/rfc5411/,5411,rfc5411,A Hitchhiker's Guide to the Session Initiation Protocol (SIP),2009-02-04 23:34:09+00:00,/api/v1/doc/document/draft-ietf-sip-hitchhikers-guide/,/api/v1/doc/document/draft-rosenberg-sip-hitchhikers-guide/,1,draft-rosenberg-sip-hitchhikers-guide,00,2006-06-21 07:00:00+00:00,,2006-03-01 08:00:00+00:00,2006-03-01 08:00:00+00:00,docevent,2009
/api/v1/doc/document/rfc5310/,5310,rfc5310,IS-IS Generic Cryptographic Authentication,2009-02-10 00:15:27+00:00,/api/v1/doc/document/draft-ietf-isis-hmac-sha/,/api/v1/doc/document/draft-ietf-isis-hmac-sha/,0,draft-ietf-isis-hmac-sha,07,2020-07-29 07:31:00+00:00,,2006-07-17 07:00:00+00:00,2006-07-17 07:00:00+00:00,docevent,2009
/api/v1/doc/document/rfc5438/,5438,rfc5438,Instant Message Disposition Notification (IMDN),2009-02-18 19:42:39+00:00,/api/v1/doc/document/draft-ietf-simple-imdn/,/api/v1/doc/document/draft-burger-simple-imdn/,1,draft-burger-simple-imdn,03,2008-04-17 07:00:00+00:00,,2003-02-25 08:00:00+00:00,2003-02-25 08:00:00+00:00,docevent,2009
/api/v1/doc/document/rfc5447/,5447,rfc5447,Diameter Mobile IPv6: Support for Network Access Server to Diameter Server Interaction,2009-02-18 19:42:58+00:00,/api/v1/doc/document/draft-ietf-dime-mip6-integrated/,/api/v1/doc/document/draft-tschofenig-dime-mip6-integrated/,1,draft-tschofenig-dime-mip6-integrated,00,2008-04-16 07:00:00+00:00,,2006-03-01 08:00:00+00:00,2006-03-01 08:00:00+00:00,docevent,2009
/api/v1/doc/document/rfc5461/,5461,rfc5461,TCP's Reaction to Soft Errors,2009-02-19 00:14:20+00:00,/api/v1/doc/document/draft-ietf-tcpm-tcp-soft-errors/,/api/v1/doc/document/draft-gont-tcpm-tcp-soft-errors/,1,draft-gont-tcpm-tcp-soft-errors,02,2015-10-14 20:51:04+00:00,,2004-07-09 07:00:00+00:00,2004-07-09 07:00:00+00:00,docevent,2009
/api/v1/doc/document/rfc5433/,5433,rfc5433,Extensible Authentication Protocol - Generalized Pre-Shared Key (EAP-GPSK) Method,2009-02-25 23:29:29+00:00,/api/v1/doc/document/draft-ietf-emu-eap-gpsk/,/api/v1/doc/document/draft-clancy-emu-eap-shared-secret/,1,draft-clancy-emu-eap-shared-secret,01,2008-12-01 08:00:00+00:00,,2006-06-06 07:00:00+00:00,2006-06-06 07:00:00+00:00,docevent,2009
/api/v1/doc/document/rfc5443/,5443,rfc5443,LDP IGP Synchronization,2009-03-04 00:00:47+00:00,/api/v1/doc/document/draft-ietf-mpls-ldp-igp-sync/,/api/v1/doc/document/draft-ietf-mpls-igp-sync/,1,draft-ietf-mpls-igp-sync,01,2008-03-24 07:00:00+00:00,,2007-09-07 07:00:00+00:00,2007-09-07 07:00:00+00:00,docevent,2009
/api/v1/doc/document/rfc5483/,5483,rfc5483,ENUM Implementation Issues and Experiences,2009-03-04 00:01:49+00:00,/api/v1/doc/document/draft-ietf-enum-experiences/,/api/v1/doc/document/draft-conroy-enum-experiences/,1,draft-conroy-enum-experiences,01,2010-04-09 07:00:00+00:00,,2004-02-10 08:00:00+00:00,2004-02-10 08:00:00+00:00,docevent,2009
/api/v1/doc/document/rfc5484/,5484,rfc5484,Associating Time-Codes with RTP Streams,2009-03-04 00:02:13+00:00,/api/v1/doc/document/draft-ietf-avt-smpte-rtp/,/api/v1/doc/document/draft-singer-smpte-rtp/,1,draft-singer-smpte-rtp,01,2009-02-24 08:00:00+00:00,,2005-02-14 08:00:00+00:00,2005-02-14 08:00:00+00:00,docevent,2009
/api/v1/doc/document/rfc5418/,5418,rfc5418,Control And Provisioning of Wireless Access Points (CAPWAP) Threat Analysis for IEEE 802.11 Deployments,2009-03-06 00:55:45+00:00,/api/v1/doc/document/draft-ietf-capwap-threat-analysis/,/api/v1/doc/document/draft-kelly-capwap-threat-analysis/,1,draft-kelly-capwap-threat-analysis,00,2008-04-16 07:00:00+00:00,,2006-10-17 07:00:00+00:00,2006-10-17 07:00:00+00:00,docevent,2009
/api/v1/doc/document/rfc5418/,5418,rfc5418,Control And Provisioning of Wireless Access Points (CAPWAP) Threat Analysis for IEEE 802.11 Deployments,2009-03-06 00:55:45+00:00,/api/v1/doc/document/draft-ietf-capwap-threat-analysis/,/api/v1/doc/document/draft-ietf-capwap-threat-analysis/,0,draft-ietf-capwap-threat-analysis,04,2015-10-14 20:51:37+00:00,,2007-02-13 08:00:00+00:00,2007-02-13 08:00:00+00:00,docevent,2009
/api/v1/doc/document/rfc5478/,5478,rfc5478,IANA Registration of New Session Initiation Protocol (SIP) Resource-Priority Namespaces,2009-03-06 00:56:18+00:00,/api/v1/doc/document/draft-ietf-sip-rph-new-namespaces/,/api/v1/doc/document/draft-polk-sip-rph-new-namespaces/,1,draft-polk-sip-rph-new-namespaces,01,2007-07-13 07:00:00+00:00,,2007-02-27 08:00:00+00:00,2007-02-27 08:00:00+00:00,docevent,2009
/api/v1/doc/document/rfc5440/,5440,rfc5440,Path Computation Element (PCE) Communication Protocol (PCEP),2009-03-06 23:45:35+00:00,/api/v1/doc/document/draft-ietf-pce-pcep/,/api/v1/doc/document/draft-vasseur-pce-pcep/,1,draft-vasseur-pce-pcep,02,2011-10-04 07:00:00+00:00,,2005-05-24 07:00:00+00:00,2005-05-24 07:00:00+00:00,docevent,2009
/api/v1/doc/document/rfc5424/,5424,rfc5424,The Syslog Protocol,2009-03-10 18:10:55+00:00,/api/v1/doc/document/draft-ietf-syslog-protocol/,/api/v1/doc/document/draft-ietf-syslog-protocol/,0,draft-ietf-syslog-protocol,23,2018-12-20 08:23:13+00:00,,2003-12-03 08:00:00+00:00,2003-12-03 08:00:00+00:00,docevent,2009
/api/v1/doc/document/rfc5425/,5425,rfc5425,Transport Layer Security (TLS) Transport Mapping for Syslog,2009-03-10 18:11:11+00:00,/api/v1/doc/document/draft-ietf-syslog-transport-tls/,/api/v1/doc/document/draft-miao-syslog-transport-tls/,1,draft-miao-syslog-transport-tls,00,2008-02-29 08:00:00+00:00,,2006-03-23 08:00:00+00:00,2006-03-23 08:00:00+00:00,docevent,2009
/api/v1/doc/document/rfc5426/,5426,rfc5426,Transmission of Syslog Messages over UDP,2009-03-10 18:11:29+00:00,/api/v1/doc/document/draft-ietf-syslog-transport-udp/,/api/v1/doc/document/draft-ietf-syslog-transport-udp/,0,draft-ietf-syslog-transport-udp,12,2015-10-14 20:51:01+00:00,,2004-03-09 08:00:00+00:00,2004-03-09 08:00:00+00:00,docevent,2009
/api/v1/doc/document/rfc5486/,5486,rfc5486,Session Peering for Multimedia Interconnect (SPEERMINT) Terminology,2009-03-10 18:12:38+00:00,/api/v1/doc/document/draft-ietf-speermint-terminology/,/api/v1/doc/document/draft-ietf-speermint-reqs-and-terminology/,1,draft-ietf-speermint-reqs-and-terminology,01,2006-08-08 07:00:00+00:00,,2006-02-15 08:00:00+00:00,2006-02-15 08:00:00+00:00,docevent,2009
/api/v1/doc/document/rfc5498/,5498,rfc5498,IANA Allocations for Mobile Ad Hoc Network (MANET) Protocols,2009-03-14 00:46:42+00:00,/api/v1/doc/document/draft-ietf-manet-iana/,/api/v1/doc/document/draft-chakeres-manet-iana/,1,draft-chakeres-manet-iana,02,2008-02-29 08:00:00+00:00,,2006-07-24 07:00:00+00:00,2006-07-24 07:00:00+00:00,docevent,2009
/api/v1/doc/document/rfc5495/,5495,rfc5495,Description of the Resource Reservation Protocol - Traffic-Engineered (RSVP-TE) Graceful Restart Procedures,2009-03-14 00:47:13+00:00,/api/v1/doc/document/draft-ietf-ccamp-gr-description/,/api/v1/doc/document/draft-li-ccamp-gr-description/,1,draft-li-ccamp-gr-description,00,2007-08-14 07:00:00+00:00,,2007-06-19 07:00:00+00:00,2007-06-19 07:00:00+00:00,docevent,2009
/api/v1/doc/document/rfc5497/,5497,rfc5497,Representing Multi-Value Time in Mobile Ad Hoc Networks (MANETs),2009-03-14 00:47:22+00:00,/api/v1/doc/document/draft-ietf-manet-timetlv/,/api/v1/doc/document/draft-clausen-manet-timetlv/,1,draft-clausen-manet-timetlv,00,2008-02-29 08:00:00+00:00,,2007-02-08 08:00:00+00:00,2007-02-08 08:00:00+00:00,docevent,2009
/api/v1/doc/document/rfc5482/,5482,rfc5482,TCP User Timeout Option,2009-03-16 23:59:32+00:00,/api/v1/doc/document/draft-ietf-tcpm-tcp-uto/,/api/v1/doc/document/draft-eggert-gont-tcpm-tcp-uto-option/,1,draft-eggert-gont-tcpm-tcp-uto-option,01,2004-10-22 07:00:00+00:00,,2004-07-13 07:00:00+00:00,2004-07-13 07:00:00+00:00,docevent,2009
/api/v1/doc/document/rfc5482/,5482,rfc5482,TCP User Timeout Option,2009-03-16 23:59:32+00:00,/api/v1/doc/document/draft-ietf-tcpm-tcp-uto/,/api/v1/doc/document/draft-eggert-tcpm-tcp-abort-timeout-option/,1,draft-eggert-tcpm-tcp-abort-timeout-option,01,2004-07-14 07:00:00+00:00,,2004-04-20 07:00:00+00:00,2004-04-20 07:00:00+00:00,docevent,2009
/api/v1/doc/document/rfc5482/,5482,rfc5482,TCP User Timeout Option,2009-03-16 23:59:32+00:00,/api/v1/doc/document/draft-ietf-tcpm-tcp-uto/,/api/v1/doc/document/draft-gont-tcpm-tcp-auto-option/,1,draft-gont-tcpm-tcp-auto-option,00,2004-05-19 07:00:00+00:00,,2004-05-19 07:00:00+00:00,2004-05-19 07:00:00+00:00,docevent,2009
/api/v1/doc/document/rfc5458/,5458,rfc5458,Security Requirements for the Unidirectional Lightweight Encapsulation (ULE) Protocol,2009-03-24 23:52:14+00:00,/api/v1/doc/document/draft-ietf-ipdvb-sec-req/,/api/v1/doc/document/draft-cruickshank-ipdvb-sec-req/,1,draft-cruickshank-ipdvb-sec-req,04,2008-02-29 08:00:00+00:00,,2005-09-14 07:00:00+00:00,2005-09-14 07:00:00+00:00,docevent,2009
/api/v1/doc/document/rfc5455/,5455,rfc5455,Diffserv-Aware Class-Type Object for the Path Computation Element Communication Protocol,2009-03-27 22:00:43+00:00,/api/v1/doc/document/draft-ietf-pce-dste/,/api/v1/doc/document/draft-sivabalan-pce-dste/,1,draft-sivabalan-pce-dste,01,2011-01-10 08:00:00+00:00,,2007-02-28 08:00:00+00:00,2007-02-28 08:00:00+00:00,docevent,2009
/api/v1/doc/document/rfc5470/,5470,rfc5470,Architecture for IP Flow Information Export,2009-03-31 23:56:52+00:00,/api/v1/doc/document/draft-ietf-ipfix-architecture/,/api/v1/doc/document/draft-ietf-ipfix-architecture/,0,draft-ietf-ipfix-architecture,12,2023-02-25 08:15:25+00:00,,2002-02-26 08:00:00+00:00,2002-02-26 08:00:00+00:00,docevent,2009
/api/v1/doc/document/rfc5471/,5471,rfc5471,Guidelines for IP Flow Information Export (IPFIX) Testing,2009-03-31 23:57:07+00:00,/api/v1/doc/document/draft-ietf-ipfix-testing/,/api/v1/doc/document/draft-schmoll-ipfix-testing/,1,draft-schmoll-ipfix-testing,00,2008-04-17 07:00:00+00:00,,2006-02-15 08:00:00+00:00,2006-02-15 08:00:00+00:00,docevent,2009
/api/v1/doc/document/rfc5472/,5472,rfc5472,IP Flow Information Export (IPFIX) Applicability,2009-03-31 23:57:22+00:00,/api/v1/doc/document/draft-ietf-ipfix-as/,/api/v1/doc/document/draft-ietf-ipfix-as/,0,draft-ietf-ipfix-as,12,2015-10-14 20:50:48+00:00,,2003-06-20 07:00:00+00:00,2003-06-20 07:00:00+00:00,docevent,2009
/api/v1/doc/document/rfc5473/,5473,rfc5473,Reducing Redundancy in IP Flow Information Export (IPFIX) and Packet Sampling (PSAMP) Reports,2009-03-31 23:57:34+00:00,/api/v1/doc/document/draft-ietf-ipfix-reducing-redundancy/,/api/v1/doc/document/draft-boschi-ipfix-reducing-redundancy/,1,draft-boschi-ipfix-reducing-redundancy,02,2008-04-16 07:00:00+00:00,,2006-02-28 08:00:00+00:00,2006-02-28 08:00:00+00:00,docevent,2009
/api/v1/doc/document/rfc5473/,5473,rfc5473,Reducing Redundancy in IP Flow Information Export (IPFIX) and Packet Sampling (PSAMP) Reports,2009-03-31 23:57:34+00:00,/api/v1/doc/document/draft-ietf-ipfix-reducing-redundancy/,/api/v1/doc/document/draft-ietf-ipfix-reducing-redundancy/,0,draft-ietf-ipfix-reducing-redundancy,04,2020-01-21 08:29:37+00:00,,2006-09-06 07:00:00+00:00,2006-09-06 07:00:00+00:00,docevent,2009
/api/v1/doc/document/rfc5475/,5475,rfc5475,Sampling and Filtering Techniques for IP Packet Selection,2009-03-31 23:57:54+00:00,/api/v1/doc/document/draft-ietf-psamp-sample-tech/,/api/v1/doc/document/draft-ietf-psamp-sample-tech/,0,draft-ietf-psamp-sample-tech,11,2015-10-14 20:50:37+00:00,,2002-10-10 07:00:00+00:00,2002-10-10 07:00:00+00:00,docevent,2009
/api/v1/doc/document/rfc5479/,5479,rfc5479,Requirements and Analysis of Media Security Management Protocols,2009-04-03 23:46:27+00:00,/api/v1/doc/document/draft-ietf-sip-media-security-requirements/,/api/v1/doc/document/draft-wing-srtp-keying-eval/,2,draft-wing-srtp-keying-eval,00,2006-06-02 07:00:00+00:00,,2006-05-25 07:00:00+00:00,2006-05-25 07:00:00+00:00,docevent,2009
/api/v1/doc/document/rfc5479/,5479,rfc5479,Requirements and Analysis of Media Security Management Protocols,2009-04-03 23:46:27+00:00,/api/v1/doc/document/draft-ietf-sip-media-security-requirements/,/api/v1/doc/document/draft-wing-rtpsec-keying-eval/,1,draft-wing-rtpsec-keying-eval,02,2008-02-27 08:00:00+00:00,,2006-05-25 07:00:00+00:00,2006-05-25 07:00:00+00:00,docevent,2009
/api/v1/doc/document/rfc5493/,5493,rfc5493,Requirements for the Conversion between Permanent Connections and Switched Connections in a Generalized Multiprotocol Label Switching (GMPLS) Network,2009-04-03 23:46:37+00:00,/api/v1/doc/document/draft-ietf-ccamp-pc-and-sc-reqs/,/api/v1/doc/document/draft-caviglia-ccamp-pc-and-sc-reqs/,1,draft-caviglia-ccamp-pc-and-sc-reqs,04,2006-12-19 08:00:00+00:00,,2006-05-15 07:00:00+00:00,2006-05-15 07:00:00+00:00,docevent,2009
/api/v1/doc/document/rfc5441/,5441,rfc5441,A Backward-Recursive PCE-Based Computation (BRPC) Procedure to Compute Shortest Constrained Inter-Domain Traffic Engineering Label Switched Paths,2009-04-06 23:53:40+00:00,/api/v1/doc/document/draft-ietf-pce-brpc/,/api/v1/doc/document/draft-vasseur-pce-brpc/,1,draft-vasseur-pce-brpc,02,2008-04-17 07:00:00+00:00,,2006-05-04 07:00:00+00:00,2006-05-04 07:00:00+00:00,docevent,2009
/api/v1/doc/document/rfc5508/,5508,rfc5508,NAT Behavioral Requirements for ICMP,2009-04-06 23:53:45+00:00,/api/v1/doc/document/draft-ietf-behave-nat-icmp/,/api/v1/doc/document/draft-srisuresh-behave-nat-icmp/,1,draft-srisuresh-behave-nat-icmp,02,2006-10-20 07:00:00+00:00,,2005-10-21 07:00:00+00:00,2005-10-21 07:00:00+00:00,docevent,2009
/api/v1/doc/document/rfc5506/,5506,rfc5506,Support for Reduced-Size Real-Time Transport Control Protocol (RTCP): Opportunities and Consequences,2009-04-09 21:22:55+00:00,/api/v1/doc/document/draft-ietf-avt-rtcp-non-compound/,/api/v1/doc/document/draft-johansson-avt-rtcp-avpf-non-compound/,1,draft-johansson-avt-rtcp-avpf-non-compound,02,2008-07-11 07:00:00+00:00,,2006-12-27 08:00:00+00:00,2006-12-27 08:00:00+00:00,docevent,2009
/api/v1/doc/document/rfc5526/,5526,rfc5526,The E.164 to Uniform Resource Identifiers (URI) Dynamic Delegation Discovery System (DDDS) Application for Infrastructure ENUM,2009-04-22 23:47:41+00:00,/api/v1/doc/document/draft-ietf-enum-infrastructure/,/api/v1/doc/document/draft-ietf-enum-infrastructure/,0,draft-ietf-enum-infrastructure,07,2015-10-14 20:51:29+00:00,,2006-04-24 07:00:00+00:00,2006-04-24 07:00:00+00:00,docevent,2009
/api/v1/doc/document/rfc5520/,5520,rfc5520,Preserving Topology Confidentiality in Inter-Domain Path Computation Using a Path-Key-Based Mechanism,2009-04-28 23:54:56+00:00,/api/v1/doc/document/draft-ietf-pce-path-key/,/api/v1/doc/document/draft-bradford-pce-path-key/,1,draft-bradford-pce-path-key,02,2011-01-10 08:00:00+00:00,,2006-06-16 07:00:00+00:00,2006-06-16 07:00:00+00:00,docevent,2009
/api/v1/doc/document/rfc5521/,5521,rfc5521,Extensions to the Path Computation Element Communication Protocol (PCEP) for Route Exclusions,2009-04-28 23:55:05+00:00,/api/v1/doc/document/draft-ietf-pce-pcep-xro/,/api/v1/doc/document/draft-oki-pce-pcep-xro/,1,draft-oki-pce-pcep-xro,00,2007-04-03 07:00:00+00:00,,2007-01-31 08:00:00+00:00,2007-01-31 08:00:00+00:00,docevent,2009
/api/v1/doc/document/rfc5521/,5521,rfc5521,Extensions to the Path Computation Element Communication Protocol (PCEP) for Route Exclusions,2009-04-28 23:55:05+00:00,/api/v1/doc/document/draft-ietf-pce-pcep-xro/,/api/v1/doc/document/draft-ietf-pce-pcep-xro/,0,draft-ietf-pce-pcep-xro,06,2020-01-21 08:29:42+00:00,,2007-04-03 07:00:00+00:00,2007-04-03 07:00:00+00:00,docevent,2009
/api/v1/doc/document/rfc5527/,5527,rfc5527,Combined User and Infrastructure ENUM in the e164.arpa Tree,2009-05-04 23:43:02+00:00,/api/v1/doc/document/draft-ietf-enum-combined/,/api/v1/doc/document/draft-haberler-carrier-enum/,1,draft-haberler-carrier-enum,03,2010-04-26 07:00:00+00:00,,2005-07-11 07:00:00+00:00,2005-07-11 07:00:00+00:00,docevent,2009
/api/v1/doc/document/rfc5543/,5543,rfc5543,BGP Traffic Engineering Attribute,2009-05-04 23:46:33+00:00,/api/v1/doc/document/draft-ietf-softwire-bgp-te-attribute/,/api/v1/doc/document/draft-ietf-softwire-bgp-te-attribute/,0,draft-ietf-softwire-bgp-te-attribute,04,2018-12-20 08:23:33+00:00,,2008-01-23 08:00:00+00:00,2008-01-23 08:00:00+00:00,docevent,2009
/api/v1/doc/document/rfc5547/,5547,rfc5547,A Session Description Protocol (SDP) Offer/Answer Mechanism to Enable File Transfer,2009-05-05 23:23:35+00:00,/api/v1/doc/document/draft-ietf-mmusic-file-transfer-mech/,/api/v1/doc/document/draft-garcia-mmusic-file-transfer-mech/,1,draft-garcia-mmusic-file-transfer-mech,02,2008-04-16 07:00:00+00:00,,2006-06-13 07:00:00+00:00,2006-06-13 07:00:00+00:00,docevent,2009
/api/v1/doc/document/rfc5556/,5556,rfc5556,Transparent Interconnection of Lots of Links (TRILL): Problem and Applicability Statement,2009-05-19 21:55:27+00:00,/api/v1/doc/document/draft-ietf-trill-prob/,/api/v1/doc/document/draft-touch-trill-prob/,1,draft-touch-trill-prob,00,2012-01-05 08:00:00+00:00,,2005-11-21 08:00:00+00:00,2005-11-21 08:00:00+00:00,docevent,2009
/api/v1/doc/document/rfc5581/,5581,rfc5581,The Camellia Cipher in OpenPGP,2009-06-03 23:36:52+00:00,/api/v1/doc/document/draft-ietf-openpgp-camellia/,/api/v1/doc/document/draft-ietf-openpgp-camellia/,0,draft-ietf-openpgp-camellia,04,2015-10-14 20:51:51+00:00,,2007-11-08 08:00:00+00:00,2007-11-08 08:00:00+00:00,docevent,2009
/api/v1/doc/document/rfc5541/,5541,rfc5541,Encoding of Objective Functions in the Path Computation Element Communication Protocol (PCEP),2009-06-09 23:59:21+00:00,/api/v1/doc/document/draft-ietf-pce-of/,/api/v1/doc/document/draft-leroux-pce-of/,1,draft-leroux-pce-of,01,2011-01-10 08:00:00+00:00,,2007-02-27 08:00:00+00:00,2007-02-27 08:00:00+00:00,docevent,2009
/api/v1/doc/document/rfc5555/,5555,rfc5555,Mobile IPv6 Support for Dual Stack Hosts and Routers,2009-06-10 00:00:00+00:00,/api/v1/doc/document/draft-ietf-mext-nemo-v4traversal/,/api/v1/doc/document/draft-soliman-v4v6-mipv6/,2,draft-soliman-v4v6-mipv6,00,2004-03-25 08:00:00+00:00,,2004-03-25 08:00:00+00:00,2004-03-25 08:00:00+00:00,docevent,2009
/api/v1/doc/document/rfc5555/,5555,rfc5555,Mobile IPv6 Support for Dual Stack Hosts and Routers,2009-06-10 00:00:00+00:00,/api/v1/doc/document/draft-ietf-mext-nemo-v4traversal/,/api/v1/doc/document/draft-ietf-mip6-nemo-v4traversal/,1,draft-ietf-mip6-nemo-v4traversal,06,2007-11-20 08:00:00+00:00,,2005-10-20 07:00:00+00:00,2005-10-20 07:00:00+00:00,docevent,2009
/api/v1/doc/document/rfc5565/,5565,rfc5565,Softwire Mesh Framework,2009-06-10 00:00:14+00:00,/api/v1/doc/document/draft-ietf-softwire-mesh-framework/,/api/v1/doc/document/draft-wu-softwire-mesh-framework/,1,draft-wu-softwire-mesh-framework,02,2008-10-27 07:00:00+00:00,,2006-06-21 07:00:00+00:00,2006-06-21 07:00:00+00:00,docevent,2009
/api/v1/doc/document/rfc5586/,5586,rfc5586,MPLS Generic Associated Channel,2009-06-10 00:01:07+00:00,/api/v1/doc/document/draft-ietf-mpls-tp-gach-gal/,/api/v1/doc/document/draft-vigoureux-mpls-tp-gal/,2,draft-vigoureux-mpls-tp-gal,00,2008-11-05 08:00:00+00:00,,2008-06-26 07:00:00+00:00,2008-06-26 07:00:00+00:00,docevent,2009
/api/v1/doc/document/rfc5586/,5586,rfc5586,MPLS Generic Associated Channel,2009-06-10 00:01:07+00:00,/api/v1/doc/document/draft-ietf-mpls-tp-gach-gal/,/api/v1/doc/document/draft-bocci-mpls-tp-gach-gal/,1,draft-bocci-mpls-tp-gach-gal,00,2009-04-13 07:00:00+00:00,,2008-10-27 07:00:00+00:00,2008-10-27 07:00:00+00:00,docevent,2009
/api/v1/doc/document/rfc5559/,5559,rfc5559,Pre-Congestion Notification (PCN) Architecture,2009-06-18 16:45:40+00:00,/api/v1/doc/document/draft-ietf-pcn-architecture/,/api/v1/doc/document/draft-eardley-pcn-architecture/,1,draft-eardley-pcn-architecture,00,2007-08-22 07:00:00+00:00,,2007-06-21 07:00:00+00:00,2007-06-21 07:00:00+00:00,docevent,2009
/api/v1/doc/document/rfc5574/,5574,rfc5574,RTP Payload Format for the Speex Codec,2009-06-23 00:09:20+00:00,/api/v1/doc/document/draft-ietf-avt-rtp-speex/,/api/v1/doc/document/draft-herlein-avt-rtp-speex/,1,draft-herlein-avt-rtp-speex,00,2009-02-24 08:00:00+00:00,,2004-03-09 08:00:00+00:00,2004-03-09 08:00:00+00:00,docevent,2009
/api/v1/doc/document/rfc5562/,5562,rfc5562,Adding Explicit Congestion Notification (ECN) Capability to TCP's SYN/ACK Packets,2009-06-26 18:07:12+00:00,/api/v1/doc/document/draft-ietf-tcpm-ecnsyn/,/api/v1/doc/document/draft-kuzmanovic-ecn-syn/,2,draft-kuzmanovic-ecn-syn,00,2005-11-30 08:00:00+00:00,,2005-10-04 07:00:00+00:00,2005-10-04 07:00:00+00:00,docevent,2009
/api/v1/doc/document/rfc5562/,5562,rfc5562,Adding Explicit Congestion Notification (ECN) Capability to TCP's SYN/ACK Packets,2009-06-26 18:07:12+00:00,/api/v1/doc/document/draft-ietf-tcpm-ecnsyn/,/api/v1/doc/document/draft-ietf-tsvwg-ecnsyn/,1,draft-ietf-tsvwg-ecnsyn,00,2015-10-14 20:51:22+00:00,,2005-11-21 08:00:00+00:00,2005-11-21 08:00:00+00:00,docevent,2009
/api/v1/doc/document/rfc5576/,5576,rfc5576,Source-Specific Media Attributes in the Session Description Protocol (SDP),2009-06-30 23:55:01+00:00,/api/v1/doc/document/draft-ietf-mmusic-sdp-source-attributes/,/api/v1/doc/document/draft-lennox-mmusic-sdp-source-attributes/,1,draft-lennox-mmusic-sdp-source-attributes,01,2007-11-19 08:00:00+00:00,,2007-02-26 08:00:00+00:00,2007-02-26 08:00:00+00:00,docevent,2009
/api/v1/doc/document/rfc5592/,5592,rfc5592,Secure Shell Transport Model for the Simple Network Management Protocol (SNMP),2009-06-30 23:55:33+00:00,/api/v1/doc/document/draft-ietf-isms-secshell/,/api/v1/doc/document/draft-harrington-isms-secshell/,1,draft-harrington-isms-secshell,01,2009-12-14 08:00:00+00:00,,2005-09-08 07:00:00+00:00,2005-09-08 07:00:00+00:00,docevent,2009
/api/v1/doc/document/rfc5577/,5577,rfc5577,RTP Payload Format for ITU-T Recommendation G.722.1,2009-07-07 23:05:47+00:00,/api/v1/doc/document/draft-ietf-avt-rfc3047-bis/,/api/v1/doc/document/draft-even-avt-rfc3047-bis/,1,draft-even-avt-rfc3047-bis,01,2005-11-06 08:00:00+00:00,,2005-06-14 07:00:00+00:00,2005-06-14 07:00:00+00:00,docevent,2009
/api/v1/doc/document/rfc5605/,5605,rfc5605,Managed Objects for ATM over Packet Switched Networks (PSNs),2009-07-14 21:52:08+00:00,/api/v1/doc/document/draft-ietf-pwe3-pw-atm-mib/,/api/v1/doc/document/draft-ietf-pwe3-pw-atm-mib/,0,draft-ietf-pwe3-pw-atm-mib,06,2015-10-14 20:50:59+00:00,,2004-02-04 08:00:00+00:00,2004-02-04 08:00:00+00:00,docevent,2009
/api/v1/doc/document/rfc5561/,5561,rfc5561,LDP Capabilities,2009-07-15 23:18:51+00:00,/api/v1/doc/document/draft-ietf-mpls-ldp-capabilities/,/api/v1/doc/document/draft-thomas-mpls-ldp-capabilities/,1,draft-thomas-mpls-ldp-capabilities,02,2010-01-05 08:00:00+00:00,,2006-06-22 07:00:00+00:00,2006-06-22 07:00:00+00:00,docevent,2009
/api/v1/doc/document/rfc5557/,5557,rfc5557,Path Computation Element Communication Protocol (PCEP) Requirements and Protocol Extensions in Support of Global Concurrent Optimization,2009-07-16 22:28:48+00:00,/api/v1/doc/document/draft-ietf-pce-global-concurrent-optimization/,/api/v1/doc/document/draft-lee-pce-global-concurrent-optimization/,1,draft-lee-pce-global-concurrent-optimization,04,2007-06-25 07:00:00+00:00,,2006-10-12 07:00:00+00:00,2006-10-12 07:00:00+00:00,docevent,2009
/api/v1/doc/document/rfc5610/,5610,rfc5610,Exporting Type Information for IP Flow Information Export (IPFIX) Information Elements,2009-07-27 09:29:56+00:00,/api/v1/doc/document/draft-ietf-ipfix-exporting-type/,/api/v1/doc/document/draft-boschi-ipfix-exporting-type/,1,draft-boschi-ipfix-exporting-type,00,2012-10-29 16:16:57+00:00,,2007-08-28 07:00:00+00:00,2007-08-28 07:00:00+00:00,docevent,2009
/api/v1/doc/document/rfc5584/,5584,rfc5584,RTP Payload Format for the Adaptive TRansform Acoustic Coding (ATRAC) Family,2009-07-27 09:30:41+00:00,/api/v1/doc/document/draft-ietf-avt-rtp-atrac-family/,/api/v1/doc/document/draft-hatanaka-avt-rtp-atrac-family/,1,draft-hatanaka-avt-rtp-atrac-family,02,2009-02-24 08:00:00+00:00,,2004-02-02 08:00:00+00:00,2004-02-02 08:00:00+00:00,docevent,2009
/api/v1/doc/document/rfc5584/,5584,rfc5584,RTP Payload Format for the Adaptive TRansform Acoustic Coding (ATRAC) Family,2009-07-27 09:30:41+00:00,/api/v1/doc/document/draft-ietf-avt-rtp-atrac-family/,/api/v1/doc/document/draft-ietf-avt-rtp-atrac-family/,0,draft-ietf-avt-rtp-atrac-family,24,2015-10-14 20:50:58+00:00,,2004-08-16 07:00:00+00:00,2004-08-16 07:00:00+00:00,docevent,2009
/api/v1/doc/document/rfc5622/,5622,rfc5622,Profile for Datagram Congestion Control Protocol (DCCP) Congestion ID 4: TCP-Friendly Rate Control for Small Packets (TFRC-SP),2009-08-07 21:44:40+00:00,/api/v1/doc/document/draft-ietf-dccp-ccid4/,/api/v1/doc/document/draft-floyd-ccid4/,2,draft-floyd-ccid4,00,2006-11-07 08:00:00+00:00,,2006-06-22 07:00:00+00:00,2006-06-22 07:00:00+00:00,docevent,2009
/api/v1/doc/document/rfc5622/,5622,rfc5622,Profile for Datagram Congestion Control Protocol (DCCP) Congestion ID 4: TCP-Friendly Rate Control for Small Packets (TFRC-SP),2009-08-07 21:44:40+00:00,/api/v1/doc/document/draft-ietf-dccp-ccid4/,/api/v1/doc/document/draft-floyd-dccp-ccid4/,1,draft-floyd-dccp-ccid4,01,2024-09-24 23:11:58+00:00,,2006-11-06 08:00:00+00:00,2006-11-06 08:00:00+00:00,docevent,2009
/api/v1/doc/document/rfc5653/,5653,rfc5653,Generic Security Service API Version 2: Java Bindings Update,2009-08-11 23:15:46+00:00,/api/v1/doc/document/draft-ietf-kitten-rfc2853bis/,/api/v1/doc/document/draft-ietf-kitten-rfc2853bis/,0,draft-ietf-kitten-rfc2853bis,05,2018-12-20 08:24:01+00:00,,2005-02-02 08:00:00+00:00,2005-02-02 08:00:00+00:00,docevent,2009
/api/v1/doc/document/rfc5608/,5608,rfc5608,Remote Authentication Dial-In User Service (RADIUS) Usage for Simple Network Management Protocol (SNMP) Transport Models,2009-08-12 23:48:42+00:00,/api/v1/doc/document/draft-ietf-isms-radius-usage/,/api/v1/doc/document/draft-narayan-isms-sshsm-radius/,1,draft-narayan-isms-sshsm-radius,02,2009-12-14 08:00:00+00:00,,2006-06-21 07:00:00+00:00,2006-06-21 07:00:00+00:00,docevent,2009
/api/v1/doc/document/rfc5617/,5617,rfc5617,DomainKeys Identified Mail (DKIM) Author Domain Signing Practices (ADSP),2009-08-12 23:53:22+00:00,/api/v1/doc/document/draft-ietf-dkim-ssp/,/api/v1/doc/document/draft-allman-dkim-ssp/,1,draft-allman-dkim-ssp,02,2006-08-31 07:00:00+00:00,,2005-07-12 07:00:00+00:00,2005-07-12 07:00:00+00:00,docevent,2009
/api/v1/doc/document/rfc5611/,5611,rfc5611,Layer Two Tunneling Protocol version 3 - Setup of Time-Division Multiplexing (TDM) Pseudowires,2009-08-18 23:24:32+00:00,/api/v1/doc/document/draft-ietf-l2tpext-tdm/,/api/v1/doc/document/draft-galtzur-l2tpext-tdm/,2,draft-galtzur-l2tpext-tdm,01,2008-12-01 08:00:00+00:00,,2004-02-05 08:00:00+00:00,2004-02-05 08:00:00+00:00,docevent,2009
/api/v1/doc/document/rfc5611/,5611,rfc5611,Layer Two Tunneling Protocol version 3 - Setup of Time-Division Multiplexing (TDM) Pseudowires,2009-08-18 23:24:32+00:00,/api/v1/doc/document/draft-ietf-l2tpext-tdm/,/api/v1/doc/document/draft-ieft-l2tpext-tdm/,1,draft-ieft-l2tpext-tdm,03,2009-04-28 07:00:00+00:00,,2005-02-02 08:00:00+00:00,2005-02-02 08:00:00+00:00,docevent,2009
/api/v1/doc/document/rfc5624/,5624,rfc5624,Quality of Service Parameters for Usage with Diameter,2009-08-21 00:02:11+00:00,/api/v1/doc/document/draft-ietf-dime-qos-parameters/,/api/v1/doc/document/draft-korhonen-dime-qos-parameters/,1,draft-korhonen-dime-qos-parameters,00,2010-04-12 07:00:00+00:00,,2007-02-28 08:00:00+00:00,2007-02-28 08:00:00+00:00,docevent,2009
/api/v1/doc/document/rfc5575/,5575,rfc5575,Dissemination of Flow Specification Rules,2009-08-21 23:55:33+00:00,/api/v1/doc/document/draft-ietf-idr-flow-spec/,/api/v1/doc/document/draft-marques-idr-flow-spec/,1,draft-marques-idr-flow-spec,04,2009-04-28 07:00:00+00:00,,2003-06-20 07:00:00+00:00,2003-06-20 07:00:00+00:00,docevent,2009
/api/v1/doc/document/rfc5636/,5636,rfc5636,Traceable Anonymous Certificate,2009-08-24 23:46:52+00:00,/api/v1/doc/document/draft-ietf-pkix-tac/,/api/v1/doc/document/draft-ietf-pkix-tac/,0,draft-ietf-pkix-tac,04,2019-12-13 08:23:26+00:00,,2008-06-18 07:00:00+00:00,2008-06-18 07:00:00+00:00,docevent,2009
/api/v1/doc/document/rfc5616/,5616,rfc5616,Streaming Internet Messaging Attachments,2009-09-01 01:04:04+00:00,/api/v1/doc/document/draft-ietf-lemonade-streaming/,/api/v1/doc/document/draft-cook-lemonade-streaming/,1,draft-cook-lemonade-streaming,00,2008-04-17 07:00:00+00:00,,2006-06-01 07:00:00+00:00,2006-06-01 07:00:00+00:00,docevent,2009
/api/v1/doc/document/rfc5643/,5643,rfc5643,Management Information Base for OSPFv3,2009-09-01 01:05:03+00:00,/api/v1/doc/document/draft-ietf-ospf-ospfv3-mib/,/api/v1/doc/document/draft-ietf-ospf-ospfv3-mib/,0,draft-ietf-ospf-ospfv3-mib,16,2020-01-21 08:30:03+00:00,,1999-07-14 07:00:00+00:00,1999-07-14 07:00:00+00:00,docevent,2009
/api/v1/doc/document/rfc5647/,5647,rfc5647,AES Galois Counter Mode for the Secure Shell Transport Layer Protocol,2009-09-01 01:05:19+00:00,/api/v1/doc/document/draft-igoe-secsh-aes-gcm/,/api/v1/doc/document/draft-igoe-secsh-aes-gcm/,0,draft-igoe-secsh-aes-gcm,03,2015-10-14 20:51:58+00:00,,2008-06-30 07:00:00+00:00,2008-06-30 07:00:00+00:00,docevent,2009
/api/v1/doc/document/rfc5621/,5621,rfc5621,Message Body Handling in the Session Initiation Protocol (SIP),2009-09-10 22:23:29+00:00,/api/v1/doc/document/draft-ietf-sip-body-handling/,/api/v1/doc/document/draft-camarillo-sip-body-handling/,1,draft-camarillo-sip-body-handling,01,2007-05-29 07:00:00+00:00,,2007-05-23 07:00:00+00:00,2007-05-23 07:00:00+00:00,docevent,2009
/api/v1/doc/document/rfc5595/,5595,rfc5595,The Datagram Congestion Control Protocol (DCCP) Service Codes,2009-09-17 23:08:02+00:00,/api/v1/doc/document/draft-ietf-dccp-serv-codes/,/api/v1/doc/document/draft-fairhurst-dccp-serv-codes/,1,draft-fairhurst-dccp-serv-codes,03,2024-09-24 23:11:58+00:00,,2006-11-22 08:00:00+00:00,2006-11-22 08:00:00+00:00,docevent,2009
/api/v1/doc/document/rfc5623/,5623,rfc5623,Framework for PCE-Based Inter-Layer MPLS and GMPLS Traffic Engineering,2009-09-17 23:09:08+00:00,/api/v1/doc/document/draft-ietf-pce-inter-layer-frwk/,/api/v1/doc/document/draft-oki-pce-inter-layer-frwk/,1,draft-oki-pce-inter-layer-frwk,00,2008-04-16 07:00:00+00:00,,2006-04-05 07:00:00+00:00,2006-04-05 07:00:00+00:00,docevent,2009
/api/v1/doc/document/rfc5652/,5652,rfc5652,Cryptographic Message Syntax (CMS),2009-09-17 23:09:43+00:00,/api/v1/doc/document/draft-ietf-smime-rfc3852bis/,/api/v1/doc/document/draft-ietf-smime-rfc3852bis/,0,draft-ietf-smime-rfc3852bis,00,2020-08-07 07:27:52+00:00,,2009-06-09 07:00:00+00:00,2009-06-09 07:00:00+00:00,docevent,2009
/api/v1/doc/document/rfc5333/,5333,rfc5333,IANA Registration of Enumservices for Internet Calendaring,2009-10-12 23:01:13+00:00,/api/v1/doc/document/draft-ietf-enum-calendar-service/,/api/v1/doc/document/draft-mahy-enum-calendar-service/,1,draft-mahy-enum-calendar-service,00,2015-10-14 20:51:27+00:00,,2006-02-23 08:00:00+00:00,2006-02-23 08:00:00+00:00,docevent,2009
/api/v1/doc/document/rfc5709/,5709,rfc5709,OSPFv2 HMAC-SHA Cryptographic Authentication,2009-10-22 23:44:47+00:00,/api/v1/doc/document/draft-ietf-ospf-hmac-sha/,/api/v1/doc/document/draft-ietf-ospf-hmac-sha/,0,draft-ietf-ospf-hmac-sha,07,2015-10-14 20:51:45+00:00,,2007-04-09 07:00:00+00:00,2007-04-09 07:00:00+00:00,docevent,2009
/api/v1/doc/document/rfc5626/,5626,rfc5626,Managing Client-Initiated Connections in the Session Initiation Protocol (SIP),2009-10-23 23:17:55+00:00,/api/v1/doc/document/draft-ietf-sip-outbound/,/api/v1/doc/document/draft-jennings-sipping-outbound/,1,draft-jennings-sipping-outbound,01,2005-07-22 07:00:00+00:00,,2004-10-19 07:00:00+00:00,2004-10-19 07:00:00+00:00,docevent,2009
/api/v1/doc/document/rfc5628/,5628,rfc5628,Registration Event Package Extension for Session Initiation Protocol (SIP) Globally Routable User Agent URIs (GRUUs),2009-10-23 23:18:27+00:00,/api/v1/doc/document/draft-ietf-sipping-gruu-reg-event/,/api/v1/doc/document/draft-kyzivat-sipping-gruu-reg-event/,1,draft-kyzivat-sipping-gruu-reg-event,03,2005-10-04 07:00:00+00:00,,2004-07-15 07:00:00+00:00,2004-07-15 07:00:00+00:00,docevent,2009
/api/v1/doc/document/rfc5628/,5628,rfc5628,Registration Event Package Extension for Session Initiation Protocol (SIP) Globally Routable User Agent URIs (GRUUs),2009-10-23 23:18:27+00:00,/api/v1/doc/document/draft-ietf-sipping-gruu-reg-event/,/api/v1/doc/document/draft-ietf-sipping-gruu-reg-event/,0,draft-ietf-sipping-gruu-reg-event,09,2020-01-21 08:30:01+00:00,,2005-10-04 07:00:00+00:00,2005-10-04 07:00:00+00:00,docevent,2009
/api/v1/doc/document/rfc5629/,5629,rfc5629,A Framework for Application Interaction in the Session Initiation Protocol (SIP),2009-10-23 23:18:43+00:00,/api/v1/doc/document/draft-ietf-sipping-app-interaction-framework/,/api/v1/doc/document/draft-ietf-sipping-app-interaction-framework/,0,draft-ietf-sipping-app-interaction-framework,05,2015-10-14 20:50:53+00:00,,2003-10-22 07:00:00+00:00,2003-10-22 07:00:00+00:00,docevent,2009
/api/v1/doc/document/rfc5630/,5630,rfc5630,The Use of the SIPS URI Scheme in the Session Initiation Protocol (SIP),2009-10-23 23:18:57+00:00,/api/v1/doc/document/draft-ietf-sip-sips/,/api/v1/doc/document/draft-audet-sip-sips-guidelines/,1,draft-audet-sip-sips-guidelines,04,2006-12-18 08:00:00+00:00,,2006-04-10 07:00:00+00:00,2006-04-10 07:00:00+00:00,docevent,2009
/api/v1/doc/document/rfc5658/,5658,rfc5658,Addressing Record-Route Issues in the Session Initiation Protocol (SIP),2009-10-23 23:19:59+00:00,/api/v1/doc/document/draft-ietf-sip-record-route-fix/,/api/v1/doc/document/draft-froment-sip-record-route-fix/,1,draft-froment-sip-record-route-fix,00,2007-07-03 07:00:00+00:00,,2007-02-26 08:00:00+00:00,2007-02-26 08:00:00+00:00,docevent,2009
/api/v1/doc/document/rfc5655/,5655,rfc5655,Specification of the IP Flow Information Export (IPFIX) File Format,2009-10-28 16:17:14+00:00,/api/v1/doc/document/draft-ietf-ipfix-file/,/api/v1/doc/document/draft-trammell-ipfix-file/,1,draft-trammell-ipfix-file,05,2012-10-29 16:22:12+00:00,,2005-08-04 07:00:00+00:00,2005-08-04 07:00:00+00:00,docevent,2009
/api/v1/doc/document/rfc5668/,5668,rfc5668,4-Octet AS Specific BGP Extended Community,2009-10-28 16:17:46+00:00,/api/v1/doc/document/draft-ietf-l3vpn-as4octet-ext-community/,/api/v1/doc/document/draft-ietf-l3vpn-as4octet-ext-community/,0,draft-ietf-l3vpn-as4octet-ext-community,03,2015-10-14 20:52:01+00:00,,2008-09-29 07:00:00+00:00,2008-09-29 07:00:00+00:00,docevent,2009
/api/v1/doc/document/rfc5686/,5686,rfc5686,RTP Payload Format for mU-law EMbedded Codec for Low-delay IP Communication (UEMCLIP) Speech Codec,2009-10-28 16:24:27+00:00,/api/v1/doc/document/draft-ietf-avt-rtp-uemclip/,/api/v1/doc/document/draft-hiwasaki-avt-rtp-uemclip/,1,draft-hiwasaki-avt-rtp-uemclip,02,2009-02-24 08:00:00+00:00,,2006-09-27 07:00:00+00:00,2006-09-27 07:00:00+00:00,docevent,2009
/api/v1/doc/document/rfc5703/,5703,rfc5703,"Sieve Email Filtering: MIME Part Tests, Iteration, Extraction, Replacement, and Enclosure",2009-10-28 16:33:16+00:00,/api/v1/doc/document/draft-ietf-sieve-mime-loop/,/api/v1/doc/document/draft-hansen-sieve-loop/,1,draft-hansen-sieve-loop,01,2006-04-04 07:00:00+00:00,,2004-07-16 07:00:00+00:00,2004-07-16 07:00:00+00:00,docevent,2009
/api/v1/doc/document/rfc5701/,5701,rfc5701,IPv6 Address Specific BGP Extended Community Attribute,2009-11-24 00:30:41+00:00,/api/v1/doc/document/draft-ietf-l3vpn-v6-ext-communities/,/api/v1/doc/document/draft-ietf-l3vpn-v6-ext-communities/,0,draft-ietf-l3vpn-v6-ext-communities,02,2015-10-14 20:52:01+00:00,,2008-09-29 07:00:00+00:00,2008-09-29 07:00:00+00:00,docevent,2009
/api/v1/doc/document/rfc5536/,5536,rfc5536,Netnews Article Format,2009-11-29 05:08:50+00:00,/api/v1/doc/document/draft-ietf-usefor-usefor/,/api/v1/doc/document/draft-ietf-usefor-usefor/,0,draft-ietf-usefor-usefor,12,2020-01-21 08:29:43+00:00,,2004-07-12 07:00:00+00:00,2004-07-12 07:00:00+00:00,docevent,2009
/api/v1/doc/document/rfc5537/,5537,rfc5537,Netnews Architecture and Protocols,2009-11-29 05:09:17+00:00,/api/v1/doc/document/draft-ietf-usefor-usepro/,/api/v1/doc/document/draft-allbery-usefor-usepro/,1,draft-allbery-usefor-usepro,00,2008-04-16 07:00:00+00:00,,2006-12-04 08:00:00+00:00,2006-12-04 08:00:00+00:00,docevent,2009
/api/v1/doc/document/rfc5678/,5678,rfc5678,Dynamic Host Configuration Protocol (DHCPv4 and DHCPv6) Options for IEEE 802.21 Mobility Services (MoS) Discovery,2009-12-06 20:56:16+00:00,/api/v1/doc/document/draft-ietf-mipshop-mos-dhcp-options/,/api/v1/doc/document/draft-ietf-mipshop-mos-dhcp-options/,0,draft-ietf-mipshop-mos-dhcp-options,14,2015-10-14 20:51:56+00:00,,2008-04-22 07:00:00+00:00,2008-04-22 07:00:00+00:00,docevent,2009
/api/v1/doc/document/rfc5679/,5679,rfc5679,Locating IEEE 802.21 Mobility Services Using DNS,2009-12-06 20:56:37+00:00,/api/v1/doc/document/draft-ietf-mipshop-mos-dns-discovery/,/api/v1/doc/document/draft-ietf-mipshop-mos-dns-discovery/,0,draft-ietf-mipshop-mos-dns-discovery,07,2015-10-14 20:51:56+00:00,,2008-04-22 07:00:00+00:00,2008-04-22 07:00:00+00:00,docevent,2009
/api/v1/doc/document/rfc5717/,5717,rfc5717,Partial Lock Remote Procedure Call (RPC) for NETCONF,2009-12-22 01:34:51+00:00,/api/v1/doc/document/draft-ietf-netconf-partial-lock/,/api/v1/doc/document/draft-lengyel-ngo-partial-lock/,1,draft-lengyel-ngo-partial-lock,01,2008-01-10 08:00:00+00:00,,2007-05-23 07:00:00+00:00,2007-05-23 07:00:00+00:00,docevent,2009
/api/v1/doc/document/rfc5711/,5711,rfc5711,Node Behavior upon Originating and Receiving Resource Reservation Protocol (RSVP) Path Error Messages,2010-01-15 07:09:03+00:00,/api/v1/doc/document/draft-ietf-mpls-3209-patherr/,/api/v1/doc/document/draft-vasseur-mpls-3209-patherr/,1,draft-vasseur-mpls-3209-patherr,01,2010-01-05 08:00:00+00:00,,2006-09-10 07:00:00+00:00,2006-09-10 07:00:00+00:00,docevent,2010
/api/v1/doc/document/rfc5713/,5713,rfc5713,Security Threats and Security Requirements for the Access Node Control Protocol (ANCP),2010-01-15 07:09:32+00:00,/api/v1/doc/document/draft-ietf-ancp-security-threats/,/api/v1/doc/document/draft-moustafa-ancp-security-threats/,1,draft-moustafa-ancp-security-threats,00,2007-07-08 07:00:00+00:00,,2006-10-16 07:00:00+00:00,2006-10-16 07:00:00+00:00,docevent,2010
/api/v1/doc/document/rfc5715/,5715,rfc5715,A Framework for Loop-Free Convergence,2010-01-15 07:09:56+00:00,/api/v1/doc/document/draft-ietf-rtgwg-lf-conv-frmwk/,/api/v1/doc/document/draft-bryant-shand-lf-conv-frmwk/,1,draft-bryant-shand-lf-conv-frmwk,03,2010-10-29 07:00:00+00:00,,2004-10-23 07:00:00+00:00,2004-10-23 07:00:00+00:00,docevent,2010
/api/v1/doc/document/rfc5708/,5708,rfc5708,X.509 Key and Signature Encoding for the KeyNote Trust Management System,2010-01-24 19:56:53+00:00,/api/v1/doc/document/draft-keromytis-keynote-x509/,/api/v1/doc/document/draft-keromytis-keynote-x509/,0,draft-keromytis-keynote-x509,02,2020-01-21 08:30:12+00:00,,2008-04-02 07:00:00+00:00,2008-04-02 07:00:00+00:00,docevent,2010
/api/v1/doc/document/rfc5759/,5759,rfc5759,Suite B Certificate and Certificate Revocation List (CRL) Profile,2010-01-24 19:56:58+00:00,/api/v1/doc/document/draft-solinas-suiteb-cert-profile/,/api/v1/doc/document/draft-solinas-suiteb-cert-profile/,0,draft-solinas-suiteb-cert-profile,04,2018-08-01 07:19:32+00:00,,2008-12-12 08:00:00+00:00,2008-12-12 08:00:00+00:00,docevent,2010
/api/v1/doc/document/rfc5750/,5750,rfc5750,Secure/Multipurpose Internet Mail Extensions (S/MIME) Version 3.2 Certificate Handling,2010-01-25 18:18:52+00:00,/api/v1/doc/document/draft-ietf-smime-3850bis/,/api/v1/doc/document/draft-ietf-smime-3850bis/,0,draft-ietf-smime-3850bis,11,2015-10-14 20:51:51+00:00,,2007-11-08 08:00:00+00:00,2007-11-08 08:00:00+00:00,docevent,2010
/api/v1/doc/document/rfc5751/,5751,rfc5751,Secure/Multipurpose Internet Mail Extensions (S/MIME) Version 3.2 Message Specification,2010-01-25 18:19:11+00:00,/api/v1/doc/document/draft-ietf-smime-3851bis/,/api/v1/doc/document/draft-ietf-smime-3851bis/,0,draft-ietf-smime-3851bis,11,2020-01-21 08:30:15+00:00,,2007-11-08 08:00:00+00:00,2007-11-08 08:00:00+00:00,docevent,2010
/api/v1/doc/document/rfc5753/,5753,rfc5753,Use of Elliptic Curve Cryptography (ECC) Algorithms in Cryptographic Message Syntax (CMS),2010-01-25 18:19:43+00:00,/api/v1/doc/document/draft-ietf-smime-3278bis/,/api/v1/doc/document/draft-ietf-smime-3278bis/,0,draft-ietf-smime-3278bis,09,2016-08-16 07:07:54+00:00,,2008-06-04 07:00:00+00:00,2008-06-04 07:00:00+00:00,docevent,2010
/api/v1/doc/document/rfc5755/,5755,rfc5755,An Internet Attribute Certificate Profile for Authorization,2010-01-25 18:20:09+00:00,/api/v1/doc/document/draft-ietf-pkix-3281update/,/api/v1/doc/document/draft-ietf-pkix-3281update/,0,draft-ietf-pkix-3281update,05,2020-01-21 08:30:16+00:00,,2008-10-17 07:00:00+00:00,2008-10-17 07:00:00+00:00,docevent,2010
/api/v1/doc/document/rfc5414/,5414,rfc5414,Wireless LAN Control Protocol (WiCoP),2010-02-04 01:47:02+00:00,/api/v1/doc/document/draft-iino-capwap-wicop/,/api/v1/doc/document/draft-iino-capwap-wicop/,0,draft-iino-capwap-wicop,02,2021-04-06 07:29:05+00:00,,2005-03-30 08:00:00+00:00,2005-03-30 08:00:00+00:00,docevent,2010
/api/v1/doc/document/rfc5578/,5578,rfc5578,PPP over Ethernet (PPPoE) Extensions for Credit Flow and Link Metrics,2010-02-04 01:47:18+00:00,/api/v1/doc/document/draft-bberry-rfc4938bis/,/api/v1/doc/document/draft-bberry-rfc4938bis/,0,draft-bberry-rfc4938bis,00,2021-04-06 07:29:09+00:00,,2008-04-24 07:00:00+00:00,2008-04-24 07:00:00+00:00,docevent,2010
/api/v1/doc/document/rfc5517/,5517,rfc5517,Cisco Systems' Private VLANs: Scalable Security in a Multi-Client Environment,2010-02-09 02:55:01+00:00,/api/v1/doc/document/draft-sanjib-private-vlan/,/api/v1/doc/document/draft-sanjib-private-vlan/,0,draft-sanjib-private-vlan,10,2018-12-20 08:23:29+00:00,,2003-09-25 07:00:00+00:00,2003-09-25 07:00:00+00:00,docevent,2010
/api/v1/doc/document/rfc5683/,5683,rfc5683,Password-Authenticated Key (PAK) Diffie-Hellman Exchange,2010-02-09 02:55:11+00:00,/api/v1/doc/document/draft-brusilovsky-pak/,/api/v1/doc/document/draft-brusilovsky-pak/,0,draft-brusilovsky-pak,10,2021-04-06 07:29:12+00:00,,2005-10-18 07:00:00+00:00,2005-10-18 07:00:00+00:00,docevent,2010
/api/v1/doc/document/rfc5563/,5563,rfc5563,WiMAX Forum / 3GPP2 Proxy Mobile IPv4,2010-02-09 02:55:20+00:00,/api/v1/doc/document/draft-leung-mip4-proxy-mode/,/api/v1/doc/document/draft-leung-mip4-proxy-mode/,0,draft-leung-mip4-proxy-mode,10,2015-10-14 20:51:27+00:00,,2006-02-28 08:00:00+00:00,2006-02-28 08:00:00+00:00,docevent,2010
/api/v1/doc/document/rfc5385/,5385,rfc5385,Version 2.0 Microsoft Word Template for Creating Internet Drafts and RFCs,2010-02-12 20:43:10+00:00,/api/v1/doc/document/draft-touch-msword-template-v2.0/,/api/v1/doc/document/draft-touch-msword-template-v2.0/,0,draft-touch-msword-template-v2.0,07,2020-01-21 08:29:20+00:00,,2004-11-29 08:00:00+00:00,2004-11-29 08:00:00+00:00,docevent,2010
/api/v1/doc/document/rfc5564/,5564,rfc5564,Linguistic Guidelines for the Use of the Arabic Language in Internet Domains,2010-02-12 20:43:26+00:00,/api/v1/doc/document/draft-farah-adntf-ling-guidelines/,/api/v1/doc/document/draft-farah-adntf-ling-guidelines/,0,draft-farah-adntf-ling-guidelines,04,2015-10-14 20:51:54+00:00,,2008-02-15 08:00:00+00:00,2008-02-15 08:00:00+00:00,docevent,2010
/api/v1/doc/document/rfc5777/,5777,rfc5777,Traffic Classification and Quality of Service (QoS) Attributes for Diameter,2010-02-12 20:43:51+00:00,/api/v1/doc/document/draft-ietf-dime-qos-attributes/,/api/v1/doc/document/draft-korhonen-dime-qos-attributes/,1,draft-korhonen-dime-qos-attributes,00,2010-04-12 07:00:00+00:00,,2007-02-28 08:00:00+00:00,2007-02-28 08:00:00+00:00,docevent,2010
/api/v1/doc/document/rfc5778/,5778,rfc5778,Diameter Mobile IPv6: Support for Home Agent to Diameter Server Interaction,2010-02-18 18:22:16+00:00,/api/v1/doc/document/draft-ietf-dime-mip6-split/,/api/v1/doc/document/draft-tschofenig-dime-mip6-split/,1,draft-tschofenig-dime-mip6-split,01,2008-04-17 07:00:00+00:00,,2006-03-01 08:00:00+00:00,2006-03-01 08:00:00+00:00,docevent,2010
/api/v1/doc/document/rfc5412/,5412,rfc5412,Lightweight Access Point Protocol,2010-02-23 01:46:20+00:00,/api/v1/doc/document/draft-ohara-capwap-lwapp/,/api/v1/doc/document/draft-ohara-capwap-lwapp/,0,draft-ohara-capwap-lwapp,04,2018-12-20 08:23:10+00:00,,2004-05-11 07:00:00+00:00,2004-05-11 07:00:00+00:00,docevent,2010
/api/v1/doc/document/rfc5413/,5413,rfc5413,SLAPP: Secure Light Access Point Protocol,2010-02-23 01:46:32+00:00,/api/v1/doc/document/draft-narasimhan-ietf-slapp/,/api/v1/doc/document/draft-narasimhan-ietf-slapp/,0,draft-narasimhan-ietf-slapp,01,2018-12-20 08:23:11+00:00,,2005-04-05 07:00:00+00:00,2005-04-05 07:00:00+00:00,docevent,2010
/api/v1/doc/document/rfc5760/,5760,rfc5760,RTP Control Protocol (RTCP) Extensions for Single-Source Multicast Sessions with Unicast Feedback,2010-02-27 03:53:01+00:00,/api/v1/doc/document/draft-ietf-avt-rtcpssm/,/api/v1/doc/document/draft-chesterfield-avt-rtcpssm/,1,draft-chesterfield-avt-rtcpssm,02,2009-02-24 08:00:00+00:00,,2001-02-27 08:00:00+00:00,2001-02-27 08:00:00+00:00,docevent,2010
/api/v1/doc/document/rfc5639/,5639,rfc5639,Elliptic Curve Cryptography (ECC) Brainpool Standard Curves and Curve Generation,2010-03-04 01:25:47+00:00,/api/v1/doc/document/draft-lochter-pkix-brainpool-ecc/,/api/v1/doc/document/draft-lochter-pkix-brainpool-ecc/,0,draft-lochter-pkix-brainpool-ecc,03,2020-01-21 08:30:01+00:00,,2007-06-21 07:00:00+00:00,2007-06-21 07:00:00+00:00,docevent,2010
/api/v1/doc/document/rfc5794/,5794,rfc5794,A Description of the ARIA Encryption Algorithm,2010-03-04 01:26:46+00:00,/api/v1/doc/document/draft-nsri-aria/,/api/v1/doc/document/draft-nsri-aria/,0,draft-nsri-aria,04,2020-01-21 08:30:25+00:00,,2009-05-15 07:00:00+00:00,2009-05-15 07:00:00+00:00,docevent,2010
/api/v1/doc/document/rfc5792/,5792,rfc5792,PA-TNC: A Posture Attribute (PA) Protocol Compatible with Trusted Network Connect (TNC),2010-03-10 00:36:27+00:00,/api/v1/doc/document/draft-ietf-nea-pa-tnc/,/api/v1/doc/document/draft-sangster-nea-pa-tnc/,1,draft-sangster-nea-pa-tnc,00,2008-02-18 08:00:00+00:00,,2008-02-18 08:00:00+00:00,2008-02-18 08:00:00+00:00,docevent,2010
/api/v1/doc/document/rfc5793/,5793,rfc5793,PB-TNC: A Posture Broker (PB) Protocol Compatible with Trusted Network Connect (TNC),2010-03-10 00:36:43+00:00,/api/v1/doc/document/draft-ietf-nea-pb-tnc/,/api/v1/doc/document/draft-sahita-nea-pb-tnc/,1,draft-sahita-nea-pb-tnc,00,2008-02-18 08:00:00+00:00,,2008-02-18 08:00:00+00:00,2008-02-18 08:00:00+00:00,docevent,2010
/api/v1/doc/document/rfc5805/,5805,rfc5805,Lightweight Directory Access Protocol (LDAP) Transactions,2010-03-10 06:00:22+00:00,/api/v1/doc/document/draft-zeilenga-ldap-txn/,/api/v1/doc/document/draft-zeilenga-ldap-txn/,0,draft-zeilenga-ldap-txn,15,2018-01-30 08:21:45+00:00,,2000-08-10 07:00:00+00:00,2000-08-10 07:00:00+00:00,docevent,2010
/api/v1/doc/document/rfc5687/,5687,rfc5687,GEOPRIV Layer 7 Location Configuration Protocol: Problem Statement and Requirements,2010-03-10 19:17:31+00:00,/api/v1/doc/document/draft-ietf-geopriv-l7-lcp-ps/,/api/v1/doc/document/draft-tschofenig-geopriv-l7-lcp-ps/,1,draft-tschofenig-geopriv-l7-lcp-ps,03,2008-04-16 07:00:00+00:00,,2006-06-21 07:00:00+00:00,2006-06-21 07:00:00+00:00,docevent,2010
/api/v1/doc/document/rfc5705/,5705,rfc5705,Keying Material Exporters for Transport Layer Security (TLS),2010-03-16 00:11:14+00:00,/api/v1/doc/document/draft-ietf-tls-extractor/,/api/v1/doc/document/draft-rescorla-tls-extractor/,1,draft-rescorla-tls-extractor,01,2008-02-29 08:00:00+00:00,,2007-01-15 08:00:00+00:00,2007-01-15 08:00:00+00:00,docevent,2010
/api/v1/doc/document/rfc5811/,5811,rfc5811,SCTP-Based Transport Mapping Layer (TML) for the Forwarding and Control Element Separation (ForCES) Protocol,2010-03-19 02:18:04+00:00,/api/v1/doc/document/draft-ietf-forces-sctptml/,/api/v1/doc/document/draft-hadi-forces-sctptml/,1,draft-hadi-forces-sctptml,00,2012-10-11 15:56:37+00:00,,2006-06-21 07:00:00+00:00,2006-06-21 07:00:00+00:00,docevent,2010
/api/v1/doc/document/rfc5812/,5812,rfc5812,Forwarding and Control Element Separation (ForCES) Forwarding Element Model,2010-03-19 02:18:14+00:00,/api/v1/doc/document/draft-ietf-forces-model/,/api/v1/doc/document/draft-anderson-forces-model/,1,draft-anderson-forces-model,00,2008-04-16 07:00:00+00:00,,2001-11-16 08:00:00+00:00,2001-11-16 08:00:00+00:00,docevent,2010
/api/v1/doc/document/rfc5813/,5813,rfc5813,Forwarding and Control Element Separation (ForCES) MIB,2010-03-19 02:18:28+00:00,/api/v1/doc/document/draft-ietf-forces-mib/,/api/v1/doc/document/draft-haas-forces-mib/,1,draft-haas-forces-mib,02,2006-01-26 08:00:00+00:00,,2005-10-21 07:00:00+00:00,2005-10-21 07:00:00+00:00,docevent,2010
/api/v1/doc/document/rfc5796/,5796,rfc5796,Authentication and Confidentiality in Protocol Independent Multicast Sparse Mode (PIM-SM) Link-Local Messages,2010-03-19 02:19:03+00:00,/api/v1/doc/document/draft-ietf-pim-sm-linklocal/,/api/v1/doc/document/draft-atwood-pim-sm-linklocal/,1,draft-atwood-pim-sm-linklocal,01,2008-04-16 07:00:00+00:00,,2004-10-19 07:00:00+00:00,2004-10-19 07:00:00+00:00,docevent,2010
/api/v1/doc/document/rfc5787/,5787,rfc5787,OSPFv2 Routing Protocols Extensions for Automatically Switched Optical Network (ASON) Routing,2010-03-23 06:16:42+00:00,/api/v1/doc/document/draft-ietf-ccamp-gmpls-ason-routing-ospf/,/api/v1/doc/document/draft-dimitri-ccamp-gmpls-ason-routing-ospf/,1,draft-dimitri-ccamp-gmpls-ason-routing-ospf,00,2008-04-16 07:00:00+00:00,,2006-06-13 07:00:00+00:00,2006-06-13 07:00:00+00:00,docevent,2010
/api/v1/doc/document/rfc5728/,5728,rfc5728,The SatLabs Group DVB-RCS MIB,2010-03-24 02:55:06+00:00,/api/v1/doc/document/draft-combes-ipdvb-mib-rcs/,/api/v1/doc/document/draft-combes-ipdvb-mib-rcs/,0,draft-combes-ipdvb-mib-rcs,08,2020-01-21 08:30:13+00:00,,2007-03-29 07:00:00+00:00,2007-03-29 07:00:00+00:00,docevent,2010
/api/v1/doc/document/rfc1849/,1849,rfc1849,"""Son of 1036"": News Article Format and Transmission",2010-03-26 23:43:27+00:00,/api/v1/doc/document/draft-spencer-usefor-son-of-1036/,/api/v1/doc/document/draft-spencer-usefor-son-of-1036/,0,draft-spencer-usefor-son-of-1036,01,2018-12-20 08:19:02+00:00,,2009-05-04 07:00:00+00:00,2009-05-04 07:00:00+00:00,docevent,2010
/api/v1/doc/document/rfc5776/,5776,rfc5776,Use of Timed Efficient Stream Loss-Tolerant Authentication (TESLA) in the Asynchronous Layered Coding (ALC) and NACK-Oriented Reliable Multicast (NORM) Protocols,2010-04-06 22:13:02+00:00,/api/v1/doc/document/draft-ietf-msec-tesla-for-alc-norm/,/api/v1/doc/document/draft-faurite-rmt-tesla-for-alc-norm/,1,draft-faurite-rmt-tesla-for-alc-norm,01,2010-04-08 07:00:00+00:00,,2005-07-11 07:00:00+00:00,2005-07-11 07:00:00+00:00,docevent,2010
/api/v1/doc/document/rfc5826/,5826,rfc5826,Home Automation Routing Requirements in Low-Power and Lossy Networks,2010-04-06 22:13:40+00:00,/api/v1/doc/document/draft-ietf-roll-home-routing-reqs/,/api/v1/doc/document/draft-brandt-roll-home-routing-reqs/,1,draft-brandt-roll-home-routing-reqs,01,2009-12-14 08:00:00+00:00,,2008-02-20 08:00:00+00:00,2008-02-20 08:00:00+00:00,docevent,2010
/api/v1/doc/document/rfc5815/,5815,rfc5815,Definitions of Managed Objects for IP Flow Information Export,2010-04-20 23:57:03+00:00,/api/v1/doc/document/draft-ietf-ipfix-mib/,/api/v1/doc/document/draft-dietz-ipfix-mib/,1,draft-dietz-ipfix-mib,01,2008-04-17 07:00:00+00:00,,2006-07-02 07:00:00+00:00,2006-07-02 07:00:00+00:00,docevent,2010
/api/v1/doc/document/rfc5840/,5840,rfc5840,Wrapped Encapsulating Security Payload (ESP) for Traffic Visibility,2010-04-20 23:57:58+00:00,/api/v1/doc/document/draft-ietf-ipsecme-traffic-visibility/,/api/v1/doc/document/draft-grewal-ipsec-traffic-visibility/,1,draft-grewal-ipsec-traffic-visibility,01,2008-12-01 08:00:00+00:00,,2008-01-02 08:00:00+00:00,2008-01-02 08:00:00+00:00,docevent,2010
/api/v1/doc/document/rfc5817/,5817,rfc5817,Graceful Shutdown in MPLS and Generalized MPLS Traffic Engineering Networks,2010-04-26 23:49:48+00:00,/api/v1/doc/document/draft-ietf-ccamp-mpls-graceful-shutdown/,/api/v1/doc/document/draft-ali-ccamp-mpls-graceful-shutdown/,1,draft-ali-ccamp-mpls-graceful-shutdown,04,2006-09-07 07:00:00+00:00,,2004-06-15 07:00:00+00:00,2004-06-15 07:00:00+00:00,docevent,2010
/api/v1/doc/document/rfc5827/,5827,rfc5827,Early Retransmit for TCP and Stream Control Transmission Protocol (SCTP),2010-04-26 23:50:14+00:00,/api/v1/doc/document/draft-ietf-tcpm-early-rexmt/,/api/v1/doc/document/draft-ietf-tcpm-early-rexmt/,0,draft-ietf-tcpm-early-rexmt,04,2015-10-14 20:52:01+00:00,,2008-09-16 07:00:00+00:00,2008-09-16 07:00:00+00:00,docevent,2010
/api/v1/doc/document/rfc5824/,5824,rfc5824,Requirements for Supporting Customer Resource ReSerVation Protocol (RSVP) and RSVP Traffic Engineering (RSVP-TE) over a BGP/MPLS IP-VPN,2010-04-29 03:27:05+00:00,/api/v1/doc/document/draft-ietf-l3vpn-e2e-rsvp-te-reqts/,/api/v1/doc/document/draft-kumaki-l3vpn-e2e-rsvp-te-reqts/,1,draft-kumaki-l3vpn-e2e-rsvp-te-reqts,06,2010-01-15 08:00:00+00:00,,2006-02-15 08:00:00+00:00,2006-02-15 08:00:00+00:00,docevent,2010
/api/v1/doc/document/rfc5824/,5824,rfc5824,Requirements for Supporting Customer Resource ReSerVation Protocol (RSVP) and RSVP Traffic Engineering (RSVP-TE) over a BGP/MPLS IP-VPN,2010-04-29 03:27:05+00:00,/api/v1/doc/document/draft-ietf-l3vpn-e2e-rsvp-te-reqts/,/api/v1/doc/document/draft-ietf-l3vpn-e2e-rsvp-te-reqts/,0,draft-ietf-l3vpn-e2e-rsvp-te-reqts,05,2022-01-12 08:42:32+00:00,,2008-04-07 07:00:00+00:00,2008-04-07 07:00:00+00:00,docevent,2010
/api/v1/doc/document/rfc5761/,5761,rfc5761,Multiplexing RTP Data and Control Packets on a Single Port,2010-04-29 23:35:53+00:00,/api/v1/doc/document/draft-ietf-avt-rtp-and-rtcp-mux/,/api/v1/doc/document/draft-perkins-avt-rtp-and-rtcp-mux/,1,draft-perkins-avt-rtp-and-rtcp-mux,01,2008-04-16 07:00:00+00:00,,2006-09-08 07:00:00+00:00,2006-09-08 07:00:00+00:00,docevent,2010
/api/v1/doc/document/rfc5761/,5761,rfc5761,Multiplexing RTP Data and Control Packets on a Single Port,2010-04-29 23:35:53+00:00,/api/v1/doc/document/draft-ietf-avt-rtp-and-rtcp-mux/,/api/v1/doc/document/draft-ietf-avt-rtp-and-rtcp-mux/,0,draft-ietf-avt-rtp-and-rtcp-mux,07,2020-01-21 08:30:17+00:00,,2006-10-02 07:00:00+00:00,2006-10-02 07:00:00+00:00,docevent,2010
/api/v1/doc/document/rfc5762/,5762,rfc5762,RTP and the Datagram Congestion Control Protocol (DCCP),2010-04-29 23:36:03+00:00,/api/v1/doc/document/draft-ietf-dccp-rtp/,/api/v1/doc/document/draft-perkins-dccp-rtp/,1,draft-perkins-dccp-rtp,02,2006-10-20 07:00:00+00:00,,2005-10-20 07:00:00+00:00,2005-10-20 07:00:00+00:00,docevent,2010
/api/v1/doc/document/rfc5762/,5762,rfc5762,RTP and the Datagram Congestion Control Protocol (DCCP),2010-04-29 23:36:03+00:00,/api/v1/doc/document/draft-ietf-dccp-rtp/,/api/v1/doc/document/draft-ietf-dccp-rtp/,0,draft-ietf-dccp-rtp,07,2015-10-14 20:51:23+00:00,,2006-07-17 07:00:00+00:00,2006-07-17 07:00:00+00:00,docevent,2010
/api/v1/doc/document/rfc5766/,5766,rfc5766,Traversal Using Relays around NAT (TURN): Relay Extensions to Session Traversal Utilities for NAT (STUN),2010-04-29 23:36:13+00:00,/api/v1/doc/document/draft-ietf-behave-turn/,/api/v1/doc/document/draft-rosenberg-midcom-turn/,1,draft-rosenberg-midcom-turn,08,2006-03-23 08:00:00+00:00,,2001-11-19 08:00:00+00:00,2001-11-19 08:00:00+00:00,docevent,2010
/api/v1/doc/document/rfc5767/,5767,rfc5767,User-Agent-Driven Privacy Mechanism for SIP,2010-04-29 23:36:27+00:00,/api/v1/doc/document/draft-ietf-sip-ua-privacy/,/api/v1/doc/document/draft-munakata-sip-privacy-new/,1,draft-munakata-sip-privacy-new,01,2009-03-31 07:00:00+00:00,,2007-06-19 07:00:00+00:00,2007-06-19 07:00:00+00:00,docevent,2010
/api/v1/doc/document/rfc5769/,5769,rfc5769,Test Vectors for Session Traversal Utilities for NAT (STUN),2010-04-29 23:36:49+00:00,/api/v1/doc/document/draft-ietf-behave-stun-test-vectors/,/api/v1/doc/document/draft-denis-behave-rfc3489bis-test-vectors/,1,draft-denis-behave-rfc3489bis-test-vectors,02,2007-11-18 08:00:00+00:00,,2007-08-08 07:00:00+00:00,2007-08-08 07:00:00+00:00,docevent,2010
/api/v1/doc/document/rfc5853/,5853,rfc5853,Requirements from Session Initiation Protocol (SIP) Session Border Control (SBC) Deployments,2010-04-29 23:37:00+00:00,/api/v1/doc/document/draft-ietf-sipping-sbc-funcs/,/api/v1/doc/document/draft-camarillo-sipping-sbc-funcs/,1,draft-camarillo-sipping-sbc-funcs,05,2008-04-16 07:00:00+00:00,,2005-02-15 08:00:00+00:00,2005-02-15 08:00:00+00:00,docevent,2010
/api/v1/doc/document/rfc5770/,5770,rfc5770,Basic Host Identity Protocol (HIP) Extensions for Traversal of Network Address Translators,2010-05-01 00:00:26+00:00,/api/v1/doc/document/draft-ietf-hip-nat-traversal/,/api/v1/doc/document/draft-schmitt-hip-nat-traversal/,1,draft-schmitt-hip-nat-traversal,02,2008-04-17 07:00:00+00:00,,2006-02-28 08:00:00+00:00,2006-02-28 08:00:00+00:00,docevent,2010
/api/v1/doc/document/rfc5851/,5851,rfc5851,Framework and Requirements for an Access Node Control Mechanism in Broadband Multi-Service Networks,2010-05-06 00:52:36+00:00,/api/v1/doc/document/draft-ietf-ancp-framework/,/api/v1/doc/document/draft-ooghe-ancp-framework/,1,draft-ooghe-ancp-framework,00,2007-07-08 07:00:00+00:00,,2006-06-19 07:00:00+00:00,2006-06-19 07:00:00+00:00,docevent,2010
/api/v1/doc/document/rfc5878/,5878,rfc5878,Transport Layer Security (TLS) Authorization Extensions,2010-05-06 00:52:59+00:00,/api/v1/doc/document/draft-housley-tls-authz-extns/,/api/v1/doc/document/draft-housley-tls-authz-extns/,0,draft-housley-tls-authz-extns,09,2020-01-21 08:30:32+00:00,,2006-02-08 08:00:00+00:00,2006-02-08 08:00:00+00:00,docevent,2010
/api/v1/doc/document/rfc5839/,5839,rfc5839,An Extension to Session Initiation Protocol (SIP) Events for Conditional Event Notification,2010-05-06 00:53:40+00:00,/api/v1/doc/document/draft-ietf-sipcore-subnot-etags/,/api/v1/doc/document/draft-niemi-sip-subnot-etags/,2,draft-niemi-sip-subnot-etags,03,2007-06-13 07:00:00+00:00,,2006-01-26 08:00:00+00:00,2006-01-26 08:00:00+00:00,docevent,2010
/api/v1/doc/document/rfc5763/,5763,rfc5763,Framework for Establishing a Secure Real-time Transport Protocol (SRTP) Security Context Using Datagram Transport Layer Security (DTLS),2010-05-11 19:27:16+00:00,/api/v1/doc/document/draft-ietf-sip-dtls-srtp-framework/,/api/v1/doc/document/draft-fischl-sipping-media-dtls/,1,draft-fischl-sipping-media-dtls,03,2007-11-15 08:00:00+00:00,,2006-03-02 08:00:00+00:00,2006-03-02 08:00:00+00:00,docevent,2010
/api/v1/doc/document/rfc5764/,5764,rfc5764,Datagram Transport Layer Security (DTLS) Extension to Establish Keys for the Secure Real-time Transport Protocol (SRTP),2010-05-11 19:27:37+00:00,/api/v1/doc/document/draft-ietf-avt-dtls-srtp/,/api/v1/doc/document/draft-mcgrew-tls-srtp/,1,draft-mcgrew-tls-srtp,02,2007-07-16 07:00:00+00:00,,2006-06-16 07:00:00+00:00,2006-06-16 07:00:00+00:00,docevent,2010
/api/v1/doc/document/rfc5808/,5808,rfc5808,Requirements for a Location-by-Reference Mechanism,2010-05-11 19:28:00+00:00,/api/v1/doc/document/draft-ietf-geopriv-lbyr-requirements/,/api/v1/doc/document/draft-marshall-geopriv-lbyr-requirements/,1,draft-marshall-geopriv-lbyr-requirements,02,2008-12-02 08:00:00+00:00,,2007-02-07 08:00:00+00:00,2007-02-07 08:00:00+00:00,docevent,2010
/api/v1/doc/document/rfc5865/,5865,rfc5865,A Differentiated Services Code Point (DSCP) for Capacity-Admitted Traffic,2010-05-11 19:28:33+00:00,/api/v1/doc/document/draft-ietf-tsvwg-admitted-realtime-dscp/,/api/v1/doc/document/draft-baker-tsvwg-admitted-voice-dscp/,1,draft-baker-tsvwg-admitted-voice-dscp,01,2006-12-15 08:00:00+00:00,,2006-09-28 07:00:00+00:00,2006-09-28 07:00:00+00:00,docevent,2010
/api/v1/doc/document/rfc5858/,5858,rfc5858,IPsec Extensions to Support Robust Header Compression over IPsec,2010-05-14 23:07:50+00:00,/api/v1/doc/document/draft-ietf-rohc-ipsec-extensions-hcoipsec/,/api/v1/doc/document/draft-ertekin-rohc-ipsec-extensions-hcoipsec/,1,draft-ertekin-rohc-ipsec-extensions-hcoipsec,01,2007-09-27 07:00:00+00:00,,2007-02-28 08:00:00+00:00,2007-02-28 08:00:00+00:00,docevent,2010
/api/v1/doc/document/rfc5866/,5866,rfc5866,Diameter Quality-of-Service Application,2010-05-14 23:08:05+00:00,/api/v1/doc/document/draft-ietf-dime-diameter-qos/,/api/v1/doc/document/draft-tschofenig-dime-diameter-qos/,1,draft-tschofenig-dime-diameter-qos,01,2008-04-16 07:00:00+00:00,,2006-03-03 08:00:00+00:00,2006-03-03 08:00:00+00:00,docevent,2010
/api/v1/doc/document/rfc5780/,5780,rfc5780,NAT Behavior Discovery Using Session Traversal Utilities for NAT (STUN),2010-05-18 23:46:51+00:00,/api/v1/doc/document/draft-ietf-behave-nat-behavior-discovery/,/api/v1/doc/document/draft-macdonald-behave-nat-behavior-discovery/,1,draft-macdonald-behave-nat-behavior-discovery,00,2007-03-01 08:00:00+00:00,,2006-10-17 07:00:00+00:00,2006-10-17 07:00:00+00:00,docevent,2010
/api/v1/doc/document/rfc5860/,5860,rfc5860,"Requirements for Operations, Administration, and Maintenance (OAM) in MPLS Transport Networks",2010-05-18 23:47:03+00:00,/api/v1/doc/document/draft-ietf-mpls-tp-oam-requirements/,/api/v1/doc/document/draft-vigoureux-mpls-tp-oam-requirements/,1,draft-vigoureux-mpls-tp-oam-requirements,01,2009-04-13 07:00:00+00:00,,2008-07-07 07:00:00+00:00,2008-07-07 07:00:00+00:00,docevent,2010
/api/v1/doc/document/rfc5874/,5874,rfc5874,An Extensible Markup Language (XML) Document Format for Indicating a Change in XML Configuration Access Protocol (XCAP) Resources,2010-05-20 00:53:49+00:00,/api/v1/doc/document/draft-ietf-simple-xcap-diff/,/api/v1/doc/document/draft-ietf-simple-xcap-package/,1,draft-ietf-simple-xcap-package,03,2005-06-16 07:00:00+00:00,,2003-06-25 07:00:00+00:00,2003-06-25 07:00:00+00:00,docevent,2010
/api/v1/doc/document/rfc5855/,5855,rfc5855,Nameservers for IPv4 and IPv6 Reverse Zones,2010-05-24 15:33:07+00:00,/api/v1/doc/document/draft-jabley-reverse-servers/,/api/v1/doc/document/draft-jabley-reverse-servers/,0,draft-jabley-reverse-servers,01,2015-10-14 20:52:14+00:00,,2009-11-12 08:00:00+00:00,2009-11-12 08:00:00+00:00,docevent,2010
/api/v1/doc/document/rfc5913/,5913,rfc5913,Clearance Attribute and Authority Clearance Constraints Certificate Extension,2010-06-08 18:38:02+00:00,/api/v1/doc/document/draft-ietf-pkix-authorityclearanceconstraints/,/api/v1/doc/document/draft-turner-caclearanceconstraints/,1,draft-turner-caclearanceconstraints,02,2012-01-25 08:00:00+00:00,,2007-12-14 08:00:00+00:00,2007-12-14 08:00:00+00:00,docevent,2010
/api/v1/doc/document/rfc5913/,5913,rfc5913,Clearance Attribute and Authority Clearance Constraints Certificate Extension,2010-06-08 18:38:02+00:00,/api/v1/doc/document/draft-ietf-pkix-authorityclearanceconstraints/,/api/v1/doc/document/draft-ietf-pkix-authorityclearanceconstraints/,0,draft-ietf-pkix-authorityclearanceconstraints,03,2020-01-21 08:30:39+00:00,,2008-11-07 08:00:00+00:00,2008-11-07 08:00:00+00:00,docevent,2010
/api/v1/doc/document/rfc5915/,5915,rfc5915,Elliptic Curve Private Key Structure,2010-06-08 18:38:23+00:00,/api/v1/doc/document/draft-turner-ecprivatekey/,/api/v1/doc/document/draft-turner-ecprivatekey/,0,draft-turner-ecprivatekey,04,2020-01-21 08:30:40+00:00,,2009-10-19 07:00:00+00:00,2009-10-19 07:00:00+00:00,docevent,2010
/api/v1/doc/document/rfc5916/,5916,rfc5916,Device Owner Attribute,2010-06-08 18:38:33+00:00,/api/v1/doc/document/draft-turner-deviceowner-attribute/,/api/v1/doc/document/draft-turner-deviceowner-attribute/,0,draft-turner-deviceowner-attribute,03,2015-10-14 20:52:01+00:00,,2008-10-06 07:00:00+00:00,2008-10-06 07:00:00+00:00,docevent,2010
/api/v1/doc/document/rfc5917/,5917,rfc5917,Clearance Sponsor Attribute,2010-06-08 18:38:41+00:00,/api/v1/doc/document/draft-turner-clearancesponsor-attribute/,/api/v1/doc/document/draft-turner-clearancesponsor-attribute/,0,draft-turner-clearancesponsor-attribute,03,2020-01-21 08:30:40+00:00,,2008-10-06 07:00:00+00:00,2008-10-06 07:00:00+00:00,docevent,2010
/api/v1/doc/document/rfc5886/,5886,rfc5886,A Set of Monitoring Tools for Path Computation Element (PCE)-Based Architecture,2010-06-21 22:55:43+00:00,/api/v1/doc/document/draft-ietf-pce-monitoring/,/api/v1/doc/document/draft-vasseur-pce-monitoring/,1,draft-vasseur-pce-monitoring,03,2011-01-10 08:00:00+00:00,,2006-10-13 07:00:00+00:00,2006-10-13 07:00:00+00:00,docevent,2010
/api/v1/doc/document/rfc5925/,5925,rfc5925,The TCP Authentication Option,2010-06-21 22:58:19+00:00,/api/v1/doc/document/draft-ietf-tcpm-tcp-auth-opt/,/api/v1/doc/document/draft-touch-tcpm-tcp-simple-auth/,1,draft-touch-tcpm-tcp-simple-auth,03,2024-12-18 18:43:49+00:00,,2006-06-12 07:00:00+00:00,2006-06-12 07:00:00+00:00,docevent,2010
/api/v1/doc/document/rfc5922/,5922,rfc5922,Domain Certificates in the Session Initiation Protocol (SIP),2010-06-23 20:12:05+00:00,/api/v1/doc/document/draft-ietf-sip-domain-certs/,/api/v1/doc/document/draft-gurbani-sip-domain-certs/,1,draft-gurbani-sip-domain-certs,06,2007-07-10 07:00:00+00:00,,2006-04-05 07:00:00+00:00,2006-04-05 07:00:00+00:00,docevent,2010
/api/v1/doc/document/rfc5927/,5927,rfc5927,ICMP Attacks against TCP,2010-07-06 23:33:47+00:00,/api/v1/doc/document/draft-ietf-tcpm-icmp-attacks/,/api/v1/doc/document/draft-gont-tcpm-icmp-attacks/,1,draft-gont-tcpm-icmp-attacks,05,2015-10-14 20:51:06+00:00,,2004-08-09 07:00:00+00:00,2004-08-09 07:00:00+00:00,docevent,2010
/api/v1/doc/document/rfc5955/,5955,rfc5955,The application/timestamped-data Media Type,2010-08-04 23:49:15+00:00,/api/v1/doc/document/draft-santoni-media-type-tsd/,/api/v1/doc/document/draft-santoni-media-type-tsd/,0,draft-santoni-media-type-tsd,00,2015-10-14 20:52:19+00:00,,2010-04-22 07:00:00+00:00,2010-04-22 07:00:00+00:00,docevent,2010
/api/v1/doc/document/rfc5967/,5967,rfc5967,The application/pkcs10 Media Type,2010-08-05 16:55:03+00:00,/api/v1/doc/document/draft-turner-application-pkcs10-media-type/,/api/v1/doc/document/draft-turner-application-pkcs10-media-type/,0,draft-turner-application-pkcs10-media-type,05,2015-10-14 20:52:16+00:00,,2010-02-03 08:00:00+00:00,2010-02-03 08:00:00+00:00,docevent,2010
/api/v1/doc/document/rfc5941/,5941,rfc5941,Sharing Transaction Fraud Data,2010-08-13 15:48:11+00:00,/api/v1/doc/document/draft-mraihi-inch-thraud/,/api/v1/doc/document/draft-mraihi-inch-thraud/,0,draft-mraihi-inch-thraud,09,2015-10-14 20:51:36+00:00,,2006-10-16 07:00:00+00:00,2006-10-16 07:00:00+00:00,docevent,2010
/api/v1/doc/document/rfc5918/,5918,rfc5918,Label Distribution Protocol (LDP) 'Typed Wildcard' Forward Equivalence Class (FEC),2010-08-16 23:53:03+00:00,/api/v1/doc/document/draft-ietf-mpls-ldp-typed-wildcard/,/api/v1/doc/document/draft-thomas-mpls-ldp-typed-wildcard/,1,draft-thomas-mpls-ldp-typed-wildcard,00,2008-04-16 07:00:00+00:00,,2006-10-06 07:00:00+00:00,2006-10-06 07:00:00+00:00,docevent,2010
/api/v1/doc/document/rfc5919/,5919,rfc5919,Signaling LDP Label Advertisement Completion,2010-08-16 23:53:15+00:00,/api/v1/doc/document/draft-ietf-mpls-ldp-end-of-lib/,/api/v1/doc/document/draft-asati-mpls-ldp-end-of-lib/,1,draft-asati-mpls-ldp-end-of-lib,01,2010-01-05 08:00:00+00:00,,2007-07-03 07:00:00+00:00,2007-07-03 07:00:00+00:00,docevent,2010
/api/v1/doc/document/rfc5940/,5940,rfc5940,Additional Cryptographic Message Syntax (CMS) Revocation Information Choices,2010-08-19 23:22:07+00:00,/api/v1/doc/document/draft-turner-additional-cms-ri-choices/,/api/v1/doc/document/draft-turner-additional-cms-ri-choices/,0,draft-turner-additional-cms-ri-choices,06,2015-10-14 20:52:12+00:00,,2009-10-05 07:00:00+00:00,2009-10-05 07:00:00+00:00,docevent,2010
/api/v1/doc/document/rfc5948/,5948,rfc5948,Transmission of IPv4 Packets over the IP Convergence Sublayer of IEEE 802.16,2010-08-19 23:22:18+00:00,/api/v1/doc/document/draft-ietf-16ng-ipv4-over-802-dot-16-ipcs/,/api/v1/doc/document/draft-madanapalli-16ng-ipv4-over-802-dot-16-ipcs/,1,draft-madanapalli-16ng-ipv4-over-802-dot-16-ipcs,01,2007-05-18 07:00:00+00:00,,2007-02-08 08:00:00+00:00,2007-02-08 08:00:00+00:00,docevent,2010
/api/v1/doc/document/rfc5958/,5958,rfc5958,Asymmetric Key Packages,2010-08-24 00:40:59+00:00,/api/v1/doc/document/draft-turner-asymmetrickeyformat/,/api/v1/doc/document/draft-turner-asymmetrickeyformat/,0,draft-turner-asymmetrickeyformat,05,2020-01-21 08:30:46+00:00,,2008-10-21 07:00:00+00:00,2008-10-21 07:00:00+00:00,docevent,2010
/api/v1/doc/document/rfc5959/,5959,rfc5959,Algorithms for Asymmetric Key Package Content Type,2010-08-24 00:41:11+00:00,/api/v1/doc/document/draft-turner-asymmetrickeyformat-algs/,/api/v1/doc/document/draft-turner-asymmetrickeyformat-algs/,0,draft-turner-asymmetrickeyformat-algs,01,2015-10-14 20:52:14+00:00,,2009-11-11 08:00:00+00:00,2009-11-11 08:00:00+00:00,docevent,2010
/api/v1/doc/document/rfc5669/,5669,rfc5669,The SEED Cipher Algorithm and Its Use with the Secure Real-Time Transport Protocol (SRTP),2010-08-31 06:05:22+00:00,/api/v1/doc/document/draft-ietf-avt-seed-srtp/,/api/v1/doc/document/draft-seokung-avt-seed-srtp/,1,draft-seokung-avt-seed-srtp,00,2009-02-24 08:00:00+00:00,,2007-08-06 07:00:00+00:00,2007-08-06 07:00:00+00:00,docevent,2010
/api/v1/doc/document/rfc5939/,5939,rfc5939,Session Description Protocol (SDP) Capability Negotiation,2010-09-14 19:38:07+00:00,/api/v1/doc/document/draft-ietf-mmusic-sdp-capability-negotiation/,/api/v1/doc/document/draft-andreasen-mmusic-sdp-capability-negotiation/,1,draft-andreasen-mmusic-sdp-capability-negotiation,01,2008-04-16 07:00:00+00:00,,2006-06-19 07:00:00+00:00,2006-06-19 07:00:00+00:00,docevent,2010
/api/v1/doc/document/rfc5990/,5990,rfc5990,Use of the RSA-KEM Key Transport Algorithm in the Cryptographic Message Syntax (CMS),2010-09-23 15:30:54+00:00,/api/v1/doc/document/draft-ietf-smime-cms-rsa-kem/,/api/v1/doc/document/draft-ietf-smime-cms-rsa-kem/,0,draft-ietf-smime-cms-rsa-kem,13,2015-10-14 20:50:46+00:00,,2003-05-19 07:00:00+00:00,2003-05-19 07:00:00+00:00,docevent,2010
/api/v1/doc/document/rfc5976/,5976,rfc5976,Y.1541-QOSM: Model for Networks Using Y.1541 Quality-of-Service Classes,2010-10-06 19:16:39+00:00,/api/v1/doc/document/draft-ietf-nsis-y1541-qosm/,/api/v1/doc/document/draft-ash-nsis-y1541-qosm/,1,draft-ash-nsis-y1541-qosm,00,2007-06-28 07:00:00+00:00,,2005-05-03 07:00:00+00:00,2005-05-03 07:00:00+00:00,docevent,2010
/api/v1/doc/document/rfc5978/,5978,rfc5978,Using and Extending the NSIS Protocol Family,2010-10-06 19:17:04+00:00,/api/v1/doc/document/draft-ietf-nsis-ext/,/api/v1/doc/document/draft-loughney-nsis-ext/,1,draft-loughney-nsis-ext,02,2009-03-10 07:00:00+00:00,,2005-05-16 07:00:00+00:00,2005-05-16 07:00:00+00:00,docevent,2010
/api/v1/doc/document/rfc5994/,5994,rfc5994,Application of Ethernet Pseudowires to MPLS Transport Networks,2010-10-06 19:17:17+00:00,/api/v1/doc/document/draft-ietf-pwe3-mpls-transport/,/api/v1/doc/document/draft-bryant-pwe3-mpls-transport/,1,draft-bryant-pwe3-mpls-transport,00,2008-10-27 07:00:00+00:00,,2006-10-16 07:00:00+00:00,2006-10-16 07:00:00+00:00,docevent,2010
/api/v1/doc/document/rfc6021/,6021,rfc6021,Common YANG Data Types,2010-10-06 19:17:53+00:00,/api/v1/doc/document/draft-ietf-netmod-yang-types/,/api/v1/doc/document/draft-schoenw-netmod-yang-types/,1,draft-schoenw-netmod-yang-types,01,2011-01-10 08:00:00+00:00,,2008-05-22 07:00:00+00:00,2008-05-22 07:00:00+00:00,docevent,2010
/api/v1/doc/document/rfc5946/,5946,rfc5946,Resource Reservation Protocol (RSVP) Extensions for Path-Triggered RSVP Receiver Proxy,2010-10-11 00:09:56+00:00,/api/v1/doc/document/draft-ietf-tsvwg-rsvp-proxy-proto/,/api/v1/doc/document/draft-lefaucheur-tsvwg-rsvp-proxy/,1,draft-lefaucheur-tsvwg-rsvp-proxy,00,2007-02-28 08:00:00+00:00,,2006-10-16 07:00:00+00:00,2006-10-16 07:00:00+00:00,docevent,2010
/api/v1/doc/document/rfc5993/,5993,rfc5993,RTP Payload Format for Global System for Mobile Communications Half Rate (GSM-HR),2010-10-19 14:55:13+00:00,/api/v1/doc/document/draft-ietf-avt-rtp-gsm-hr/,/api/v1/doc/document/draft-wang-avt-rtp-gsm-hr/,1,draft-wang-avt-rtp-gsm-hr,00,2010-01-13 08:00:00+00:00,,2008-02-22 08:00:00+00:00,2008-02-22 08:00:00+00:00,docevent,2010
/api/v1/doc/document/rfc6039/,6039,rfc6039,Issues with Existing Cryptographic Protection Methods for Routing Protocols,2010-10-23 01:36:48+00:00,/api/v1/doc/document/draft-ietf-opsec-routing-protocols-crypto-issues/,/api/v1/doc/document/draft-ietf-opsec-routing-protocols-crypto-issues/,0,draft-ietf-opsec-routing-protocols-crypto-issues,07,2018-12-20 08:24:40+00:00,,2008-10-22 07:00:00+00:00,2008-10-22 07:00:00+00:00,docevent,2010
/api/v1/doc/document/rfc6030/,6030,rfc6030,Portable Symmetric Key Container (PSKC),2010-10-29 05:34:11+00:00,/api/v1/doc/document/draft-ietf-keyprov-pskc/,/api/v1/doc/document/draft-hoyer-keyprov-portable-symmetric-key-container/,2,draft-hoyer-keyprov-portable-symmetric-key-container,02,2007-07-16 07:00:00+00:00,,2007-02-13 08:00:00+00:00,2007-02-13 08:00:00+00:00,docevent,2010
/api/v1/doc/document/rfc6030/,6030,rfc6030,Portable Symmetric Key Container (PSKC),2010-10-29 05:34:11+00:00,/api/v1/doc/document/draft-ietf-keyprov-pskc/,/api/v1/doc/document/draft-ietf-keyprov-portable-symmetric-key-container/,1,draft-ietf-keyprov-portable-symmetric-key-container,06,2009-01-14 08:00:00+00:00,,2007-08-31 07:00:00+00:00,2007-08-31 07:00:00+00:00,docevent,2010
/api/v1/doc/document/rfc6042/,6042,rfc6042,Transport Layer Security (TLS) Authorization Using KeyNote,2010-10-29 05:34:23+00:00,/api/v1/doc/document/draft-keromytis-tls-authz-keynote/,/api/v1/doc/document/draft-keromytis-tls-authz-keynote/,0,draft-keromytis-tls-authz-keynote,07,2015-10-14 20:51:55+00:00,,2008-04-02 07:00:00+00:00,2008-04-02 07:00:00+00:00,docevent,2010
/api/v1/doc/document/rfc6045/,6045,rfc6045,Real-time Inter-network Defense (RID),2010-11-08 05:49:20+00:00,/api/v1/doc/document/draft-moriarty-post-inch-rid/,/api/v1/doc/document/draft-moriarty-post-inch-rid/,0,draft-moriarty-post-inch-rid,12,2020-01-21 08:31:00+00:00,,2006-11-15 08:00:00+00:00,2006-11-15 08:00:00+00:00,docevent,2010
/api/v1/doc/document/rfc6046/,6046,rfc6046,Transport of Real-time Inter-network Defense (RID) Messages,2010-11-08 05:49:27+00:00,/api/v1/doc/document/draft-moriarty-post-inch-rid-transport/,/api/v1/doc/document/draft-moriarty-post-inch-rid-soap/,1,draft-moriarty-post-inch-rid-soap,05,2009-10-28 07:00:00+00:00,,2006-11-15 08:00:00+00:00,2006-11-15 08:00:00+00:00,docevent,2010
/api/v1/doc/document/rfc6054/,6054,rfc6054,Using Counter Modes with Encapsulating Security Payload (ESP) and Authentication Header (AH) to Protect Group Traffic,2010-11-22 18:26:46+00:00,/api/v1/doc/document/draft-ietf-msec-ipsec-group-counter-modes/,/api/v1/doc/document/draft-weis-esp-group-counter-cipher/,1,draft-weis-esp-group-counter-cipher,00,2010-04-08 07:00:00+00:00,,2006-10-16 07:00:00+00:00,2006-10-16 07:00:00+00:00,docevent,2010
/api/v1/doc/document/rfc6035/,6035,rfc6035,Session Initiation Protocol Event Package for Voice Quality Reporting,2010-11-30 06:28:07+00:00,/api/v1/doc/document/draft-ietf-sipping-rtcp-summary/,/api/v1/doc/document/draft-johnston-sipping-rtcp-summary/,1,draft-johnston-sipping-rtcp-summary,08,2006-02-22 08:00:00+00:00,,2003-06-23 07:00:00+00:00,2003-06-23 07:00:00+00:00,docevent,2010
/api/v1/doc/document/rfc6047/,6047,rfc6047,iCalendar Message-Based Interoperability Protocol (iMIP),2010-12-10 01:32:48+00:00,/api/v1/doc/document/draft-ietf-calsify-rfc2447bis/,/api/v1/doc/document/draft-ietf-calsify-rfc2447bis/,0,draft-ietf-calsify-rfc2447bis,11,2020-01-21 08:31:01+00:00,,2005-08-17 07:00:00+00:00,2005-08-17 07:00:00+00:00,docevent,2010
/api/v1/doc/document/rfc6031/,6031,rfc6031,Cryptographic Message Syntax (CMS) Symmetric Key Package Content Type,2010-12-13 20:31:40+00:00,/api/v1/doc/document/draft-ietf-keyprov-symmetrickeyformat/,/api/v1/doc/document/draft-turner-symmetrickeyformat/,1,draft-turner-symmetrickeyformat,00,2012-01-25 08:00:00+00:00,,2007-07-03 07:00:00+00:00,2007-07-03 07:00:00+00:00,docevent,2010
/api/v1/doc/document/rfc6032/,6032,rfc6032,Cryptographic Message Syntax (CMS) Encrypted Key Package Content Type,2010-12-13 20:31:56+00:00,/api/v1/doc/document/draft-turner-encryptedkeypackagecontenttype/,/api/v1/doc/document/draft-turner-encryptedkeypackagecontenttype/,0,draft-turner-encryptedkeypackagecontenttype,02,2015-10-14 20:52:12+00:00,,2009-09-10 07:00:00+00:00,2009-09-10 07:00:00+00:00,docevent,2010
/api/v1/doc/document/rfc6033/,6033,rfc6033,Algorithms for Cryptographic Message Syntax (CMS) Encrypted Key Package Content Type,2010-12-13 20:32:12+00:00,/api/v1/doc/document/draft-turner-encryptedkeypackagecontenttype-algs/,/api/v1/doc/document/draft-turner-encryptedkeypackagecontenttype-algs/,0,draft-turner-encryptedkeypackagecontenttype-algs,02,2015-10-14 20:52:12+00:00,,2009-09-10 07:00:00+00:00,2009-09-10 07:00:00+00:00,docevent,2010
/api/v1/doc/document/rfc6063/,6063,rfc6063,Dynamic Symmetric Key Provisioning Protocol (DSKPP),2010-12-13 20:32:31+00:00,/api/v1/doc/document/draft-ietf-keyprov-dskpp/,/api/v1/doc/document/draft-doherty-keyprov-dskpp/,1,draft-doherty-keyprov-dskpp,01,2007-07-11 07:00:00+00:00,,2007-06-13 07:00:00+00:00,2007-06-13 07:00:00+00:00,docevent,2010
/api/v1/doc/document/rfc6056/,6056,rfc6056,Recommendations for Transport-Protocol Port Randomization,2011-01-18 20:31:58+00:00,/api/v1/doc/document/draft-ietf-tsvwg-port-randomization/,/api/v1/doc/document/draft-larsen-tsvwg-port-randomization/,1,draft-larsen-tsvwg-port-randomization,02,2024-09-24 23:11:58+00:00,,2006-11-09 08:00:00+00:00,2006-11-09 08:00:00+00:00,docevent,2011
/api/v1/doc/document/rfc6074/,6074,rfc6074,"Provisioning, Auto-Discovery, and Signaling in Layer 2 Virtual Private Networks (L2VPNs)",2011-01-18 20:32:56+00:00,/api/v1/doc/document/draft-ietf-l2vpn-signaling/,/api/v1/doc/document/draft-ietf-l2vpn-signaling/,0,draft-ietf-l2vpn-signaling,08,2015-10-14 20:50:50+00:00,,2003-09-05 07:00:00+00:00,2003-09-05 07:00:00+00:00,docevent,2011
/api/v1/doc/document/rfc6084/,6084,rfc6084,General Internet Signaling Transport (GIST) over Stream Control Transmission Protocol (SCTP) and Datagram Transport Layer Security (DTLS),2011-01-20 17:52:07+00:00,/api/v1/doc/document/draft-ietf-nsis-ntlp-sctp/,/api/v1/doc/document/draft-fu-nsis-ntlp-sctp/,1,draft-fu-nsis-ntlp-sctp,01,2006-10-20 07:00:00+00:00,,2005-10-18 07:00:00+00:00,2005-10-18 07:00:00+00:00,docevent,2011
/api/v1/doc/document/rfc6077/,6077,rfc6077,Open Research Issues in Internet Congestion Control,2011-02-03 04:03:07+00:00,/api/v1/doc/document/draft-irtf-iccrg-welzl-congestion-control-open-research/,/api/v1/doc/document/draft-irtf-iccrg-welzl-congestion-control-open-research/,0,draft-irtf-iccrg-welzl-congestion-control-open-research,08,2019-10-07 20:08:24+00:00,,2007-07-12 07:00:00+00:00,2007-07-12 07:00:00+00:00,docevent,2011
/api/v1/doc/document/rfc6107/,6107,rfc6107,Procedures for Dynamically Signaled Hierarchical Label Switched Paths,2011-02-03 04:04:30+00:00,/api/v1/doc/document/draft-ietf-ccamp-lsp-hierarchy-bis/,/api/v1/doc/document/draft-shiomoto-ccamp-lsp-hierarchy-bis/,1,draft-shiomoto-ccamp-lsp-hierarchy-bis,01,2006-04-26 07:00:00+00:00,,2005-10-18 07:00:00+00:00,2005-10-18 07:00:00+00:00,docevent,2011
/api/v1/doc/document/rfc6123/,6123,rfc6123,Inclusion of Manageability Sections in Path Computation Element (PCE) Working Group Drafts,2011-02-03 04:04:46+00:00,/api/v1/doc/document/draft-ietf-pce-manageability-requirements/,/api/v1/doc/document/draft-farrel-pce-manageability-requirements/,1,draft-farrel-pce-manageability-requirements,02,2007-01-23 08:00:00+00:00,,2006-10-16 07:00:00+00:00,2006-10-16 07:00:00+00:00,docevent,2011
/api/v1/doc/document/rfc6072/,6072,rfc6072,Certificate Management Service for the Session Initiation Protocol (SIP),2011-02-08 19:41:55+00:00,/api/v1/doc/document/draft-ietf-sip-certs/,/api/v1/doc/document/draft-jennings-sipping-certs/,2,draft-jennings-sipping-certs,04,2004-10-21 07:00:00+00:00,,2003-02-26 08:00:00+00:00,2003-02-26 08:00:00+00:00,docevent,2011
/api/v1/doc/document/rfc6072/,6072,rfc6072,Certificate Management Service for the Session Initiation Protocol (SIP),2011-02-08 19:41:55+00:00,/api/v1/doc/document/draft-ietf-sip-certs/,/api/v1/doc/document/draft-ietf-sipping-certs/,1,draft-ietf-sipping-certs,03,2006-06-30 07:00:00+00:00,,2004-10-19 07:00:00+00:00,2004-10-19 07:00:00+00:00,docevent,2011
/api/v1/doc/document/rfc6119/,6119,rfc6119,IPv6 Traffic Engineering in IS-IS,2011-02-08 19:42:08+00:00,/api/v1/doc/document/draft-ietf-isis-ipv6-te/,/api/v1/doc/document/draft-ietf-isis-ipv6-te/,0,draft-ietf-isis-ipv6-te,08,2015-10-14 20:51:12+00:00,,2005-01-17 08:00:00+00:00,2005-01-17 08:00:00+00:00,docevent,2011
/api/v1/doc/document/rfc6148/,6148,rfc6148,DHCPv4 Lease Query by Relay Agent Remote ID,2011-03-01 02:49:07+00:00,/api/v1/doc/document/draft-ietf-dhc-leasequery-by-remote-id/,/api/v1/doc/document/draft-kurapati-dhc-leasequery-by-remote-id/,1,draft-kurapati-dhc-leasequery-by-remote-id,01,2008-06-16 07:00:00+00:00,,2008-02-20 08:00:00+00:00,2008-02-20 08:00:00+00:00,docevent,2011
/api/v1/doc/document/rfc6153/,6153,rfc6153,DHCPv4 and DHCPv6 Options for Access Network Discovery and Selection Function (ANDSF) Discovery,2011-03-01 02:49:23+00:00,/api/v1/doc/document/draft-das-mipshop-andsf-dhcp-options/,/api/v1/doc/document/draft-das-mipshop-andsf-dhcp-options/,0,draft-das-mipshop-andsf-dhcp-options,07,2015-10-14 20:52:05+00:00,,2009-03-03 08:00:00+00:00,2009-03-03 08:00:00+00:00,docevent,2011
/api/v1/doc/document/rfc6176/,6176,rfc6176,Prohibiting Secure Sockets Layer (SSL) Version 2.0,2011-03-10 03:24:51+00:00,/api/v1/doc/document/draft-ietf-tls-ssl2-must-not/,/api/v1/doc/document/draft-turner-ssl-must-not/,1,draft-turner-ssl-must-not,02,2024-09-24 23:12:00+00:00,,2010-06-24 07:00:00+00:00,2010-06-24 07:00:00+00:00,docevent,2011
/api/v1/doc/document/rfc6176/,6176,rfc6176,Prohibiting Secure Sockets Layer (SSL) Version 2.0,2011-03-10 03:24:51+00:00,/api/v1/doc/document/draft-ietf-tls-ssl2-must-not/,/api/v1/doc/document/draft-ietf-tls-ssl2-must-not/,0,draft-ietf-tls-ssl2-must-not,04,2018-10-13 07:19:50+00:00,,2010-08-25 07:00:00+00:00,2010-08-25 07:00:00+00:00,docevent,2011
/api/v1/doc/document/rfc6174/,6174,rfc6174,Definition of IETF Working Group Document States,2011-03-12 02:13:49+00:00,/api/v1/doc/document/draft-ietf-proto-wgdocument-states/,/api/v1/doc/document/draft-ietf-proto-wgchair-tracker-ext/,1,draft-ietf-proto-wgchair-tracker-ext,03,2024-12-18 18:43:49+00:00,,2006-05-10 07:00:00+00:00,2006-05-10 07:00:00+00:00,docevent,2011
/api/v1/doc/document/rfc5979/,5979,rfc5979,NSIS Operation over IP Tunnels,2011-03-15 23:50:29+00:00,/api/v1/doc/document/draft-ietf-nsis-tunnel/,/api/v1/doc/document/draft-shen-nsis-tunnel/,1,draft-shen-nsis-tunnel,02,2006-10-20 07:00:00+00:00,,2005-07-12 07:00:00+00:00,2005-07-12 07:00:00+00:00,docevent,2011
/api/v1/doc/document/rfc6171/,6171,rfc6171,The Lightweight Directory Access Protocol (LDAP) Don't Use Copy Control,2011-03-16 00:35:14+00:00,/api/v1/doc/document/draft-zeilenga-ldap-dontusecopy/,/api/v1/doc/document/draft-zeilenga-ldap-dontusecopy/,0,draft-zeilenga-ldap-dontusecopy,09,2015-10-14 20:51:14+00:00,,2005-02-15 08:00:00+00:00,2005-02-15 08:00:00+00:00,docevent,2011
/api/v1/doc/document/rfc6109/,6109,rfc6109,La Posta Elettronica Certificata - Italian Certified Electronic Mail,2011-04-05 00:27:24+00:00,/api/v1/doc/document/draft-gennai-smime-cnipa-pec/,/api/v1/doc/document/draft-gennai-smime-cnipa-pec/,0,draft-gennai-smime-cnipa-pec,08,2020-01-21 08:31:07+00:00,,2008-06-30 07:00:00+00:00,2008-06-30 07:00:00+00:00,docevent,2011
/api/v1/doc/document/rfc6216/,6216,rfc6216,Example Call Flows Using Session Initiation Protocol (SIP) Security Mechanisms,2011-04-06 00:34:41+00:00,/api/v1/doc/document/draft-ietf-sipcore-sec-flows/,/api/v1/doc/document/draft-jennings-sip-sec-flows/,3,draft-jennings-sip-sec-flows,03,2024-12-18 18:43:42+00:00,,2003-10-21 07:00:00+00:00,2003-10-21 07:00:00+00:00,docevent,2011
/api/v1/doc/document/rfc6216/,6216,rfc6216,Example Call Flows Using Session Initiation Protocol (SIP) Security Mechanisms,2011-04-06 00:34:41+00:00,/api/v1/doc/document/draft-ietf-sipcore-sec-flows/,/api/v1/doc/document/draft-ietf-sipping-sec-flows/,2,draft-ietf-sipping-sec-flows,00,2006-06-30 07:00:00+00:00,,2006-02-28 08:00:00+00:00,2006-02-28 08:00:00+00:00,docevent,2011
/api/v1/doc/document/rfc6216/,6216,rfc6216,Example Call Flows Using Session Initiation Protocol (SIP) Security Mechanisms,2011-04-06 00:34:41+00:00,/api/v1/doc/document/draft-ietf-sipcore-sec-flows/,/api/v1/doc/document/draft-ietf-sip-sec-flows/,1,draft-ietf-sip-sec-flows,01,2009-07-20 07:00:00+00:00,,2006-05-17 07:00:00+00:00,2006-05-17 07:00:00+00:00,docevent,2011
/api/v1/doc/document/rfc6160/,6160,rfc6160,Algorithms for Cryptographic Message Syntax (CMS) Protection of Symmetric Key Package Content Types,2011-04-11 19:19:52+00:00,/api/v1/doc/document/draft-turner-cms-symmetrickeypackage-algs/,/api/v1/doc/document/draft-turner-cms-symmetrickeypackage-algs/,0,draft-turner-cms-symmetrickeypackage-algs,00,2015-10-14 20:52:23+00:00,,2010-09-23 07:00:00+00:00,2010-09-23 07:00:00+00:00,docevent,2011
/api/v1/doc/document/rfc6198/,6198,rfc6198,Requirements for the Graceful Shutdown of BGP Sessions,2011-04-14 18:25:37+00:00,/api/v1/doc/document/draft-ietf-grow-bgp-graceful-shutdown-requirements/,/api/v1/doc/document/draft-ietf-grow-bgp-graceful-shutdown-requirements/,0,draft-ietf-grow-bgp-graceful-shutdown-requirements,07,2015-10-14 20:52:09+00:00,,2009-06-05 07:00:00+00:00,2009-06-05 07:00:00+00:00,docevent,2011
/api/v1/doc/document/rfc6220/,6220,rfc6220,Defining the Role and Function of IETF Protocol Parameter Registry Operators,2011-04-14 18:26:05+00:00,/api/v1/doc/document/draft-iab-iana/,/api/v1/doc/document/draft-huston-iana/,1,draft-huston-iana,00,2002-10-22 07:00:00+00:00,,2002-10-22 07:00:00+00:00,2002-10-22 07:00:00+00:00,docevent,2011
/api/v1/doc/document/rfc6157/,6157,rfc6157,IPv6 Transition in the Session Initiation Protocol (SIP),2011-04-27 23:34:12+00:00,/api/v1/doc/document/draft-ietf-sipping-v6-transition/,/api/v1/doc/document/draft-ietf-sipping-v6-transition/,0,draft-ietf-sipping-v6-transition,07,2020-07-29 07:31:32+00:00,,2005-07-13 07:00:00+00:00,2005-07-13 07:00:00+00:00,docevent,2011
/api/v1/doc/document/rfc6190/,6190,rfc6190,RTP Payload Format for Scalable Video Coding,2011-05-07 00:20:08+00:00,/api/v1/doc/document/draft-ietf-avt-rtp-svc/,/api/v1/doc/document/draft-wenger-avt-rtp-svc/,1,draft-wenger-avt-rtp-svc,03,2008-04-17 07:00:00+00:00,,2005-10-10 07:00:00+00:00,2005-10-10 07:00:00+00:00,docevent,2011
/api/v1/doc/document/rfc6226/,6226,rfc6226,PIM Group-to-Rendezvous-Point Mapping,2011-05-07 00:20:21+00:00,/api/v1/doc/document/draft-ietf-pim-group-rp-mapping/,/api/v1/doc/document/draft-joshi-pim-group-rp-mapping/,1,draft-joshi-pim-group-rp-mapping,01,2008-06-11 07:00:00+00:00,,2008-02-13 08:00:00+00:00,2008-02-13 08:00:00+00:00,docevent,2011
/api/v1/doc/document/rfc6185/,6185,rfc6185,RTP Payload Format for H.264 Reduced-Complexity Decoding Operation (RCDO) Video,2011-05-17 17:57:25+00:00,/api/v1/doc/document/draft-ietf-avt-rtp-h264-rcdo/,/api/v1/doc/document/draft-kristensen-avt-rtp-h264-rcdo/,1,draft-kristensen-avt-rtp-h264-rcdo,00,2007-12-27 08:00:00+00:00,,2007-07-05 07:00:00+00:00,2007-07-05 07:00:00+00:00,docevent,2011
/api/v1/doc/document/rfc6246/,6246,rfc6246,Virtual Private LAN Service (VPLS) Interoperability with Customer Edge (CE) Bridges,2011-06-10 17:27:35+00:00,/api/v1/doc/document/draft-ietf-l2vpn-vpls-bridge-interop/,/api/v1/doc/document/draft-sajassi-l2vpn-vpls-bridge-interop/,1,draft-sajassi-l2vpn-vpls-bridge-interop,03,2008-04-16 07:00:00+00:00,,2004-10-19 07:00:00+00:00,2004-10-19 07:00:00+00:00,docevent,2011
/api/v1/doc/document/rfc6246/,6246,rfc6246,Virtual Private LAN Service (VPLS) Interoperability with Customer Edge (CE) Bridges,2011-06-10 17:27:35+00:00,/api/v1/doc/document/draft-ietf-l2vpn-vpls-bridge-interop/,/api/v1/doc/document/draft-ietf-l2vpn-vpls-bridge-interop/,0,draft-ietf-l2vpn-vpls-bridge-interop,06,2018-12-20 08:25:11+00:00,,2006-07-26 07:00:00+00:00,2006-07-26 07:00:00+00:00,docevent,2011
/api/v1/doc/document/rfc6278/,6278,rfc6278,Use of Static-Static Elliptic Curve Diffie-Hellman Key Agreement in Cryptographic Message Syntax,2011-06-10 17:27:52+00:00,/api/v1/doc/document/draft-herzog-static-ecdh/,/api/v1/doc/document/draft-herzog-static-ecdh/,0,draft-herzog-static-ecdh,06,2015-10-14 20:52:18+00:00,,2010-03-22 07:00:00+00:00,2010-03-22 07:00:00+00:00,docevent,2011
/api/v1/doc/document/rfc6263/,6263,rfc6263,Application Mechanism for Keeping Alive the NAT Mappings Associated with RTP / RTP Control Protocol (RTCP) Flows,2011-06-14 03:50:24+00:00,/api/v1/doc/document/draft-ietf-avt-app-rtp-keepalive/,/api/v1/doc/document/draft-marjou-behave-app-rtp-keepalive/,1,draft-marjou-behave-app-rtp-keepalive,01,2009-02-24 08:00:00+00:00,,2006-08-03 07:00:00+00:00,2006-08-03 07:00:00+00:00,docevent,2011
/api/v1/doc/document/rfc6264/,6264,rfc6264,An Incremental Carrier-Grade NAT (CGN) for IPv6 Transition,2011-06-14 03:50:36+00:00,/api/v1/doc/document/draft-ietf-v6ops-incremental-cgn/,/api/v1/doc/document/draft-jiang-v6ops-incremental-cgn/,1,draft-jiang-v6ops-incremental-cgn,03,2009-09-24 07:00:00+00:00,,2009-05-08 07:00:00+00:00,2009-05-08 07:00:00+00:00,docevent,2011
/api/v1/doc/document/rfc6243/,6243,rfc6243,With-defaults Capability for NETCONF,2011-06-30 19:46:02+00:00,/api/v1/doc/document/draft-ietf-netconf-with-defaults/,/api/v1/doc/document/draft-bierman-netconf-with-defaults/,1,draft-bierman-netconf-with-defaults,01,2012-11-05 19:15:18+00:00,,2008-08-26 07:00:00+00:00,2008-08-26 07:00:00+00:00,docevent,2011
/api/v1/doc/document/rfc6315/,6315,rfc6315,IANA Registration for Enumservice 'iax',2011-07-09 00:31:19+00:00,/api/v1/doc/document/draft-ietf-enum-iax/,/api/v1/doc/document/draft-guy-enumiax/,1,draft-guy-enumiax,00,2010-04-21 07:00:00+00:00,,2005-10-20 07:00:00+00:00,2005-10-20 07:00:00+00:00,docevent,2011
/api/v1/doc/document/rfc6322/,6322,rfc6322,"Datatracker States and Annotations for the IAB, IRTF, and Independent Submission Streams",2011-07-14 00:59:36+00:00,/api/v1/doc/document/draft-hoffman-alt-streams-tracker/,/api/v1/doc/document/draft-ietf-proto-iab-irtf-tracker-ext/,1,draft-ietf-proto-iab-irtf-tracker-ext,01,2024-12-18 18:43:49+00:00,,2006-05-10 07:00:00+00:00,2006-05-10 07:00:00+00:00,docevent,2011
/api/v1/doc/document/rfc6325/,6325,rfc6325,Routing Bridges (RBridges): Base Protocol Specification,2011-07-22 16:06:10+00:00,/api/v1/doc/document/draft-ietf-trill-rbridge-protocol/,/api/v1/doc/document/draft-perlman-trill-rbridge-protocol/,1,draft-perlman-trill-rbridge-protocol,00,2008-04-16 07:00:00+00:00,,2006-02-15 08:00:00+00:00,2006-02-15 08:00:00+00:00,docevent,2011
/api/v1/doc/document/rfc6326/,6326,rfc6326,Transparent Interconnection of Lots of Links (TRILL) Use of IS-IS,2011-07-22 16:06:25+00:00,/api/v1/doc/document/draft-ietf-isis-trill/,/api/v1/doc/document/draft-eastlake-trill-rbridge-isis/,2,draft-eastlake-trill-rbridge-isis,02,2011-05-20 07:00:00+00:00,,2008-02-22 08:00:00+00:00,2008-02-22 08:00:00+00:00,docevent,2011
/api/v1/doc/document/rfc6333/,6333,rfc6333,Dual-Stack Lite Broadband Deployments Following IPv4 Exhaustion,2011-08-08 19:12:32+00:00,/api/v1/doc/document/draft-ietf-softwire-dual-stack-lite/,/api/v1/doc/document/draft-durand-dual-stack-lite/,2,draft-durand-dual-stack-lite,00,2008-10-22 07:00:00+00:00,,2008-07-09 07:00:00+00:00,2008-07-09 07:00:00+00:00,docevent,2011
/api/v1/doc/document/rfc6337/,6337,rfc6337,Session Initiation Protocol (SIP) Usage of the Offer/Answer Model,2011-08-19 16:33:25+00:00,/api/v1/doc/document/draft-ietf-sipping-sip-offeranswer/,/api/v1/doc/document/draft-sawada-sipping-sip-offeranswer/,1,draft-sawada-sipping-sip-offeranswer,01,2008-04-16 07:00:00+00:00,,2006-03-02 08:00:00+00:00,2006-03-02 08:00:00+00:00,docevent,2011
/api/v1/doc/document/rfc6344/,6344,rfc6344,Operating Virtual Concatenation (VCAT) and the Link Capacity Adjustment Scheme (LCAS) with Generalized Multi-Protocol Label Switching (GMPLS),2011-08-19 16:33:45+00:00,/api/v1/doc/document/draft-ietf-ccamp-gmpls-vcat-lcas/,/api/v1/doc/document/draft-bernstein-ccamp-gmpls-vcat-lcas/,1,draft-bernstein-ccamp-gmpls-vcat-lcas,04,2006-09-08 07:00:00+00:00,,2005-07-11 07:00:00+00:00,2005-07-11 07:00:00+00:00,docevent,2011
/api/v1/doc/document/rfc6354/,6354,rfc6354,Forward-Shifted RTP Redundancy Payload Support,2011-08-26 21:50:16+00:00,/api/v1/doc/document/draft-ietf-avt-forward-shifted-red/,/api/v1/doc/document/draft-xie-avt-forward-shifted-red/,1,draft-xie-avt-forward-shifted-red,02,2009-03-26 07:00:00+00:00,,2007-01-02 08:00:00+00:00,2007-01-02 08:00:00+00:00,docevent,2011
/api/v1/doc/document/rfc6348/,6348,rfc6348,Requirements for Point-to-Multipoint Extensions to the Label Distribution Protocol,2011-09-07 21:42:29+00:00,/api/v1/doc/document/draft-ietf-mpls-mp-ldp-reqs/,/api/v1/doc/document/draft-leroux-mpls-mp-ldp-reqs/,1,draft-leroux-mpls-mp-ldp-reqs,03,2008-04-17 07:00:00+00:00,,2005-07-11 07:00:00+00:00,2005-07-11 07:00:00+00:00,docevent,2011
/api/v1/doc/document/rfc6371/,6371,rfc6371,"Operations, Administration, and Maintenance Framework for MPLS-Based Transport Networks",2011-09-21 19:09:30+00:00,/api/v1/doc/document/draft-ietf-mpls-tp-oam-framework/,/api/v1/doc/document/draft-busi-mpls-tp-oam-framework/,1,draft-busi-mpls-tp-oam-framework,02,2009-04-13 07:00:00+00:00,,2008-10-27 07:00:00+00:00,2008-10-27 07:00:00+00:00,docevent,2011
/api/v1/doc/document/rfc6368/,6368,rfc6368,Internal BGP as the Provider/Customer Edge Protocol for BGP/MPLS IP Virtual Private Networks (VPNs),2011-09-23 23:09:16+00:00,/api/v1/doc/document/draft-ietf-l3vpn-ibgp/,/api/v1/doc/document/draft-marques-l3vpn-ibgp/,1,draft-marques-l3vpn-ibgp,02,2010-03-03 08:00:00+00:00,,2004-10-20 07:00:00+00:00,2004-10-20 07:00:00+00:00,docevent,2011
/api/v1/doc/document/rfc6363/,6363,rfc6363,Forward Error Correction (FEC) Framework,2011-10-15 01:37:51+00:00,/api/v1/doc/document/draft-ietf-fecframe-framework/,/api/v1/doc/document/draft-watson-fecframe-framework/,1,draft-watson-fecframe-framework,00,2007-06-28 07:00:00+00:00,,2006-10-17 07:00:00+00:00,2006-10-17 07:00:00+00:00,docevent,2011
/api/v1/doc/document/rfc6407/,6407,rfc6407,The Group Domain of Interpretation,2011-10-15 01:38:18+00:00,/api/v1/doc/document/draft-ietf-msec-gdoi-update/,/api/v1/doc/document/draft-weis-gdoi-update/,1,draft-weis-gdoi-update,00,2010-04-08 07:00:00+00:00,,2006-02-21 08:00:00+00:00,2006-02-21 08:00:00+00:00,docevent,2011
/api/v1/doc/document/rfc6379/,6379,rfc6379,Suite B Cryptographic Suites for IPsec,2011-10-18 18:32:15+00:00,/api/v1/doc/document/draft-law-rfc4869bis/,/api/v1/doc/document/draft-law-rfc4869bis/,0,draft-law-rfc4869bis,01,2018-08-01 07:19:49+00:00,,2009-11-10 08:00:00+00:00,2009-11-10 08:00:00+00:00,docevent,2011
/api/v1/doc/document/rfc6388/,6388,rfc6388,Label Distribution Protocol Extensions for Point-to-Multipoint and Multipoint-to-Multipoint Label Switched Paths,2011-11-05 01:29:00+00:00,/api/v1/doc/document/draft-ietf-mpls-ldp-p2mp/,/api/v1/doc/document/draft-minei-mpls-ldp-p2mp/,1,draft-minei-mpls-ldp-p2mp,01,2011-07-26 07:00:00+00:00,,2005-03-30 08:00:00+00:00,2005-03-30 08:00:00+00:00,docevent,2011
/api/v1/doc/document/rfc6388/,6388,rfc6388,Label Distribution Protocol Extensions for Point-to-Multipoint and Multipoint-to-Multipoint Label Switched Paths,2011-11-05 01:29:00+00:00,/api/v1/doc/document/draft-ietf-mpls-ldp-p2mp/,/api/v1/doc/document/draft-minei-wijnands-mpls-ldp-p2mp/,1,draft-minei-wijnands-mpls-ldp-p2mp,00,2006-03-03 08:00:00+00:00,,2005-10-17 07:00:00+00:00,2005-10-17 07:00:00+00:00,docevent,2011
/api/v1/doc/document/rfc6389/,6389,rfc6389,MPLS Upstream Label Assignment for LDP,2011-11-07 16:34:14+00:00,/api/v1/doc/document/draft-ietf-mpls-ldp-upstream/,/api/v1/doc/document/draft-raggarwa-mpls-ldp-upstream/,1,draft-raggarwa-mpls-ldp-upstream,00,2011-07-26 07:00:00+00:00,,2005-10-19 07:00:00+00:00,2005-10-19 07:00:00+00:00,docevent,2011
/api/v1/doc/document/rfc6425/,6425,rfc6425,Detecting Data-Plane Failures in Point-to-Multipoint MPLS - Extensions to LSP Ping,2011-11-16 09:36:34+00:00,/api/v1/doc/document/draft-ietf-mpls-p2mp-lsp-ping/,/api/v1/doc/document/draft-yasukawa-mpls-p2mp-lsp-ping/,1,draft-yasukawa-mpls-p2mp-lsp-ping,02,2011-07-26 07:00:00+00:00,,2004-10-19 07:00:00+00:00,2004-10-19 07:00:00+00:00,docevent,2011
/api/v1/doc/document/rfc6445/,6445,rfc6445,Multiprotocol Label Switching (MPLS) Traffic Engineering Management Information Base for Fast Reroute,2011-11-16 09:37:27+00:00,/api/v1/doc/document/draft-ietf-mpls-fastreroute-mib/,/api/v1/doc/document/draft-cetin-mpls-fastreroute-mib/,1,draft-cetin-mpls-fastreroute-mib,00,2011-07-26 07:00:00+00:00,,2002-02-22 08:00:00+00:00,2002-02-22 08:00:00+00:00,docevent,2011
/api/v1/doc/document/rfc6428/,6428,rfc6428,"Proactive Connectivity Verification, Continuity Check, and Remote Defect Indication for the MPLS Transport Profile",2011-11-17 07:13:16+00:00,/api/v1/doc/document/draft-ietf-mpls-tp-cc-cv-rdi/,/api/v1/doc/document/draft-ietf-mpls-tp-bfd-cc-cv/,1,draft-ietf-mpls-tp-bfd-cc-cv,00,2010-06-03 07:00:00+00:00,,2010-05-27 07:00:00+00:00,2010-05-27 07:00:00+00:00,docevent,2011
/api/v1/doc/document/rfc6435/,6435,rfc6435,MPLS Transport Profile Lock Instruct and Loopback Functions,2011-11-17 07:13:57+00:00,/api/v1/doc/document/draft-ietf-mpls-tp-li-lb/,/api/v1/doc/document/draft-dai-mpls-tp-lock-instruct/,2,draft-dai-mpls-tp-lock-instruct,00,2009-10-15 07:00:00+00:00,,2009-10-15 07:00:00+00:00,2009-10-15 07:00:00+00:00,docevent,2011
/api/v1/doc/document/rfc6403/,6403,rfc6403,Suite B Profile of Certificate Management over CMS,2011-11-22 06:02:29+00:00,/api/v1/doc/document/draft-turner-suiteb-cmc/,/api/v1/doc/document/draft-turner-suiteb-cmc/,0,draft-turner-suiteb-cmc,03,2018-08-01 07:19:51+00:00,,2009-12-04 08:00:00+00:00,2009-12-04 08:00:00+00:00,docevent,2011
/api/v1/doc/document/rfc6442/,6442,rfc6442,Location Conveyance for the Session Initiation Protocol,2011-12-03 00:21:26+00:00,/api/v1/doc/document/draft-ietf-sipcore-location-conveyance/,/api/v1/doc/document/draft-ietf-sip-location-conveyance/,1,draft-ietf-sip-location-conveyance,13,2024-09-24 23:11:58+00:00,,2005-06-21 07:00:00+00:00,2005-06-21 07:00:00+00:00,docevent,2011
/api/v1/doc/document/rfc6443/,6443,rfc6443,Framework for Emergency Calling Using Internet Multimedia,2011-12-21 17:00:29+00:00,/api/v1/doc/document/draft-ietf-ecrit-framework/,/api/v1/doc/document/draft-rosen-ecrit-framework/,1,draft-rosen-ecrit-framework,00,2008-04-17 07:00:00+00:00,,2006-06-21 07:00:00+00:00,2006-06-21 07:00:00+00:00,docevent,2011
/api/v1/doc/document/rfc6447/,6447,rfc6447,Filtering Location Notifications in the Session Initiation Protocol (SIP),2012-01-27 17:25:03+00:00,/api/v1/doc/document/draft-ietf-geopriv-loc-filters/,/api/v1/doc/document/draft-mahy-geopriv-loc-filters/,1,draft-mahy-geopriv-loc-filters,01,2015-10-14 20:51:23+00:00,,2005-10-19 07:00:00+00:00,2005-10-19 07:00:00+00:00,docevent,2012
/api/v1/doc/document/rfc6487/,6487,rfc6487,A Profile for X.509 PKIX Resource Certificates,2012-02-04 01:17:29+00:00,/api/v1/doc/document/draft-ietf-sidr-res-certs/,/api/v1/doc/document/draft-huston-sidr-res-certs/,1,draft-huston-sidr-res-certs,00,2008-04-17 07:00:00+00:00,,2006-05-23 07:00:00+00:00,2006-05-23 07:00:00+00:00,docevent,2012
/api/v1/doc/document/rfc6496/,6496,rfc6496,Secure Proxy ND Support for SEcure Neighbor Discovery (SEND),2012-02-04 01:22:15+00:00,/api/v1/doc/document/draft-ietf-csi-proxy-send/,/api/v1/doc/document/draft-krishnan-csi-proxy-send/,1,draft-krishnan-csi-proxy-send,00,2008-11-04 08:00:00+00:00,,2008-06-06 07:00:00+00:00,2008-06-06 07:00:00+00:00,docevent,2012
/api/v1/doc/document/rfc6511/,6511,rfc6511,Non-Penultimate Hop Popping Behavior and Out-of-Band Mapping for RSVP-TE Label Switched Paths,2012-02-20 22:53:15+00:00,/api/v1/doc/document/draft-ietf-mpls-rsvp-te-no-php-oob-mapping/,/api/v1/doc/document/draft-ali-mpls-rsvp-te-no-php-oob-mapping/,1,draft-ali-mpls-rsvp-te-no-php-oob-mapping,01,2010-01-05 08:00:00+00:00,,2007-03-22 07:00:00+00:00,2007-03-22 07:00:00+00:00,docevent,2012
/api/v1/doc/document/rfc6514/,6514,rfc6514,BGP Encodings and Procedures for Multicast in MPLS/BGP IP VPNs,2012-02-20 22:53:55+00:00,/api/v1/doc/document/draft-ietf-l3vpn-2547bis-mcast-bgp/,/api/v1/doc/document/draft-raggarwa-l3vpn-2547bis-mcast-bgp/,1,draft-raggarwa-l3vpn-2547bis-mcast-bgp,02,2008-04-16 07:00:00+00:00,,2005-10-17 07:00:00+00:00,2005-10-17 07:00:00+00:00,docevent,2012
/api/v1/doc/document/rfc6527/,6527,rfc6527,Definitions of Managed Objects for Virtual Router Redundancy Protocol Version 3 (VRRPv3),2012-03-08 01:42:43+00:00,/api/v1/doc/document/draft-ietf-vrrp-unified-mib/,/api/v1/doc/document/draft-ietf-vrrp-unified-mib/,0,draft-ietf-vrrp-unified-mib,10,2020-01-21 08:31:54+00:00,,2003-10-22 07:00:00+00:00,2003-10-22 07:00:00+00:00,docevent,2012
/api/v1/doc/document/rfc6501/,6501,rfc6501,Conference Information Data Model for Centralized Conferencing (XCON),2012-03-25 07:24:26+00:00,/api/v1/doc/document/draft-ietf-xcon-common-data-model/,/api/v1/doc/document/draft-novo-xcon-common-data-model/,1,draft-novo-xcon-common-data-model,01,2006-05-08 07:00:00+00:00,,2005-09-23 07:00:00+00:00,2005-09-23 07:00:00+00:00,docevent,2012
/api/v1/doc/document/rfc6583/,6583,rfc6583,Operational Neighbor Discovery Problems,2012-03-28 07:23:04+00:00,/api/v1/doc/document/draft-ietf-v6ops-v6nd-problems/,/api/v1/doc/document/draft-gashinsky-v6ops-v6nd-problems/,1,draft-gashinsky-v6ops-v6nd-problems,00,2011-10-24 07:00:00+00:00,,2011-10-06 07:00:00+00:00,2011-10-06 07:00:00+00:00,docevent,2012
/api/v1/doc/document/rfc6560/,6560,rfc6560,One-Time Password (OTP) Pre-Authentication,2012-04-07 07:21:43+00:00,/api/v1/doc/document/draft-ietf-krb-wg-otp-preauth/,/api/v1/doc/document/draft-richards-otp-kerberos/,1,draft-richards-otp-kerberos,03,2007-11-26 08:00:00+00:00,,2006-06-02 07:00:00+00:00,2006-06-02 07:00:00+00:00,docevent,2012
/api/v1/doc/document/rfc6590/,6590,rfc6590,Redaction of Potentially Sensitive Data from Mail Abuse Reports,2012-04-07 07:21:44+00:00,/api/v1/doc/document/draft-ietf-marf-redaction/,/api/v1/doc/document/draft-jdfalk-marf-redaction/,1,draft-jdfalk-marf-redaction,00,2011-08-26 07:00:00+00:00,,2011-03-07 08:00:00+00:00,2011-03-07 08:00:00+00:00,docevent,2012
/api/v1/doc/document/rfc6098/,6098,rfc6098,Generic Notification Message for Mobile IPv4,2012-04-14 07:22:36+00:00,/api/v1/doc/document/draft-ietf-mip4-generic-notification-message/,/api/v1/doc/document/draft-deng-mip4-generic-notification-message/,1,draft-deng-mip4-generic-notification-message,02,2008-03-03 08:00:00+00:00,,2005-10-20 07:00:00+00:00,2005-10-20 07:00:00+00:00,docevent,2012
/api/v1/doc/document/rfc6329/,6329,rfc6329,IS-IS Extensions Supporting IEEE 802.1aq Shortest Path Bridging,2012-04-21 07:22:07+00:00,/api/v1/doc/document/draft-ietf-isis-ieee-aq/,/api/v1/doc/document/draft-ietf-isis-ieee-aq/,0,draft-ietf-isis-ieee-aq,05,2020-01-21 08:31:32+00:00,,2010-07-06 07:00:00+00:00,2010-07-06 07:00:00+00:00,docevent,2012
/api/v1/doc/document/rfc6610/,6610,rfc6610,DHCP Options for Home Information Discovery in Mobile IPv6 (MIPv6),2012-05-15 07:21:24+00:00,/api/v1/doc/document/draft-ietf-mip6-hiopt/,/api/v1/doc/document/draft-jang-mip6-hiopt/,1,draft-jang-mip6-hiopt,00,2008-03-03 08:00:00+00:00,,2006-06-12 07:00:00+00:00,2006-06-12 07:00:00+00:00,docevent,2012
/api/v1/doc/document/rfc6611/,6611,rfc6611,Mobile IPv6 (MIPv6) Bootstrapping for the Integrated Scenario,2012-05-15 07:21:25+00:00,/api/v1/doc/document/draft-ietf-mip6-bootstrapping-integrated-dhc/,/api/v1/doc/document/draft-ietf-mip6-bootstrapping-integrated-dhc/,0,draft-ietf-mip6-bootstrapping-integrated-dhc,06,2015-10-14 20:51:23+00:00,,2005-10-20 07:00:00+00:00,2005-10-20 07:00:00+00:00,docevent,2012
/api/v1/doc/document/rfc6644/,6644,rfc6644,Rebind Capability in DHCPv6 Reconfigure Messages,2012-07-11 07:23:38+00:00,/api/v1/doc/document/draft-ietf-dhc-dhcpv6-reconfigure-rebind/,/api/v1/doc/document/draft-evans-dhc-dhcpv6-reconfigure-rebind/,1,draft-evans-dhc-dhcpv6-reconfigure-rebind,00,2008-03-03 08:00:00+00:00,,2006-04-18 07:00:00+00:00,2006-04-18 07:00:00+00:00,docevent,2012
/api/v1/doc/document/rfc6645/,6645,rfc6645,IP Flow Information Accounting and Export Benchmarking Methodology,2012-07-11 07:23:39+00:00,/api/v1/doc/document/draft-ietf-bmwg-ipflow-meth/,/api/v1/doc/document/draft-janovak-bmwg-ipflow-meth/,1,draft-janovak-bmwg-ipflow-meth,00,2012-10-10 15:16:20+00:00,,2008-05-21 07:00:00+00:00,2008-05-21 07:00:00+00:00,docevent,2012
/api/v1/doc/document/rfc6656/,6656,rfc6656,Description of Cisco Systems' Subnet Allocation Option for DHCPv4,2012-07-21 07:23:46+00:00,/api/v1/doc/document/draft-ietf-dhc-subnet-alloc/,/api/v1/doc/document/draft-johnson-dhc-subnet-alloc/,1,draft-johnson-dhc-subnet-alloc,00,2002-10-28 08:00:00+00:00,,2002-10-27 07:00:00+00:00,2002-10-27 07:00:00+00:00,docevent,2012
/api/v1/doc/document/rfc6674/,6674,rfc6674,Gateway-Initiated Dual-Stack Lite Deployment,2012-07-21 07:23:47+00:00,/api/v1/doc/document/draft-ietf-softwire-gateway-init-ds-lite/,/api/v1/doc/document/draft-softwire-gateway-init-ds-lite/,1,draft-softwire-gateway-init-ds-lite,00,2010-11-03 07:00:00+00:00,,2010-05-11 07:00:00+00:00,2010-05-11 07:00:00+00:00,docevent,2012
/api/v1/doc/document/rfc6735/,6735,rfc6735,Diameter Priority Attribute-Value Pairs,2012-10-26 07:23:09+00:00,/api/v1/doc/document/draft-ietf-dime-priority-avps/,/api/v1/doc/document/draft-carlberg-dime-priority-avps/,1,draft-carlberg-dime-priority-avps,00,2010-04-12 07:00:00+00:00,,2009-10-19 07:00:00+00:00,2009-10-19 07:00:00+00:00,docevent,2012
/api/v1/doc/document/rfc6807/,6807,rfc6807,Population Count Extensions to Protocol Independent Multicast (PIM),2012-12-06 08:24:43+00:00,/api/v1/doc/document/draft-ietf-pim-pop-count/,/api/v1/doc/document/draft-farinacci-pim-pop-count/,1,draft-farinacci-pim-pop-count,02,2009-04-28 07:00:00+00:00,,2004-06-24 07:00:00+00:00,2004-06-24 07:00:00+00:00,docevent,2012
/api/v1/doc/document/rfc6794/,6794,rfc6794,A Framework for Session Initiation Protocol (SIP) Session Policies,2012-12-07 08:26:17+00:00,/api/v1/doc/document/draft-ietf-sip-session-policy-framework/,/api/v1/doc/document/draft-hilt-sipping-session-policy-framework/,2,draft-hilt-sipping-session-policy-framework,01,2006-04-12 07:00:00+00:00,,2005-10-19 07:00:00+00:00,2005-10-19 07:00:00+00:00,docevent,2012
/api/v1/doc/document/rfc6794/,6794,rfc6794,A Framework for Session Initiation Protocol (SIP) Session Policies,2012-12-07 08:26:17+00:00,/api/v1/doc/document/draft-ietf-sip-session-policy-framework/,/api/v1/doc/document/draft-ietf-sipping-session-policy-framework/,1,draft-ietf-sipping-session-policy-framework,01,2006-10-18 07:00:00+00:00,,2006-04-05 07:00:00+00:00,2006-04-05 07:00:00+00:00,docevent,2012
/api/v1/doc/document/rfc6795/,6795,rfc6795,A Session Initiation Protocol (SIP) Event Package for Session-Specific Policies,2012-12-07 08:26:26+00:00,/api/v1/doc/document/draft-ietf-sipping-policy-package/,/api/v1/doc/document/draft-hilt-sipping-policy-package/,1,draft-hilt-sipping-policy-package,01,2006-04-12 07:00:00+00:00,,2005-10-18 07:00:00+00:00,2005-10-18 07:00:00+00:00,docevent,2012
/api/v1/doc/document/rfc6796/,6796,rfc6796,A User Agent Profile Data Set for Media Policy,2012-12-07 08:26:26+00:00,/api/v1/doc/document/draft-camarillo-rai-media-policy-dataset/,/api/v1/doc/document/draft-ietf-sipping-session-indep-policy/,2,draft-ietf-sipping-session-indep-policy,03,2005-10-19 07:00:00+00:00,,2004-07-12 07:00:00+00:00,2004-07-12 07:00:00+00:00,docevent,2012
/api/v1/doc/document/rfc6731/,6731,rfc6731,Improved Recursive DNS Server Selection for Multi-Interfaced Nodes,2012-12-19 08:24:21+00:00,/api/v1/doc/document/draft-ietf-mif-dns-server-selection/,/api/v1/doc/document/draft-savolainen-6man-fqdn-based-if-selection/,2,draft-savolainen-6man-fqdn-based-if-selection,00,2009-02-19 08:00:00+00:00,,2008-10-23 07:00:00+00:00,2008-10-23 07:00:00+00:00,docevent,2012
/api/v1/doc/document/rfc6825/,6825,rfc6825,Traffic Engineering Database Management Information Base in Support of MPLS-TE/GMPLS,2013-01-15 08:28:32+00:00,/api/v1/doc/document/draft-ietf-ccamp-gmpls-ted-mib/,/api/v1/doc/document/draft-otani-ccamp-gmpls-ospf-mib/,2,draft-otani-ccamp-gmpls-ospf-mib,02,2006-04-26 07:00:00+00:00,,2005-07-12 07:00:00+00:00,2005-07-12 07:00:00+00:00,docevent,2013
/api/v1/doc/document/rfc6825/,6825,rfc6825,Traffic Engineering Database Management Information Base in Support of MPLS-TE/GMPLS,2013-01-15 08:28:32+00:00,/api/v1/doc/document/draft-ietf-ccamp-gmpls-ted-mib/,/api/v1/doc/document/draft-ietf-ccamp-gmpls-ospf-mib/,1,draft-ietf-ccamp-gmpls-ospf-mib,01,2006-11-13 08:00:00+00:00,,2006-04-14 07:00:00+00:00,2006-04-14 07:00:00+00:00,docevent,2013
/api/v1/doc/document/rfc6763/,6763,rfc6763,DNS-Based Service Discovery,2013-02-20 22:06:04+00:00,/api/v1/doc/document/draft-cheshire-dnsext-dns-sd/,/api/v1/doc/document/draft-cheshire-dnsext-nias/,1,draft-cheshire-dnsext-nias,00,2010-03-22 07:00:00+00:00,,2001-07-17 07:00:00+00:00,2001-07-17 07:00:00+00:00,docevent,2013
/api/v1/doc/document/rfc6840/,6840,rfc6840,Clarifications and Implementation Notes for DNS Security (DNSSEC),2013-02-21 18:06:06+00:00,/api/v1/doc/document/draft-ietf-dnsext-dnssec-bis-updates/,/api/v1/doc/document/draft-weiler-dnsext-dnssec-bis-updates/,1,draft-weiler-dnsext-dnssec-bis-updates,00,2005-05-12 07:00:00+00:00,,2005-03-08 08:00:00+00:00,2005-03-08 08:00:00+00:00,docevent,2013
/api/v1/doc/document/rfc6926/,6926,rfc6926,DHCPv4 Bulk Leasequery,2013-04-29 18:52:05+00:00,/api/v1/doc/document/draft-ietf-dhc-dhcpv4-bulk-leasequery/,/api/v1/doc/document/draft-dtv-dhc-dhcpv4-bulk-leasequery/,1,draft-dtv-dhc-dhcpv4-bulk-leasequery,00,2008-07-01 07:00:00+00:00,,2008-07-01 07:00:00+00:00,2008-07-01 07:00:00+00:00,docevent,2013
/api/v1/doc/document/rfc6992/,6992,rfc6992,Routing for IPv4-Embedded IPv6 Packets,2013-07-30 14:15:40+00:00,/api/v1/doc/document/draft-ietf-ospf-ipv4-embedded-ipv6-routing/,/api/v1/doc/document/draft-cheng-ospf-ipv4-embedded-ipv6-routing/,1,draft-cheng-ospf-ipv4-embedded-ipv6-routing,03,2012-10-22 14:25:28+00:00,,2010-06-23 07:00:00+00:00,2010-06-23 07:00:00+00:00,docevent,2013
/api/v1/doc/document/rfc6981/,6981,rfc6981,A Framework for IP and MPLS Fast Reroute Using Not-Via Addresses,2013-08-01 10:06:19+00:00,/api/v1/doc/document/draft-ietf-rtgwg-ipfrr-notvia-addresses/,/api/v1/doc/document/draft-bryant-shand-ipfrr-notvia-addresses/,1,draft-bryant-shand-ipfrr-notvia-addresses,03,2011-07-05 07:00:00+00:00,,2005-03-10 08:00:00+00:00,2005-03-10 08:00:00+00:00,docevent,2013
/api/v1/doc/document/rfc7025/,7025,rfc7025,Requirements for GMPLS Applications of PCE,2013-09-18 02:18:05+00:00,/api/v1/doc/document/draft-ietf-pce-gmpls-aps-req/,/api/v1/doc/document/draft-otani-pce-gmpls-aps-req/,1,draft-otani-pce-gmpls-aps-req,02,2011-01-10 08:00:00+00:00,,2008-02-20 08:00:00+00:00,2008-02-20 08:00:00+00:00,docevent,2013
/api/v1/doc/document/rfc7087/,7087,rfc7087,A Thesaurus for the Interpretation of Terminology Used in MPLS Transport Profile (MPLS-TP) Internet-Drafts and RFCs in the Context of the ITU-T's Transport Network Recommendations,2013-12-16 23:52:32+00:00,/api/v1/doc/document/draft-ietf-mpls-tp-rosetta-stone/,/api/v1/doc/document/draft-helvoort-mpls-tp-rosetta-stone/,1,draft-helvoort-mpls-tp-rosetta-stone,00,2009-03-03 08:00:00+00:00,,2009-03-03 08:00:00+00:00,2009-03-03 08:00:00+00:00,docevent,2013
/api/v1/doc/document/rfc7151/,7151,rfc7151,File Transfer Protocol HOST Command for Virtual Hosts,2014-03-12 19:47:13+00:00,/api/v1/doc/document/draft-hethmon-mcmurray-ftpext-ftp-hosts/,/api/v1/doc/document/draft-hethmon-mcmurray-ftp-hosts/,2,draft-hethmon-mcmurray-ftp-hosts,15,2025-05-01 21:43:42+00:00,,2007-07-06 07:00:00+00:00,2007-07-06 07:00:00+00:00,docevent,2014
/api/v1/doc/document/rfc7151/,7151,rfc7151,File Transfer Protocol HOST Command for Virtual Hosts,2014-03-12 19:47:13+00:00,/api/v1/doc/document/draft-hethmon-mcmurray-ftpext-ftp-hosts/,/api/v1/doc/document/draft-ietf-ftpext2-hosts/,1,draft-ietf-ftpext2-hosts,05,2015-10-14 20:51:48+00:00,,2010-11-30 08:00:00+00:00,2010-11-30 08:00:00+00:00,docevent,2014
/api/v1/doc/document/rfc7181/,7181,rfc7181,The Optimized Link State Routing Protocol Version 2,2014-04-10 18:30:13+00:00,/api/v1/doc/document/draft-ietf-manet-olsrv2/,/api/v1/doc/document/draft-clausen-manet-olsrv2/,1,draft-clausen-manet-olsrv2,01,2005-10-21 07:00:00+00:00,,2005-07-12 07:00:00+00:00,2005-07-12 07:00:00+00:00,docevent,2014
/api/v1/doc/document/rfc7175/,7175,rfc7175,Transparent Interconnection of Lots of Links (TRILL): Bidirectional Forwarding Detection (BFD) Support,2014-05-08 06:19:31+00:00,/api/v1/doc/document/draft-ietf-trill-rbridge-bfd/,/api/v1/doc/document/draft-manral-trill-bfd-encaps/,1,draft-manral-trill-bfd-encaps,01,2011-05-20 07:00:00+00:00,,2010-10-07 07:00:00+00:00,2010-10-07 07:00:00+00:00,docevent,2014
/api/v1/doc/document/rfc7242/,7242,rfc7242,Delay-Tolerant Networking TCP Convergence-Layer Protocol,2014-06-13 17:07:05+00:00,/api/v1/doc/document/draft-irtf-dtnrg-tcp-clayer/,/api/v1/doc/document/draft-demmer-dtnrg-tcp-clayer/,1,draft-demmer-dtnrg-tcp-clayer,00,2015-10-14 20:51:37+00:00,,2006-10-18 07:00:00+00:00,2006-10-18 07:00:00+00:00,docevent,2014
/api/v1/doc/document/rfc7275/,7275,rfc7275,Inter-Chassis Communication Protocol for Layer 2 Virtual Private Network (L2VPN) Provider Edge (PE) Redundancy,2014-06-27 00:29:20+00:00,/api/v1/doc/document/draft-ietf-pwe3-iccp/,/api/v1/doc/document/draft-martini-pwe3-iccp/,1,draft-martini-pwe3-iccp,01,2010-04-20 07:00:00+00:00,,2008-07-25 07:00:00+00:00,2008-07-25 07:00:00+00:00,docevent,2014
/api/v1/doc/document/rfc7257/,7257,rfc7257,Virtual Private LAN Service (VPLS) Management Information Base,2014-07-08 21:33:30+00:00,/api/v1/doc/document/draft-ietf-l2vpn-vpls-mib/,/api/v1/doc/document/draft-nadeau-l2vpn-vpls-mib/,1,draft-nadeau-l2vpn-vpls-mib,03,2008-10-27 07:00:00+00:00,,2006-06-19 07:00:00+00:00,2006-06-19 07:00:00+00:00,docevent,2014
/api/v1/doc/document/rfc7268/,7268,rfc7268,RADIUS Attributes for IEEE 802 Networks,2014-07-17 19:19:36+00:00,/api/v1/doc/document/draft-ietf-radext-ieee802ext/,/api/v1/doc/document/draft-congdon-radext-ieee802/,2,draft-congdon-radext-ieee802,03,2005-02-18 08:00:00+00:00,,2004-07-13 07:00:00+00:00,2004-07-13 07:00:00+00:00,docevent,2014
/api/v1/doc/document/rfc7268/,7268,rfc7268,RADIUS Attributes for IEEE 802 Networks,2014-07-17 19:19:36+00:00,/api/v1/doc/document/draft-ietf-radext-ieee802ext/,/api/v1/doc/document/draft-ietf-radext-ieee802/,1,draft-ietf-radext-ieee802,01,2014-10-09 07:33:45+00:00,,2005-07-12 07:00:00+00:00,2005-07-12 07:00:00+00:00,docevent,2014
/api/v1/doc/document/rfc7338/,7338,rfc7338,Requirements and Framework for Point-to-Multipoint Pseudowires over MPLS Packet Switched Networks,2014-09-12 21:07:35+00:00,/api/v1/doc/document/draft-ietf-pwe3-p2mp-pw-requirements/,/api/v1/doc/document/draft-jounay-pwe3-p2mp-pw-requirements/,1,draft-jounay-pwe3-p2mp-pw-requirements,02,2008-10-27 07:00:00+00:00,,2007-02-28 08:00:00+00:00,2007-02-28 08:00:00+00:00,docevent,2014
/api/v1/doc/document/rfc7323/,7323,rfc7323,TCP Extensions for High Performance,2014-09-19 19:19:11+00:00,/api/v1/doc/document/draft-ietf-tcpm-1323bis/,/api/v1/doc/document/draft-borman-1323bis/,1,draft-borman-1323bis,00,2024-12-18 18:43:54+00:00,,2007-07-10 07:00:00+00:00,2007-07-10 07:00:00+00:00,docevent,2014
/api/v1/doc/document/rfc7423/,7423,rfc7423,Diameter Applications Design Guidelines,2014-11-14 23:50:14+00:00,/api/v1/doc/document/draft-ietf-dime-app-design-guide/,/api/v1/doc/document/draft-fajardo-dime-app-design-guide/,1,draft-fajardo-dime-app-design-guide,02,2010-04-12 07:00:00+00:00,,2007-02-26 08:00:00+00:00,2007-02-26 08:00:00+00:00,docevent,2014
/api/v1/doc/document/rfc7420/,7420,rfc7420,Path Computation Element Communication Protocol (PCEP) Management Information Base (MIB) Module,2014-12-24 05:00:51+00:00,/api/v1/doc/document/draft-ietf-pce-pcep-mib/,/api/v1/doc/document/draft-kkoushik-pce-pcep-mib/,1,draft-kkoushik-pce-pcep-mib,02,2011-01-10 08:00:00+00:00,,2007-02-27 08:00:00+00:00,2007-02-27 08:00:00+00:00,docevent,2014
/api/v1/doc/document/rfc7446/,7446,rfc7446,Routing and Wavelength Assignment Information Model for Wavelength Switched Optical Networks,2015-02-12 18:12:47+00:00,/api/v1/doc/document/draft-ietf-ccamp-rwa-info/,/api/v1/doc/document/draft-bernstein-ccamp-wson-info/,1,draft-bernstein-ccamp-wson-info,03,2013-05-07 14:32:12+00:00,,2007-10-31 07:00:00+00:00,2007-10-31 07:00:00+00:00,docevent,2015
/api/v1/doc/document/rfc7461/,7461,rfc7461,Energy Object Context MIB,2015-03-23 19:05:37+00:00,/api/v1/doc/document/draft-ietf-eman-energy-aware-mib/,/api/v1/doc/document/draft-parello-eman-energy-aware-mib/,1,draft-parello-eman-energy-aware-mib,00,2011-01-27 08:00:00+00:00,,2010-10-18 07:00:00+00:00,2010-10-18 07:00:00+00:00,docevent,2015
/api/v1/doc/document/rfc7555/,7555,rfc7555,Proxy MPLS Echo Request,2015-06-19 01:30:42+00:00,/api/v1/doc/document/draft-ietf-mpls-proxy-lsp-ping/,/api/v1/doc/document/draft-swallow-mpls-remote-lsp-ping/,3,draft-swallow-mpls-remote-lsp-ping,01,2010-01-05 08:00:00+00:00,,2006-10-17 07:00:00+00:00,2006-10-17 07:00:00+00:00,docevent,2015
/api/v1/doc/document/rfc7701/,7701,rfc7701,Multi-party Chat Using the Message Session Relay Protocol (MSRP),2015-12-15 05:05:48+00:00,/api/v1/doc/document/draft-ietf-simple-chat/,/api/v1/doc/document/draft-niemi-simple-chat/,1,draft-niemi-simple-chat,06,2008-12-02 08:00:00+00:00,,2004-02-10 08:00:00+00:00,2004-02-10 08:00:00+00:00,docevent,2015
/api/v1/doc/document/rfc7743/,7743,rfc7743,Relayed Echo Reply Mechanism for Label Switched Path (LSP) Ping,2016-01-21 04:00:38+00:00,/api/v1/doc/document/draft-ietf-mpls-lsp-ping-relay-reply/,/api/v1/doc/document/draft-nadeau-mpls-interas-lspping/,3,draft-nadeau-mpls-interas-lspping,02,2007-03-09 08:00:00+00:00,,2005-07-12 07:00:00+00:00,2005-07-12 07:00:00+00:00,docevent,2016
/api/v1/doc/document/rfc7743/,7743,rfc7743,Relayed Echo Reply Mechanism for Label Switched Path (LSP) Ping,2016-01-21 04:00:38+00:00,/api/v1/doc/document/draft-ietf-mpls-lsp-ping-relay-reply/,/api/v1/doc/document/draft-ietf-mpls-interas-lspping/,2,draft-ietf-mpls-interas-lspping,00,2013-04-16 22:24:43+00:00,,2007-03-08 08:00:00+00:00,2007-03-08 08:00:00+00:00,docevent,2016
/api/v1/doc/document/rfc7890/,7890,rfc7890,Concepts and Terminology for Peer-to-Peer SIP (P2PSIP),2016-06-22 22:58:00+00:00,/api/v1/doc/document/draft-ietf-p2psip-concepts/,/api/v1/doc/document/draft-willis-p2psip-concepts/,1,draft-willis-p2psip-concepts,04,2007-07-12 07:00:00+00:00,,2006-06-08 07:00:00+00:00,2006-06-08 07:00:00+00:00,docevent,2016
/api/v1/doc/document/rfc7911/,7911,rfc7911,Advertisement of Multiple Paths in BGP,2016-07-11 23:16:25+00:00,/api/v1/doc/document/draft-ietf-idr-add-paths/,/api/v1/doc/document/draft-walton-bgp-add-paths/,1,draft-walton-bgp-add-paths,06,2008-07-14 07:00:00+00:00,,2002-05-24 07:00:00+00:00,2002-05-24 07:00:00+00:00,docevent,2016
/api/v1/doc/document/rfc7924/,7924,rfc7924,Transport Layer Security (TLS) Cached Information Extension,2016-07-19 14:02:02+00:00,/api/v1/doc/document/draft-ietf-tls-cached-info/,/api/v1/doc/document/draft-santesson-tls-certcache/,1,draft-santesson-tls-certcache,00,2009-03-04 08:00:00+00:00,,2009-03-04 08:00:00+00:00,2009-03-04 08:00:00+00:00,docevent,2016
/api/v1/doc/document/rfc8109/,8109,rfc8109,Initializing a DNS Resolver with Priming Queries,2017-03-16 00:09:15+00:00,/api/v1/doc/document/draft-ietf-dnsop-resolver-priming/,/api/v1/doc/document/draft-koch-dnsop-resolver-priming/,1,draft-koch-dnsop-resolver-priming,00,2008-04-02 07:00:00+00:00,,2007-02-28 08:00:00+00:00,2007-02-28 08:00:00+00:00,docevent,2017
/api/v1/doc/document/rfc8088/,8088,rfc8088,How to Write an RTP Payload Format,2017-05-03 01:34:55+00:00,/api/v1/doc/document/draft-ietf-payload-rtp-howto/,/api/v1/doc/document/draft-westerlund-avt-rtp-howto/,2,draft-westerlund-avt-rtp-howto,00,2006-05-08 07:00:00+00:00,,2006-02-27 08:00:00+00:00,2006-02-27 08:00:00+00:00,docevent,2017
/api/v1/doc/document/rfc8175/,8175,rfc8175,Dynamic Link Exchange Protocol (DLEP),2017-06-20 20:04:26+00:00,/api/v1/doc/document/draft-ietf-manet-dlep/,/api/v1/doc/document/draft-sratliff-manet-dlep/,1,draft-sratliff-manet-dlep,00,2011-01-17 08:00:00+00:00,,2010-10-07 07:00:00+00:00,2010-10-07 07:00:00+00:00,docevent,2017
/api/v1/doc/document/rfc8220/,8220,rfc8220,Protocol Independent Multicast (PIM) over Virtual Private LAN Service (VPLS),2017-09-12 23:05:44+00:00,/api/v1/doc/document/draft-ietf-pals-vpls-pim-snooping/,/api/v1/doc/document/draft-hemige-serbest-l2vpn-vpls-pim-snooping/,2,draft-hemige-serbest-l2vpn-vpls-pim-snooping,01,2006-06-30 07:00:00+00:00,,2005-10-20 07:00:00+00:00,2005-10-20 07:00:00+00:00,docevent,2017
/api/v1/doc/document/rfc8282/,8282,rfc8282,Extensions to the Path Computation Element Communication Protocol (PCEP) for Inter-Layer MPLS and GMPLS Traffic Engineering,2017-12-21 23:50:24+00:00,/api/v1/doc/document/draft-ietf-pce-inter-layer-ext/,/api/v1/doc/document/draft-oki-pce-inter-layer-ext/,1,draft-oki-pce-inter-layer-ext,00,2011-01-10 08:00:00+00:00,,2007-10-23 07:00:00+00:00,2007-10-23 07:00:00+00:00,docevent,2017
/api/v1/doc/document/rfc8315/,8315,rfc8315,Cancel-Locks in Netnews Articles,2018-02-14 01:13:57+00:00,/api/v1/doc/document/draft-baeuerle-netnews-cancel-lock/,/api/v1/doc/document/draft-ietf-usefor-cancel-lock/,1,draft-ietf-usefor-cancel-lock,01,1998-11-03 08:00:00+00:00,,1998-08-14 07:00:00+00:00,1998-08-14 07:00:00+00:00,docevent,2018
/api/v1/doc/document/rfc8507/,8507,rfc8507,Simple Internet Protocol (SIP) Specification,2018-12-22 01:18:41+00:00,/api/v1/doc/document/draft-historic-simple-ip/,/api/v1/doc/document/draft-deering-sip/,1,draft-deering-sip,00,1992-11-11 08:00:00+00:00,,1992-11-11 08:00:00+00:00,1992-11-11 08:00:00+00:00,docevent,2018
