rfc_number,rfc_title,publication_year,source_uri,target_uri,source_name,target_name,title_similarity,name_similarity,token_similarity,date_score,total_score,selected
6828,Content Splicing for RTP Sessions,2013,/api/v1/doc/document/draft-ietf-avtext-splicing-for-rtp/,/api/v1/doc/document/draft-xia-avtext-splicing-for-rtp/,draft-ietf-avtext-splicing-for-rtp,draft-xia-avtext-splicing-for-rtp,1.0,0.8205128205128205,1.0,1.0,0.9551282051282052,True
6828,Content Splicing for RTP Sessions,2013,/api/v1/doc/document/draft-xia-avtext-splicing-for-rtp/,/api/v1/doc/document/draft-xia-avt-splicing-for-rtp/,draft-xia-avtext-splicing-for-rtp,draft-xia-avt-splicing-for-rtp,1.0,0.9302325581395349,1.0,1.0,0.9825581395348838,True
6829,Label Switched Path (LSP) Ping for Pseudowire Forwarding Equivalence Classes (FECs) Advertised over IPv6,2013,/api/v1/doc/document/draft-ietf-mpls-ipv6-pw-lsp-ping/,/api/v1/doc/document/draft-chen-mpls-ipv6-pw-lsp-ping/,draft-ietf-mpls-ipv6-pw-lsp-ping,draft-chen-mpls-ipv6-pw-lsp-ping,0.6274509803921569,0.8648648648648649,0.75,1.0,0.7485691573926868,True
6827,Automatically Switched Optical Network (ASON) Routing for OSPFv2 Protocols,2013,/api/v1/doc/document/draft-ietf-ccamp-rfc5787bis/,/api/v1/doc/document/draft-malis-ccamp-rfc5787bis/,draft-ietf-ccamp-rfc5787bis,draft-malis-ccamp-rfc5787bis,0.578125,0.7692307692307693,0.5,1.0,0.6524639423076923,True
6841,A Framework for DNSSEC Policies and DNSSEC Practice Statements,2013,/api/v1/doc/document/draft-ietf-dnsop-dnssec-dps-framework/,/api/v1/doc/document/draft-ljunggren-dps-framework/,draft-ietf-dnsop-dnssec-dps-framework,draft-ljunggren-dps-framework,0.5535714285714286,0.7878787878787878,0.6666666666666666,1.0,0.6794101731601732,True
6825,Traffic Engineering Database Management Information Base in Support of MPLS-TE/GMPLS,2013,/api/v1/doc/document/draft-ietf-ccamp-gmpls-ted-mib/,/api/v1/doc/document/draft-ietf-ccamp-gmpls-ospf-mib/,draft-ietf-ccamp-gmpls-ted-mib,draft-ietf-ccamp-gmpls-ospf-mib,0.95,0.7407407407407407,0.8888888888888888,1.0,0.8904629629629629,True
6825,Traffic Engineering Database Management Information Base in Support of MPLS-TE/GMPLS,2013,/api/v1/doc/document/draft-ietf-ccamp-gmpls-ospf-mib/,/api/v1/doc/document/draft-otani-ccamp-gmpls-ospf-mib/,draft-ietf-ccamp-gmpls-ospf-mib,draft-otani-ccamp-gmpls-ospf-mib,0.7671232876712328,0.8235294117647058,0.75,1.0,0.8010878323932312,True
6826,Multipoint LDP In-Band Signaling for Point-to-Multipoint and Multipoint-to-Multipoint Label Switched Paths,2013,/api/v1/doc/document/draft-ietf-mpls-mldp-in-band-signaling/,/api/v1/doc/document/draft-wijnands-mpls-mldp-in-band-signaling/,draft-ietf-mpls-mldp-in-band-signaling,draft-wijnands-mpls-mldp-in-band-signaling,0.9230769230769231,0.8979591836734694,0.75,1.0,0.8898744113029827,True
6845,OSPF Hybrid Broadcast and Point-to-Multipoint Interface Type,2013,/api/v1/doc/document/draft-ietf-ospf-hybrid-bcast-and-p2mp/,/api/v1/doc/document/draft-nsheth-ospf-hybrid-bcast-and-p2mp/,draft-ietf-ospf-hybrid-bcast-and-p2mp,draft-nsheth-ospf-hybrid-bcast-and-p2mp,0.8380952380952381,0.8936170212765957,0.75,1.0,0.8505471124620061,True
6848,Specifying Civic Address Extensions in the Presence Information Data Format Location Object (PIDF-LO),2013,/api/v1/doc/document/draft-ietf-geopriv-local-civic/,/api/v1/doc/document/draft-ietf-geopriv-prefix/,draft-ietf-geopriv-local-civic,draft-ietf-geopriv-prefix,0.25,0.11764705882352941,0.0625,1.0,0.25441176470588234,False
6810,The Resource Public Key Infrastructure (RPKI) to Router Protocol,2013,/api/v1/doc/document/draft-ietf-sidr-rpki-rtr/,/api/v1/doc/document/draft-ymbk-rpki-rtr-protocol/,draft-ietf-sidr-rpki-rtr,draft-ymbk-rpki-rtr-protocol,0.5581395348837209,0.64,1.0,1.0,0.7111627906976744,True
6811,BGP Prefix Origin Validation,2013,/api/v1/doc/document/draft-ietf-sidr-pfx-validate/,/api/v1/doc/document/draft-pmohapat-sidr-pfx-validate/,draft-ietf-sidr-pfx-validate,draft-pmohapat-sidr-pfx-validate,1.0,0.8275862068965517,1.0,1.0,0.956896551724138,True
6824,TCP Extensions for Multipath Operation with Multiple Addresses,2013,/api/v1/doc/document/draft-ietf-mptcp-multiaddressed/,/api/v1/doc/document/draft-ford-mptcp-multiaddressed/,draft-ietf-mptcp-multiaddressed,draft-ford-mptcp-multiaddressed,1.0,0.8235294117647058,1.0,1.0,0.9558823529411765,True
6860,Hiding Transit-Only Networks in OSPF,2013,/api/v1/doc/document/draft-ietf-ospf-prefix-hiding/,/api/v1/doc/document/draft-yang-ospf-hiding/,draft-ietf-ospf-prefix-hiding,draft-yang-ospf-hiding,1.0,0.75,1.0,1.0,0.9374999999999999,True
6831,The Locator/ID Separation Protocol (LISP) for Multicast Environments,2013,/api/v1/doc/document/draft-ietf-lisp-multicast/,/api/v1/doc/document/draft-farinacci-lisp-multicast/,draft-ietf-lisp-multicast,draft-farinacci-lisp-multicast,0.6391752577319587,0.782608695652174,0.6,1.0,0.7032810398924249,True
6832,Interworking between Locator/ID Separation Protocol (LISP) and Non-LISP Sites,2013,/api/v1/doc/document/draft-ietf-lisp-interworking/,/api/v1/doc/document/draft-lewis-lisp-interworking/,draft-ietf-lisp-interworking,draft-lewis-lisp-interworking,0.43243243243243246,0.8275862068965517,0.5,1.0,0.6014911463187325,True
6833,Locator/ID Separation Protocol (LISP) Map-Server Interface,2013,/api/v1/doc/document/draft-ietf-lisp-ms/,/api/v1/doc/document/draft-fuller-lisp-ms/,draft-ietf-lisp-ms,draft-fuller-lisp-ms,0.4225352112676056,0.4444444444444444,0.5,1.0,0.5012519561815336,True
6835,The Locator/ID Separation Protocol Internet Groper (LIG),2013,/api/v1/doc/document/draft-ietf-lisp-lig/,/api/v1/doc/document/draft-farinacci-lisp-lig/,draft-ietf-lisp-lig,draft-farinacci-lisp-lig,0.6153846153846154,0.5454545454545454,0.5,1.0,0.6132867132867132,True
6836,Locator/ID Separation Protocol Alternative Logical Topology (LISP+ALT),2013,/api/v1/doc/document/draft-ietf-lisp-alt/,/api/v1/doc/document/draft-fuller-lisp-alt/,draft-ietf-lisp-alt,draft-fuller-lisp-alt,0.6666666666666666,0.5454545454545454,0.5714285714285714,1.0,0.6506493506493506,True
6844,DNS Certification Authority Authorization (CAA) Resource Record,2013,/api/v1/doc/document/draft-ietf-pkix-caa/,/api/v1/doc/document/draft-hallambaker-donotissue/,draft-ietf-pkix-caa,draft-hallambaker-donotissue,1.0,0.0,1.0,1.0,0.75,True
6852,Affirmation of the Modern Paradigm for Standards,2013,/api/v1/doc/document/draft-iab-modern-paradigm/,/api/v1/doc/document/draft-housley-iab-affirm-modern-stds-paradigm/,draft-iab-modern-paradigm,draft-housley-iab-affirm-modern-stds-paradigm,1.0,0.6521739130434783,1.0,1.0,0.9130434782608695,True
6850,Definitions of Managed Objects for Routing Bridges (RBridges),2013,/api/v1/doc/document/draft-ietf-trill-rbridge-mib/,/api/v1/doc/document/draft-zebrose-trill-rbridge-mib/,draft-ietf-trill-rbridge-mib,draft-zebrose-trill-rbridge-mib,0.2926829268292683,0.7857142857142857,0.6666666666666666,1.0,0.5614692218350754,True
6851,Internet Message Access Protocol (IMAP) - MOVE Extension,2013,/api/v1/doc/document/draft-ietf-imapmove-command/,/api/v1/doc/document/draft-gulbrandsen-imap-move/,draft-ietf-imapmove-command,draft-gulbrandsen-imap-move,0.5866666666666667,0.25,0.5,1.0,0.5265,True
6820,Address Resolution Problems in Large Data Center Networks,2013,/api/v1/doc/document/draft-ietf-armd-problem-statement/,/api/v1/doc/document/draft-narten-armd-problem-statement/,draft-ietf-armd-problem-statement,draft-narten-armd-problem-statement,0.3855421686746988,0.8717948717948718,0.6666666666666666,1.0,0.6247760271856657,True
6838,Media Type Specifications and Registration Procedures,2013,/api/v1/doc/document/draft-ietf-appsawg-media-type-regs/,/api/v1/doc/document/draft-freed-media-type-regs/,draft-ietf-appsawg-media-type-regs,draft-freed-media-type-regs,1.0,1.0,1.0,1.0,0.9999999999999999,True
6839,Additional Media Type Structured Syntax Suffixes,2013,/api/v1/doc/document/draft-ietf-appsawg-media-type-suffix-regs/,/api/v1/doc/document/draft-hansen-media-type-suffix-regs/,draft-ietf-appsawg-media-type-suffix-regs,draft-hansen-media-type-suffix-regs,1.0,1.0,1.0,1.0,0.9999999999999999,True
6864,Updated Specification of the IPv4 ID Field,2013,/api/v1/doc/document/draft-ietf-intarea-ipv4-id-update/,/api/v1/doc/document/draft-touch-intarea-ipv4-unique-id/,draft-ietf-intarea-ipv4-id-update,draft-touch-intarea-ipv4-unique-id,1.0,0.3888888888888889,1.0,1.0,0.8472222222222222,True
6872,The Common Log Format (CLF) for the Session Initiation Protocol (SIP): Framework and Information Model,2013,/api/v1/doc/document/draft-ietf-sipclf-problem-statement/,/api/v1/doc/document/draft-gurbani-sipclf-problem-statement/,draft-ietf-sipclf-problem-statement,draft-gurbani-sipclf-problem-statement,0.8024691358024691,0.8292682926829268,0.7,1.0,0.8084281842818428,True
6873,Format for the Session Initiation Protocol (SIP) Common Log Format (CLF),2013,/api/v1/doc/document/draft-ietf-sipclf-format/,/api/v1/doc/document/draft-salgueiro-sipclf-indexed-ascii/,draft-ietf-sipclf-format,draft-salgueiro-sipclf-indexed-ascii,1.0,0.15384615384615385,1.0,1.0,0.7884615384615384,True
6763,DNS-Based Service Discovery,2013,/api/v1/doc/document/draft-cheshire-dnsext-dns-sd/,/api/v1/doc/document/draft-cheshire-dnsext-nias/,draft-cheshire-dnsext-dns-sd,draft-cheshire-dnsext-nias,0.4,0.75,0.3333333333333333,-0.5,0.3841666666666667,True
6853,DHCPv6 Redundancy Deployment Considerations,2013,/api/v1/doc/document/draft-ietf-dhc-dhcpv6-redundancy-consider/,/api/v1/doc/document/draft-jjmb-dhc-dhcpv6-redundancy-consider/,draft-ietf-dhc-dhcpv6-redundancy-consider,draft-jjmb-dhc-dhcpv6-redundancy-consider,1.0,0.9285714285714286,1.0,1.0,0.9821428571428571,True
6870,Pseudowire Preferential Forwarding Status Bit,2013,/api/v1/doc/document/draft-ietf-pwe3-redundancy-bit/,/api/v1/doc/document/draft-muley-dutta-pwe3-redundancy-bit/,draft-ietf-pwe3-redundancy-bit,draft-muley-dutta-pwe3-redundancy-bit,0.7555555555555555,0.717948717948718,0.6666666666666666,1.0,0.7528205128205128,True
6840,Clarifications and Implementation Notes for DNS Security (DNSSEC),2013,/api/v1/doc/document/draft-ietf-dnsext-dnssec-bis-updates/,/api/v1/doc/document/draft-weiler-dnsext-dnssec-bis-updates/,draft-ietf-dnsext-dnssec-bis-updates,draft-weiler-dnsext-dnssec-bis-updates,0.896551724137931,0.8372093023255814,0.75,1.0,0.8627506014434644,True
6874,Representing IPv6 Zone Identifiers in Address Literals and Uniform Resource Identifiers,2013,/api/v1/doc/document/draft-ietf-6man-uri-zoneid/,/api/v1/doc/document/draft-carpenter-6man-uri-zoneid/,draft-ietf-6man-uri-zoneid,draft-carpenter-6man-uri-zoneid,0.8627450980392157,0.8,0.75,1.0,0.8382352941176471,True
6866,Problem Statement for Renumbering IPv6 Hosts with Static Addresses in Enterprise Networks,2013,/api/v1/doc/document/draft-ietf-6renum-static-problem/,/api/v1/doc/document/draft-carpenter-6renum-static-problem/,draft-ietf-6renum-static-problem,draft-carpenter-6renum-static-problem,0.8516129032258064,0.8,0.7777777777777778,1.0,0.8387813620071685,True
6876,A Posture Transport Protocol over TLS (PT-TLS),2013,/api/v1/doc/document/draft-ietf-nea-pt-tls/,/api/v1/doc/document/draft-sangster-nea-pt-tls/,draft-ietf-nea-pt-tls,draft-sangster-nea-pt-tls,0.5255474452554745,0.75,0.5,1.0,0.6239963503649635,True
6879,"IPv6 Enterprise Network Renumbering Scenarios, Considerations, and Methods",2013,/api/v1/doc/document/draft-ietf-6renum-enterprise/,/api/v1/doc/document/draft-jiang-6renum-enterprise/,draft-ietf-6renum-enterprise,draft-jiang-6renum-enterprise,0.7878787878787878,0.7407407407407407,0.625,1.0,0.7647306397306397,True
6863,Analysis of OSPF Security According to the Keying and Authentication for Routing Protocols (KARP) Design Guide,2013,/api/v1/doc/document/draft-ietf-karp-ospf-analysis/,/api/v1/doc/document/draft-hartman-ospf-analysis/,draft-ietf-karp-ospf-analysis,draft-hartman-ospf-analysis,0.6829268292682927,1.0,1.0,1.0,0.8573170731707317,True
6883,IPv6 Guidance for Internet Content Providers and Application Service Providers,2013,/api/v1/doc/document/draft-ietf-v6ops-icp-guidance/,/api/v1/doc/document/draft-carpenter-v6ops-icp-guidance/,draft-ietf-v6ops-icp-guidance,draft-carpenter-v6ops-icp-guidance,0.9315068493150684,0.8,1.0,1.0,0.9191780821917809,True
6855,IMAP Support for UTF-8,2013,/api/v1/doc/document/draft-ietf-eai-5738bis/,/api/v1/doc/document/draft-ietf-eai-5378bis/,draft-ietf-eai-5738bis,draft-ietf-eai-5378bis,1.0,0.8571428571428571,1.0,1.0,0.9642857142857143,True
6885,Stringprep Revision and Problem Statement for the Preparation and Comparison of Internationalized Strings (PRECIS),2013,/api/v1/doc/document/draft-ietf-precis-problem-statement/,/api/v1/doc/document/draft-blanchet-precis-problem-statement/,draft-ietf-precis-problem-statement,draft-blanchet-precis-problem-statement,0.4966442953020134,0.8292682926829268,0.6666666666666666,1.0,0.6641403393899711,True
6884,RTP Payload Format for the Enhanced Variable Rate Narrowband-Wideband Codec (EVRC-NW),2013,/api/v1/doc/document/draft-ietf-avt-rtp-evrc-nw/,/api/v1/doc/document/draft-zfang-avt-rtp-evrc-nw/,draft-ietf-avt-rtp-evrc-nw,draft-zfang-avt-rtp-evrc-nw,0.9753086419753086,0.8461538461538461,1.0,1.0,0.9504273504273505,True
6907,Use Cases and Interpretations of Resource Public Key Infrastructure (RPKI) Objects for Issuers and Relying Parties,2013,/api/v1/doc/document/draft-ietf-sidr-usecases/,/api/v1/doc/document/draft-manderson-sidr-usecases/,draft-ietf-sidr-usecases,draft-manderson-sidr-usecases,0.8085106382978723,0.7619047619047619,0.5384615384615384,1.0,0.7619982854025408,True
6908,Deployment Considerations for Dual-Stack Lite,2013,/api/v1/doc/document/draft-ietf-softwire-dslite-deployment/,/api/v1/doc/document/draft-lee-softwire-dslite-deployment/,draft-ietf-softwire-dslite-deployment,draft-lee-softwire-dslite-deployment,1.0,0.7906976744186046,1.0,1.0,0.9476744186046512,True
6897,Multipath TCP (MPTCP) Application Interface Considerations,2013,/api/v1/doc/document/draft-ietf-mptcp-api/,/api/v1/doc/document/draft-scharf-mptcp-api/,draft-ietf-mptcp-api,draft-scharf-mptcp-api,0.8571428571428571,0.5,0.6666666666666666,1.0,0.744047619047619,True
6898,Link Management Protocol Behavior Negotiation and Configuration Modifications,2013,/api/v1/doc/document/draft-ietf-ccamp-lmp-behavior-negotiation/,/api/v1/doc/document/draft-li-ccamp-lmp-behavior-negotiation/,draft-ietf-ccamp-lmp-behavior-negotiation,draft-li-ccamp-lmp-behavior-negotiation,0.384,0.8888888888888888,0.75,1.0,0.6450222222222223,True
6905,"Requirements for Operations, Administration, and Maintenance (OAM) in Transparent Interconnection of Lots of Links (TRILL)",2013,/api/v1/doc/document/draft-ietf-trill-oam-req/,/api/v1/doc/document/draft-tissa-trill-oam-req/,draft-ietf-trill-oam-req,draft-tissa-trill-oam-req,0.7593582887700535,0.7,0.6666666666666666,1.0,0.7500445632798574,True
6877,464XLAT: Combination of Stateful and Stateless Translation,2013,/api/v1/doc/document/draft-ietf-v6ops-464xlat/,/api/v1/doc/document/draft-mawatari-v6ops-464xlat/,draft-ietf-v6ops-464xlat,draft-mawatari-v6ops-464xlat,1.0,0.7,1.0,1.0,0.9249999999999999,True
6901,JavaScript Object Notation (JSON) Pointer,2013,/api/v1/doc/document/draft-ietf-appsawg-json-pointer/,/api/v1/doc/document/draft-pbryan-zyp-json-pointer/,draft-ietf-appsawg-json-pointer,draft-pbryan-zyp-json-pointer,0.47058823529411764,0.8571428571428571,0.6666666666666666,1.0,0.6593837535014005,True
6902,JavaScript Object Notation (JSON) Patch,2013,/api/v1/doc/document/draft-ietf-appsawg-json-patch/,/api/v1/doc/document/draft-pbryan-json-patch/,draft-ietf-appsawg-json-patch,draft-pbryan-json-patch,0.425531914893617,1.0,1.0,1.0,0.7414893617021276,True
6915,Flow Identity Extension for HTTP-Enabled Location Delivery (HELD),2013,/api/v1/doc/document/draft-ietf-geopriv-flow-identity/,/api/v1/doc/document/draft-bellis-geopriv-flow-identity/,draft-ietf-geopriv-flow-identity,draft-bellis-geopriv-flow-identity,0.6736842105263158,0.7647058823529411,0.6666666666666666,1.0,0.7276676986584107,True
6916,Algorithm Agility Procedure for the Resource Public Key Infrastructure (RPKI),2013,/api/v1/doc/document/draft-ietf-sidr-algorithm-agility/,/api/v1/doc/document/draft-rgaglian-sidr-algorithm-agility/,draft-ietf-sidr-algorithm-agility,draft-rgaglian-sidr-algorithm-agility,0.6486486486486487,0.8717948717948718,0.6666666666666666,1.0,0.7431739431739431,True
6917,Media Resource Brokering,2013,/api/v1/doc/document/draft-ietf-mediactrl-mrb/,/api/v1/doc/document/draft-boulton-mediactrl-mrb/,draft-ietf-mediactrl-mrb,draft-boulton-mediactrl-mrb,1.0,0.375,1.0,1.0,0.8437499999999999,True
6891,Extension Mechanisms for DNS (EDNS(0)),2013,/api/v1/doc/document/draft-ietf-dnsext-rfc2671bis-edns0/,/api/v1/doc/document/draft-graff-dnsext-edns0bis/,draft-ietf-dnsext-rfc2671bis-edns0,draft-graff-dnsext-edns0bis,0.9855072463768116,0.45161290322580644,0.6,-0.5,0.6263814866760168,True
6895,Domain Name System (DNS) IANA Considerations,2013,/api/v1/doc/document/draft-ietf-dnsext-rfc6195bis/,/api/v1/doc/document/draft-eastlake-dnsext-6195bis/,draft-ietf-dnsext-rfc6195bis,draft-eastlake-dnsext-6195bis,1.0,0.5833333333333334,1.0,1.0,0.8958333333333334,True
6904,Encryption of Header Extensions in the Secure Real-time Transport Protocol (SRTP),2013,/api/v1/doc/document/draft-ietf-avtcore-srtp-encrypted-header-ext/,/api/v1/doc/document/draft-lennox-avtcore-srtp-encrypted-header-ext/,draft-ietf-avtcore-srtp-encrypted-header-ext,draft-lennox-avtcore-srtp-encrypted-header-ext,1.0,0.8620689655172413,1.0,1.0,0.9655172413793104,True
6914,SIMPLE Made Simple: An Overview of the IETF Specifications for Instant Messaging and Presence Using the Session Initiation Protocol (SIP),2013,/api/v1/doc/document/draft-ietf-simple-simple/,/api/v1/doc/document/draft-rosenberg-simple-simple/,draft-ietf-simple-simple,draft-rosenberg-simple-simple,1.0,0.631578947368421,1.0,1.0,0.9078947368421052,True
6909,IPv4 Traffic Offload Selector Option for Proxy Mobile IPv6,2013,/api/v1/doc/document/draft-ietf-netext-pmipv6-sipto-option/,/api/v1/doc/document/draft-gundavelli-netext-pmipv6-sipto-option/,draft-ietf-netext-pmipv6-sipto-option,draft-gundavelli-netext-pmipv6-sipto-option,0.9824561403508771,0.8444444444444444,0.875,1.0,0.9282163742690058,True
6911,RADIUS Attributes for IPv6 Access Networks,2013,/api/v1/doc/document/draft-ietf-radext-ipv6-access/,/api/v1/doc/document/draft-lourdelet-radext-ipv6-access/,draft-ietf-radext-ipv6-access,draft-lourdelet-radext-ipv6-access,1.0,0.7586206896551724,1.0,1.0,0.939655172413793,True
6926,DHCPv4 Bulk Leasequery,2013,/api/v1/doc/document/draft-ietf-dhc-dhcpv4-bulk-leasequery/,/api/v1/doc/document/draft-dtv-dhc-dhcpv4-bulk-leasequery/,draft-ietf-dhc-dhcpv4-bulk-leasequery,draft-dtv-dhc-dhcpv4-bulk-leasequery,0.9777777777777777,0.9166666666666666,0.75,1.0,0.9191666666666667,True
6926,DHCPv4 Bulk Leasequery,2013,/api/v1/doc/document/draft-ietf-dhc-dhcpv4-bulk-leasequery/,/api/v1/doc/document/draft-kinnear-dhc-dhcpv4-bulk-leasequery/,draft-ietf-dhc-dhcpv4-bulk-leasequery,draft-kinnear-dhc-dhcpv4-bulk-leasequery,0.7555555555555555,0.9166666666666666,0.75,1.0,0.8191666666666667,False
6928,Increasing TCP's Initial Window,2013,/api/v1/doc/document/draft-ietf-tcpm-initcwnd/,/api/v1/doc/document/draft-hkchu-tcpm-initcwnd/,draft-ietf-tcpm-initcwnd,draft-hkchu-tcpm-initcwnd,1.0,0.7619047619047619,1.0,1.0,0.9404761904761904,True
6887,Port Control Protocol (PCP),2013,/api/v1/doc/document/draft-ietf-pcp-base/,/api/v1/doc/document/draft-wing-pcp-base/,draft-ietf-pcp-base,draft-wing-pcp-base,0.8679245283018868,0.6666666666666666,0.5,1.0,0.7572327044025157,True
6887,Port Control Protocol (PCP),2013,/api/v1/doc/document/draft-wing-pcp-base/,/api/v1/doc/document/draft-wing-softwire-port-control-protocol/,draft-wing-pcp-base,draft-wing-softwire-port-control-protocol,1.0,0.15789473684210525,1.0,1.0,0.7894736842105263,True
6887,Port Control Protocol (PCP),2013,/api/v1/doc/document/draft-wing-pcp-base/,/api/v1/doc/document/draft-wing-pcp-proposed-packet-format/,draft-wing-pcp-base,draft-wing-pcp-proposed-packet-format,0.2962962962962963,0.35294117647058826,0.2,1.0,0.3615686274509804,False
6888,Common Requirements for Carrier-Grade NATs (CGNs),2013,/api/v1/doc/document/draft-ietf-behave-lsn-requirements/,/api/v1/doc/document/draft-nishitani-cgn/,draft-ietf-behave-lsn-requirements,draft-nishitani-cgn,0.6185567010309279,0.10526315789473684,0.2222222222222222,1.0,0.4491107493820462,True
6889,Analysis of Stateful 64 Translation,2013,/api/v1/doc/document/draft-ietf-behave-64-analysis/,/api/v1/doc/document/draft-penno-behave-64-analysis/,draft-ietf-behave-64-analysis,draft-penno-behave-64-analysis,0.8524590163934426,0.7586206896551724,0.6666666666666666,1.0,0.8065950631241755,True
6929,Remote Authentication Dial In User Service (RADIUS) Protocol Extensions,2013,/api/v1/doc/document/draft-ietf-radext-radius-extensions/,/api/v1/doc/document/draft-dekok-radext-radius-extensions/,draft-ietf-radext-radius-extensions,draft-dekok-radext-radius-extensions,1.0,0.8292682926829268,1.0,1.0,0.9573170731707318,True
6936,Applicability Statement for the Use of IPv6 UDP Datagrams with Zero Checksums,2013,/api/v1/doc/document/draft-ietf-6man-udpzero/,/api/v1/doc/document/draft-6man-udpzero/,draft-ietf-6man-udpzero,draft-6man-udpzero,0.3302752293577982,1.0,1.0,1.0,0.6986238532110092,True
6936,Applicability Statement for the Use of IPv6 UDP Datagrams with Zero Checksums,2013,/api/v1/doc/document/draft-ietf-6man-udpzero/,/api/v1/doc/document/draft-fairhurst-tsvwg-6man-udpzero/,draft-ietf-6man-udpzero,draft-fairhurst-tsvwg-6man-udpzero,0.3302752293577982,0.56,0.3333333333333333,1.0,0.4552905198776759,False
6941,MPLS Transport Profile (MPLS-TP) Security Framework,2013,/api/v1/doc/document/draft-ietf-mpls-tp-security-framework/,/api/v1/doc/document/draft-fang-mpls-tp-security-framework/,draft-ietf-mpls-tp-security-framework,draft-fang-mpls-tp-security-framework,0.6933333333333334,0.8936170212765957,0.6666666666666666,1.0,0.7687375886524822,True
6944,Applicability Statement: DNS Security (DNSSEC) DNSKEY Algorithm Implementation Status,2013,/api/v1/doc/document/draft-ietf-dnsext-dnssec-algo-imp-status/,/api/v1/doc/document/draft-srose-dnssec-algo-imp-status/,draft-ietf-dnsext-dnssec-algo-imp-status,draft-srose-dnssec-algo-imp-status,1.0,1.0,1.0,1.0,0.9999999999999999,True
6923,MPLS Transport Profile (MPLS-TP) Identifiers Following ITU-T Conventions,2013,/api/v1/doc/document/draft-ietf-mpls-tp-itu-t-identifiers/,/api/v1/doc/document/draft-win-mpls-tp-itu-t-identifiers/,draft-ietf-mpls-tp-itu-t-identifiers,draft-win-mpls-tp-itu-t-identifiers,0.8034188034188035,0.8888888888888888,0.7142857142857143,1.0,0.8266178266178267,True
6937,Proportional Rate Reduction for TCP,2013,/api/v1/doc/document/draft-ietf-tcpm-proportional-rate-reduction/,/api/v1/doc/document/draft-mathis-tcpm-proportional-rate-reduction/,draft-ietf-tcpm-proportional-rate-reduction,draft-mathis-tcpm-proportional-rate-reduction,1.0,0.9152542372881356,1.0,1.0,0.9788135593220338,True
6938,"Deprecation of BGP Path Attributes: DPA, ADVERTISER, and RCID_PATH / CLUSTER_ID",2013,/api/v1/doc/document/draft-ietf-idr-deprecate-dpa-etal/,/api/v1/doc/document/draft-scudder-deprecate-dpa-etal/,draft-ietf-idr-deprecate-dpa-etal,draft-scudder-deprecate-dpa-etal,1.0,1.0,1.0,1.0,0.9999999999999999,True
6946,"Processing of IPv6 ""Atomic"" Fragments",2013,/api/v1/doc/document/draft-ietf-6man-ipv6-atomic-fragments/,/api/v1/doc/document/draft-gont-6man-ipv6-atomic-fragments/,draft-ietf-6man-ipv6-atomic-fragments,draft-gont-6man-ipv6-atomic-fragments,1.0,0.8936170212765957,1.0,1.0,0.973404255319149,True
6947,The Session Description Protocol (SDP) Alternate Connectivity (ALTC) Attribute,2013,/api/v1/doc/document/draft-boucadair-mmusic-altc/,/api/v1/doc/document/draft-boucadair-mmusic-ccap/,draft-boucadair-mmusic-altc,draft-boucadair-mmusic-ccap,0.8275862068965517,0.7272727272727273,0.5555555555555556,1.0,0.7653430860327413,True
6933,Entity MIB (Version 4),2013,/api/v1/doc/document/draft-ietf-eman-rfc4133bis/,/api/v1/doc/document/draft-chandramouli-eman-rfc4133bis/,draft-ietf-eman-rfc4133bis,draft-chandramouli-eman-rfc4133bis,1.0,0.8,1.0,1.0,0.9500000000000001,True
6959,Source Address Validation Improvement (SAVI) Threat Scope,2013,/api/v1/doc/document/draft-ietf-savi-threat-scope/,/api/v1/doc/document/draft-mcpherson-savi-threat-scope/,draft-ietf-savi-threat-scope,draft-mcpherson-savi-threat-scope,0.4722222222222222,0.8275862068965517,0.6666666666666666,1.0,0.6527298850574712,True
6957,Duplicate Address Detection Proxy,2013,/api/v1/doc/document/draft-ietf-6man-dad-proxy/,/api/v1/doc/document/draft-costa-6man-dad-proxy/,draft-ietf-6man-dad-proxy,draft-costa-6man-dad-proxy,1.0,0.782608695652174,1.0,1.0,0.9456521739130436,True
6967,Analysis of Potential Solutions for Revealing a Host Identifier (HOST_ID) in Shared Address Deployments,2013,/api/v1/doc/document/draft-ietf-intarea-nat-reveal-analysis/,/api/v1/doc/document/draft-boucadair-intarea-nat-reveal-analysis/,draft-ietf-intarea-nat-reveal-analysis,draft-boucadair-intarea-nat-reveal-analysis,0.8210526315789474,0.8260869565217391,0.75,1.0,0.8259954233409611,True
6969,OSPFv3 Instance ID Registry Update,2013,/api/v1/doc/document/draft-ietf-ospf-ospfv3-iid-registry-update/,/api/v1/doc/document/draft-retana-ospf-ospfv3-iid-registry-update/,draft-ietf-ospf-ospfv3-iid-registry-update,draft-retana-ospf-ospfv3-iid-registry-update,1.0,0.9122807017543859,1.0,1.0,0.9780701754385964,True
6977,Triggering DHCPv6 Reconfiguration from Relay Agents,2013,/api/v1/doc/document/draft-ietf-dhc-triggered-reconfigure/,/api/v1/doc/document/draft-boucadair-dhc-triggered-reconfigure/,draft-ietf-dhc-triggered-reconfigure,draft-boucadair-dhc-triggered-reconfigure,0.5473684210526316,0.9130434782608695,0.6666666666666666,1.0,0.707909992372235,True
6985,IMIX Genome: Specification of Variable Packet Sizes for Additional Testing,2013,/api/v1/doc/document/draft-ietf-bmwg-imix-genome/,/api/v1/doc/document/draft-morton-bmwg-imix-genome/,draft-ietf-bmwg-imix-genome,draft-morton-bmwg-imix-genome,1.0,0.8148148148148148,1.0,1.0,0.9537037037037036,True
6972,Problem Statement and Requirements of the Peer-to-Peer Streaming Protocol (PPSP),2013,/api/v1/doc/document/draft-ietf-ppsp-problem-statement/,/api/v1/doc/document/draft-zhang-ppsp-problem-statement/,draft-ietf-ppsp-problem-statement,draft-zhang-ppsp-problem-statement,0.746031746031746,0.8717948717948718,0.6666666666666666,1.0,0.786996336996337,True
6970,Universal Plug and Play (UPnP) Internet Gateway Device - Port Control Protocol Interworking Function (IGD-PCP IWF),2013,/api/v1/doc/document/draft-ietf-pcp-upnp-igd-interworking/,/api/v1/doc/document/draft-bpw-pcp-upnp-igd-interworking/,draft-ietf-pcp-upnp-igd-interworking,draft-bpw-pcp-upnp-igd-interworking,0.9056603773584906,0.9130434782608695,0.9285714285714286,1.0,0.9215223250908239,True
6970,Universal Plug and Play (UPnP) Internet Gateway Device - Port Control Protocol Interworking Function (IGD-PCP IWF),2013,/api/v1/doc/document/draft-bpw-pcp-upnp-igd-interworking/,/api/v1/doc/document/draft-bpw-softwire-upnp-pcp-interworking/,draft-bpw-pcp-upnp-igd-interworking,draft-bpw-softwire-upnp-pcp-interworking,0.4927536231884058,0.6909090909090909,0.6,1.0,0.6144664031620554,True
6973,Privacy Considerations for Internet Protocols,2013,/api/v1/doc/document/draft-iab-privacy-considerations/,/api/v1/doc/document/draft-morris-privacy-considerations/,draft-iab-privacy-considerations,draft-morris-privacy-considerations,1.0,1.0,1.0,1.0,0.9999999999999999,True
6973,Privacy Considerations for Internet Protocols,2013,/api/v1/doc/document/draft-iab-privacy-considerations/,/api/v1/doc/document/draft-iab-privacy-terminology/,draft-iab-privacy-considerations,draft-iab-privacy-terminology,0.3116883116883117,0.5853658536585366,0.3333333333333333,-0.5,0.303267870341041,False
6989,Additional Diffie-Hellman Tests for the Internet Key Exchange Protocol Version 2 (IKEv2),2013,/api/v1/doc/document/draft-ietf-ipsecme-dh-checks/,/api/v1/doc/document/draft-sheffer-ipsecme-dh-checks/,draft-ietf-ipsecme-dh-checks,draft-sheffer-ipsecme-dh-checks,0.6456692913385826,0.6923076923076923,0.625,1.0,0.6886281041792853,True
6996,Autonomous System (AS) Reservation for Private Use,2013,/api/v1/doc/document/draft-ietf-idr-as-private-reservation/,/api/v1/doc/document/draft-mitchell-idr-as-private-reservation/,draft-ietf-idr-as-private-reservation,draft-mitchell-idr-as-private-reservation,1.0,0.9166666666666666,1.0,1.0,0.9791666666666666,True
6974,Applicability of MPLS Transport Profile for Ring Topologies,2013,/api/v1/doc/document/draft-ietf-mpls-tp-ring-protection/,/api/v1/doc/document/draft-weingarten-mpls-tp-ring-protection/,draft-ietf-mpls-tp-ring-protection,draft-weingarten-mpls-tp-ring-protection,0.8099173553719008,0.8780487804878049,0.6666666666666666,1.0,0.8173083383726398,True
6992,Routing for IPv4-Embedded IPv6 Packets,2013,/api/v1/doc/document/draft-ietf-ospf-ipv4-embedded-ipv6-routing/,/api/v1/doc/document/draft-cheng-ospf-ipv4-embedded-ipv6-routing/,draft-ietf-ospf-ipv4-embedded-ipv6-routing,draft-cheng-ospf-ipv4-embedded-ipv6-routing,1.0,0.9122807017543859,1.0,-0.5,0.8280701754385964,True
6991,Common YANG Data Types,2013,/api/v1/doc/document/draft-ietf-netmod-rfc6021-bis/,/api/v1/doc/document/draft-schoenw-netmod-rfc6021-bis/,draft-ietf-netmod-rfc6021-bis,draft-schoenw-netmod-rfc6021-bis,1.0,0.7586206896551724,1.0,1.0,0.939655172413793,True
6981,A Framework for IP and MPLS Fast Reroute Using Not-Via Addresses,2013,/api/v1/doc/document/draft-ietf-rtgwg-ipfrr-notvia-addresses/,/api/v1/doc/document/draft-bryant-shand-ipfrr-notvia-addresses/,draft-ietf-rtgwg-ipfrr-notvia-addresses,draft-bryant-shand-ipfrr-notvia-addresses,0.7572815533980582,0.88,0.75,-0.5,0.6607766990291262,True
6965,MPLS Transport Profile (MPLS-TP) Applicability: Use Cases and Design,2013,/api/v1/doc/document/draft-ietf-mpls-tp-use-cases-and-design/,/api/v1/doc/document/draft-fang-mpls-tp-use-cases-and-design/,draft-ietf-mpls-tp-use-cases-and-design,draft-fang-mpls-tp-use-cases-and-design,0.4827586206896552,0.9019607843137255,0.75,1.0,0.6927315753887763,True
6994,Shared Use of Experimental TCP Options,2013,/api/v1/doc/document/draft-ietf-tcpm-experimental-options/,/api/v1/doc/document/draft-touch-tcpm-experimental-options/,draft-ietf-tcpm-experimental-options,draft-touch-tcpm-experimental-options,1.0,0.8888888888888888,1.0,1.0,0.9722222222222222,True
6980,Security Implications of IPv6 Fragmentation with IPv6 Neighbor Discovery,2013,/api/v1/doc/document/draft-ietf-6man-nd-extension-headers/,/api/v1/doc/document/draft-gont-6man-nd-extension-headers/,draft-ietf-6man-nd-extension-headers,draft-gont-6man-nd-extension-headers,0.8050314465408805,0.8888888888888888,0.6666666666666666,1.0,0.8178197064989517,True
6997,Reactive Discovery of Point-to-Point Routes in Low-Power and Lossy Networks,2013,/api/v1/doc/document/draft-ietf-roll-p2p-rpl/,/api/v1/doc/document/draft-dt-roll-p2p-rpl/,draft-ietf-roll-p2p-rpl,draft-dt-roll-p2p-rpl,1.0,0.7368421052631579,1.0,1.0,0.9342105263157895,True
6998,A Mechanism to Measure the Routing Metrics along a Point-to-Point Route in a Low-Power and Lossy Network,2013,/api/v1/doc/document/draft-ietf-roll-p2p-measurement/,/api/v1/doc/document/draft-goyal-roll-p2p-measurement/,draft-ietf-roll-p2p-measurement,draft-goyal-roll-p2p-measurement,0.883248730964467,0.8571428571428571,0.6666666666666666,1.0,0.8450809765530577,True
7007,Update to Remove DVI4 from the Recommended Codecs for the RTP Profile for Audio and Video Conferences with Minimal Control (RTP/AVP),2013,/api/v1/doc/document/draft-ietf-avtcore-avp-codecs/,/api/v1/doc/document/draft-terriberry-avp-codecs/,draft-ietf-avtcore-avp-codecs,draft-terriberry-avp-codecs,0.5274725274725275,1.0,1.0,1.0,0.7873626373626373,True
7022,Guidelines for Choosing RTP Control Protocol (RTCP) Canonical Names (CNAMEs),2013,/api/v1/doc/document/draft-ietf-avtcore-6222bis/,/api/v1/doc/document/draft-rescorla-avtcore-6222bis/,draft-ietf-avtcore-6222bis,draft-rescorla-avtcore-6222bis,1.0,0.6363636363636364,1.0,1.0,0.9090909090909091,True
7026,Retiring TLVs from the Associated Channel Header of the MPLS Generic Associated Channel,2013,/api/v1/doc/document/draft-ietf-mpls-retire-ach-tlv/,/api/v1/doc/document/draft-farbryantrel-mpls-retire-ach-tlv/,draft-ietf-mpls-retire-ach-tlv,draft-farbryantrel-mpls-retire-ach-tlv,1.0,0.8484848484848485,1.0,1.0,0.962121212121212,True
7004,RTP Control Protocol (RTCP) Extended Report (XR) Blocks for Summary Statistics Metrics Reporting,2013,/api/v1/doc/document/draft-ietf-xrblock-rtcp-xr-summary-stat/,/api/v1/doc/document/draft-zorn-xrblock-rtcp-xr-al-stat/,draft-ietf-xrblock-rtcp-xr-summary-stat,draft-zorn-xrblock-rtcp-xr-al-stat,0.6857142857142857,0.6511627906976745,0.5,1.0,0.6713621262458472,True
7018,Auto-Discovery VPN Problem Statement and Requirements,2013,/api/v1/doc/document/draft-ietf-ipsecme-ad-vpn-problem/,/api/v1/doc/document/draft-ietf-ipsecme-p2p-vpn-problem/,draft-ietf-ipsecme-ad-vpn-problem,draft-ietf-ipsecme-p2p-vpn-problem,1.0,0.8275862068965517,1.0,1.0,0.956896551724138,True
7018,Auto-Discovery VPN Problem Statement and Requirements,2013,/api/v1/doc/document/draft-ietf-ipsecme-p2p-vpn-problem/,/api/v1/doc/document/draft-nir-ipsecme-p2p/,draft-ietf-ipsecme-p2p-vpn-problem,draft-nir-ipsecme-p2p,0.5544554455445545,0.23076923076923078,0.25,1.0,0.45719725818735724,True
6987,OSPF Stub Router Advertisement,2013,/api/v1/doc/document/draft-ietf-ospf-rfc3137bis/,/api/v1/doc/document/draft-retana-ospf-rfc3137bis/,draft-ietf-ospf-rfc3137bis,draft-retana-ospf-rfc3137bis,1.0,0.8,1.0,1.0,0.9500000000000001,True
7010,IPv6 Site Renumbering Gap Analysis,2013,/api/v1/doc/document/draft-ietf-6renum-gap-analysis/,/api/v1/doc/document/draft-liu-6renum-gap-analysis/,draft-ietf-6renum-gap-analysis,draft-liu-6renum-gap-analysis,1.0,0.7741935483870968,1.0,1.0,0.9435483870967741,True
7011,Specification of the IP Flow Information Export (IPFIX) Protocol for the Exchange of Flow Information,2013,/api/v1/doc/document/draft-ietf-ipfix-protocol-rfc5101bis/,/api/v1/doc/document/draft-claise-ipfix-protocol-rfc5101bis/,draft-ietf-ipfix-protocol-rfc5101bis,draft-claise-ipfix-protocol-rfc5101bis,0.9473684210526315,0.8636363636363636,0.8333333333333334,1.0,0.9088915470494418,True
7012,Information Model for IP Flow Information Export (IPFIX),2013,/api/v1/doc/document/draft-ietf-ipfix-information-model-rfc5102bis/,/api/v1/doc/document/draft-claise-ipfix-information-model-rfc5102bis/,draft-ietf-ipfix-information-model-rfc5102bis,draft-claise-ipfix-information-model-rfc5102bis,1.0,0.9032258064516129,1.0,1.0,0.9758064516129031,True
7013,Guidelines for Authors and Reviewers of IP Flow Information Export (IPFIX) Information Elements,2013,/api/v1/doc/document/draft-ietf-ipfix-ie-doctors/,/api/v1/doc/document/draft-trammell-ipfix-ie-doctors/,draft-ietf-ipfix-ie-doctors,draft-trammell-ipfix-ie-doctors,0.8301886792452831,0.7692307692307693,0.75,1.0,0.8158925979680697,True
7015,Flow Aggregation for the IP Flow Information Export (IPFIX) Protocol,2013,/api/v1/doc/document/draft-ietf-ipfix-a9n/,/api/v1/doc/document/draft-trammell-ipfix-a9n/,draft-ietf-ipfix-a9n,draft-trammell-ipfix-a9n,1.0,0.5,1.0,1.0,0.8749999999999999,True
7025,Requirements for GMPLS Applications of PCE,2013,/api/v1/doc/document/draft-ietf-pce-gmpls-aps-req/,/api/v1/doc/document/draft-otani-pce-gmpls-aps-req/,draft-ietf-pce-gmpls-aps-req,draft-otani-pce-gmpls-aps-req,1.0,0.8666666666666667,1.0,-0.5,0.8166666666666667,True
7001,Message Header Field for Indicating Message Authentication Status,2013,/api/v1/doc/document/draft-ietf-appsawg-rfc5451bis/,/api/v1/doc/document/draft-kucherawy-rfc5451bis/,draft-ietf-appsawg-rfc5451bis,draft-kucherawy-rfc5451bis,1.0,1.0,1.0,1.0,0.9999999999999999,True
7006,Miscellaneous Capabilities Negotiation in the Session Description Protocol (SDP),2013,/api/v1/doc/document/draft-ietf-mmusic-sdp-miscellaneous-caps/,/api/v1/doc/document/draft-garcia-mmusic-sdp-miscellaneous-caps/,draft-ietf-mmusic-sdp-miscellaneous-caps,draft-garcia-mmusic-sdp-miscellaneous-caps,0.9871794871794872,0.8627450980392157,0.75,1.0,0.9099170437405733,True
7031,DHCPv6 Failover Requirements,2013,/api/v1/doc/document/draft-ietf-dhc-dhcpv6-failover-requirements/,/api/v1/doc/document/draft-mrugalski-dhc-dhcpv6-failover-requirements/,draft-ietf-dhc-dhcpv6-failover-requirements,draft-mrugalski-dhc-dhcpv6-failover-requirements,1.0,0.9333333333333333,1.0,1.0,0.9833333333333333,True
7033,WebFinger,2013,/api/v1/doc/document/draft-ietf-appsawg-webfinger/,/api/v1/doc/document/draft-jones-appsawg-webfinger/,draft-ietf-appsawg-webfinger,draft-jones-appsawg-webfinger,1.0,0.6923076923076923,1.0,1.0,0.923076923076923,True
7023,"MPLS and Ethernet Operations, Administration, and Maintenance (OAM) Interworking",2013,/api/v1/doc/document/draft-ietf-pwe3-mpls-eth-oam-iwk/,/api/v1/doc/document/draft-mohan-pwe3-mpls-eth-oam-iwk/,draft-ietf-pwe3-mpls-eth-oam-iwk,draft-mohan-pwe3-mpls-eth-oam-iwk,0.6181818181818182,0.8648648648648649,0.8,1.0,0.7543980343980344,True
7024,Virtual Hub-and-Spoke in BGP/MPLS VPNs,2013,/api/v1/doc/document/draft-ietf-l3vpn-virtual-hub/,/api/v1/doc/document/draft-rekhter-l3vpn-virtual-hub/,draft-ietf-l3vpn-virtual-hub,draft-rekhter-l3vpn-virtual-hub,1.0,0.7857142857142857,1.0,1.0,0.9464285714285715,True
7029,Extensible Authentication Protocol (EAP) Mutual Cryptographic Binding,2013,/api/v1/doc/document/draft-ietf-emu-crypto-bind/,/api/v1/doc/document/draft-hartman-emu-mutual-crypto-bind/,draft-ietf-emu-crypto-bind,draft-hartman-emu-mutual-crypto-bind,0.6464646464646465,0.6666666666666666,0.6666666666666666,1.0,0.6909090909090909,True
7034,HTTP Header Field X-Frame-Options,2013,/api/v1/doc/document/draft-ietf-websec-x-frame-options/,/api/v1/doc/document/draft-gondrom-x-frame-options/,draft-ietf-websec-x-frame-options,draft-gondrom-x-frame-options,0.9,1.0,1.0,1.0,0.955,True
7035,Relative Location Representation,2013,/api/v1/doc/document/draft-ietf-geopriv-relative-location/,/api/v1/doc/document/draft-thomson-geopriv-relative-location/,draft-ietf-geopriv-relative-location,draft-thomson-geopriv-relative-location,1.0,0.8095238095238095,1.0,1.0,0.9523809523809524,True
7030,Enrollment over Secure Transport,2013,/api/v1/doc/document/draft-ietf-pkix-est/,/api/v1/doc/document/draft-pritikin-est/,draft-ietf-pkix-est,draft-pritikin-est,1.0,1.0,1.0,1.0,0.9999999999999999,True
7032,LDP Downstream-on-Demand in Seamless MPLS,2013,/api/v1/doc/document/draft-ietf-mpls-ldp-dod/,/api/v1/doc/document/draft-beckhaus-ldp-dod/,draft-ietf-mpls-ldp-dod,draft-beckhaus-ldp-dod,1.0,1.0,1.0,1.0,0.9999999999999999,True
7039,Source Address Validation Improvement (SAVI) Framework,2013,/api/v1/doc/document/draft-ietf-savi-framework/,/api/v1/doc/document/draft-vogt-savi-framework/,draft-ietf-savi-framework,draft-vogt-savi-framework,0.8888888888888888,0.782608695652174,0.8333333333333334,1.0,0.8623188405797101,True
7052,Locator/ID Separation Protocol (LISP) MIB,2013,/api/v1/doc/document/draft-ietf-lisp-mib/,/api/v1/doc/document/draft-schudel-lisp-mib/,draft-ietf-lisp-mib,draft-schudel-lisp-mib,0.3404255319148936,0.5454545454545454,0.5,1.0,0.48955512572533844,True
7050,Discovery of the IPv6 Prefix Used for IPv6 Address Synthesis,2013,/api/v1/doc/document/draft-ietf-behave-nat64-discovery-heuristic/,/api/v1/doc/document/draft-savolainen-heuristic-nat64-discovery/,draft-ietf-behave-nat64-discovery-heuristic,draft-savolainen-heuristic-nat64-discovery,0.53125,0.6,1.0,1.0,0.6890625,True
7051,Analysis of Solution Proposals for Hosts to Learn NAT64 Prefix,2013,/api/v1/doc/document/draft-ietf-behave-nat64-learn-analysis/,/api/v1/doc/document/draft-korhonen-behave-nat64-learn-analysis/,draft-ietf-behave-nat64-learn-analysis,draft-korhonen-behave-nat64-learn-analysis,1.0,0.851063829787234,1.0,1.0,0.9627659574468085,True
7053,SACK-IMMEDIATELY Extension for the Stream Control Transmission Protocol,2013,/api/v1/doc/document/draft-ietf-tsvwg-sctp-sack-immediately/,/api/v1/doc/document/draft-tuexen-tsvwg-sctp-sack-immediately/,draft-ietf-tsvwg-sctp-sack-immediately,draft-tuexen-tsvwg-sctp-sack-immediately,1.0,0.875,1.0,1.0,0.9687499999999999,True
7066,IPv6 for Third Generation Partnership Project (3GPP) Cellular Hosts,2013,/api/v1/doc/document/draft-ietf-v6ops-rfc3316bis/,/api/v1/doc/document/draft-korhonen-v6ops-rfc3316bis/,draft-ietf-v6ops-rfc3316bis,draft-korhonen-v6ops-rfc3316bis,0.6021505376344086,0.7692307692307693,0.5,1.0,0.6632754342431761,True
7054,Addressing Requirements and Design Considerations for Per-Interface Maintenance Entity Group Intermediate Points (MIPs),2013,/api/v1/doc/document/draft-ietf-mpls-tp-mip-mep-map/,/api/v1/doc/document/draft-farrel-mpls-tp-mip-mep-map/,draft-ietf-mpls-tp-mip-mep-map,draft-farrel-mpls-tp-mip-mep-map,0.32748538011695905,0.8484848484848485,0.75,1.0,0.6094896331738436,True
7062,Framework for GMPLS and PCE Control of G.709 Optical Transport Networks,2013,/api/v1/doc/document/draft-ietf-ccamp-gmpls-g709-framework/,/api/v1/doc/document/draft-zhang-ccamp-gmpls-g709-framework/,draft-ietf-ccamp-gmpls-g709-framework,draft-zhang-ccamp-gmpls-g709-framework,1.0,0.8695652173913043,1.0,1.0,0.967391304347826,True
7068,Diameter Overload Control Requirements,2013,/api/v1/doc/document/draft-ietf-dime-overload-reqs/,/api/v1/doc/document/draft-mcmurry-dime-overload-reqs/,draft-ietf-dime-overload-reqs,draft-mcmurry-dime-overload-reqs,1.0,0.8387096774193549,1.0,1.0,0.9596774193548386,True
7074,Revised Definition of the GMPLS Switching Capability and Type Fields,2013,/api/v1/doc/document/draft-ietf-ccamp-swcaps-update/,/api/v1/doc/document/draft-berger-ccamp-swcaps-update/,draft-ietf-ccamp-swcaps-update,draft-berger-ccamp-swcaps-update,1.0,0.8125,1.0,1.0,0.9531249999999999,True
7070,An Architecture for Reputation Reporting,2013,/api/v1/doc/document/draft-ietf-repute-model/,/api/v1/doc/document/draft-kucherawy-reputation-model/,draft-ietf-repute-model,draft-kucherawy-reputation-model,0.5945945945945946,0.47619047619047616,0.5,1.0,0.5866151866151866,True
7071,A Media Type for Reputation Interchange,2013,/api/v1/doc/document/draft-ietf-repute-media-type/,/api/v1/doc/document/draft-kucherawy-reputation-media-type/,draft-ietf-repute-media-type,draft-kucherawy-reputation-media-type,1.0,0.6451612903225806,1.0,1.0,0.9112903225806451,True
7072,A Reputation Query Protocol,2013,/api/v1/doc/document/draft-ietf-repute-query-http/,/api/v1/doc/document/draft-kucherawy-reputation-query-http/,draft-ietf-repute-query-http,draft-kucherawy-reputation-query-http,0.4383561643835616,0.6451612903225806,0.6666666666666666,1.0,0.5918839298865812,True
7073,A Reputation Response Set for Email Identifiers,2013,/api/v1/doc/document/draft-ietf-repute-email-identifiers/,/api/v1/doc/document/draft-kucherawy-reputation-vocab-identity/,draft-ietf-repute-email-identifiers,draft-kucherawy-reputation-vocab-identity,0.7472527472527473,0.47619047619047616,0.2857142857142857,1.0,0.6124542124542125,True
7075,Realm-Based Redirection In Diameter,2013,/api/v1/doc/document/draft-ietf-dime-realm-based-redirect/,/api/v1/doc/document/draft-tsou-dime-realm-based-redirect/,draft-ietf-dime-realm-based-redirect,draft-tsou-dime-realm-based-redirect,1.0,0.8888888888888888,1.0,1.0,0.9722222222222222,True
7076,P6R's Secure Shell Public Key Subsystem,2013,/api/v1/doc/document/draft-joseph-pkix-p6rsshextension/,/api/v1/doc/document/draft-joseph-pkix-sshextension/,draft-joseph-pkix-p6rsshextension,draft-joseph-pkix-sshextension,0.813953488372093,0.918918918918919,0.7142857142857143,1.0,0.8388659423543144,True
7083,Modification to Default Values of SOL_MAX_RT and INF_MAX_RT,2013,/api/v1/doc/document/draft-ietf-dhc-dhcpv6-solmaxrt-update/,/api/v1/doc/document/draft-droms-dhc-dhcpv6-solmaxrt-update/,draft-ietf-dhc-dhcpv6-solmaxrt-update,draft-droms-dhc-dhcpv6-solmaxrt-update,0.8431372549019608,0.9166666666666666,0.75,1.0,0.858578431372549,True
7084,Basic Requirements for IPv6 Customer Edge Routers,2013,/api/v1/doc/document/draft-ietf-v6ops-6204bis/,/api/v1/doc/document/draft-ietf-v6ops-ipv6-cpe-router-bis/,draft-ietf-v6ops-6204bis,draft-ietf-v6ops-ipv6-cpe-router-bis,0.9108910891089109,0.3076923076923077,0.7142857142857143,1.0,0.7296812098792297,True
7084,Basic Requirements for IPv6 Customer Edge Routers,2013,/api/v1/doc/document/draft-ietf-v6ops-ipv6-cpe-router-bis/,/api/v1/doc/document/draft-v6ops-ipv6-cpe-router-bis/,draft-ietf-v6ops-ipv6-cpe-router-bis,draft-v6ops-ipv6-cpe-router-bis,1.0,1.0,1.0,1.0,0.9999999999999999,True
7060,Using LDP Multipoint Extensions on Targeted LDP Sessions,2013,/api/v1/doc/document/draft-ietf-mpls-targeted-mldp/,/api/v1/doc/document/draft-napierala-mpls-targeted-mldp/,draft-ietf-mpls-targeted-mldp,draft-napierala-mpls-targeted-mldp,1.0,0.8387096774193549,1.0,1.0,0.9596774193548386,True
7067,Directory Assistance Problem and High-Level Design Proposal,2013,/api/v1/doc/document/draft-ietf-trill-directory-framework/,/api/v1/doc/document/draft-dunbar-trill-directory-assisted-edge/,draft-ietf-trill-directory-framework,draft-dunbar-trill-directory-assisted-edge,0.4888888888888889,0.5,0.2,1.0,0.485,True
7045,Transmission and Processing of IPv6 Extension Headers,2013,/api/v1/doc/document/draft-ietf-6man-ext-transmit/,/api/v1/doc/document/draft-carpenter-6man-ext-transmit/,draft-ietf-6man-ext-transmit,draft-carpenter-6man-ext-transmit,0.8351648351648352,0.8275862068965517,0.8,1.0,0.8427207275483137,True
7063,Survey Report on Protocol Independent Multicast - Sparse Mode (PIM-SM) Implementations and Deployments,2013,/api/v1/doc/document/draft-ietf-pim-rfc4601-update-survey-report/,/api/v1/doc/document/draft-zzp-pim-rfc4601-update-survey-report/,draft-ietf-pim-rfc4601-update-survey-report,draft-zzp-pim-rfc4601-update-survey-report,0.7189542483660131,0.9333333333333333,0.8,1.0,0.8168627450980392,True
7046,A Common API for Transparent Hybrid Multicast,2013,/api/v1/doc/document/draft-irtf-samrg-common-api/,/api/v1/doc/document/draft-waehlisch-sam-common-api/,draft-irtf-samrg-common-api,draft-waehlisch-sam-common-api,1.0,0.8333333333333334,1.0,1.0,0.9583333333333334,True
7087,A Thesaurus for the Interpretation of Terminology Used in MPLS Transport Profile (MPLS-TP) Internet-Drafts and RFCs in the Context of the ITU-T's Transport Network Recommendations,2013,/api/v1/doc/document/draft-ietf-mpls-tp-rosetta-stone/,/api/v1/doc/document/draft-helvoort-mpls-tp-rosetta-stone/,draft-ietf-mpls-tp-rosetta-stone,draft-helvoort-mpls-tp-rosetta-stone,0.7636363636363637,0.8648648648648649,0.6666666666666666,1.0,0.7931859131859132,True
7080,Virtual Private LAN Service (VPLS) Interoperability with Provider Backbone Bridges,2013,/api/v1/doc/document/draft-ietf-l2vpn-pbb-vpls-interop/,/api/v1/doc/document/draft-ietf-l2vpn-vpls-pbb-interop/,draft-ietf-l2vpn-pbb-vpls-interop,draft-ietf-l2vpn-vpls-pbb-interop,0.7878787878787878,0.75,1.0,1.0,0.8420454545454544,True
7080,Virtual Private LAN Service (VPLS) Interoperability with Provider Backbone Bridges,2013,/api/v1/doc/document/draft-ietf-l2vpn-vpls-pbb-interop/,/api/v1/doc/document/draft-sajassi-l2vpn-vpls-pbb-interop/,draft-ietf-l2vpn-vpls-pbb-interop,draft-sajassi-l2vpn-vpls-pbb-interop,1.0,0.8421052631578947,1.0,1.0,0.9605263157894736,True
7055,A GSS-API Mechanism for the Extensible Authentication Protocol,2013,/api/v1/doc/document/draft-ietf-abfab-gss-eap/,/api/v1/doc/document/draft-howlett-eap-gss/,draft-ietf-abfab-gss-eap,draft-howlett-eap-gss,1.0,0.42857142857142855,1.0,1.0,0.8571428571428571,True
7056,Name Attributes for the GSS-API Extensible Authentication Protocol (EAP) Mechanism,2013,/api/v1/doc/document/draft-ietf-abfab-gss-eap-naming/,/api/v1/doc/document/draft-hartman-gss-eap-naming/,draft-ietf-abfab-gss-eap-naming,draft-hartman-gss-eap-naming,0.72,1.0,1.0,1.0,0.874,True
7048,Neighbor Unreachability Detection Is Too Impatient,2014,/api/v1/doc/document/draft-ietf-6man-impatient-nud/,/api/v1/doc/document/draft-nordmark-6man-impatient-nud/,draft-ietf-6man-impatient-nud,draft-nordmark-6man-impatient-nud,1.0,0.8387096774193549,1.0,1.0,0.9596774193548386,True
7078,Distributing Address Selection Policy Using DHCPv6,2014,/api/v1/doc/document/draft-ietf-6man-addr-select-opt/,/api/v1/doc/document/draft-fujisaki-6man-addr-select-opt/,draft-ietf-6man-addr-select-opt,draft-fujisaki-6man-addr-select-opt,1.0,0.8571428571428571,1.0,1.0,0.9642857142857143,True
7078,Distributing Address Selection Policy Using DHCPv6,2014,/api/v1/doc/document/draft-fujisaki-6man-addr-select-opt/,/api/v1/doc/document/draft-fujisaki-dhc-addr-select-opt/,draft-fujisaki-6man-addr-select-opt,draft-fujisaki-dhc-addr-select-opt,1.0,0.8205128205128205,1.0,1.0,0.9551282051282052,True
7097,RTP Control Protocol (RTCP) Extended Report (XR) for RLE of Discarded Packets,2014,/api/v1/doc/document/draft-ietf-xrblock-rtcp-xr-discard-rle-metrics/,/api/v1/doc/document/draft-ott-xrblock-rtcp-xt-discard-metrics/,draft-ietf-xrblock-rtcp-xr-discard-rle-metrics,draft-ott-xrblock-rtcp-xt-discard-metrics,0.7134502923976608,0.7586206896551724,0.6,1.0,0.7307078039927404,True
7097,RTP Control Protocol (RTCP) Extended Report (XR) for RLE of Discarded Packets,2014,/api/v1/doc/document/draft-ott-xrblock-rtcp-xt-discard-metrics/,/api/v1/doc/document/draft-ott-avt-rtcp-xt-discard-metrics/,draft-ott-xrblock-rtcp-xt-discard-metrics,draft-ott-avt-rtcp-xt-discard-metrics,1.0,0.8275862068965517,1.0,1.0,0.956896551724138,True
7095,jCard: The JSON Format for vCard,2014,/api/v1/doc/document/draft-ietf-jcardcal-jcard/,/api/v1/doc/document/draft-kewisch-vcard-in-json/,draft-ietf-jcardcal-jcard,draft-kewisch-vcard-in-json,1.0,0.4444444444444444,1.0,1.0,0.861111111111111,True
7095,jCard: The JSON Format for vCard,2014,/api/v1/doc/document/draft-ietf-jcardcal-jcard/,/api/v1/doc/document/draft-bhat-vcarddav-json/,draft-ietf-jcardcal-jcard,draft-bhat-vcarddav-json,0.5168539325842697,0.4444444444444444,0.25,1.0,0.4936953807740325,False
7103,Advice for Safe Handling of Malformed Messages,2014,/api/v1/doc/document/draft-ietf-appsawg-malformed-mail/,/api/v1/doc/document/draft-kucherawy-mta-malformed/,draft-ietf-appsawg-malformed-mail,draft-kucherawy-mta-malformed,0.7572815533980582,0.6666666666666666,0.375,1.0,0.6824433656957928,True
7115,Origin Validation Operation Based on the Resource Public Key Infrastructure (RPKI),2014,/api/v1/doc/document/draft-ietf-sidr-origin-ops/,/api/v1/doc/document/draft-ymbk-rpki-origin-ops/,draft-ietf-sidr-origin-ops,draft-ymbk-rpki-origin-ops,0.47058823529411764,0.8,0.6666666666666666,1.0,0.6450980392156862,True
7096,Evaluation of Existing GMPLS Encoding against G.709v3 Optical Transport Networks (OTNs),2014,/api/v1/doc/document/draft-ietf-ccamp-otn-g709-info-model/,/api/v1/doc/document/draft-bccg-ccamp-otn-g709-info-model/,draft-ietf-ccamp-otn-g709-info-model,draft-bccg-ccamp-otn-g709-info-model,0.6573426573426573,0.8636363636363636,0.8,1.0,0.7717132867132868,True
7105,Using Device-Provided Location-Related Measurements in Location Configuration Protocols,2014,/api/v1/doc/document/draft-ietf-geopriv-held-measurements/,/api/v1/doc/document/draft-thomson-geopriv-held-measurements/,draft-ietf-geopriv-held-measurements,draft-thomson-geopriv-held-measurements,1.0,0.8095238095238095,1.0,1.0,0.9523809523809524,True
7098,Using the IPv6 Flow Label for Load Balancing in Server Farms,2014,/api/v1/doc/document/draft-ietf-intarea-flow-label-balancing/,/api/v1/doc/document/draft-carpenter-flow-label-balancing/,draft-ietf-intarea-flow-label-balancing,draft-carpenter-flow-label-balancing,0.7927927927927928,1.0,1.0,1.0,0.9067567567567568,True
7098,Using the IPv6 Flow Label for Load Balancing in Server Farms,2014,/api/v1/doc/document/draft-carpenter-flow-label-balancing/,/api/v1/doc/document/draft-carpenter-v6ops-label-balance/,draft-carpenter-flow-label-balancing,draft-carpenter-v6ops-label-balance,1.0,0.717948717948718,1.0,1.0,0.9294871794871794,True
7104,Duplication Grouping Semantics in the Session Description Protocol,2014,/api/v1/doc/document/draft-ietf-mmusic-duplication-grouping/,/api/v1/doc/document/draft-begen-mmusic-redundancy-grouping/,draft-ietf-mmusic-duplication-grouping,draft-begen-mmusic-redundancy-grouping,1.0,0.5217391304347826,1.0,1.0,0.8804347826086957,True
7102,Terms Used in Routing for Low-Power and Lossy Networks,2014,/api/v1/doc/document/draft-ietf-roll-terminology/,/api/v1/doc/document/draft-vasseur-roll-terminology/,draft-ietf-roll-terminology,draft-vasseur-roll-terminology,0.7422680412371134,0.8148148148148148,0.5,1.0,0.7377243222604047,True
7110,Return Path Specified Label Switched Path (LSP) Ping,2014,/api/v1/doc/document/draft-ietf-mpls-return-path-specified-lsp-ping/,/api/v1/doc/document/draft-chen-mpls-return-path-specified-lsp-ping/,draft-ietf-mpls-return-path-specified-lsp-ping,draft-chen-mpls-return-path-specified-lsp-ping,0.75,0.9230769230769231,0.8333333333333334,1.0,0.8349358974358975,True
7120,Early IANA Allocation of Standards Track Code Points,2014,/api/v1/doc/document/draft-cotton-rfc4020bis/,/api/v1/doc/document/draft-rfc4020bis/,draft-cotton-rfc4020bis,draft-rfc4020bis,1.0,0.7692307692307693,1.0,1.0,0.9423076923076924,True
7112,Implications of Oversized IPv6 Header Chains,2014,/api/v1/doc/document/draft-ietf-6man-oversized-header-chain/,/api/v1/doc/document/draft-gont-6man-oversized-header-chain/,draft-ietf-6man-oversized-header-chain,draft-gont-6man-oversized-header-chain,0.7457627118644068,0.8979591836734694,0.75,1.0,0.8100830162573505,True
7118,The WebSocket Protocol as a Transport for the Session Initiation Protocol (SIP),2014,/api/v1/doc/document/draft-ietf-sipcore-sip-websocket/,/api/v1/doc/document/draft-ibc-sipcore-sip-websocket/,draft-ietf-sipcore-sip-websocket,draft-ibc-sipcore-sip-websocket,1.0,0.7647058823529411,1.0,1.0,0.9411764705882352,True
7118,The WebSocket Protocol as a Transport for the Session Initiation Protocol (SIP),2014,/api/v1/doc/document/draft-ibc-sipcore-sip-websocket/,/api/v1/doc/document/draft-ibc-rtcweb-sip-websocket/,draft-ibc-sipcore-sip-websocket,draft-ibc-rtcweb-sip-websocket,0.8333333333333334,0.7804878048780488,1.0,1.0,0.8701219512195121,True
7044,An Extension to the Session Initiation Protocol (SIP) for Request History Information,2014,/api/v1/doc/document/draft-ietf-sipcore-rfc4244bis/,/api/v1/doc/document/draft-barnes-sipcore-rfc4244bis/,draft-ietf-sipcore-rfc4244bis,draft-barnes-sipcore-rfc4244bis,1.0,0.7142857142857143,1.0,1.0,0.9285714285714285,True
7123,Security Implications of IPv6 on IPv4 Networks,2014,/api/v1/doc/document/draft-ietf-opsec-ipv6-implications-on-ipv4-nets/,/api/v1/doc/document/draft-gont-opsec-ipv6-implications-on-ipv4-nets/,draft-ietf-opsec-ipv6-implications-on-ipv4-nets,draft-gont-opsec-ipv6-implications-on-ipv4-nets,1.0,0.9090909090909091,1.0,1.0,0.9772727272727272,True
7126,Recommendations on Filtering of IPv4 Packets Containing IPv4 Options,2014,/api/v1/doc/document/draft-ietf-opsec-ip-options-filtering/,/api/v1/doc/document/draft-gont-opsec-ip-options-filtering/,draft-ietf-opsec-ip-options-filtering,draft-gont-opsec-ip-options-filtering,1.0,0.8695652173913043,1.0,1.0,0.967391304347826,True
7136,Significance of IPv6 Interface Identifiers,2014,/api/v1/doc/document/draft-ietf-6man-ug/,/api/v1/doc/document/draft-carpenter-6man-ug/,draft-ietf-6man-ug,draft-carpenter-6man-ug,0.6818181818181818,0.4444444444444444,0.6,1.0,0.6379292929292929,True
7113,Implementation Advice for IPv6 Router Advertisement Guard (RA-Guard),2014,/api/v1/doc/document/draft-ietf-v6ops-ra-guard-implementation/,/api/v1/doc/document/draft-gont-v6ops-ra-guard-implementation/,draft-ietf-v6ops-ra-guard-implementation,draft-gont-v6ops-ra-guard-implementation,1.0,0.8846153846153846,1.0,1.0,0.9711538461538461,True
7113,Implementation Advice for IPv6 Router Advertisement Guard (RA-Guard),2014,/api/v1/doc/document/draft-ietf-v6ops-ra-guard-implementation/,/api/v1/doc/document/draft-gont-v6ops-ra-guard-evasion/,draft-ietf-v6ops-ra-guard-implementation,draft-gont-v6ops-ra-guard-evasion,0.7017543859649122,0.6222222222222222,0.5714285714285714,1.0,0.6856307435254804,False
7121,High Availability within a Forwarding and Control Element Separation (ForCES) Network Element,2014,/api/v1/doc/document/draft-ietf-forces-ceha/,/api/v1/doc/document/draft-ogawa-forces-ceha/,draft-ietf-forces-ceha,draft-ogawa-forces-ceha,0.27419354838709675,0.5333333333333333,0.5,1.0,0.45672043010752683,True
7119,Operation of the IP Flow Information Export (IPFIX) Protocol on IPFIX Mediators,2014,/api/v1/doc/document/draft-ietf-ipfix-mediation-protocol/,/api/v1/doc/document/draft-claise-ipfix-mediation-protocol/,draft-ietf-ipfix-mediation-protocol,draft-claise-ipfix-mediation-protocol,0.6299212598425197,0.8571428571428571,0.5,1.0,0.6977502812148481,True
7130,Bidirectional Forwarding Detection (BFD) on Link Aggregation Group (LAG) Interfaces,2014,/api/v1/doc/document/draft-ietf-bfd-on-lags/,/api/v1/doc/document/draft-mmm-bfd-on-lags/,draft-ietf-bfd-on-lags,draft-mmm-bfd-on-lags,1.0,0.7777777777777778,1.0,1.0,0.9444444444444445,True
7128,Resource Public Key Infrastructure (RPKI) Router Implementation Report,2014,/api/v1/doc/document/draft-ietf-sidr-rpki-rtr-impl/,/api/v1/doc/document/draft-ymbk-rpki-rtr-impl/,draft-ietf-sidr-rpki-rtr-impl,draft-ymbk-rpki-rtr-impl,0.6534653465346535,1.0,1.0,1.0,0.844059405940594,True
7132,Threat Model for BGP Path Security,2014,/api/v1/doc/document/draft-ietf-sidr-bgpsec-threats/,/api/v1/doc/document/draft-kent-bgpsec-threats/,draft-ietf-sidr-bgpsec-threats,draft-kent-bgpsec-threats,1.0,1.0,1.0,1.0,0.9999999999999999,True
7141,Byte and Packet Congestion Notification,2014,/api/v1/doc/document/draft-ietf-tsvwg-byte-pkt-congest/,/api/v1/doc/document/draft-briscoe-tsvwg-byte-pkt-mark/,draft-ietf-tsvwg-byte-pkt-congest,draft-briscoe-tsvwg-byte-pkt-mark,1.0,0.5142857142857142,1.0,1.0,0.8785714285714284,True
7137,Use of the OSPF-MANET Interface in Single-Hop Broadcast Networks,2014,/api/v1/doc/document/draft-ietf-ospf-manet-single-hop-or/,/api/v1/doc/document/draft-retana-ospf-manet-single-hop/,draft-ietf-ospf-manet-single-hop-or,draft-retana-ospf-manet-single-hop,1.0,0.8,1.0,1.0,0.9500000000000001,True
7140,LDP Extensions for Hub and Spoke Multipoint Label Switched Path,2014,/api/v1/doc/document/draft-ietf-mpls-mldp-hsmp/,/api/v1/doc/document/draft-jjwl-mpls-mldp-hsmp/,draft-ietf-mpls-mldp-hsmp,draft-jjwl-mpls-mldp-hsmp,0.9672131147540983,0.782608695652174,1.0,1.0,0.9308980755523878,True
7140,LDP Extensions for Hub and Spoke Multipoint Label Switched Path,2014,/api/v1/doc/document/draft-jjwl-mpls-mldp-hsmp/,/api/v1/doc/document/draft-jin-jounay-mpls-mldp-hsmp/,draft-jjwl-mpls-mldp-hsmp,draft-jin-jounay-mpls-mldp-hsmp,0.7567567567567568,0.8,0.75,1.0,0.7905405405405406,True
7150,Conveying Vendor-Specific Constraints in the Path Computation Element Communication Protocol,2014,/api/v1/doc/document/draft-ietf-pce-vendor-constraints/,/api/v1/doc/document/draft-farrel-pce-vendor-constraints/,draft-ietf-pce-vendor-constraints,draft-farrel-pce-vendor-constraints,0.9176470588235294,0.9,0.875,1.0,0.9129411764705883,True
7131,Session Initiation Protocol (SIP) History-Info Header Call Flow Examples,2014,/api/v1/doc/document/draft-ietf-sipcore-rfc4244bis-callflows/,/api/v1/doc/document/draft-barnes-sipcore-rfc4244bis-callflows/,draft-ietf-sipcore-rfc4244bis-callflows,draft-barnes-sipcore-rfc4244bis-callflows,1.0,0.8333333333333334,1.0,1.0,0.9583333333333334,True
7151,File Transfer Protocol HOST Command for Virtual Hosts,2014,/api/v1/doc/document/draft-hethmon-mcmurray-ftpext-ftp-hosts/,/api/v1/doc/document/draft-ietf-ftpext2-hosts/,draft-hethmon-mcmurray-ftpext-ftp-hosts,draft-ietf-ftpext2-hosts,1.0,0.3333333333333333,1.0,-0.5,0.6833333333333333,True
7151,File Transfer Protocol HOST Command for Virtual Hosts,2014,/api/v1/doc/document/draft-ietf-ftpext2-hosts/,/api/v1/doc/document/draft-hethmon-mcmurray-ftp-hosts/,draft-ietf-ftpext2-hosts,draft-hethmon-mcmurray-ftp-hosts,1.0,0.43478260869565216,1.0,-0.5,0.708695652173913,True
7166,Supporting Authentication Trailer for OSPFv3,2014,/api/v1/doc/document/draft-ietf-ospf-rfc6506bis/,/api/v1/doc/document/draft-acee-ospf-rfc6506bis/,draft-ietf-ospf-rfc6506bis,draft-acee-ospf-rfc6506bis,1.0,0.8,1.0,1.0,0.9500000000000001,True
7138,Traffic Engineering Extensions to OSPF for GMPLS Control of Evolving G.709 Optical Transport Networks,2014,/api/v1/doc/document/draft-ietf-ccamp-gmpls-ospf-g709v3/,/api/v1/doc/document/draft-ceccarelli-ccamp-gmpls-ospf-g709/,draft-ietf-ccamp-gmpls-ospf-g709v3,draft-ceccarelli-ccamp-gmpls-ospf-g709,0.848780487804878,0.7894736842105263,0.6428571428571429,1.0,0.8078910691362552,True
7139,GMPLS Signaling Extensions for Control of Evolving G.709 Optical Transport Networks,2014,/api/v1/doc/document/draft-ietf-ccamp-gmpls-signaling-g709v3/,/api/v1/doc/document/draft-zhang-ccamp-gmpls-evolving-g709/,draft-ietf-ccamp-gmpls-signaling-g709v3,draft-zhang-ccamp-gmpls-evolving-g709,0.7047619047619048,0.6382978723404256,0.6923076923076923,1.0,0.715178863689502,True
7153,IANA Registries for BGP Extended Communities,2014,/api/v1/doc/document/draft-ietf-idr-extcomm-iana/,/api/v1/doc/document/draft-rosen-idr-extcomm-iana/,draft-ietf-idr-extcomm-iana,draft-rosen-idr-extcomm-iana,1.0,0.8571428571428571,1.0,1.0,0.9642857142857143,True
7163,URN for Country-Specific Emergency Services,2014,/api/v1/doc/document/draft-ietf-ecrit-country-emg-urn/,/api/v1/doc/document/draft-holmberg-ecrit-country-emg-urn/,draft-ietf-ecrit-country-emg-urn,draft-holmberg-ecrit-country-emg-urn,1.0,0.8333333333333334,1.0,1.0,0.9583333333333334,True
7161,Proxy Mobile IPv6 (PMIPv6) Multicast Handover Optimization by the Subscription Information Acquisition through the LMA (SIAL),2014,/api/v1/doc/document/draft-ietf-multimob-handover-optimization/,/api/v1/doc/document/draft-ietf-multimob-fast-handover/,draft-ietf-multimob-handover-optimization,draft-ietf-multimob-fast-handover,0.9196428571428571,0.47058823529411764,0.7692307692307693,1.0,0.7853324983839689,True
7161,Proxy Mobile IPv6 (PMIPv6) Multicast Handover Optimization by the Subscription Information Acquisition through the LMA (SIAL),2014,/api/v1/doc/document/draft-ietf-multimob-fast-handover/,/api/v1/doc/document/draft-contreras-multimob-rams/,draft-ietf-multimob-fast-handover,draft-contreras-multimob-rams,0.6391752577319587,0.15384615384615385,0.38461538461538464,1.0,0.5030134813639968,True
7189,Virtual Circuit Connectivity Verification (VCCV) Capability Advertisement for MPLS Transport Profile (MPLS-TP),2014,/api/v1/doc/document/draft-ietf-pwe3-mpls-tp-cv-adv/,/api/v1/doc/document/draft-mirsky-mpls-tp-cv-adv/,draft-ietf-pwe3-mpls-tp-cv-adv,draft-mirsky-mpls-tp-cv-adv,0.6511627906976745,1.0,1.0,1.0,0.8430232558139535,True
7190,Use of Multipath with MPLS and MPLS Transport Profile (MPLS-TP),2014,/api/v1/doc/document/draft-ietf-mpls-multipath-use/,/api/v1/doc/document/draft-villamizar-mpls-multipath-use/,draft-ietf-mpls-multipath-use,draft-villamizar-mpls-multipath-use,0.7070707070707071,0.8387096774193549,0.6666666666666666,1.0,0.7611925708699901,True
7190,Use of Multipath with MPLS and MPLS Transport Profile (MPLS-TP),2014,/api/v1/doc/document/draft-villamizar-mpls-multipath-use/,/api/v1/doc/document/draft-villamizar-mpls-tp-multipath/,draft-villamizar-mpls-multipath-use,draft-villamizar-mpls-tp-multipath,1.0,0.8,1.0,1.0,0.9500000000000001,True
7164,RTP and Leap Seconds,2014,/api/v1/doc/document/draft-ietf-avtcore-leap-second/,/api/v1/doc/document/draft-gross-leap-second/,draft-ietf-avtcore-leap-second,draft-gross-leap-second,1.0,1.0,1.0,1.0,0.9999999999999999,True
7164,RTP and Leap Seconds,2014,/api/v1/doc/document/draft-ietf-avtcore-leap-second/,/api/v1/doc/document/draft-gross-avtcore-leap-second/,draft-ietf-avtcore-leap-second,draft-gross-avtcore-leap-second,1.0,0.7333333333333333,1.0,1.0,0.9333333333333332,False
7157,IPv6 Multihoming without Network Address Translation,2014,/api/v1/doc/document/draft-ietf-v6ops-ipv6-multihoming-without-ipv6nat/,/api/v1/doc/document/draft-v6ops-multihoming-without-ipv6nat/,draft-ietf-v6ops-ipv6-multihoming-without-ipv6nat,draft-v6ops-multihoming-without-ipv6nat,1.0,0.9152542372881356,1.0,1.0,0.9788135593220338,True
7157,IPv6 Multihoming without Network Address Translation,2014,/api/v1/doc/document/draft-ietf-v6ops-ipv6-multihoming-without-ipv6nat/,/api/v1/doc/document/draft-ietf-v6ops-multihoming-without-nat66/,draft-ietf-v6ops-ipv6-multihoming-without-ipv6nat,draft-ietf-v6ops-multihoming-without-nat66,1.0,0.8070175438596491,1.0,1.0,0.9517543859649124,False
7193,The application/cms Media Type,2014,/api/v1/doc/document/draft-turner-application-cms-media-type/,/api/v1/doc/document/draft-turner-application-firmware-media-types/,draft-turner-application-cms-media-type,draft-turner-application-firmware-media-types,0.4603174603174603,0.8275862068965517,0.3333333333333333,1.0,0.5807060755336617,True
7181,The Optimized Link State Routing Protocol Version 2,2014,/api/v1/doc/document/draft-ietf-manet-olsrv2/,/api/v1/doc/document/draft-clausen-manet-olsrv2/,draft-ietf-manet-olsrv2,draft-clausen-manet-olsrv2,1.0,0.6666666666666666,1.0,1.0,0.9166666666666666,True
7183,Integrity Protection for the Neighborhood Discovery Protocol (NHDP) and Optimized Link State Routing Protocol Version 2 (OLSRv2),2014,/api/v1/doc/document/draft-ietf-manet-nhdp-olsrv2-sec/,/api/v1/doc/document/draft-ietf-manet-nhdp-sec/,draft-ietf-manet-nhdp-olsrv2-sec,draft-ietf-manet-nhdp-sec,0.28426395939086296,0.6956521739130435,0.6666666666666666,1.0,0.5351651585374825,True
7184,Definition of Managed Objects for the Optimized Link State Routing Protocol Version 2,2014,/api/v1/doc/document/draft-ietf-manet-olsrv2-mib/,/api/v1/doc/document/draft-cole-manet-olsrv2-mib/,draft-ietf-manet-olsrv2-mib,draft-cole-manet-olsrv2-mib,0.9659090909090909,0.7692307692307693,0.875,1.0,0.9019667832167833,True
7185,Link Metrics for the Mobile Ad Hoc Network (MANET) Routing Protocol OLSRv2 - Rationale,2014,/api/v1/doc/document/draft-ietf-manet-olsrv2-metrics-rationale/,/api/v1/doc/document/draft-dearlove-olsrv2-metrics/,draft-ietf-manet-olsrv2-metrics-rationale,draft-dearlove-olsrv2-metrics,1.0,0.7368421052631579,1.0,1.0,0.9342105263157895,True
7187,Routing Multipoint Relay Optimization for the Optimized Link State Routing Protocol Version 2 (OLSRv2),2014,/api/v1/doc/document/draft-ietf-manet-olsrv2-rmpr-optimization/,/api/v1/doc/document/draft-dearlove-manet-olsrv2-rmpr-optimization/,draft-ietf-manet-olsrv2-rmpr-optimization,draft-dearlove-manet-olsrv2-rmpr-optimization,0.93048128342246,0.8888888888888888,0.75,1.0,0.8909387997623293,True
7188,Optimized Link State Routing Protocol Version 2 (OLSRv2) and MANET Neighborhood Discovery Protocol (NHDP) Extension TLVs,2014,/api/v1/doc/document/draft-ietf-manet-nhdp-olsrv2-tlv-extension/,/api/v1/doc/document/draft-dearlove-manet-nhdp-olsrv2-tlv-extension/,draft-ietf-manet-nhdp-olsrv2-tlv-extension,draft-dearlove-manet-nhdp-olsrv2-tlv-extension,1.0,0.8928571428571429,1.0,1.0,0.9732142857142857,True
7160,Support for Multiple Clock Rates in an RTP Session,2014,/api/v1/doc/document/draft-ietf-avtext-multiple-clock-rates/,/api/v1/doc/document/draft-petithuguenin-avt-multiple-clock-rates/,draft-ietf-avtext-multiple-clock-rates,draft-petithuguenin-avt-multiple-clock-rates,1.0,0.9090909090909091,1.0,1.0,0.9772727272727272,True
7160,Support for Multiple Clock Rates in an RTP Session,2014,/api/v1/doc/document/draft-ietf-avtext-multiple-clock-rates/,/api/v1/doc/document/draft-petithuguenin-avtext-multiple-clock-rates/,draft-ietf-avtext-multiple-clock-rates,draft-petithuguenin-avtext-multiple-clock-rates,1.0,0.851063829787234,1.0,1.0,0.9627659574468085,False
7167,A Framework for Point-to-Multipoint MPLS in Transport Networks,2014,/api/v1/doc/document/draft-ietf-mpls-tp-p2mp-framework/,/api/v1/doc/document/draft-fbb-mpls-tp-p2mp-framework/,draft-ietf-mpls-tp-p2mp-framework,draft-fbb-mpls-tp-p2mp-framework,1.0,0.8717948717948718,1.0,1.0,0.967948717948718,True
7155,Diameter Network Access Server Application,2014,/api/v1/doc/document/draft-ietf-dime-rfc4005bis/,/api/v1/doc/document/draft-zorn-dime-rfc4005bis/,draft-ietf-dime-rfc4005bis,draft-zorn-dime-rfc4005bis,1.0,0.8,1.0,1.0,0.9500000000000001,True
7156,Diameter Support for Proxy Mobile IPv6 Localized Routing,2014,/api/v1/doc/document/draft-ietf-dime-pmip6-lr/,/api/v1/doc/document/draft-wu-dime-pmip6-lr/,draft-ietf-dime-pmip6-lr,draft-wu-dime-pmip6-lr,0.6013986013986014,0.7619047619047619,0.5,1.0,0.6611055611055611,True
7165,Use Cases and Requirements for JSON Object Signing and Encryption (JOSE),2014,/api/v1/doc/document/draft-ietf-jose-use-cases/,/api/v1/doc/document/draft-barnes-jose-use-cases/,draft-ietf-jose-use-cases,draft-barnes-jose-use-cases,1.0,0.782608695652174,1.0,1.0,0.9456521739130436,True
7202,Securing the RTP Framework: Why RTP Does Not Mandate a Single Media Security Solution,2014,/api/v1/doc/document/draft-ietf-avt-srtp-not-mandatory/,/api/v1/doc/document/draft-perkins-avt-srtp-not-mandatory/,draft-ietf-avt-srtp-not-mandatory,draft-perkins-avt-srtp-not-mandatory,0.6470588235294118,0.9,0.75,1.0,0.7661764705882353,True
7090,Public Safety Answering Point (PSAP) Callback,2014,/api/v1/doc/document/draft-ietf-ecrit-psap-callback/,/api/v1/doc/document/draft-schulzrinne-ecrit-psap-callback/,draft-ietf-ecrit-psap-callback,draft-schulzrinne-ecrit-psap-callback,0.9885057471264368,0.8125,0.7142857142857143,1.0,0.8908097290640394,True
7203,An Incident Object Description Exchange Format (IODEF) Extension for Structured Cybersecurity Information,2014,/api/v1/doc/document/draft-ietf-mile-sci/,/api/v1/doc/document/draft-takahashi-mile-sci/,draft-ietf-mile-sci,draft-takahashi-mile-sci,0.6626506024096386,0.5454545454545454,0.5,1.0,0.6345564074479737,True
7210,Database of Long-Lived Symmetric Cryptographic Keys,2014,/api/v1/doc/document/draft-ietf-karp-crypto-key-table/,/api/v1/doc/document/draft-housley-saag-crypto-key-table/,draft-ietf-karp-crypto-key-table,draft-housley-saag-crypto-key-table,1.0,0.8648648648648649,1.0,1.0,0.9662162162162161,True
7210,Database of Long-Lived Symmetric Cryptographic Keys,2014,/api/v1/doc/document/draft-housley-saag-crypto-key-table/,/api/v1/doc/document/draft-ietf-saag-crypto-key-table/,draft-housley-saag-crypto-key-table,draft-ietf-saag-crypto-key-table,0.8913043478260869,0.8648648648648649,0.8333333333333334,1.0,0.8839698394046221,True
7215,Locator/Identifier Separation Protocol (LISP) Network Element Deployment Considerations,2014,/api/v1/doc/document/draft-ietf-lisp-deployment/,/api/v1/doc/document/draft-jakab-lisp-deployment/,draft-ietf-lisp-deployment,draft-jakab-lisp-deployment,0.7022900763358778,0.8,0.625,1.0,0.7410305343511451,True
7197,Duplication Delay Attribute in the Session Description Protocol,2014,/api/v1/doc/document/draft-ietf-mmusic-delayed-duplication/,/api/v1/doc/document/draft-begen-mmusic-temporal-interleaving/,draft-ietf-mmusic-delayed-duplication,draft-begen-mmusic-temporal-interleaving,0.890625,0.2978723404255319,0.6666666666666666,1.0,0.7085826684397163,True
7198,Duplicating RTP Streams,2014,/api/v1/doc/document/draft-ietf-avtext-rtp-duplication/,/api/v1/doc/document/draft-begen-avtcore-rtp-duplication/,draft-ietf-avtext-rtp-duplication,draft-begen-avtcore-rtp-duplication,1.0,0.7894736842105263,1.0,1.0,0.9473684210526315,True
7208,"Sender Policy Framework (SPF) for Authorizing Use of Domains in Email, Version 1",2014,/api/v1/doc/document/draft-ietf-spfbis-4408bis/,/api/v1/doc/document/draft-kitterman-4408bis/,draft-ietf-spfbis-4408bis,draft-kitterman-4408bis,0.9935483870967742,1.0,1.0,1.0,0.9970967741935483,True
7216,Location Information Server (LIS) Discovery Using IP Addresses and Reverse DNS,2014,/api/v1/doc/document/draft-ietf-geopriv-res-gw-lis-discovery/,/api/v1/doc/document/draft-thomson-geopriv-res-gw-lis-discovery/,draft-ietf-geopriv-res-gw-lis-discovery,draft-thomson-geopriv-res-gw-lis-discovery,0.9866666666666667,0.8333333333333334,0.8,1.0,0.9123333333333333,True
7217,A Method for Generating Semantically Opaque Interface Identifiers with IPv6 Stateless Address Autoconfiguration (SLAAC),2014,/api/v1/doc/document/draft-ietf-6man-stable-privacy-addresses/,/api/v1/doc/document/draft-gont-6man-stable-privacy-addresses/,draft-ietf-6man-stable-privacy-addresses,draft-gont-6man-stable-privacy-addresses,0.7699115044247787,0.9056603773584906,0.75,1.0,0.8228752713307731,True
7200,A Session Initiation Protocol (SIP) Load-Control Event Package,2014,/api/v1/doc/document/draft-ietf-soc-load-control-event-package/,/api/v1/doc/document/draft-soc-load-control-event-package/,draft-ietf-soc-load-control-event-package,draft-soc-load-control-event-package,1.0,1.0,1.0,1.0,0.9999999999999999,True
7195,Session Description Protocol (SDP) Extension for Setting Audio and Video Media Streams over Circuit-Switched Bearers in the Public Switched Telephone Network (PSTN),2014,/api/v1/doc/document/draft-ietf-mmusic-sdp-cs/,/api/v1/doc/document/draft-garcia-mmusic-sdp-cs/,draft-ietf-mmusic-sdp-cs,draft-garcia-mmusic-sdp-cs,0.6925566343042071,0.631578947368421,0.5,1.0,0.6695452222789985,True
7170,Tunnel Extensible Authentication Protocol (TEAP) Version 1,2014,/api/v1/doc/document/draft-ietf-emu-eap-tunnel-method/,/api/v1/doc/document/draft-zhou-emu-eap-fastv2/,draft-ietf-emu-eap-tunnel-method,draft-zhou-emu-eap-fastv2,0.7012987012987013,0.3225806451612903,0.2,1.0,0.5362295768747382,True
7171,PT-EAP: Posture Transport (PT) Protocol for Extensible Authentication Protocol (EAP) Tunnel Methods,2014,/api/v1/doc/document/draft-ietf-nea-pt-eap/,/api/v1/doc/document/draft-hanna-nea-pt-eap/,draft-ietf-nea-pt-eap,draft-hanna-nea-pt-eap,0.7712418300653595,0.75,0.7142857142857143,1.0,0.7774159663865547,True
7172,Transparent Interconnection of Lots of Links (TRILL): Fine-Grained Labeling,2014,/api/v1/doc/document/draft-ietf-trill-fine-labeling/,/api/v1/doc/document/draft-eastlake-trill-rbridge-fine-labeling/,draft-ietf-trill-fine-labeling,draft-eastlake-trill-rbridge-fine-labeling,0.49019607843137253,0.65,0.5,1.0,0.5830882352941176,True
7173,Transparent Interconnection of Lots of Links (TRILL) Transport Using Pseudowires,2014,/api/v1/doc/document/draft-ietf-trill-o-pw/,/api/v1/doc/document/draft-yong-trill-o-pw/,draft-ietf-trill-o-pw,draft-yong-trill-o-pw,0.38,0.5714285714285714,0.2222222222222222,1.0,0.4583015873015873,True
7173,Transparent Interconnection of Lots of Links (TRILL) Transport Using Pseudowires,2014,/api/v1/doc/document/draft-yong-trill-o-pw/,/api/v1/doc/document/draft-yong-pwe3-trill-o-pw/,draft-yong-trill-o-pw,draft-yong-pwe3-trill-o-pw,0.9777777777777777,0.8,0.5,1.0,0.84,True
7174,"Transparent Interconnection of Lots of Links (TRILL) Operations, Administration, and Maintenance (OAM) Framework",2014,/api/v1/doc/document/draft-ietf-trill-oam-framework/,/api/v1/doc/document/draft-salam-trill-oam-framework/,draft-ietf-trill-oam-framework,draft-salam-trill-oam-framework,0.304,0.8125,0.6666666666666666,1.0,0.5732583333333333,True
7175,Transparent Interconnection of Lots of Links (TRILL): Bidirectional Forwarding Detection (BFD) Support,2014,/api/v1/doc/document/draft-ietf-trill-rbridge-bfd/,/api/v1/doc/document/draft-manral-trill-bfd-encaps/,draft-ietf-trill-rbridge-bfd,draft-manral-trill-bfd-encaps,0.6172839506172839,0.4444444444444444,0.5454545454545454,1.0,0.597979797979798,True
7176,Transparent Interconnection of Lots of Links (TRILL) Use of IS-IS,2014,/api/v1/doc/document/draft-ietf-isis-rfc6326bis/,/api/v1/doc/document/draft-eastlake-isis-rfc6326bis/,draft-ietf-isis-rfc6326bis,draft-eastlake-isis-rfc6326bis,1.0,0.8,1.0,1.0,0.9500000000000001,True
7177,Transparent Interconnection of Lots of Links (TRILL): Adjacency,2014,/api/v1/doc/document/draft-ietf-trill-rfc6327bis/,/api/v1/doc/document/draft-eastlake-trill-rfc6327bis/,draft-ietf-trill-rfc6327bis,draft-eastlake-trill-rfc6327bis,0.4,0.7692307692307693,0.5,1.0,0.5723076923076923,True
7178,Transparent Interconnection of Lots of Links (TRILL): RBridge Channel Support,2014,/api/v1/doc/document/draft-ietf-trill-rbridge-channel/,/api/v1/doc/document/draft-eastlake-trill-rbridge-channel/,draft-ietf-trill-rbridge-channel,draft-eastlake-trill-rbridge-channel,0.4144144144144144,0.8333333333333334,0.6666666666666666,1.0,0.6281531531531531,True
7178,Transparent Interconnection of Lots of Links (TRILL): RBridge Channel Support,2014,/api/v1/doc/document/draft-ietf-trill-rbridge-channel/,/api/v1/doc/document/draft-eastlake-trill-rbridge-bfd/,draft-ietf-trill-rbridge-channel,draft-eastlake-trill-rbridge-bfd,0.32142857142857145,0.5,0.25,1.0,0.4196428571428572,False
7180,"Transparent Interconnection of Lots of Links (TRILL): Clarifications, Corrections, and Updates",2014,/api/v1/doc/document/draft-ietf-trill-clear-correct/,/api/v1/doc/document/draft-eastlake-trill-rbridge-clear-correct/,draft-ietf-trill-clear-correct,draft-eastlake-trill-rbridge-clear-correct,0.6616541353383458,0.65,0.5,1.0,0.6602443609022556,True
7219,SEcure Neighbor Discovery (SEND) Source Address Validation Improvement (SAVI),2014,/api/v1/doc/document/draft-ietf-savi-send/,/api/v1/doc/document/draft-bagnulo-savi-send/,draft-ietf-savi-send,draft-bagnulo-savi-send,0.6612903225806451,0.6153846153846154,0.5,1.0,0.6514267990074442,True
7206,Requirements for an End-to-End Session Identification in IP-Based Multimedia Communication Networks,2014,/api/v1/doc/document/draft-ietf-insipid-session-id-reqts/,/api/v1/doc/document/draft-jones-insipid-session-id-reqts/,draft-ietf-insipid-session-id-reqts,draft-jones-insipid-session-id-reqts,1.0,0.8,1.0,1.0,0.9500000000000001,True
7206,Requirements for an End-to-End Session Identification in IP-Based Multimedia Communication Networks,2014,/api/v1/doc/document/draft-jones-insipid-session-id-reqts/,/api/v1/doc/document/draft-jones-ipmc-session-id-reqts/,draft-jones-insipid-session-id-reqts,draft-jones-ipmc-session-id-reqts,1.0,0.8444444444444444,1.0,1.0,0.9611111111111111,True
7228,Terminology for Constrained-Node Networks,2014,/api/v1/doc/document/draft-ietf-lwig-terminology/,/api/v1/doc/document/draft-bormann-lwig-terms/,draft-ietf-lwig-terminology,draft-bormann-lwig-terms,1.0,0.38095238095238093,1.0,1.0,0.8452380952380952,True
7220,Description Option for the Port Control Protocol (PCP),2014,/api/v1/doc/document/draft-ietf-pcp-description-option/,/api/v1/doc/document/draft-boucadair-pcp-description-option/,draft-ietf-pcp-description-option,draft-boucadair-pcp-description-option,0.4864864864864865,0.9,0.6666666666666666,1.0,0.6772522522522523,True
7223,A YANG Data Model for Interface Management,2014,/api/v1/doc/document/draft-ietf-netmod-interfaces-cfg/,/api/v1/doc/document/draft-bjorklund-netmod-interfaces-cfg/,draft-ietf-netmod-interfaces-cfg,draft-bjorklund-netmod-interfaces-cfg,0.7816091954022989,0.8,0.6666666666666666,1.0,0.7850574712643678,True
7225,Discovering NAT64 IPv6 Prefixes Using the Port Control Protocol (PCP),2014,/api/v1/doc/document/draft-ietf-pcp-nat64-prefix64/,/api/v1/doc/document/draft-boucadair-pcp-nat64-prefix64-option/,draft-ietf-pcp-nat64-prefix64,draft-boucadair-pcp-nat64-prefix64-option,0.5510204081632653,0.717948717948718,0.5,1.0,0.6274463631606488,True
7133,Information Elements for Data Link Layer Traffic Measurement,2014,/api/v1/doc/document/draft-ietf-ipfix-data-link-layer-monitoring/,/api/v1/doc/document/draft-kashima-ipfix-data-link-layer-monitoring/,draft-ietf-ipfix-data-link-layer-monitoring,draft-kashima-ipfix-data-link-layer-monitoring,1.0,0.896551724137931,1.0,1.0,0.9741379310344828,True
7247,"Interworking between the Session Initiation Protocol (SIP) and the Extensible Messaging and Presence Protocol (XMPP): Architecture, Addresses, and Error Handling",2014,/api/v1/doc/document/draft-ietf-stox-core/,/api/v1/doc/document/draft-saintandre-sip-xmpp-core/,draft-ietf-stox-core,draft-saintandre-sip-xmpp-core,0.9225589225589226,0.47058823529411764,0.7857142857142857,1.0,0.7899414311179017,True
7248,Interworking between the Session Initiation Protocol (SIP) and the Extensible Messaging and Presence Protocol (XMPP): Presence,2014,/api/v1/doc/document/draft-ietf-stox-presence/,/api/v1/doc/document/draft-saintandre-sip-xmpp-presence/,draft-ietf-stox-presence,draft-saintandre-sip-xmpp-presence,1.0,0.64,1.0,1.0,0.91,True
7245,An Architecture for Media Recording Using the Session Initiation Protocol,2014,/api/v1/doc/document/draft-ietf-siprec-architecture/,/api/v1/doc/document/draft-hutton-siprec-session-recording-arch/,draft-ietf-siprec-architecture,draft-hutton-siprec-session-recording-arch,1.0,0.1951219512195122,1.0,1.0,0.798780487804878,True
7162,IMAP Extensions: Quick Flag Changes Resynchronization (CONDSTORE) and Quick Mailbox Resynchronization (QRESYNC),2014,/api/v1/doc/document/draft-ietf-qresync-rfc5162bis/,/api/v1/doc/document/draft-melnikov-5162bis/,draft-ietf-qresync-rfc5162bis,draft-melnikov-5162bis,0.6455696202531646,0.8235294117647058,0.4,1.0,0.6763886820551005,True
7162,IMAP Extensions: Quick Flag Changes Resynchronization (CONDSTORE) and Quick Mailbox Resynchronization (QRESYNC),2014,/api/v1/doc/document/draft-ietf-qresync-rfc5162bis/,/api/v1/doc/document/draft-ietf-qresync-rfc4551bis/,draft-ietf-qresync-rfc5162bis,draft-ietf-qresync-rfc4551bis,0.5416666666666666,0.8,0.38461538461538464,1.0,0.6206730769230769,False
7162,IMAP Extensions: Quick Flag Changes Resynchronization (CONDSTORE) and Quick Mailbox Resynchronization (QRESYNC),2014,/api/v1/doc/document/draft-melnikov-5162bis/,/api/v1/doc/document/draft-ietf-lemonade-5162bis/,draft-melnikov-5162bis,draft-ietf-lemonade-5162bis,1.0,1.0,1.0,1.0,0.9999999999999999,True
7214,Moving Generic Associated Channel (G-ACh) IANA Registries to a New Registry,2014,/api/v1/doc/document/draft-ietf-mpls-moving-iana-registries/,/api/v1/doc/document/draft-lcap-mpls-moving-iana-registries/,draft-ietf-mpls-moving-iana-registries,draft-lcap-mpls-moving-iana-registries,1.0,0.8979591836734694,1.0,1.0,0.9744897959183673,True
7214,Moving Generic Associated Channel (G-ACh) IANA Registries to a New Registry,2014,/api/v1/doc/document/draft-lcap-mpls-moving-iana-registries/,/api/v1/doc/document/draft-andersson-mpls-moving-iana-registries/,draft-lcap-mpls-moving-iana-registries,draft-andersson-mpls-moving-iana-registries,0.8175182481751825,1.0,1.0,1.0,0.9178832116788321,True
7253,The OCB Authenticated-Encryption Algorithm,2014,/api/v1/doc/document/draft-irtf-cfrg-ocb/,/api/v1/doc/document/draft-krovetz-ocb/,draft-irtf-cfrg-ocb,draft-krovetz-ocb,1.0,1.0,1.0,1.0,0.9999999999999999,True
7261,Offer/Answer Considerations for G723 Annex A and G729 Annex B,2014,/api/v1/doc/document/draft-ietf-mmusic-sdp-g723-g729/,/api/v1/doc/document/draft-ietf-mmusic-sdp-g273-g729/,draft-ietf-mmusic-sdp-g723-g729,draft-ietf-mmusic-sdp-g273-g729,0.9838709677419355,0.9230769230769231,0.5,1.0,0.8735111662531017,True
7265,jCal: The JSON Format for iCalendar,2014,/api/v1/doc/document/draft-ietf-jcardcal-jcal/,/api/v1/doc/document/draft-kewisch-et-al-icalendar-in-json/,draft-ietf-jcardcal-jcal,draft-kewisch-et-al-icalendar-in-json,1.0,0.2222222222222222,1.0,1.0,0.8055555555555555,True
7246,Multipoint Label Distribution Protocol In-Band Signaling in a Virtual Routing and Forwarding (VRF) Table Context,2014,/api/v1/doc/document/draft-ietf-l3vpn-mldp-vrf-in-band-signaling/,/api/v1/doc/document/draft-wijnands-l3vpn-mldp-vrf-in-band-signaling/,draft-ietf-l3vpn-mldp-vrf-in-band-signaling,draft-wijnands-l3vpn-mldp-vrf-in-band-signaling,0.7978142076502732,0.896551724137931,0.8,1.0,0.8431543244771058,True
7246,Multipoint Label Distribution Protocol In-Band Signaling in a Virtual Routing and Forwarding (VRF) Table Context,2014,/api/v1/doc/document/draft-wijnands-l3vpn-mldp-vrf-in-band-signaling/,/api/v1/doc/document/draft-wijnands-mpls-mldp-vpn-in-band-signaling/,draft-wijnands-l3vpn-mldp-vrf-in-band-signaling,draft-wijnands-mpls-mldp-vpn-in-band-signaling,0.9726027397260274,0.8253968253968254,0.75,1.0,0.8940204392259187,True
7239,Forwarded HTTP Extension,2014,/api/v1/doc/document/draft-ietf-appsawg-http-forwarded/,/api/v1/doc/document/draft-petersson-forwarded-for/,draft-ietf-appsawg-http-forwarded,draft-petersson-forwarded-for,1.0,0.6666666666666666,1.0,1.0,0.9166666666666666,True
7269,NAT64 Deployment Options and Experience,2014,/api/v1/doc/document/draft-ietf-v6ops-nat64-experience/,/api/v1/doc/document/draft-chen-v6ops-nat64-experience/,draft-ietf-v6ops-nat64-experience,draft-chen-v6ops-nat64-experience,0.7058823529411765,0.8421052631578947,0.6666666666666666,1.0,0.7615067079463363,True
7269,NAT64 Deployment Options and Experience,2014,/api/v1/doc/document/draft-chen-v6ops-nat64-experience/,/api/v1/doc/document/draft-chen-v6ops-nat64-cpe/,draft-chen-v6ops-nat64-experience,draft-chen-v6ops-nat64-cpe,0.7540983606557377,0.7567567567567568,0.5,1.0,0.7285334514842712,True
7271,"MPLS Transport Profile (MPLS-TP) Linear Protection to Match the Operational Expectations of Synchronous Digital Hierarchy, Optical Transport Network, and Ethernet Transport Network Operators",2014,/api/v1/doc/document/draft-ietf-mpls-tp-psc-itu/,/api/v1/doc/document/draft-ryoogray-mpls-tp-psc-itu/,draft-ietf-mpls-tp-psc-itu,draft-ryoogray-mpls-tp-psc-itu,0.49070631970260226,0.8,0.6666666666666666,1.0,0.6541511771995043,True
7271,"MPLS Transport Profile (MPLS-TP) Linear Protection to Match the Operational Expectations of Synchronous Digital Hierarchy, Optical Transport Network, and Ethernet Transport Network Operators",2014,/api/v1/doc/document/draft-ryoogray-mpls-tp-psc-itu/,/api/v1/doc/document/draft-rhd-mpls-tp-psc-sd/,draft-ryoogray-mpls-tp-psc-itu,draft-rhd-mpls-tp-psc-sd,0.39097744360902253,0.8275862068965517,0.6666666666666666,1.0,0.6161697346815314,True
7271,"MPLS Transport Profile (MPLS-TP) Linear Protection to Match the Operational Expectations of Synchronous Digital Hierarchy, Optical Transport Network, and Ethernet Transport Network Operators",2014,/api/v1/doc/document/draft-ryoogray-mpls-tp-psc-itu/,/api/v1/doc/document/draft-dj-mpls-tp-exer-psc/,draft-ryoogray-mpls-tp-psc-itu,draft-dj-mpls-tp-exer-psc,0.4161073825503356,0.7096774193548387,0.5,1.0,0.5646676769863607,False
7271,"MPLS Transport Profile (MPLS-TP) Linear Protection to Match the Operational Expectations of Synchronous Digital Hierarchy, Optical Transport Network, and Ethernet Transport Network Operators",2014,/api/v1/doc/document/draft-ryoogray-mpls-tp-psc-itu/,/api/v1/doc/document/draft-rhd-mpls-tp-psc-priority/,draft-ryoogray-mpls-tp-psc-itu,draft-rhd-mpls-tp-psc-priority,0.3582089552238806,0.8,0.5,1.0,0.5611940298507463,False
7271,"MPLS Transport Profile (MPLS-TP) Linear Protection to Match the Operational Expectations of Synchronous Digital Hierarchy, Optical Transport Network, and Ethernet Transport Network Operators",2014,/api/v1/doc/document/draft-ryoogray-mpls-tp-psc-itu/,/api/v1/doc/document/draft-cdh-mpls-tp-psc-non-revertive/,draft-ryoogray-mpls-tp-psc-itu,draft-cdh-mpls-tp-psc-non-revertive,0.183206106870229,0.65,0.4,1.0,0.42494274809160304,False
7274,Allocating and Retiring Special-Purpose MPLS Labels,2014,/api/v1/doc/document/draft-ietf-mpls-special-purpose-labels/,/api/v1/doc/document/draft-kompella-mpls-special-purpose-labels/,draft-ietf-mpls-special-purpose-labels,draft-kompella-mpls-special-purpose-labels,1.0,0.8979591836734694,1.0,1.0,0.9744897959183673,True
7274,Allocating and Retiring Special-Purpose MPLS Labels,2014,/api/v1/doc/document/draft-kompella-mpls-special-purpose-labels/,/api/v1/doc/document/draft-kompella-mpls-reserved-labels/,draft-kompella-mpls-special-purpose-labels,draft-kompella-mpls-reserved-labels,0.7368421052631579,0.6382978723404256,0.5714285714285714,1.0,0.7054391297392417,True
7276,"An Overview of Operations, Administration, and Maintenance (OAM) Tools",2014,/api/v1/doc/document/draft-ietf-opsawg-oam-overview/,/api/v1/doc/document/draft-mizrahi-opsawg-oam-overview/,draft-ietf-opsawg-oam-overview,draft-mizrahi-opsawg-oam-overview,0.9051094890510949,0.7741935483870968,0.7142857142857143,1.0,0.8437048000269098,True
7242,Delay-Tolerant Networking TCP Convergence-Layer Protocol,2014,/api/v1/doc/document/draft-irtf-dtnrg-tcp-clayer/,/api/v1/doc/document/draft-demmer-dtnrg-tcp-clayer/,draft-irtf-dtnrg-tcp-clayer,draft-demmer-dtnrg-tcp-clayer,1.0,0.7692307692307693,1.0,-0.5,0.7923076923076924,True
7262,Requirements for Telepresence Multistreams,2014,/api/v1/doc/document/draft-ietf-clue-telepresence-requirements/,/api/v1/doc/document/draft-romanow-clue-telepresence-requirements/,draft-ietf-clue-telepresence-requirements,draft-romanow-clue-telepresence-requirements,0.9882352941176471,0.9090909090909091,0.6666666666666666,1.0,0.9053119429590017,True
7211,Operations Model for Router Keying,2014,/api/v1/doc/document/draft-ietf-karp-ops-model/,/api/v1/doc/document/draft-hartman-karp-ops-model/,draft-ietf-karp-ops-model,draft-hartman-karp-ops-model,1.0,0.782608695652174,1.0,1.0,0.9456521739130436,True
7212,MPLS Generic Associated Channel (G-ACh) Advertisement Protocol,2014,/api/v1/doc/document/draft-ietf-mpls-gach-adv/,/api/v1/doc/document/draft-fbb-mpls-gach-adv/,draft-ietf-mpls-gach-adv,draft-fbb-mpls-gach-adv,1.0,0.7619047619047619,1.0,1.0,0.9404761904761904,True
7213,MPLS Transport Profile (MPLS-TP) Next-Hop Ethernet Addressing,2014,/api/v1/doc/document/draft-ietf-mpls-tp-ethernet-addressing/,/api/v1/doc/document/draft-fbb-mpls-tp-ethernet-addressing/,draft-ietf-mpls-tp-ethernet-addressing,draft-fbb-mpls-tp-ethernet-addressing,0.7578947368421053,0.8979591836734694,0.7142857142857143,1.0,0.8083995703544576,True
7277,A YANG Data Model for IP Management,2014,/api/v1/doc/document/draft-ietf-netmod-ip-cfg/,/api/v1/doc/document/draft-bjorklund-netmod-ip-cfg/,draft-ietf-netmod-ip-cfg,draft-bjorklund-netmod-ip-cfg,0.7397260273972602,0.631578947368421,0.6,1.0,0.7107714491708723,True
7288,Reflections on Host Firewalls,2014,/api/v1/doc/document/draft-iab-host-firewalls/,/api/v1/doc/document/draft-thaler-iab-host-firewalls/,draft-iab-host-firewalls,draft-thaler-iab-host-firewalls,1.0,0.875,1.0,1.0,0.9687499999999999,True
7278,Extending an IPv6 /64 Prefix from a Third Generation Partnership Project (3GPP) Mobile Interface to a LAN Link,2014,/api/v1/doc/document/draft-ietf-v6ops-64share/,/api/v1/doc/document/draft-byrne-v6ops-64share/,draft-ietf-v6ops-64share,draft-byrne-v6ops-64share,0.4774193548387097,0.7,0.5,1.0,0.5898387096774194,True
7250,Using Raw Public Keys in Transport Layer Security (TLS) and Datagram Transport Layer Security (DTLS),2014,/api/v1/doc/document/draft-ietf-tls-oob-pubkey/,/api/v1/doc/document/draft-wouters-tls-oob-pubkey/,draft-ietf-tls-oob-pubkey,draft-wouters-tls-oob-pubkey,0.2857142857142857,0.8333333333333334,0.6666666666666666,1.0,0.5702380952380952,True
7252,The Constrained Application Protocol (CoAP),2014,/api/v1/doc/document/draft-ietf-core-coap/,/api/v1/doc/document/draft-shelby-core-coap/,draft-ietf-core-coap,draft-shelby-core-coap,0.9487179487179487,0.6153846153846154,1.0,1.0,0.8807692307692306,True
7252,The Constrained Application Protocol (CoAP),2014,/api/v1/doc/document/draft-shelby-core-coap/,/api/v1/doc/document/draft-shelby-6lowapp-coap/,draft-shelby-core-coap,draft-shelby-6lowapp-coap,0.13793103448275862,0.5714285714285714,0.3333333333333333,1.0,0.3715927750410509,True
7275,Inter-Chassis Communication Protocol for Layer 2 Virtual Private Network (L2VPN) Provider Edge (PE) Redundancy,2014,/api/v1/doc/document/draft-ietf-pwe3-iccp/,/api/v1/doc/document/draft-martini-pwe3-iccp/,draft-ietf-pwe3-iccp,draft-martini-pwe3-iccp,0.7228915662650602,0.6153846153846154,0.5,-0.5,0.529147358665431,True
7289,Carrier-Grade NAT (CGN) Deployment with BGP/MPLS IP VPNs,2014,/api/v1/doc/document/draft-ietf-opsawg-lsn-deployment/,/api/v1/doc/document/draft-kuarsingh-lsn-deployment/,draft-ietf-opsawg-lsn-deployment,draft-kuarsingh-lsn-deployment,0.6987951807228916,1.0,1.0,1.0,0.8644578313253012,True
7260,"GMPLS RSVP-TE Extensions for Operations, Administration, and Maintenance (OAM) Configuration",2014,/api/v1/doc/document/draft-ietf-ccamp-oam-configuration-fwk/,/api/v1/doc/document/draft-takacs-ccamp-oam-configuration-fwk/,draft-ietf-ccamp-oam-configuration-fwk,draft-takacs-ccamp-oam-configuration-fwk,0.22666666666666666,0.875,0.75,1.0,0.57075,True
7272,Inter-Destination Media Synchronization (IDMS) Using the RTP Control Protocol (RTCP),2014,/api/v1/doc/document/draft-ietf-avtcore-idms/,/api/v1/doc/document/draft-brandenburg-avtcore-rtcp-for-idms/,draft-ietf-avtcore-idms,draft-brandenburg-avtcore-rtcp-for-idms,0.609375,0.32,0.5555555555555556,1.0,0.5653298611111112,True
7273,RTP Clock Source Signalling,2014,/api/v1/doc/document/draft-ietf-avtcore-clksrc/,/api/v1/doc/document/draft-williams-avtcore-clksrc/,draft-ietf-avtcore-clksrc,draft-williams-avtcore-clksrc,1.0,0.6,1.0,1.0,0.9,True
7293,The Require-Recipient-Valid-Since Header Field and SMTP Service Extension,2014,/api/v1/doc/document/draft-ietf-appsawg-rrvs-header-field/,/api/v1/doc/document/draft-wmills-rrvs-header-field/,draft-ietf-appsawg-rrvs-header-field,draft-wmills-rrvs-header-field,0.773109243697479,1.0,1.0,1.0,0.8978991596638656,True
7295,Report from the IAB/IRTF Workshop on Congestion Control for Interactive Real-Time Communication,2014,/api/v1/doc/document/draft-iab-cc-workshop-report/,/api/v1/doc/document/draft-tschofenig-cc-workshop-report/,draft-iab-cc-workshop-report,draft-tschofenig-cc-workshop-report,1.0,1.0,1.0,1.0,0.9999999999999999,True
7303,XML Media Types,2014,/api/v1/doc/document/draft-ietf-appsawg-xml-mediatypes/,/api/v1/doc/document/draft-lilley-xml-mediatypes/,draft-ietf-appsawg-xml-mediatypes,draft-lilley-xml-mediatypes,1.0,1.0,1.0,1.0,0.9999999999999999,True
7303,XML Media Types,2014,/api/v1/doc/document/draft-lilley-xml-mediatypes/,/api/v1/doc/document/draft-murata-kohn-lilley-xml/,draft-lilley-xml-mediatypes,draft-murata-kohn-lilley-xml,1.0,0.20689655172413793,1.0,1.0,0.8017241379310346,True
7257,Virtual Private LAN Service (VPLS) Management Information Base,2014,/api/v1/doc/document/draft-ietf-l2vpn-vpls-mib/,/api/v1/doc/document/draft-nadeau-l2vpn-vpls-mib/,draft-ietf-l2vpn-vpls-mib,draft-nadeau-l2vpn-vpls-mib,0.9917355371900827,0.7272727272727273,0.7777777777777778,1.0,0.8836547291092746,True
7294,RTP Control Protocol (RTCP) Extended Report (XR) Blocks for Concealment Metrics Reporting on Audio Applications,2014,/api/v1/doc/document/draft-ietf-xrblock-rtcp-xr-loss-conceal/,/api/v1/doc/document/draft-ietf-xrblock-rtcp-xr-concsec/,draft-ietf-xrblock-rtcp-xr-loss-conceal,draft-ietf-xrblock-rtcp-xr-concsec,0.826530612244898,0.7428571428571429,0.4,1.0,0.7376530612244899,True
7320,URI Design and Ownership,2014,/api/v1/doc/document/draft-ietf-appsawg-uri-get-off-my-lawn/,/api/v1/doc/document/draft-nottingham-uri-get-off-my-lawn/,draft-ietf-appsawg-uri-get-off-my-lawn,draft-nottingham-uri-get-off-my-lawn,0.14545454545454545,1.0,1.0,1.0,0.6154545454545454,True
7301,Transport Layer Security (TLS) Application-Layer Protocol Negotiation Extension,2014,/api/v1/doc/document/draft-ietf-tls-applayerprotoneg/,/api/v1/doc/document/draft-friedl-tls-applayerprotoneg/,draft-ietf-tls-applayerprotoneg,draft-friedl-tls-applayerprotoneg,1.0,0.8888888888888888,1.0,1.0,0.9722222222222222,True
7305,Report from the IAB Workshop on Internet Technology Adoption and Transition (ITAT),2014,/api/v1/doc/document/draft-iab-itat-report/,/api/v1/doc/document/draft-lear-iab-itat-report/,draft-iab-itat-report,draft-lear-iab-itat-report,0.6991869918699187,0.8461538461538461,0.6666666666666666,1.0,0.7595059412132582,True
7291,DHCP Options for the Port Control Protocol (PCP),2014,/api/v1/doc/document/draft-ietf-pcp-dhcp/,/api/v1/doc/document/draft-bpw-pcp-dhcp/,draft-ietf-pcp-dhcp,draft-bpw-pcp-dhcp,0.8932038834951457,0.6666666666666666,0.8333333333333334,1.0,0.835275080906149,True
7291,DHCP Options for the Port Control Protocol (PCP),2014,/api/v1/doc/document/draft-bpw-pcp-dhcp/,/api/v1/doc/document/draft-bpw-softwire-pcp-dhcp/,draft-bpw-pcp-dhcp,draft-bpw-softwire-pcp-dhcp,0.9636363636363636,0.64,1.0,1.0,0.8936363636363637,True
7309,Redundancy Mechanism for Inter-domain VPLS Service,2014,/api/v1/doc/document/draft-ietf-l2vpn-vpls-inter-domain-redundancy/,/api/v1/doc/document/draft-liu-l2vpn-vpls-inter-domain-redundancy/,draft-ietf-l2vpn-vpls-inter-domain-redundancy,draft-liu-l2vpn-vpls-inter-domain-redundancy,0.631578947368421,0.9032258064516129,0.8,1.0,0.7700169779286927,True
7241,The IEEE 802/IETF Relationship,2014,/api/v1/doc/document/draft-iab-rfc4441rev/,/api/v1/doc/document/draft-dawkins-iab-rfc4441rev/,draft-iab-rfc4441rev,draft-dawkins-iab-rfc4441rev,1.0,0.8333333333333334,1.0,1.0,0.9583333333333334,True
7268,RADIUS Attributes for IEEE 802 Networks,2014,/api/v1/doc/document/draft-ietf-radext-ieee802ext/,/api/v1/doc/document/draft-aboba-radext-wlan/,draft-ietf-radext-ieee802ext,draft-aboba-radext-wlan,1.0,0.2857142857142857,1.0,1.0,0.8214285714285715,True
7268,RADIUS Attributes for IEEE 802 Networks,2014,/api/v1/doc/document/draft-ietf-radext-ieee802ext/,/api/v1/doc/document/draft-ietf-radext-ieee802/,draft-ietf-radext-ieee802ext,draft-ietf-radext-ieee802,0.38961038961038963,0.8235294117647058,0.125,-0.5,0.3562070282658518,False
7308,Extended Administrative Groups in MPLS Traffic Engineering (MPLS-TE),2014,/api/v1/doc/document/draft-ietf-mpls-extended-admin-group/,/api/v1/doc/document/draft-osborne-mpls-extended-admin-groups/,draft-ietf-mpls-extended-admin-group,draft-osborne-mpls-extended-admin-groups,0.7663551401869159,0.8695652173913043,0.6666666666666666,1.0,0.7955844507652715,True
7318,Policy Qualifiers in Resource Public Key Infrastructure (RPKI) Certificates,2014,/api/v1/doc/document/draft-ietf-sidr-policy-qualifiers/,/api/v1/doc/document/draft-newton-sidr-policy-qualifiers/,draft-ietf-sidr-policy-qualifiers,draft-newton-sidr-policy-qualifiers,0.6846846846846847,0.8717948717948718,0.6666666666666666,1.0,0.7593901593901594,True
7283,Handling Unknown DHCPv6 Messages,2014,/api/v1/doc/document/draft-ietf-dhc-dhcpv6-unknown-msg/,/api/v1/doc/document/draft-csl-dhc-dhcpv6-unknown-msg-3315update/,draft-ietf-dhc-dhcpv6-unknown-msg,draft-csl-dhc-dhcpv6-unknown-msg-3315update,1.0,0.7058823529411765,1.0,1.0,0.926470588235294,True
7290,Test Plan and Results for Advancing RFC 2680 on the Standards Track,2014,/api/v1/doc/document/draft-ietf-ippm-testplan-rfc2680/,/api/v1/doc/document/draft-morton-ippm-testplan-rfc2680/,draft-ietf-ippm-testplan-rfc2680,draft-morton-ippm-testplan-rfc2680,1.0,0.8648648648648649,1.0,1.0,0.9662162162162161,True
7307,LDP Extensions for Multi-Topology,2014,/api/v1/doc/document/draft-ietf-mpls-ldp-multi-topology/,/api/v1/doc/document/draft-zhao-mpls-ldp-multi-topology/,draft-ietf-mpls-ldp-multi-topology,draft-zhao-mpls-ldp-multi-topology,0.8767123287671232,0.8780487804878049,0.75,1.0,0.8640327430671567,True
7313,Enhanced Route Refresh Capability for BGP-4,2014,/api/v1/doc/document/draft-ietf-idr-bgp-enhanced-route-refresh/,/api/v1/doc/document/draft-keyur-bgp-enhanced-route-refresh/,draft-ietf-idr-bgp-enhanced-route-refresh,draft-keyur-bgp-enhanced-route-refresh,1.0,1.0,1.0,1.0,0.9999999999999999,True
7310,RTP Payload Format for Standard apt-X and Enhanced apt-X Codecs,2014,/api/v1/doc/document/draft-ietf-payload-rtp-aptx/,/api/v1/doc/document/draft-lindsay-payload-rtp-aptx/,draft-ietf-payload-rtp-aptx,draft-lindsay-payload-rtp-aptx,1.0,0.6666666666666666,1.0,1.0,0.9166666666666666,True
7316,The Session Initiation Protocol (SIP) P-Private-Network-Indication Private Header (P-Header),2014,/api/v1/doc/document/draft-vanelburg-dispatch-private-network-ind/,/api/v1/doc/document/draft-vanelburg-sipping-private-network-indication/,draft-vanelburg-dispatch-private-network-ind,draft-vanelburg-sipping-private-network-indication,1.0,0.7096774193548387,1.0,1.0,0.9274193548387096,True
7324,Updates to MPLS Transport Profile Linear Protection,2014,/api/v1/doc/document/draft-ietf-mpls-psc-updates/,/api/v1/doc/document/draft-osborne-mpls-psc-updates/,draft-ietf-mpls-psc-updates,draft-osborne-mpls-psc-updates,0.4307692307692308,0.8148148148148148,0.6666666666666666,1.0,0.6308831908831909,True
7311,The Accumulated IGP Metric Attribute for BGP,2014,/api/v1/doc/document/draft-ietf-idr-aigp/,/api/v1/doc/document/draft-rosen-idr-aigp/,draft-ietf-idr-aigp,draft-rosen-idr-aigp,1.0,0.6666666666666666,1.0,1.0,0.9166666666666666,True
7317,A YANG Data Model for System Management,2014,/api/v1/doc/document/draft-ietf-netmod-system-mgmt/,/api/v1/doc/document/draft-bierman-netmod-system-mgmt/,draft-ietf-netmod-system-mgmt,draft-bierman-netmod-system-mgmt,0.9736842105263158,0.7586206896551724,1.0,1.0,0.9278130671506352,True
7325,MPLS Forwarding Compliance and Performance Requirements,2014,/api/v1/doc/document/draft-ietf-mpls-forwarding/,/api/v1/doc/document/draft-villamizar-mpls-forwarding/,draft-ietf-mpls-forwarding,draft-villamizar-mpls-forwarding,1.0,0.8,1.0,1.0,0.9500000000000001,True
7334,PCE-Based Computation Procedure to Compute Shortest Constrained Point-to-Multipoint (P2MP) Inter-Domain Traffic Engineering Label Switched Paths,2014,/api/v1/doc/document/draft-ietf-pce-pcep-inter-domain-p2mp-procedures/,/api/v1/doc/document/draft-zhao-pce-pcep-inter-domain-p2mp-procedures/,draft-ietf-pce-pcep-inter-domain-p2mp-procedures,draft-zhao-pce-pcep-inter-domain-p2mp-procedures,0.9242424242424242,0.9428571428571428,0.8823529411764706,1.0,0.9280939648586707,True
7336,Framework for Content Distribution Network Interconnection (CDNI),2014,/api/v1/doc/document/draft-ietf-cdni-framework/,/api/v1/doc/document/draft-davie-cdni-framework/,draft-ietf-cdni-framework,draft-davie-cdni-framework,0.6666666666666666,0.782608695652174,0.5,1.0,0.6956521739130435,True
7337,Content Distribution Network Interconnection (CDNI) Requirements,2014,/api/v1/doc/document/draft-ietf-cdni-requirements/,/api/v1/doc/document/draft-lefaucheur-cdni-requirements/,draft-ietf-cdni-requirements,draft-lefaucheur-cdni-requirements,1.0,0.8275862068965517,1.0,1.0,0.956896551724138,True
7341,DHCPv4-over-DHCPv6 (DHCP 4o6) Transport,2014,/api/v1/doc/document/draft-ietf-dhc-dhcpv4-over-dhcpv6/,/api/v1/doc/document/draft-scskf-dhc-dhcpv4-over-dhcpv6/,draft-ietf-dhc-dhcpv4-over-dhcpv6,draft-scskf-dhc-dhcpv4-over-dhcpv6,0.8615384615384616,0.9,0.75,1.0,0.8626923076923078,True
7349,LDP Hello Cryptographic Authentication,2014,/api/v1/doc/document/draft-ietf-mpls-ldp-hello-crypto-auth/,/api/v1/doc/document/draft-zheng-mpls-ldp-hello-crypto-auth/,draft-ietf-mpls-ldp-hello-crypto-auth,draft-zheng-mpls-ldp-hello-crypto-auth,1.0,0.8936170212765957,1.0,1.0,0.973404255319149,True
7312,Advanced Stream and Sampling Framework for IP Performance Metrics (IPPM),2014,/api/v1/doc/document/draft-ietf-ippm-2330-update/,/api/v1/doc/document/draft-morton-ippm-2330-update/,draft-ietf-ippm-2330-update,draft-morton-ippm-2330-update,0.8034188034188035,0.8148148148148148,0.7142857142857143,1.0,0.8080993080993082,True
7329,A Session Identifier for the Session Initiation Protocol (SIP),2014,/api/v1/doc/document/draft-kaplan-insipid-session-id/,/api/v1/doc/document/draft-kaplan-dispatch-session-id/,draft-kaplan-insipid-session-id,draft-kaplan-dispatch-session-id,1.0,0.7567567567567568,1.0,1.0,0.9391891891891891,True
7329,A Session Identifier for the Session Initiation Protocol (SIP),2014,/api/v1/doc/document/draft-kaplan-dispatch-session-id/,/api/v1/doc/document/draft-kaplan-sip-session-id/,draft-kaplan-dispatch-session-id,draft-kaplan-sip-session-id,1.0,0.7878787878787878,1.0,1.0,0.9469696969696969,True
7333,Requirements for Distributed Mobility Management,2014,/api/v1/doc/document/draft-ietf-dmm-requirements/,/api/v1/doc/document/draft-chan-dmm-requirements/,draft-ietf-dmm-requirements,draft-chan-dmm-requirements,0.968421052631579,0.8571428571428571,1.0,1.0,0.9500751879699249,True
7345,UDP Transport Layer (UDPTL) over Datagram Transport Layer Security (DTLS),2014,/api/v1/doc/document/draft-ietf-mmusic-udptl-dtls/,/api/v1/doc/document/draft-holmberg-mmusic-udptl-dtls/,draft-ietf-mmusic-udptl-dtls,draft-holmberg-mmusic-udptl-dtls,1.0,0.7407407407407407,1.0,1.0,0.9351851851851852,True
7345,UDP Transport Layer (UDPTL) over Datagram Transport Layer Security (DTLS),2014,/api/v1/doc/document/draft-ietf-mmusic-udptl-dtls/,/api/v1/doc/document/draft-holmberg-dispatch-udptl-dtls/,draft-ietf-mmusic-udptl-dtls,draft-holmberg-dispatch-udptl-dtls,1.0,0.6896551724137931,1.0,1.0,0.9224137931034483,False
7353,Security Requirements for BGP Path Validation,2014,/api/v1/doc/document/draft-ietf-sidr-bgpsec-reqs/,/api/v1/doc/document/draft-ymbk-bgpsec-reqs/,draft-ietf-sidr-bgpsec-reqs,draft-ymbk-bgpsec-reqs,1.0,1.0,1.0,1.0,0.9999999999999999,True
7335,IPv4 Service Continuity Prefix,2014,/api/v1/doc/document/draft-ietf-v6ops-clatip/,/api/v1/doc/document/draft-byrne-v6ops-clatip/,draft-ietf-v6ops-clatip,draft-byrne-v6ops-clatip,0.3142857142857143,0.6666666666666666,0.5,1.0,0.508095238095238,True
7359,Layer 3 Virtual Private Network (VPN) Tunnel Traffic Leakages in Dual-Stack Hosts/Networks,2014,/api/v1/doc/document/draft-ietf-opsec-vpn-leakages/,/api/v1/doc/document/draft-gont-opsec-vpn-leakages/,draft-ietf-opsec-vpn-leakages,draft-gont-opsec-vpn-leakages,0.906832298136646,0.8,0.8333333333333334,1.0,0.8747412008281573,True
7344,Automating DNSSEC Delegation Trust Maintenance,2014,/api/v1/doc/document/draft-ietf-dnsop-delegation-trust-maintainance/,/api/v1/doc/document/draft-kumari-ogud-dnsop-cds/,draft-ietf-dnsop-delegation-trust-maintainance,draft-kumari-ogud-dnsop-cds,1.0,0.18604651162790697,1.0,1.0,0.7965116279069767,True
7356,IS-IS Flooding Scope Link State PDUs (LSPs),2014,/api/v1/doc/document/draft-ietf-isis-fs-lsp/,/api/v1/doc/document/draft-ginsberg-isis-fs-lsp/,draft-ietf-isis-fs-lsp,draft-ginsberg-isis-fs-lsp,0.7575757575757576,0.7058823529411765,0.5,1.0,0.717379679144385,True
7357,Transparent Interconnection of Lots of Links (TRILL): End Station Address Distribution Information (ESADI) Protocol,2014,/api/v1/doc/document/draft-ietf-trill-esadi/,/api/v1/doc/document/draft-hu-trill-rbridge-esadi/,draft-ietf-trill-esadi,draft-hu-trill-rbridge-esadi,0.3283582089552239,0.4166666666666667,0.3333333333333333,1.0,0.41859452736318403,True
7363,Self-Tuning Distributed Hash Table (DHT) for REsource LOcation And Discovery (RELOAD),2014,/api/v1/doc/document/draft-ietf-p2psip-self-tuning/,/api/v1/doc/document/draft-maenpaa-p2psip-self-tuning/,draft-ietf-p2psip-self-tuning,draft-maenpaa-p2psip-self-tuning,0.9878048780487805,0.7586206896551724,1.0,1.0,0.9341673675357444,True
7360,Datagram Transport Layer Security (DTLS) as a Transport Layer for RADIUS,2014,/api/v1/doc/document/draft-ietf-radext-dtls/,/api/v1/doc/document/draft-dekok-radext-dtls/,draft-ietf-radext-dtls,draft-dekok-radext-dtls,0.6792452830188679,0.5333333333333333,0.6666666666666666,1.0,0.6723270440251572,True
7285,Application-Layer Traffic Optimization (ALTO) Protocol,2014,/api/v1/doc/document/draft-ietf-alto-protocol/,/api/v1/doc/document/draft-penno-alto-protocol/,draft-ietf-alto-protocol,draft-penno-alto-protocol,0.4,0.7619047619047619,0.2,1.0,0.5104761904761905,True
7361,LDP Extensions for Optimized MAC Address Withdrawal in a Hierarchical Virtual Private LAN Service (H-VPLS),2014,/api/v1/doc/document/draft-ietf-l2vpn-vpls-ldp-mac-opt/,/api/v1/doc/document/draft-pdutta-l2vpn-vpls-ldp-mac-opt/,draft-ietf-l2vpn-vpls-ldp-mac-opt,draft-pdutta-l2vpn-vpls-ldp-mac-opt,0.7393939393939394,0.8421052631578947,0.8,1.0,0.8032535885167464,True
7338,Requirements and Framework for Point-to-Multipoint Pseudowires over MPLS Packet Switched Networks,2014,/api/v1/doc/document/draft-ietf-pwe3-p2mp-pw-requirements/,/api/v1/doc/document/draft-jounay-pwe3-p2mp-pw-requirements/,draft-ietf-pwe3-p2mp-pw-requirements,draft-jounay-pwe3-p2mp-pw-requirements,0.6527777777777778,0.8888888888888888,0.6666666666666666,1.0,0.7493055555555556,True
7362,Latching: Hosted NAT Traversal (HNT) for Media in Real-Time Communication,2014,/api/v1/doc/document/draft-ietf-mmusic-latching/,/api/v1/doc/document/draft-ivov-mmusic-latching/,draft-ietf-mmusic-latching,draft-ivov-mmusic-latching,1.0,0.6956521739130435,1.0,1.0,0.9239130434782609,True
7362,Latching: Hosted NAT Traversal (HNT) for Media in Real-Time Communication,2014,/api/v1/doc/document/draft-ivov-mmusic-latching/,/api/v1/doc/document/draft-kaplan-mmusic-latching/,draft-ivov-mmusic-latching,draft-kaplan-mmusic-latching,1.0,1.0,1.0,1.0,0.9999999999999999,True
7352,Sieve Email Filtering: Detecting Duplicate Deliveries,2014,/api/v1/doc/document/draft-ietf-appsawg-sieve-duplicate/,/api/v1/doc/document/draft-bosch-sieve-duplicate/,draft-ietf-appsawg-sieve-duplicate,draft-bosch-sieve-duplicate,1.0,1.0,1.0,1.0,0.9999999999999999,True
7366,Encrypt-then-MAC for Transport Layer Security (TLS) and Datagram Transport Layer Security (DTLS),2014,/api/v1/doc/document/draft-ietf-tls-encrypt-then-mac/,/api/v1/doc/document/draft-gutmann-tls-encrypt-then-mac/,draft-ietf-tls-encrypt-then-mac,draft-gutmann-tls-encrypt-then-mac,0.528,0.8888888888888888,0.75,1.0,0.7098222222222222,True
7372,Email Authentication Status Codes,2014,/api/v1/doc/document/draft-ietf-appsawg-email-auth-codes/,/api/v1/doc/document/draft-kucherawy-email-auth-codes/,draft-ietf-appsawg-email-auth-codes,draft-kucherawy-email-auth-codes,1.0,1.0,1.0,1.0,0.9999999999999999,True
7323,TCP Extensions for High Performance,2014,/api/v1/doc/document/draft-ietf-tcpm-1323bis/,/api/v1/doc/document/draft-borman-1323bis/,draft-ietf-tcpm-1323bis,draft-borman-1323bis,1.0,1.0,1.0,-0.5,0.8499999999999999,True
7371,Updates to the IPv6 Multicast Addressing Architecture,2014,/api/v1/doc/document/draft-ietf-6man-multicast-addr-arch-update/,/api/v1/doc/document/draft-boucadair-6man-multicast-addr-arch-update/,draft-ietf-6man-multicast-addr-arch-update,draft-boucadair-6man-multicast-addr-arch-update,1.0,0.9122807017543859,1.0,1.0,0.9780701754385964,True
7339,Session Initiation Protocol (SIP) Overload Control,2014,/api/v1/doc/document/draft-ietf-soc-overload-control/,/api/v1/doc/document/draft-gurbani-soc-overload-control/,draft-ietf-soc-overload-control,draft-gurbani-soc-overload-control,1.0,0.8888888888888888,1.0,1.0,0.9722222222222222,True
7339,Session Initiation Protocol (SIP) Overload Control,2014,/api/v1/doc/document/draft-gurbani-soc-overload-control/,/api/v1/doc/document/draft-hilt-sipping-overload/,draft-gurbani-soc-overload-control,draft-hilt-sipping-overload,1.0,0.5555555555555556,1.0,1.0,0.888888888888889,True
7340,Secure Telephone Identity Problem Statement and Requirements,2014,/api/v1/doc/document/draft-ietf-stir-problem-statement/,/api/v1/doc/document/draft-peterson-secure-origin-ps/,draft-ietf-stir-problem-statement,draft-peterson-secure-origin-ps,0.732824427480916,0.12121212121212122,0.4444444444444444,1.0,0.5489629115583314,True
7322,RFC Style Guide,2014,/api/v1/doc/document/draft-iab-styleguide/,/api/v1/doc/document/draft-flanagan-style/,draft-iab-styleguide,draft-flanagan-style,1.0,0.6666666666666666,1.0,1.0,0.9166666666666666,True
7373,Textual Representation of IP Flow Information Export (IPFIX) Abstract Data Types,2014,/api/v1/doc/document/draft-ietf-ipfix-text-adt/,/api/v1/doc/document/draft-trammell-ipfix-text-adt/,draft-ietf-ipfix-text-adt,draft-trammell-ipfix-text-adt,0.7906976744186046,0.7272727272727273,0.6666666666666666,1.0,0.7709654686398871,True
7358,Label Advertisement Discipline for LDP Forwarding Equivalence Classes (FECs),2014,/api/v1/doc/document/draft-ietf-mpls-ldp-applicability-label-adv/,/api/v1/doc/document/draft-raza-mpls-ldp-applicability-label-adv/,draft-ietf-mpls-ldp-applicability-label-adv,draft-raza-mpls-ldp-applicability-label-adv,0.3697478991596639,0.9152542372881356,0.8,1.0,0.6552001139438827,True
7364,Problem Statement: Overlays for Network Virtualization,2014,/api/v1/doc/document/draft-ietf-nvo3-overlay-problem-statement/,/api/v1/doc/document/draft-narten-nvo3-overlay-problem-statement/,draft-ietf-nvo3-overlay-problem-statement,draft-narten-nvo3-overlay-problem-statement,1.0,0.9090909090909091,1.0,1.0,0.9772727272727272,True
7365,Framework for Data Center (DC) Network Virtualization,2014,/api/v1/doc/document/draft-ietf-nvo3-framework/,/api/v1/doc/document/draft-lasserre-nvo3-framework/,draft-ietf-nvo3-framework,draft-lasserre-nvo3-framework,0.8666666666666667,0.782608695652174,0.6,1.0,0.8056521739130434,True
7367,Definition of Managed Objects for the Mobile Ad Hoc Network (MANET) Simplified Multicast Framework Relay Set Process,2014,/api/v1/doc/document/draft-ietf-manet-smf-mib/,/api/v1/doc/document/draft-cole-manet-smf-mib/,draft-ietf-manet-smf-mib,draft-cole-manet-smf-mib,0.8932038834951457,0.7,0.7692307692307693,1.0,0.8307879014189694,True
7386,JSON Merge Patch,2014,/api/v1/doc/document/draft-ietf-appsawg-json-merge-patch/,/api/v1/doc/document/draft-snell-merge-patch/,draft-ietf-appsawg-json-merge-patch,draft-snell-merge-patch,0.5423728813559322,0.8148148148148148,0.6666666666666666,1.0,0.6811048336472065,True
7369,"GMPLS RSVP-TE Extensions for Ethernet Operations, Administration, and Maintenance (OAM) Configuration",2014,/api/v1/doc/document/draft-ietf-ccamp-rsvp-te-eth-oam-ext/,/api/v1/doc/document/draft-takacs-ccamp-rsvp-te-eth-oam-ext/,draft-ietf-ccamp-rsvp-te-eth-oam-ext,draft-takacs-ccamp-rsvp-te-eth-oam-ext,0.7236842105263158,0.8636363636363636,0.8,1.0,0.8015669856459331,True
7379,Problem Statement and Goals for Active-Active Connection at the Transparent Interconnection of Lots of Links (TRILL) Edge,2014,/api/v1/doc/document/draft-ietf-trill-active-active-connection-prob/,/api/v1/doc/document/draft-yizhou-trill-active-active-connection-prob/,draft-ietf-trill-active-active-connection-prob,draft-yizhou-trill-active-active-connection-prob,0.64,0.90625,0.75,1.0,0.7645625,True
7374,Service Discovery Usage for REsource LOcation And Discovery (RELOAD),2014,/api/v1/doc/document/draft-ietf-p2psip-service-discovery/,/api/v1/doc/document/draft-maenpaa-p2psip-service-discovery/,draft-ietf-p2psip-service-discovery,draft-maenpaa-p2psip-service-discovery,1.0,0.8292682926829268,1.0,1.0,0.9573170731707318,True
7375,Secure Telephone Identity Threat Model,2014,/api/v1/doc/document/draft-ietf-stir-threats/,/api/v1/doc/document/draft-peterson-stir-threats/,draft-ietf-stir-threats,draft-peterson-stir-threats,1.0,0.7368421052631579,1.0,1.0,0.9342105263157895,True
7381,Enterprise IPv6 Deployment Guidelines,2014,/api/v1/doc/document/draft-ietf-v6ops-enterprise-incremental-ipv6/,/api/v1/doc/document/draft-chkpvc-enterprise-incremental-ipv6/,draft-ietf-v6ops-enterprise-incremental-ipv6,draft-chkpvc-enterprise-incremental-ipv6,0.59375,1.0,1.0,1.0,0.8171875000000001,True
7387,A Framework for Ethernet Tree (E-Tree) Service over a Multiprotocol Label Switching (MPLS) Network,2014,/api/v1/doc/document/draft-ietf-l2vpn-etree-frwk/,/api/v1/doc/document/draft-key-l2vpn-etree-frwk/,draft-ietf-l2vpn-etree-frwk,draft-key-l2vpn-etree-frwk,0.676056338028169,0.7692307692307693,0.6666666666666666,1.0,0.7298663777537017,True
7368,IPv6 Home Networking Architecture Principles,2014,/api/v1/doc/document/draft-ietf-homenet-arch/,/api/v1/doc/document/draft-chown-homenet-arch/,draft-ietf-homenet-arch,draft-chown-homenet-arch,0.7901234567901234,0.5,0.8,1.0,0.7405555555555555,True
7368,IPv6 Home Networking Architecture Principles,2014,/api/v1/doc/document/draft-chown-homenet-arch/,/api/v1/doc/document/draft-arkko-townsley-homenet-arch/,draft-chown-homenet-arch,draft-arkko-townsley-homenet-arch,1.0,0.7272727272727273,1.0,1.0,0.9318181818181818,True
7388,Definition of Managed Objects for IPv6 over Low-Power Wireless Personal Area Networks (6LoWPANs),2014,/api/v1/doc/document/draft-ietf-6lo-lowpan-mib/,/api/v1/doc/document/draft-schoenw-6lo-lowpan-mib/,draft-ietf-6lo-lowpan-mib,draft-schoenw-6lo-lowpan-mib,1.0,0.8333333333333334,1.0,1.0,0.9583333333333334,True
7388,Definition of Managed Objects for IPv6 over Low-Power Wireless Personal Area Networks (6LoWPANs),2014,/api/v1/doc/document/draft-schoenw-6lo-lowpan-mib/,/api/v1/doc/document/draft-schoenw-6lowpan-mib/,draft-schoenw-6lo-lowpan-mib,draft-schoenw-6lowpan-mib,1.0,0.88,1.0,1.0,0.9700000000000001,True
7390,Group Communication for the Constrained Application Protocol (CoAP),2014,/api/v1/doc/document/draft-ietf-core-groupcomm/,/api/v1/doc/document/draft-rahman-core-groupcomm/,draft-ietf-core-groupcomm,draft-rahman-core-groupcomm,0.6021505376344086,0.782608695652174,0.6,1.0,0.6866199158485273,True
7395,An Extensible Messaging and Presence Protocol (XMPP) Subprotocol for WebSocket,2014,/api/v1/doc/document/draft-ietf-xmpp-websocket/,/api/v1/doc/document/draft-moffitt-xmpp-over-websocket/,draft-ietf-xmpp-websocket,draft-moffitt-xmpp-over-websocket,0.6,0.6428571428571429,0.3333333333333333,1.0,0.5973809523809523,True
7391,Forwarding and Control Element Separation (ForCES) Protocol Extensions,2014,/api/v1/doc/document/draft-ietf-forces-protoextension/,/api/v1/doc/document/draft-jhs-forces-protoextenstion/,draft-ietf-forces-protoextension,draft-jhs-forces-protoextenstion,0.5531914893617021,0.7777777777777778,0.3333333333333333,1.0,0.6100472813238771,True
7399,Unanswered Questions in the Path Computation Element Architecture,2014,/api/v1/doc/document/draft-ietf-pce-questions/,/api/v1/doc/document/draft-farrkingel-pce-questions/,draft-ietf-pce-questions,draft-farrkingel-pce-questions,1.0,0.8181818181818182,1.0,1.0,0.9545454545454545,True
7383,Internet Key Exchange Protocol Version 2 (IKEv2) Message Fragmentation,2014,/api/v1/doc/document/draft-ietf-ipsecme-ikev2-fragmentation/,/api/v1/doc/document/draft-smyslov-ipsecme-ikev2-fragmentation/,draft-ietf-ipsecme-ikev2-fragmentation,draft-smyslov-ipsecme-ikev2-fragmentation,0.4367816091954023,0.8260869565217391,0.6666666666666666,1.0,0.6364067966016991,True
7394,Definition of Time to Live TLV for LSP-Ping Mechanisms,2014,/api/v1/doc/document/draft-ietf-mpls-lsp-ping-ttl-tlv/,/api/v1/doc/document/draft-boutros-mpls-lsp-ping-ttl-tlv/,draft-ietf-mpls-lsp-ping-ttl-tlv,draft-boutros-mpls-lsp-ping-ttl-tlv,1.0,0.8648648648648649,1.0,1.0,0.9662162162162161,True
7400,6LoWPAN-GHC: Generic Header Compression for IPv6 over Low-Power Wireless Personal Area Networks (6LoWPANs),2014,/api/v1/doc/document/draft-ietf-6lo-ghc/,/api/v1/doc/document/draft-bormann-6lo-ghc/,draft-ietf-6lo-ghc,draft-bormann-6lo-ghc,0.5180722891566265,0.6,0.5,1.0,0.5831325301204819,True
7400,6LoWPAN-GHC: Generic Header Compression for IPv6 over Low-Power Wireless Personal Area Networks (6LoWPANs),2014,/api/v1/doc/document/draft-bormann-6lo-ghc/,/api/v1/doc/document/draft-bormann-6lowpan-ghc/,draft-bormann-6lo-ghc,draft-bormann-6lowpan-ghc,1.0,0.7777777777777778,1.0,1.0,0.9444444444444445,True
7423,Diameter Applications Design Guidelines,2014,/api/v1/doc/document/draft-ietf-dime-app-design-guide/,/api/v1/doc/document/draft-fajardo-dime-app-design-guide/,draft-ietf-dime-app-design-guide,draft-fajardo-dime-app-design-guide,1.0,0.8648648648648649,1.0,-0.5,0.8162162162162161,True
7409,Forwarding and Control Element Separation (ForCES) Packet Parallelization,2014,/api/v1/doc/document/draft-ietf-forces-packet-parallelization/,/api/v1/doc/document/draft-haleplidis-forces-packet-parallelization/,draft-ietf-forces-packet-parallelization,draft-haleplidis-forces-packet-parallelization,0.58,0.8627450980392157,0.6666666666666666,1.0,0.7100196078431372,True
7410,A Property Types Registry for the Authentication-Results Header Field,2014,/api/v1/doc/document/draft-ietf-appsawg-authres-ptypes-registry/,/api/v1/doc/document/draft-kucherawy-authres-ptypes-registry/,draft-ietf-appsawg-authres-ptypes-registry,draft-kucherawy-authres-ptypes-registry,1.0,1.0,1.0,1.0,0.9999999999999999,True
7412,Requirements for MPLS Transport Profile (MPLS-TP) Shared Mesh Protection,2014,/api/v1/doc/document/draft-ietf-mpls-smp-requirements/,/api/v1/doc/document/draft-weingarten-mpls-smp-requirements/,draft-ietf-mpls-smp-requirements,draft-weingarten-mpls-smp-requirements,0.7719298245614035,0.8648648648648649,0.7142857142857143,1.0,0.8064417801259907,True
7378,Trustworthy Location,2014,/api/v1/doc/document/draft-ietf-ecrit-trustworthy-location/,/api/v1/doc/document/draft-tschofenig-ecrit-trustworthy-location/,draft-ietf-ecrit-trustworthy-location,draft-tschofenig-ecrit-trustworthy-location,0.7692307692307693,0.8695652173913043,0.6666666666666666,1.0,0.7968784838350056,True
7407,A YANG Data Model for SNMP Configuration,2014,/api/v1/doc/document/draft-ietf-netmod-snmp-cfg/,/api/v1/doc/document/draft-bjorklund-netmod-snmp-cfg/,draft-ietf-netmod-snmp-cfg,draft-bjorklund-netmod-snmp-cfg,1.0,0.6956521739130435,1.0,1.0,0.9239130434782609,True
7406,Extensions to the Emergency Services Architecture for Dealing With Unauthenticated and Unauthorized Devices,2014,/api/v1/doc/document/draft-ietf-ecrit-unauthenticated-access/,/api/v1/doc/document/draft-schulzrinne-ecrit-unauthenticated-access/,draft-ietf-ecrit-unauthenticated-access,draft-schulzrinne-ecrit-unauthenticated-access,1.0,0.88,1.0,1.0,0.9700000000000001,True
7413,TCP Fast Open,2014,/api/v1/doc/document/draft-ietf-tcpm-fastopen/,/api/v1/doc/document/draft-cheng-tcpm-fastopen/,draft-ietf-tcpm-fastopen,draft-cheng-tcpm-fastopen,1.0,0.7619047619047619,1.0,1.0,0.9404761904761904,True
7420,Path Computation Element Communication Protocol (PCEP) Management Information Base (MIB) Module,2014,/api/v1/doc/document/draft-ietf-pce-pcep-mib/,/api/v1/doc/document/draft-kkoushik-pce-pcep-mib/,draft-ietf-pce-pcep-mib,draft-kkoushik-pce-pcep-mib,0.7866666666666666,0.8,0.6666666666666666,-0.5,0.6373333333333333,True
7416,A Security Threat Analysis for the Routing Protocol for Low-Power and Lossy Networks (RPLs),2015,/api/v1/doc/document/draft-ietf-roll-security-threats/,/api/v1/doc/document/draft-ietf-roll-security-framework/,draft-ietf-roll-security-threats,draft-ietf-roll-security-framework,0.7354838709677419,0.6470588235294118,0.5454545454545454,1.0,0.701823356908746,True
7416,A Security Threat Analysis for the Routing Protocol for Low-Power and Lossy Networks (RPLs),2015,/api/v1/doc/document/draft-ietf-roll-security-framework/,/api/v1/doc/document/draft-tsao-roll-security-framework/,draft-ietf-roll-security-framework,draft-tsao-roll-security-framework,1.0,0.8780487804878049,1.0,1.0,0.9695121951219513,True
7439,Gap Analysis for Operating IPv6-Only MPLS Networks,2015,/api/v1/doc/document/draft-ietf-mpls-ipv6-only-gap/,/api/v1/doc/document/draft-george-mpls-ipv6-only-gap/,draft-ietf-mpls-ipv6-only-gap,draft-george-mpls-ipv6-only-gap,1.0,0.8387096774193549,1.0,1.0,0.9596774193548386,True
7421,Analysis of the 64-bit Boundary in IPv6 Addressing,2015,/api/v1/doc/document/draft-ietf-6man-why64/,/api/v1/doc/document/draft-carpenter-6man-why64/,draft-ietf-6man-why64,draft-carpenter-6man-why64,1.0,0.6666666666666666,1.0,1.0,0.9166666666666666,True
7424,Mechanisms for Optimizing Link Aggregation Group (LAG) and Equal-Cost Multipath (ECMP) Component Link Utilization in Networks,2015,/api/v1/doc/document/draft-ietf-opsawg-large-flow-load-balancing/,/api/v1/doc/document/draft-krishnan-opsawg-large-flow-load-balancing/,draft-ietf-opsawg-large-flow-load-balancing,draft-krishnan-opsawg-large-flow-load-balancing,0.7225130890052356,0.8771929824561403,0.8,1.0,0.8044291356663911,True
7424,Mechanisms for Optimizing Link Aggregation Group (LAG) and Equal-Cost Multipath (ECMP) Component Link Utilization in Networks,2015,/api/v1/doc/document/draft-krishnan-opsawg-large-flow-load-balancing/,/api/v1/doc/document/draft-krishnan-large-flow-load-balancing/,draft-krishnan-opsawg-large-flow-load-balancing,draft-krishnan-large-flow-load-balancing,0.7901234567901234,0.8771929824561403,0.8,1.0,0.8348538011695906,True
7438,Multipoint LDP (mLDP) In-Band Signaling with Wildcards,2015,/api/v1/doc/document/draft-ietf-mpls-mldp-in-band-wildcard-encoding/,/api/v1/doc/document/draft-wijnands-mpls-mldp-in-band-wildcard-encoding/,draft-ietf-mpls-mldp-in-band-wildcard-encoding,draft-wijnands-mpls-mldp-in-band-wildcard-encoding,0.8314606741573034,0.9230769230769231,0.8,1.0,0.8649265341400174,True
7429,Distributed Mobility Management: Current Practices and Gap Analysis,2015,/api/v1/doc/document/draft-ietf-dmm-best-practices-gap-analysis/,/api/v1/doc/document/draft-liu-dmm-best-practices-gap-analysis/,draft-ietf-dmm-best-practices-gap-analysis,draft-liu-dmm-best-practices-gap-analysis,1.0,0.9310344827586207,1.0,1.0,0.9827586206896551,True
7433,A Mechanism for Transporting User-to-User Call Control Information in SIP,2015,/api/v1/doc/document/draft-ietf-cuss-sip-uui/,/api/v1/doc/document/draft-johnston-cuss-sip-uui/,draft-ietf-cuss-sip-uui,draft-johnston-cuss-sip-uui,1.0,0.7368421052631579,1.0,1.0,0.9342105263157895,True
7434,Interworking ISDN Call Control User Information with SIP,2015,/api/v1/doc/document/draft-ietf-cuss-sip-uui-isdn/,/api/v1/doc/document/draft-drage-cuss-sip-uui-isdn/,draft-ietf-cuss-sip-uui-isdn,draft-drage-cuss-sip-uui-isdn,1.0,0.8275862068965517,1.0,1.0,0.956896551724138,True
7441,Encoding Multipoint LDP (mLDP) Forwarding Equivalence Classes (FECs) in the NLRI of BGP MCAST-VPN Routes,2015,/api/v1/doc/document/draft-ietf-l3vpn-mvpn-mldp-nlri/,/api/v1/doc/document/draft-rosen-l3vpn-mvpn-mldp-nlri/,draft-ietf-l3vpn-mvpn-mldp-nlri,draft-rosen-l3vpn-mvpn-mldp-nlri,0.7012987012987013,0.8235294117647058,0.75,1.0,0.771466768525592,True
7414,A Roadmap for Transmission Control Protocol (TCP) Specification Documents,2015,/api/v1/doc/document/draft-ietf-tcpm-tcp-rfc4614bis/,/api/v1/doc/document/draft-zimmermann-tcpm-tcp-rfc4614bis/,draft-ietf-tcpm-tcp-rfc4614bis,draft-zimmermann-tcpm-tcp-rfc4614bis,1.0,0.8484848484848485,1.0,1.0,0.962121212121212,True
7442,Carrying Protocol Independent Multicast - Sparse Mode (PIM-SM) in Any-Source Multicast (ASM) Mode Trees over Multipoint LDP (mLDP),2015,/api/v1/doc/document/draft-ietf-mpls-pim-sm-over-mldp/,/api/v1/doc/document/draft-rekhter-mpls-pim-sm-over-mldp/,draft-ietf-mpls-pim-sm-over-mldp,draft-rekhter-mpls-pim-sm-over-mldp,0.5257142857142857,0.8648648648648649,0.75,1.0,0.7027876447876448,True
7447,Deprecation of BGP Entropy Label Capability Attribute,2015,/api/v1/doc/document/draft-ietf-mpls-deprecate-bgp-entropy-label/,/api/v1/doc/document/draft-scudder-mpls-deprecate-bgp-entropy-label/,draft-ietf-mpls-deprecate-bgp-entropy-label,draft-scudder-mpls-deprecate-bgp-entropy-label,1.0,0.9152542372881356,1.0,1.0,0.9788135593220338,True
7449,Path Computation Element Communication Protocol (PCEP) Requirements for Wavelength Switched Optical Network (WSON) Routing and Wavelength Assignment,2015,/api/v1/doc/document/draft-ietf-pce-wson-routing-wavelength/,/api/v1/doc/document/draft-lee-pce-wson-routing-wavelength/,draft-ietf-pce-wson-routing-wavelength,draft-lee-pce-wson-routing-wavelength,0.5882352941176471,0.92,0.75,1.0,0.7447058823529412,True
7457,Summarizing Known Attacks on Transport Layer Security (TLS) and Datagram TLS (DTLS),2015,/api/v1/doc/document/draft-ietf-uta-tls-attacks/,/api/v1/doc/document/draft-sheffer-uta-tls-attacks/,draft-ietf-uta-tls-attacks,draft-sheffer-uta-tls-attacks,0.6065573770491803,0.8461538461538461,0.6666666666666666,1.0,0.7178226145439259,True
7446,Routing and Wavelength Assignment Information Model for Wavelength Switched Optical Networks,2015,/api/v1/doc/document/draft-ietf-ccamp-rwa-info/,/api/v1/doc/document/draft-bernstein-ccamp-wson-info/,draft-ietf-ccamp-rwa-info,draft-bernstein-ccamp-wson-info,1.0,0.5217391304347826,1.0,-0.5,0.7304347826086957,True
7448,MIB Transfer from the IETF to the IEEE 802.3 WG,2015,/api/v1/doc/document/draft-ietf-opsawg-mibs-to-ieee80231/,/api/v1/doc/document/draft-taylor-opsawg-mibs-to-ieee80231/,draft-ietf-opsawg-mibs-to-ieee80231,draft-taylor-opsawg-mibs-to-ieee80231,0.5538461538461539,0.8292682926829268,0.6666666666666666,1.0,0.6898811757348342,True
7398,A Reference Path and Measurement Points for Large-Scale Measurement of Broadband Performance,2015,/api/v1/doc/document/draft-ietf-ippm-lmap-path/,/api/v1/doc/document/draft-morton-ippm-lmap-path/,draft-ietf-ippm-lmap-path,draft-morton-ippm-lmap-path,0.6714285714285714,0.782608695652174,0.6666666666666666,1.0,0.7311283643892339,True
7454,BGP Operations and Security,2015,/api/v1/doc/document/draft-ietf-opsec-bgp-security/,/api/v1/doc/document/draft-jdurand-bgp-security/,draft-ietf-opsec-bgp-security,draft-jdurand-bgp-security,1.0,1.0,1.0,1.0,0.9999999999999999,True
7465,Prohibiting RC4 Cipher Suites,2015,/api/v1/doc/document/draft-ietf-tls-prohibiting-rc4/,/api/v1/doc/document/draft-popov-tls-prohibiting-rc4/,draft-ietf-tls-prohibiting-rc4,draft-popov-tls-prohibiting-rc4,1.0,0.8823529411764706,1.0,1.0,0.9705882352941176,True
7453,MPLS Transport Profile (MPLS-TP) Traffic Engineering (TE) Management Information Base (MIB),2015,/api/v1/doc/document/draft-ietf-mpls-tp-te-mib/,/api/v1/doc/document/draft-vkst-mpls-tp-te-mib/,draft-ietf-mpls-tp-te-mib,draft-vkst-mpls-tp-te-mib,0.8435374149659864,0.782608695652174,0.7777777777777778,1.0,0.830799566203293,True
7459,Representation of Uncertainty and Confidence in the Presence Information Data Format Location Object (PIDF-LO),2015,/api/v1/doc/document/draft-ietf-geopriv-uncertainty/,/api/v1/doc/document/draft-thomson-geopriv-uncertainty/,draft-ietf-geopriv-uncertainty,draft-thomson-geopriv-uncertainty,0.6748466257668712,0.7333333333333333,0.5,1.0,0.6870143149284254,True
7459,Representation of Uncertainty and Confidence in the Presence Information Data Format Location Object (PIDF-LO),2015,/api/v1/doc/document/draft-ietf-geopriv-uncertainty/,/api/v1/doc/document/draft-thomson-geopriv-confidence/,draft-ietf-geopriv-uncertainty,draft-thomson-geopriv-confidence,0.52,0.20689655172413793,0.2727272727272727,1.0,0.4402695924764891,False
7470,Conveying Vendor-Specific Constraints in the Path Computation Element Communication Protocol,2015,/api/v1/doc/document/draft-ietf-pce-rfc7150bis/,/api/v1/doc/document/draft-farrel-pce-rfc7150bis/,draft-ietf-pce-rfc7150bis,draft-farrel-pce-rfc7150bis,1.0,0.8333333333333334,1.0,1.0,0.9583333333333334,True
7471,OSPF Traffic Engineering (TE) Metric Extensions,2015,/api/v1/doc/document/draft-ietf-ospf-te-metric-extensions/,/api/v1/doc/document/draft-ospf-te-metric-extensions/,draft-ietf-ospf-te-metric-extensions,draft-ospf-te-metric-extensions,1.0,1.0,1.0,1.0,0.9999999999999999,True
7445,Analysis of Failure Cases in IPv6 Roaming Scenarios,2015,/api/v1/doc/document/draft-ietf-v6ops-ipv6-roaming-analysis/,/api/v1/doc/document/draft-chen-v6ops-ipv6-roaming-analysis/,draft-ietf-v6ops-ipv6-roaming-analysis,draft-chen-v6ops-ipv6-roaming-analysis,0.4444444444444444,0.875,0.75,1.0,0.66875,True
7455,Transparent Interconnection of Lots of Links (TRILL): Fault Management,2015,/api/v1/doc/document/draft-ietf-trill-oam-fm/,/api/v1/doc/document/draft-tissa-trill-oam-fm/,draft-ietf-trill-oam-fm,draft-tissa-trill-oam-fm,0.4943820224719101,0.6666666666666666,0.5,1.0,0.5891385767790261,True
7456,Loss and Delay Measurement in Transparent Interconnection of Lots of Links (TRILL),2015,/api/v1/doc/document/draft-ietf-trill-loss-delay/,/api/v1/doc/document/draft-mizrahi-trill-loss-delay/,draft-ietf-trill-loss-delay,draft-mizrahi-trill-loss-delay,1.0,0.7692307692307693,1.0,1.0,0.9423076923076924,True
7466,An Optimization for the Mobile Ad Hoc Network (MANET) Neighborhood Discovery Protocol (NHDP),2015,/api/v1/doc/document/draft-ietf-manet-nhdp-optimization/,/api/v1/doc/document/draft-dearlove-manet-nhdp-optimization/,draft-ietf-manet-nhdp-optimization,draft-dearlove-manet-nhdp-optimization,0.8571428571428571,0.85,0.6666666666666666,1.0,0.831547619047619,True
7473,Controlling State Advertisements of Non-negotiated LDP Applications,2015,/api/v1/doc/document/draft-ietf-mpls-ldp-ip-pw-capability/,/api/v1/doc/document/draft-raza-mpls-ldp-ip-pw-capability/,draft-ietf-mpls-ldp-ip-pw-capability,draft-raza-mpls-ldp-ip-pw-capability,0.1978021978021978,0.8888888888888888,0.6666666666666666,1.0,0.5445665445665445,True
7486,HTTP Origin-Bound Authentication (HOBA),2015,/api/v1/doc/document/draft-ietf-httpauth-hoba/,/api/v1/doc/document/draft-farrell-httpbis-hoba/,draft-ietf-httpauth-hoba,draft-farrell-httpbis-hoba,1.0,0.5,1.0,1.0,0.8749999999999999,True
7488,Port Control Protocol (PCP) Server Selection,2015,/api/v1/doc/document/draft-ietf-pcp-server-selection/,/api/v1/doc/document/draft-boucadair-pcp-server-selection/,draft-ietf-pcp-server-selection,draft-boucadair-pcp-server-selection,0.6451612903225806,0.8888888888888888,0.6666666666666666,1.0,0.7458781362007169,True
7477,Child-to-Parent Synchronization in DNS,2015,/api/v1/doc/document/draft-ietf-dnsop-child-syncronization/,/api/v1/doc/document/draft-hardaker-dnsop-csync/,draft-ietf-dnsop-child-syncronization,draft-hardaker-dnsop-csync,1.0,0.3225806451612903,1.0,1.0,0.8306451612903226,True
7478,Web Real-Time Communication Use Cases and Requirements,2015,/api/v1/doc/document/draft-ietf-rtcweb-use-cases-and-requirements/,/api/v1/doc/document/draft-holmberg-rtcweb-ucreqs/,draft-ietf-rtcweb-use-cases-and-requirements,draft-holmberg-rtcweb-ucreqs,1.0,0.3076923076923077,1.0,1.0,0.826923076923077,True
7487,"Configuration of Proactive Operations, Administration, and Maintenance (OAM) Functions for MPLS-Based Transport Networks Using RSVP-TE",2015,/api/v1/doc/document/draft-ietf-ccamp-rsvp-te-mpls-tp-oam-ext/,/api/v1/doc/document/draft-bellagamba-ccamp-rsvp-te-mpls-tp-oam-ext/,draft-ietf-ccamp-rsvp-te-mpls-tp-oam-ext,draft-bellagamba-ccamp-rsvp-te-mpls-tp-oam-ext,0.30337078651685395,0.8846153846153846,0.8,1.0,0.6176707000864304,True
7492,Analysis of Bidirectional Forwarding Detection (BFD) Security According to the Keying and Authentication for Routing Protocols (KARP) Design Guidelines,2015,/api/v1/doc/document/draft-ietf-karp-bfd-analysis/,/api/v1/doc/document/draft-bhatia-zhang-karp-bfd-analysis/,draft-ietf-karp-bfd-analysis,draft-bhatia-zhang-karp-bfd-analysis,0.759493670886076,0.6857142857142857,0.6,1.0,0.7332007233273057,True
7452,Architectural Considerations in Smart Object Networking,2015,/api/v1/doc/document/draft-iab-smart-object-architecture/,/api/v1/doc/document/draft-tschofenig-smart-object-architecture/,draft-iab-smart-object-architecture,draft-tschofenig-smart-object-architecture,1.0,1.0,1.0,1.0,0.9999999999999999,True
7493,The I-JSON Message Format,2015,/api/v1/doc/document/draft-ietf-json-i-json/,/api/v1/doc/document/draft-bray-i-json/,draft-ietf-json-i-json,draft-bray-i-json,1.0,1.0,1.0,1.0,0.9999999999999999,True
7460,Monitoring and Control MIB for Power and Energy,2015,/api/v1/doc/document/draft-ietf-eman-energy-monitoring-mib/,/api/v1/doc/document/draft-claise-energy-monitoring-mib/,draft-ietf-eman-energy-monitoring-mib,draft-claise-energy-monitoring-mib,0.41025641025641024,1.0,1.0,1.0,0.7346153846153846,True
7461,Energy Object Context MIB,2015,/api/v1/doc/document/draft-ietf-eman-energy-aware-mib/,/api/v1/doc/document/draft-parello-eman-energy-aware-mib/,draft-ietf-eman-energy-aware-mib,draft-parello-eman-energy-aware-mib,0.4838709677419355,0.8648648648648649,0.75,-0.5,0.5339581517000872,True
7495,Enumeration Reference Format for the Incident Object Description Exchange Format (IODEF),2015,/api/v1/doc/document/draft-ietf-mile-enum-reference-format/,/api/v1/doc/document/draft-montville-mile-enum-reference-format/,draft-ietf-mile-enum-reference-format,draft-montville-mile-enum-reference-format,0.4666666666666667,0.8936170212765957,0.75,1.0,0.683404255319149,True
7462,URNs for the Alert-Info Header Field of the Session Initiation Protocol (SIP),2015,/api/v1/doc/document/draft-ietf-salud-alert-info-urns/,/api/v1/doc/document/draft-liess-dispatch-alert-info-urns/,draft-ietf-salud-alert-info-urns,draft-liess-dispatch-alert-info-urns,0.7846153846153846,0.7692307692307693,0.75,1.0,0.7953846153846154,True
7480,HTTP Usage in the Registration Data Access Protocol (RDAP),2015,/api/v1/doc/document/draft-ietf-weirds-using-http/,/api/v1/doc/document/draft-designteam-weirds-using-http/,draft-ietf-weirds-using-http,draft-designteam-weirds-using-http,0.41379310344827586,0.7407407407407407,0.6666666666666666,1.0,0.6047254150702426,True
7481,Security Services for the Registration Data Access Protocol (RDAP),2015,/api/v1/doc/document/draft-ietf-weirds-rdap-sec/,/api/v1/doc/document/draft-hollenbeck-weirds-rdap-sec/,draft-ietf-weirds-rdap-sec,draft-hollenbeck-weirds-rdap-sec,0.959349593495935,0.6956521739130435,0.8333333333333334,1.0,0.8722870272180984,True
7482,Registration Data Access Protocol (RDAP) Query Format,2015,/api/v1/doc/document/draft-ietf-weirds-rdap-query/,/api/v1/doc/document/draft-hollenbeck-weirds-unified-rdap-query/,draft-ietf-weirds-rdap-query,draft-hollenbeck-weirds-unified-rdap-query,0.8761904761904762,0.5714285714285714,0.7142857142857143,1.0,0.78,True
7483,JSON Responses for the Registration Data Access Protocol (RDAP),2015,/api/v1/doc/document/draft-ietf-weirds-json-response/,/api/v1/doc/document/draft-newton-weirds-unified-json-response/,draft-ietf-weirds-json-response,draft-newton-weirds-unified-json-response,0.43103448275862066,0.6341463414634146,0.5,1.0,0.552502102607233,True
7484,Finding the Authoritative Registration Data (RDAP) Service,2015,/api/v1/doc/document/draft-ietf-weirds-bootstrap/,/api/v1/doc/document/draft-blanchet-weirds-bootstrap-ianaregistries/,draft-ietf-weirds-bootstrap,draft-blanchet-weirds-bootstrap-ianaregistries,1.0,0.45,1.0,1.0,0.8624999999999999,True
7485,Inventory and Analysis of WHOIS Registration Objects,2015,/api/v1/doc/document/draft-ietf-weirds-object-inventory/,/api/v1/doc/document/draft-zhou-weirds-dnrd-ap-object-inventory/,draft-ietf-weirds-object-inventory,draft-zhou-weirds-dnrd-ap-object-inventory,0.42276422764227645,0.6808510638297872,0.5,1.0,0.5604566683964711,True
7532,Namespace Database (NSDB) Protocol for Federated File Systems,2015,/api/v1/doc/document/draft-ietf-nfsv4-federated-fs-protocol/,/api/v1/doc/document/draft-tewari-nfsv4-federated-fs-protocol/,draft-ietf-nfsv4-federated-fs-protocol,draft-tewari-nfsv4-federated-fs-protocol,0.7959183673469388,0.875,0.5,1.0,0.7769132653061224,True
7533,Administration Protocol for Federated File Systems,2015,/api/v1/doc/document/draft-ietf-nfsv4-federated-fs-admin/,/api/v1/doc/document/draft-ellard-nfsv4-federated-fs-admin/,draft-ietf-nfsv4-federated-fs-admin,draft-ellard-nfsv4-federated-fs-admin,0.98989898989899,0.8571428571428571,0.6666666666666666,1.0,0.893073593073593,True
7497,Rate Measurement Test Protocol Problem Statement and Requirements,2015,/api/v1/doc/document/draft-ietf-ippm-rate-problem/,/api/v1/doc/document/draft-morton-ippm-rate-problem/,draft-ietf-ippm-rate-problem,draft-morton-ippm-rate-problem,0.6868686868686869,0.8275862068965517,0.6666666666666666,1.0,0.7493207941483803,True
7499,Support of Fragmentation of RADIUS Packets,2015,/api/v1/doc/document/draft-ietf-radext-radius-fragmentation/,/api/v1/doc/document/draft-perez-radext-radius-fragmentation/,draft-ietf-radext-radius-fragmentation,draft-perez-radext-radius-fragmentation,1.0,0.851063829787234,1.0,1.0,0.9627659574468085,True
7503,OSPFv3 Autoconfiguration,2015,/api/v1/doc/document/draft-ietf-ospf-ospfv3-autoconfig/,/api/v1/doc/document/draft-acee-ospf-ospfv3-autoconfig/,draft-ietf-ospf-ospfv3-autoconfig,draft-acee-ospf-ospfv3-autoconfig,0.9795918367346939,0.8717948717948718,0.6666666666666666,1.0,0.8920983778126635,True
7510,Encapsulating MPLS in UDP,2015,/api/v1/doc/document/draft-ietf-mpls-in-udp/,/api/v1/doc/document/draft-xu-mpls-in-udp/,draft-ietf-mpls-in-udp,draft-xu-mpls-in-udp,1.0,0.7058823529411765,1.0,1.0,0.926470588235294,True
7496,Additional Policies for the Partially Reliable Stream Control Transmission Protocol Extension,2015,/api/v1/doc/document/draft-ietf-tsvwg-sctp-prpolicies/,/api/v1/doc/document/draft-tuexen-tsvwg-sctp-prpolicies/,draft-ietf-tsvwg-sctp-prpolicies,draft-tuexen-tsvwg-sctp-prpolicies,0.806282722513089,0.8333333333333334,0.6666666666666666,1.0,0.8044938917975567,True
7498,Problem Statement for Service Function Chaining,2015,/api/v1/doc/document/draft-ietf-sfc-problem-statement/,/api/v1/doc/document/draft-quinn-sfc-problem-statement/,draft-ietf-sfc-problem-statement,draft-quinn-sfc-problem-statement,0.5555555555555556,0.8947368421052632,1.0,1.0,0.7736842105263159,True
7498,Problem Statement for Service Function Chaining,2015,/api/v1/doc/document/draft-quinn-sfc-problem-statement/,/api/v1/doc/document/draft-quinn-nsc-problem-statement/,draft-quinn-sfc-problem-statement,draft-quinn-nsc-problem-statement,0.8,0.9523809523809523,0.6666666666666666,1.0,0.8314285714285714,True
7502,Methodology for Benchmarking Session Initiation Protocol (SIP) Devices: Basic Session Setup and Registration,2015,/api/v1/doc/document/draft-ietf-bmwg-sip-bench-meth/,/api/v1/doc/document/draft-poretsky-bmwg-sip-bench-meth/,draft-ietf-bmwg-sip-bench-meth,draft-poretsky-bmwg-sip-bench-meth,0.5384615384615384,0.8484848484848485,0.75,1.0,0.7044289044289044,True
7469,Public Key Pinning Extension for HTTP,2015,/api/v1/doc/document/draft-ietf-websec-key-pinning/,/api/v1/doc/document/draft-evans-palmer-key-pinning/,draft-ietf-websec-key-pinning,draft-evans-palmer-key-pinning,1.0,0.7586206896551724,1.0,1.0,0.939655172413793,True
7469,Public Key Pinning Extension for HTTP,2015,/api/v1/doc/document/draft-evans-palmer-key-pinning/,/api/v1/doc/document/draft-evans-palmer-hsts-pinning/,draft-evans-palmer-key-pinning,draft-evans-palmer-hsts-pinning,0.7466666666666667,0.8108108108108109,0.5,1.0,0.7387027027027027,True
7506,"IPv6 Router Alert Option for MPLS Operations, Administration, and Maintenance (OAM)",2015,/api/v1/doc/document/draft-ietf-mpls-oam-ipv6-rao/,/api/v1/doc/document/draft-raza-mpls-oam-ipv6-rao/,draft-ietf-mpls-oam-ipv6-rao,draft-raza-mpls-oam-ipv6-rao,0.6379310344827587,0.8275862068965517,0.75,1.0,0.7439655172413794,True
7382,Template for a Certification Practice Statement (CPS) for the Resource PKI (RPKI),2015,/api/v1/doc/document/draft-ietf-sidr-cps/,/api/v1/doc/document/draft-ietf-sidr-cps-irs/,draft-ietf-sidr-cps,draft-ietf-sidr-cps-irs,0.88,0.6,0.8,1.0,0.806,True
7382,Template for a Certification Practice Statement (CPS) for the Resource PKI (RPKI),2015,/api/v1/doc/document/draft-ietf-sidr-cps/,/api/v1/doc/document/draft-ietf-sidr-cps-isp/,draft-ietf-sidr-cps,draft-ietf-sidr-cps-isp,0.8415300546448088,0.6,0.7272727272727273,1.0,0.7741430700447094,False
7490,Remote Loop-Free Alternate (LFA) Fast Reroute (FRR),2015,/api/v1/doc/document/draft-ietf-rtgwg-remote-lfa/,/api/v1/doc/document/draft-shand-remote-lfa/,draft-ietf-rtgwg-remote-lfa,draft-shand-remote-lfa,0.45901639344262296,1.0,1.0,1.0,0.7565573770491804,True
7507,TLS Fallback Signaling Cipher Suite Value (SCSV) for Preventing Protocol Downgrade Attacks,2015,/api/v1/doc/document/draft-ietf-tls-downgrade-scsv/,/api/v1/doc/document/draft-bmoeller-tls-downgrade-scsv/,draft-ietf-tls-downgrade-scsv,draft-bmoeller-tls-downgrade-scsv,1.0,0.875,1.0,1.0,0.9687499999999999,True
7527,Enhanced Duplicate Address Detection,2015,/api/v1/doc/document/draft-ietf-6man-enhanced-dad/,/api/v1/doc/document/draft-hsingh-6man-enhanced-dad/,draft-ietf-6man-enhanced-dad,draft-hsingh-6man-enhanced-dad,1.0,0.8275862068965517,1.0,1.0,0.956896551724138,True
7529,Non-Gregorian Recurrence Rules in the Internet Calendaring and Scheduling Core Object Specification (iCalendar),2015,/api/v1/doc/document/draft-ietf-calext-rscale/,/api/v1/doc/document/draft-daboo-icalendar-rscale/,draft-ietf-calext-rscale,draft-daboo-icalendar-rscale,0.5657894736842105,0.5454545454545454,0.5,1.0,0.5909688995215311,True
7542,The Network Access Identifier,2015,/api/v1/doc/document/draft-ietf-radext-nai/,/api/v1/doc/document/draft-dekok-radext-nai/,draft-ietf-radext-nai,draft-dekok-radext-nai,1.0,0.46153846153846156,1.0,1.0,0.8653846153846153,True
7525,Recommendations for Secure Use of Transport Layer Security (TLS) and Datagram Transport Layer Security (DTLS),2015,/api/v1/doc/document/draft-ietf-uta-tls-bcp/,/api/v1/doc/document/draft-sheffer-tls-bcp/,draft-ietf-uta-tls-bcp,draft-sheffer-tls-bcp,0.609271523178808,1.0,1.0,1.0,0.8241721854304634,True
7536,Large-Scale Broadband Measurement Use Cases,2015,/api/v1/doc/document/draft-ietf-lmap-use-cases/,/api/v1/doc/document/draft-linsner-lmap-use-cases/,draft-ietf-lmap-use-cases,draft-linsner-lmap-use-cases,1.0,0.782608695652174,1.0,1.0,0.9456521739130436,True
7543,Covering Prefixes Outbound Route Filter for BGP-4,2015,/api/v1/doc/document/draft-ietf-bess-orf-covering-prefixes/,/api/v1/doc/document/draft-ietf-l3vpn-orf-covering-prefixes/,draft-ietf-bess-orf-covering-prefixes,draft-ietf-l3vpn-orf-covering-prefixes,1.0,1.0,1.0,1.0,0.9999999999999999,True
7543,Covering Prefixes Outbound Route Filter for BGP-4,2015,/api/v1/doc/document/draft-ietf-l3vpn-orf-covering-prefixes/,/api/v1/doc/document/draft-bonica-l3vpn-orf-covering-prefixes/,draft-ietf-l3vpn-orf-covering-prefixes,draft-bonica-l3vpn-orf-covering-prefixes,1.0,0.875,1.0,1.0,0.9687499999999999,True
7537,IANA Registries for LSP Ping Code Points,2015,/api/v1/doc/document/draft-ietf-mpls-lsp-ping-registry/,/api/v1/doc/document/draft-decraene-mpls-lsp-ping-registry/,draft-ietf-mpls-lsp-ping-registry,draft-decraene-mpls-lsp-ping-registry,1.0,0.8717948717948718,1.0,1.0,0.967948717948718,True
7534,AS112 Nameserver Operations,2015,/api/v1/doc/document/draft-ietf-dnsop-rfc6304bis/,/api/v1/doc/document/draft-jabley-dnsop-rfc6304bis/,draft-ietf-dnsop-rfc6304bis,draft-jabley-dnsop-rfc6304bis,1.0,0.7692307692307693,1.0,1.0,0.9423076923076924,True
7535,AS112 Redirection Using DNAME,2015,/api/v1/doc/document/draft-ietf-dnsop-as112-dname/,/api/v1/doc/document/draft-jabley-dnsop-as112-dname/,draft-ietf-dnsop-as112-dname,draft-jabley-dnsop-as112-dname,1.0,0.7857142857142857,1.0,1.0,0.9464285714285715,True
7539,ChaCha20 and Poly1305 for IETF Protocols,2015,/api/v1/doc/document/draft-irtf-cfrg-chacha20-poly1305/,/api/v1/doc/document/draft-nir-cfrg-chacha20-poly1305/,draft-irtf-cfrg-chacha20-poly1305,draft-nir-cfrg-chacha20-poly1305,1.0,0.8717948717948718,1.0,1.0,0.967948717948718,True
7546,Structure of the Generic Security Service (GSS) Negotiation Loop,2015,/api/v1/doc/document/draft-ietf-kitten-gss-loop/,/api/v1/doc/document/draft-kaduk-kitten-gss-loop/,draft-ietf-kitten-gss-loop,draft-kaduk-kitten-gss-loop,0.7474747474747475,0.6956521739130435,0.6666666666666666,1.0,0.7436100131752305,True
7551,RSVP-TE Extensions for Associated Bidirectional Label Switched Paths (LSPs),2015,/api/v1/doc/document/draft-ietf-teas-mpls-tp-rsvpte-ext-associated-lsp/,/api/v1/doc/document/draft-ietf-ccamp-mpls-tp-rsvpte-ext-associated-lsp/,draft-ietf-teas-mpls-tp-rsvpte-ext-associated-lsp,draft-ietf-ccamp-mpls-tp-rsvpte-ext-associated-lsp,0.832,1.0,1.0,1.0,0.9244,True
7551,RSVP-TE Extensions for Associated Bidirectional Label Switched Paths (LSPs),2015,/api/v1/doc/document/draft-ietf-ccamp-mpls-tp-rsvpte-ext-associated-lsp/,/api/v1/doc/document/draft-zhang-mpls-tp-rsvpte-ext-associated-lsp/,draft-ietf-ccamp-mpls-tp-rsvpte-ext-associated-lsp,draft-zhang-mpls-tp-rsvpte-ext-associated-lsp,0.875,1.0,1.0,1.0,0.94375,True
7524,Inter-Area Point-to-Multipoint (P2MP) Segmented Label Switched Paths (LSPs),2015,/api/v1/doc/document/draft-ietf-mpls-seamless-mcast/,/api/v1/doc/document/draft-raggarwa-mpls-seamless-mcast/,draft-ietf-mpls-seamless-mcast,draft-raggarwa-mpls-seamless-mcast,0.594059405940594,0.8484848484848485,0.6666666666666666,1.0,0.7127812781278128,True
7547,Management of Networks with Constrained Devices: Problem Statement and Requirements,2015,/api/v1/doc/document/draft-ietf-opsawg-coman-probstate-reqs/,/api/v1/doc/document/draft-ersue-opsawg-coman-probstate-reqs/,draft-ietf-opsawg-coman-probstate-reqs,draft-ersue-opsawg-coman-probstate-reqs,1.0,0.851063829787234,1.0,1.0,0.9627659574468085,True
7547,Management of Networks with Constrained Devices: Problem Statement and Requirements,2015,/api/v1/doc/document/draft-ersue-opsawg-coman-probstate-reqs/,/api/v1/doc/document/draft-opsawg-ersue-coman-probstate-reqs/,draft-ersue-opsawg-coman-probstate-reqs,draft-opsawg-ersue-coman-probstate-reqs,1.0,0.8301886792452831,1.0,1.0,0.9575471698113208,True
7548,Management of Networks with Constrained Devices: Use Cases,2015,/api/v1/doc/document/draft-ietf-opsawg-coman-use-cases/,/api/v1/doc/document/draft-ersue-opsawg-coman-use-cases/,draft-ietf-opsawg-coman-use-cases,draft-ersue-opsawg-coman-use-cases,1.0,0.8108108108108109,1.0,1.0,0.9527027027027027,True
7548,Management of Networks with Constrained Devices: Use Cases,2015,/api/v1/doc/document/draft-ersue-opsawg-coman-use-cases/,/api/v1/doc/document/draft-opsawg-ersue-coman-use-cases/,draft-ersue-opsawg-coman-use-cases,draft-opsawg-ersue-coman-use-cases,1.0,0.7906976744186046,1.0,1.0,0.9476744186046512,True
7540,Hypertext Transfer Protocol Version 2 (HTTP/2),2015,/api/v1/doc/document/draft-ietf-httpbis-http2/,/api/v1/doc/document/draft-mbelshe-httpbis-spdy/,draft-ietf-httpbis-http2,draft-mbelshe-httpbis-spdy,0.3508771929824561,0.47058823529411764,0.0,1.0,0.3755417956656346,True
7541,HPACK: Header Compression for HTTP/2,2015,/api/v1/doc/document/draft-ietf-httpbis-header-compression/,/api/v1/doc/document/draft-rpeon-httpbis-header-compression/,draft-ietf-httpbis-header-compression,draft-rpeon-httpbis-header-compression,0.8055555555555556,0.8181818181818182,0.6666666666666666,1.0,0.8003787878787879,True
7541,HPACK: Header Compression for HTTP/2,2015,/api/v1/doc/document/draft-ietf-httpbis-header-compression/,/api/v1/doc/document/draft-ruellan-http-header-compression/,draft-ietf-httpbis-header-compression,draft-ruellan-http-header-compression,0.7241379310344828,0.8780487804878049,0.75,1.0,0.7953742640874685,False
7541,HPACK: Header Compression for HTTP/2,2015,/api/v1/doc/document/draft-ietf-httpbis-header-compression/,/api/v1/doc/document/draft-ruellan-headerdiff/,draft-ietf-httpbis-header-compression,draft-ruellan-headerdiff,0.625,0.5,0.2857142857142857,1.0,0.5633928571428571,False
7554,Using IEEE 802.15.4e Time-Slotted Channel Hopping (TSCH) in the Internet of Things (IoT): Problem Statement,2015,/api/v1/doc/document/draft-ietf-6tisch-tsch/,/api/v1/doc/document/draft-watteyne-6tisch-tsch/,draft-ietf-6tisch-tsch,draft-watteyne-6tisch-tsch,0.5966850828729282,0.5333333333333333,0.5,1.0,0.601841620626151,True
7515,JSON Web Signature (JWS),2015,/api/v1/doc/document/draft-ietf-jose-json-web-signature/,/api/v1/doc/document/draft-jones-json-web-signature/,draft-ietf-jose-json-web-signature,draft-jones-json-web-signature,1.0,1.0,1.0,1.0,0.9999999999999999,True
7516,JSON Web Encryption (JWE),2015,/api/v1/doc/document/draft-ietf-jose-json-web-encryption/,/api/v1/doc/document/draft-jones-json-web-encryption/,draft-ietf-jose-json-web-encryption,draft-jones-json-web-encryption,1.0,1.0,1.0,1.0,0.9999999999999999,True
7517,JSON Web Key (JWK),2015,/api/v1/doc/document/draft-ietf-jose-json-web-key/,/api/v1/doc/document/draft-jones-json-web-key/,draft-ietf-jose-json-web-key,draft-jones-json-web-key,1.0,1.0,1.0,1.0,0.9999999999999999,True
7519,JSON Web Token (JWT),2015,/api/v1/doc/document/draft-ietf-oauth-json-web-token/,/api/v1/doc/document/draft-jones-json-web-token/,draft-ietf-oauth-json-web-token,draft-jones-json-web-token,1.0,1.0,1.0,1.0,0.9999999999999999,True
7522,Security Assertion Markup Language (SAML) 2.0 Profile for OAuth 2.0 Client Authentication and Authorization Grants,2015,/api/v1/doc/document/draft-ietf-oauth-saml2-bearer/,/api/v1/doc/document/draft-campbell-oauth-saml/,draft-ietf-oauth-saml2-bearer,draft-campbell-oauth-saml,0.47058823529411764,0.36363636363636365,0.2857142857142857,1.0,0.45981665393430105,True
7526,Deprecating the Anycast Prefix for 6to4 Relay Routers,2015,/api/v1/doc/document/draft-ietf-v6ops-6to4-to-historic/,/api/v1/doc/document/draft-troan-v6ops-6to4-to-historic/,draft-ietf-v6ops-6to4-to-historic,draft-troan-v6ops-6to4-to-historic,0.2962962962962963,0.8421052631578947,0.6666666666666666,1.0,0.5771929824561403,True
7550,Issues and Recommendations with Multiple Stateful DHCPv6 Options,2015,/api/v1/doc/document/draft-ietf-dhc-dhcpv6-stateful-issues/,/api/v1/doc/document/draft-troan-dhc-dhcpv6-stateful-issues/,draft-ietf-dhc-dhcpv6-stateful-issues,draft-troan-dhc-dhcpv6-stateful-issues,0.8148148148148148,0.9166666666666666,0.8333333333333334,1.0,0.8624999999999999,True
7564,"PRECIS Framework: Preparation, Enforcement, and Comparison of Internationalized Strings in Application Protocols",2015,/api/v1/doc/document/draft-ietf-precis-framework/,/api/v1/doc/document/draft-blanchet-precis-framework/,draft-ietf-precis-framework,draft-blanchet-precis-framework,0.7052023121387283,0.72,0.5,1.0,0.6973410404624277,True
7565,The 'acct' URI Scheme,2015,/api/v1/doc/document/draft-ietf-appsawg-acct-uri/,/api/v1/doc/document/draft-saintandre-acct-uri/,draft-ietf-appsawg-acct-uri,draft-saintandre-acct-uri,1.0,1.0,1.0,1.0,0.9999999999999999,True
7513,Source Address Validation Improvement (SAVI) Solution for DHCP,2015,/api/v1/doc/document/draft-ietf-savi-dhcp/,/api/v1/doc/document/draft-bi-savi-dhcp/,draft-ietf-savi-dhcp,draft-bi-savi-dhcp,0.5057471264367817,0.6153846153846154,0.5,1.0,0.5814323607427055,True
7559,Packet-Loss Resiliency for Router Solicitations,2015,/api/v1/doc/document/draft-ietf-6man-resilient-rs/,/api/v1/doc/document/draft-krishnan-6man-resilient-rs/,draft-ietf-6man-resilient-rs,draft-krishnan-6man-resilient-rs,1.0,0.8275862068965517,1.0,1.0,0.956896551724138,True
7556,Multiple Provisioning Domain Architecture,2015,/api/v1/doc/document/draft-ietf-mif-mpvd-arch/,/api/v1/doc/document/draft-anipko-mif-mpvd-arch/,draft-ietf-mif-mpvd-arch,draft-anipko-mif-mpvd-arch,1.0,0.8181818181818182,1.0,1.0,0.9545454545454545,True
7552,Updates to LDP for IPv6,2015,/api/v1/doc/document/draft-ietf-mpls-ldp-ipv6/,/api/v1/doc/document/draft-manral-mpls-ldp-ipv6/,draft-ietf-mpls-ldp-ipv6,draft-manral-mpls-ldp-ipv6,1.0,0.7619047619047619,1.0,1.0,0.9404761904761904,True
7572,Interworking between the Session Initiation Protocol (SIP) and the Extensible Messaging and Presence Protocol (XMPP): Instant Messaging,2015,/api/v1/doc/document/draft-ietf-stox-im/,/api/v1/doc/document/draft-saintandre-sip-xmpp-im/,draft-ietf-stox-im,draft-saintandre-sip-xmpp-im,1.0,0.3076923076923077,1.0,1.0,0.826923076923077,True
7573,Interworking between the Session Initiation Protocol (SIP) and the Extensible Messaging and Presence Protocol (XMPP): One-to-One Text Chat Sessions,2015,/api/v1/doc/document/draft-ietf-stox-chat/,/api/v1/doc/document/draft-saintandre-sip-xmpp-chat/,draft-ietf-stox-chat,draft-saintandre-sip-xmpp-chat,0.9672727272727273,0.47058823529411764,0.9230769230769231,1.0,0.8375351707116413,True
7555,Proxy MPLS Echo Request,2015,/api/v1/doc/document/draft-ietf-mpls-proxy-lsp-ping/,/api/v1/doc/document/draft-lim-mpls-proxy-lsp-ping/,draft-ietf-mpls-proxy-lsp-ping,draft-lim-mpls-proxy-lsp-ping,1.0,0.8484848484848485,1.0,1.0,0.962121212121212,True
7555,Proxy MPLS Echo Request,2015,/api/v1/doc/document/draft-lim-mpls-proxy-lsp-ping/,/api/v1/doc/document/draft-ietf-mpls-remote-lsp-ping/,draft-lim-mpls-proxy-lsp-ping,draft-ietf-mpls-remote-lsp-ping,0.4864864864864865,0.6470588235294118,0.4,1.0,0.5606836248012719,True
7555,Proxy MPLS Echo Request,2015,/api/v1/doc/document/draft-ietf-mpls-remote-lsp-ping/,/api/v1/doc/document/draft-swallow-mpls-remote-lsp-ping/,draft-ietf-mpls-remote-lsp-ping,draft-swallow-mpls-remote-lsp-ping,1.0,0.8571428571428571,1.0,-0.5,0.8142857142857143,True
7575,Autonomic Networking: Definitions and Design Goals,2015,/api/v1/doc/document/draft-irtf-nmrg-autonomic-network-definitions/,/api/v1/doc/document/draft-nmrg-autonomic-network-definitions-and-goals/,draft-irtf-nmrg-autonomic-network-definitions,draft-nmrg-autonomic-network-definitions-and-goals,1.0,0.8529411764705882,1.0,1.0,0.9632352941176471,True
7575,Autonomic Networking: Definitions and Design Goals,2015,/api/v1/doc/document/draft-irtf-nmrg-autonomic-network-definitions/,/api/v1/doc/document/draft-behringer-autonomic-network-framework/,draft-irtf-nmrg-autonomic-network-definitions,draft-behringer-autonomic-network-framework,0.47058823529411764,0.7142857142857143,0.5,1.0,0.5903361344537815,False
7576,General Gap Analysis for Autonomic Networking,2015,/api/v1/doc/document/draft-irtf-nmrg-an-gap-analysis/,/api/v1/doc/document/draft-jiang-nmrg-an-gap-analysis/,draft-irtf-nmrg-an-gap-analysis,draft-jiang-nmrg-an-gap-analysis,0.9024390243902439,0.8571428571428571,0.8,1.0,0.8803832752613241,True
7595,Guidelines and Registration Procedures for URI Schemes,2015,/api/v1/doc/document/draft-ietf-appsawg-uri-scheme-reg/,/api/v1/doc/document/draft-appsawg-uri-scheme-reg/,draft-ietf-appsawg-uri-scheme-reg,draft-appsawg-uri-scheme-reg,0.9642857142857143,1.0,1.0,1.0,0.9839285714285714,True
7595,Guidelines and Registration Procedures for URI Schemes,2015,/api/v1/doc/document/draft-ietf-appsawg-uri-scheme-reg/,/api/v1/doc/document/draft-thaler-appsawg-uri-scheme-reg/,draft-ietf-appsawg-uri-scheme-reg,draft-thaler-appsawg-uri-scheme-reg,0.9642857142857143,0.7777777777777778,0.8333333333333334,1.0,0.8950396825396826,False
7589,Using the NETCONF Protocol over Transport Layer Security (TLS) with Mutual X.509 Authentication,2015,/api/v1/doc/document/draft-ietf-netconf-rfc5539bis/,/api/v1/doc/document/draft-badra-netconf-rfc5539bis/,draft-ietf-netconf-rfc5539bis,draft-badra-netconf-rfc5539bis,0.6119402985074627,0.7142857142857143,0.6,1.0,0.6739445628997868,True
7590,Use of Transport Layer Security (TLS) in the Extensible Messaging and Presence Protocol (XMPP),2015,/api/v1/doc/document/draft-ietf-uta-xmpp/,/api/v1/doc/document/draft-saintandre-xmpp-tls/,draft-ietf-uta-xmpp,draft-saintandre-xmpp-tls,1.0,0.6666666666666666,1.0,1.0,0.9166666666666666,True
7568,Deprecating Secure Sockets Layer Version 3.0,2015,/api/v1/doc/document/draft-ietf-tls-sslv3-diediedie/,/api/v1/doc/document/draft-thomson-sslv3-diediedie/,draft-ietf-tls-sslv3-diediedie,draft-thomson-sslv3-diediedie,1.0,1.0,1.0,1.0,0.9999999999999999,True
7580,OSPF-TE Extensions for General Network Element Constraints,2015,/api/v1/doc/document/draft-ietf-ccamp-gmpls-general-constraints-ospf-te/,/api/v1/doc/document/draft-zhang-ccamp-general-constraints-ospf-ext/,draft-ietf-ccamp-gmpls-general-constraints-ospf-te,draft-zhang-ccamp-general-constraints-ospf-ext,1.0,0.8656716417910447,1.0,1.0,0.9664179104477612,True
7581,Routing and Wavelength Assignment Information Encoding for Wavelength Switched Optical Networks,2015,/api/v1/doc/document/draft-ietf-ccamp-rwa-wson-encode/,/api/v1/doc/document/draft-bernstein-ccamp-wson-encode/,draft-ietf-ccamp-rwa-wson-encode,draft-bernstein-ccamp-wson-encode,1.0,0.8125,1.0,1.0,0.9531249999999999,True
7504,SMTP 521 and 556 Reply Codes,2015,/api/v1/doc/document/draft-klensin-smtp-521code/,/api/v1/doc/document/draft-klensin-rfc1846bis/,draft-klensin-smtp-521code,draft-klensin-rfc1846bis,0.8085106382978723,0.09090909090909091,0.5,1.0,0.5865570599613152,True
7505,"A ""Null MX"" No Service Resource Record for Domains That Accept No Mail",2015,/api/v1/doc/document/draft-ietf-appsawg-nullmx/,/api/v1/doc/document/draft-delany-nullmx/,draft-ietf-appsawg-nullmx,draft-delany-nullmx,0.912,1.0,1.0,1.0,0.9604,True
7587,RTP Payload Format for the Opus Speech and Audio Codec,2015,/api/v1/doc/document/draft-ietf-payload-rtp-opus/,/api/v1/doc/document/draft-spittka-payload-rtp-opus/,draft-ietf-payload-rtp-opus,draft-spittka-payload-rtp-opus,0.9615384615384616,0.6666666666666666,1.0,1.0,0.8993589743589744,True
7567,IETF Recommendations Regarding Active Queue Management,2015,/api/v1/doc/document/draft-ietf-aqm-recommendation/,/api/v1/doc/document/draft-baker-aqm-recommendation/,draft-ietf-aqm-recommendation,draft-baker-aqm-recommendation,1.0,0.875,1.0,1.0,0.9687499999999999,True
7567,IETF Recommendations Regarding Active Queue Management,2015,/api/v1/doc/document/draft-baker-aqm-recommendation/,/api/v1/doc/document/draft-baker-tsvwg-aqm-recommendation/,draft-baker-aqm-recommendation,draft-baker-tsvwg-aqm-recommendation,1.0,0.8571428571428571,1.0,1.0,0.9642857142857143,True
7570,Label Switched Path (LSP) Attribute in the Explicit Route Object (ERO),2015,/api/v1/doc/document/draft-ietf-teas-lsp-attribute-ro/,/api/v1/doc/document/draft-ietf-ccamp-lsp-attribute-ro/,draft-ietf-teas-lsp-attribute-ro,draft-ietf-ccamp-lsp-attribute-ro,0.46511627906976744,1.0,1.0,1.0,0.7593023255813954,True
7570,Label Switched Path (LSP) Attribute in the Explicit Route Object (ERO),2015,/api/v1/doc/document/draft-ietf-ccamp-lsp-attribute-ro/,/api/v1/doc/document/draft-margaria-ccamp-lsp-attribute-ero/,draft-ietf-ccamp-lsp-attribute-ro,draft-margaria-ccamp-lsp-attribute-ero,1.0,0.8205128205128205,1.0,1.0,0.9551282051282052,True
7571,GMPLS RSVP-TE Extensions for Lock Instruct and Loopback,2015,/api/v1/doc/document/draft-ietf-teas-rsvp-te-li-lb/,/api/v1/doc/document/draft-ietf-ccamp-rsvp-te-li-lb/,draft-ietf-teas-rsvp-te-li-lb,draft-ietf-ccamp-rsvp-te-li-lb,1.0,1.0,1.0,1.0,0.9999999999999999,True
7571,GMPLS RSVP-TE Extensions for Lock Instruct and Loopback,2015,/api/v1/doc/document/draft-ietf-ccamp-rsvp-te-li-lb/,/api/v1/doc/document/draft-dong-ccamp-rsvp-te-mpls-tp-li-lb/,draft-ietf-ccamp-rsvp-te-li-lb,draft-dong-ccamp-rsvp-te-mpls-tp-li-lb,1.0,0.65,1.0,1.0,0.9125,True
7591,OAuth 2.0 Dynamic Client Registration Protocol,2015,/api/v1/doc/document/draft-ietf-oauth-dyn-reg/,/api/v1/doc/document/draft-richer-oauth-dyn-reg-core/,draft-ietf-oauth-dyn-reg,draft-richer-oauth-dyn-reg-core,0.8409090909090909,0.56,0.8,-0.5,0.6284090909090909,True
7592,OAuth 2.0 Dynamic Client Registration Management Protocol,2015,/api/v1/doc/document/draft-ietf-oauth-dyn-reg-management/,/api/v1/doc/document/draft-jones-oauth-dyn-reg-management/,draft-ietf-oauth-dyn-reg-management,draft-jones-oauth-dyn-reg-management,1.0,0.8571428571428571,1.0,1.0,0.9642857142857143,True
7558,Requirements for Scalable DNS-Based Service Discovery (DNS-SD) / Multicast DNS (mDNS) Extensions,2015,/api/v1/doc/document/draft-ietf-dnssd-requirements/,/api/v1/doc/document/draft-lynn-dnssd-requirements/,draft-ietf-dnssd-requirements,draft-lynn-dnssd-requirements,0.6956521739130435,0.8,0.5555555555555556,1.0,0.7241545893719807,True
7558,Requirements for Scalable DNS-Based Service Discovery (DNS-SD) / Multicast DNS (mDNS) Extensions,2015,/api/v1/doc/document/draft-lynn-dnssd-requirements/,/api/v1/doc/document/draft-lynn-mdnsext-requirements/,draft-lynn-dnssd-requirements,draft-lynn-mdnsext-requirements,0.896551724137931,0.8421052631578947,0.8,1.0,0.8739745916515427,True
7578,Returning Values from Forms: multipart/form-data,2015,/api/v1/doc/document/draft-ietf-appsawg-multipart-form-data/,/api/v1/doc/document/draft-masinter-multipart-form-data/,draft-ietf-appsawg-multipart-form-data,draft-masinter-multipart-form-data,1.0,1.0,1.0,1.0,0.9999999999999999,True
7582,Multicast Virtual Private Network (MVPN): Using Bidirectional P-Tunnels,2015,/api/v1/doc/document/draft-ietf-bess-mvpn-bidir/,/api/v1/doc/document/draft-ietf-l3vpn-mvpn-bidir/,draft-ietf-bess-mvpn-bidir,draft-ietf-l3vpn-mvpn-bidir,0.6666666666666666,1.0,1.0,1.0,0.85,True
7582,Multicast Virtual Private Network (MVPN): Using Bidirectional P-Tunnels,2015,/api/v1/doc/document/draft-ietf-l3vpn-mvpn-bidir/,/api/v1/doc/document/draft-rosen-l3vpn-mvpn-bidir/,draft-ietf-l3vpn-mvpn-bidir,draft-rosen-l3vpn-mvpn-bidir,1.0,0.7692307692307693,1.0,1.0,0.9423076923076924,True
7588,A Widely Deployed Solution to the Generic Routing Encapsulation (GRE) Fragmentation Problem,2015,/api/v1/doc/document/draft-ietf-intarea-gre-mtu/,/api/v1/doc/document/draft-bonica-intarea-gre-mtu/,draft-ietf-intarea-gre-mtu,draft-bonica-intarea-gre-mtu,1.0,0.6363636363636364,1.0,1.0,0.9090909090909091,True
7430,Analysis of Residual Threats and Possible Fixes for Multipath TCP (MPTCP),2015,/api/v1/doc/document/draft-ietf-mptcp-attacks/,/api/v1/doc/document/draft-bagnulo-mptcp-attacks/,draft-ietf-mptcp-attacks,draft-bagnulo-mptcp-attacks,0.7580645161290323,0.7,0.75,1.0,0.7661290322580645,True
7577,Definition of Managed Objects for Battery Monitoring,2015,/api/v1/doc/document/draft-ietf-eman-battery-mib/,/api/v1/doc/document/draft-quittek-eman-battery-mib/,draft-ietf-eman-battery-mib,draft-quittek-eman-battery-mib,0.9902912621359223,0.8148148148148148,0.6666666666666666,1.0,0.882668104998202,True
7608,IPv6 Prefix Length Recommendation for Forwarding,2015,/api/v1/doc/document/draft-ietf-v6ops-cidr-prefix/,/api/v1/doc/document/draft-boucadair-6man-prefix-routing-reco/,draft-ietf-v6ops-cidr-prefix,draft-boucadair-6man-prefix-routing-reco,1.0,0.4,1.0,1.0,0.85,True
7596,Lightweight 4over6: An Extension to the Dual-Stack Lite Architecture,2015,/api/v1/doc/document/draft-ietf-softwire-lw4over6/,/api/v1/doc/document/draft-cui-softwire-b4-translated-ds-lite/,draft-ietf-softwire-lw4over6,draft-cui-softwire-b4-translated-ds-lite,0.9365079365079365,0.10526315789473684,0.7142857142857143,1.0,0.6906015037593985,True
7607,Codification of AS 0 Processing,2015,/api/v1/doc/document/draft-ietf-idr-as0/,/api/v1/doc/document/draft-wkumari-idr-as0/,draft-ietf-idr-as0,draft-wkumari-idr-as0,1.0,0.6,1.0,1.0,0.9,True
7605,Recommendations on Using Assigned Transport Port Numbers,2015,/api/v1/doc/document/draft-ietf-tsvwg-port-use/,/api/v1/doc/document/draft-touch-tsvwg-port-use/,draft-ietf-tsvwg-port-use,draft-touch-tsvwg-port-use,0.7578947368421053,0.7272727272727273,0.6666666666666666,1.0,0.7562041467304624,True
7613,"Preparation, Enforcement, and Comparison of Internationalized Strings Representing Usernames and Passwords",2015,/api/v1/doc/document/draft-ietf-precis-saslprepbis/,/api/v1/doc/document/draft-melnikov-precis-saslprepbis/,draft-ietf-precis-saslprepbis,draft-melnikov-precis-saslprepbis,0.9019607843137255,0.7586206896551724,0.5454545454545454,1.0,0.8046284344458786,True
7618,Dynamic Allocation of Shared IPv4 Addresses,2015,/api/v1/doc/document/draft-ietf-dhc-dynamic-shared-v4allocation/,/api/v1/doc/document/draft-csf-dhc-dynamic-shared-v4allocation/,draft-ietf-dhc-dynamic-shared-v4allocation,draft-csf-dhc-dynamic-shared-v4allocation,1.0,0.9310344827586207,1.0,1.0,0.9827586206896551,True
7618,Dynamic Allocation of Shared IPv4 Addresses,2015,/api/v1/doc/document/draft-csf-dhc-dynamic-shared-v4allocation/,/api/v1/doc/document/draft-farrer-dhc-shared-address-lease/,draft-csf-dhc-dynamic-shared-v4allocation,draft-farrer-dhc-shared-address-lease,0.7747747747747747,0.509090909090909,0.5555555555555556,1.0,0.687032487032487,True
7618,Dynamic Allocation of Shared IPv4 Addresses,2015,/api/v1/doc/document/draft-csf-dhc-dynamic-shared-v4allocation/,/api/v1/doc/document/draft-sun-dhc-port-set-option/,draft-csf-dhc-dynamic-shared-v4allocation,draft-sun-dhc-port-set-option,0.45614035087719296,0.52,0.14285714285714285,1.0,0.4638345864661654,False
7621,A Clarification on the Use of Globally Routable User Agent URIs (GRUUs) in the SIP Event Notification Framework,2015,/api/v1/doc/document/draft-ietf-sipcore-6665-clarification/,/api/v1/doc/document/draft-roach-sipcore-6665-clarification/,draft-ietf-sipcore-6665-clarification,draft-roach-sipcore-6665-clarification,0.8861788617886179,0.8181818181818182,0.8571428571428571,1.0,0.874754513778904,True
7431,Multicast-Only Fast Reroute,2015,/api/v1/doc/document/draft-ietf-rtgwg-mofrr/,/api/v1/doc/document/draft-karan-mofrr/,draft-ietf-rtgwg-mofrr,draft-karan-mofrr,0.9818181818181818,1.0,1.0,1.0,0.9918181818181818,True
7601,Message Header Field for Indicating Message Authentication Status,2015,/api/v1/doc/document/draft-ietf-appsawg-rfc7001bis/,/api/v1/doc/document/draft-kucherawy-rfc7001bis/,draft-ietf-appsawg-rfc7001bis,draft-kucherawy-rfc7001bis,1.0,1.0,1.0,1.0,0.9999999999999999,True
7610,DHCPv6-Shield: Protecting against Rogue DHCPv6 Servers,2015,/api/v1/doc/document/draft-ietf-opsec-dhcpv6-shield/,/api/v1/doc/document/draft-gont-opsec-dhcpv6-shield/,draft-ietf-opsec-dhcpv6-shield,draft-gont-opsec-dhcpv6-shield,1.0,0.8125,1.0,1.0,0.9531249999999999,True
7634,"ChaCha20, Poly1305, and Their Use in the Internet Key Exchange Protocol (IKE) and IPsec",2015,/api/v1/doc/document/draft-ietf-ipsecme-chacha20-poly1305/,/api/v1/doc/document/draft-nir-ipsecme-chacha20-poly1305/,draft-ietf-ipsecme-chacha20-poly1305,draft-nir-ipsecme-chacha20-poly1305,0.6504065040650406,0.8095238095238095,0.6666666666666666,1.0,0.7283972125435539,True
7606,Revised Error Handling for BGP UPDATE Messages,2015,/api/v1/doc/document/draft-ietf-idr-error-handling/,/api/v1/doc/document/draft-ietf-idr-optional-transitive/,draft-ietf-idr-error-handling,draft-ietf-idr-optional-transitive,1.0,0.24242424242424243,1.0,1.0,0.8106060606060607,True
7606,Revised Error Handling for BGP UPDATE Messages,2015,/api/v1/doc/document/draft-ietf-idr-error-handling/,/api/v1/doc/document/draft-chen-ebgp-error-handling/,draft-ietf-idr-error-handling,draft-chen-ebgp-error-handling,0.7592592592592593,0.8484848484848485,0.6666666666666666,1.0,0.7871212121212121,False
7606,Revised Error Handling for BGP UPDATE Messages,2015,/api/v1/doc/document/draft-ietf-idr-optional-transitive/,/api/v1/doc/document/draft-scudder-idr-optional-transitive/,draft-ietf-idr-optional-transitive,draft-scudder-idr-optional-transitive,0.5454545454545454,0.9047619047619048,0.6666666666666666,1.0,0.7049783549783549,True
7614,Explicit Subscriptions for the REFER Method,2015,/api/v1/doc/document/draft-ietf-sipcore-refer-explicit-subscription/,/api/v1/doc/document/draft-sparks-sipcore-refer-explicit-subscription/,draft-ietf-sipcore-refer-explicit-subscription,draft-sparks-sipcore-refer-explicit-subscription,1.0,0.8709677419354839,1.0,1.0,0.9677419354838709,True
7560,Problem Statement and Requirements for Increased Accuracy in Explicit Congestion Notification (ECN) Feedback,2015,/api/v1/doc/document/draft-ietf-tcpm-accecn-reqs/,/api/v1/doc/document/draft-kuehlewind-tcpm-accecn-reqs/,draft-ietf-tcpm-accecn-reqs,draft-kuehlewind-tcpm-accecn-reqs,0.7167630057803468,0.8148148148148148,0.6666666666666666,1.0,0.7595803896381931,True
7626,DNS Privacy Considerations,2015,/api/v1/doc/document/draft-ietf-dprive-problem-statement/,/api/v1/doc/document/draft-bortzmeyer-dnsop-dns-privacy/,draft-ietf-dprive-problem-statement,draft-bortzmeyer-dnsop-dns-privacy,1.0,0.17647058823529413,1.0,1.0,0.7941176470588235,True
7629,Flow-Binding Support for Mobile IP,2015,/api/v1/doc/document/draft-ietf-mip4-multiple-tunnel-support/,/api/v1/doc/document/draft-gundavelli-mip4-multiple-tunnel-support/,draft-ietf-mip4-multiple-tunnel-support,draft-gundavelli-mip4-multiple-tunnel-support,0.9714285714285714,0.9019607843137255,0.8,1.0,0.9226330532212885,True
7639,The ALPN HTTP Header Field,2015,/api/v1/doc/document/draft-ietf-httpbis-tunnel-protocol/,/api/v1/doc/document/draft-hutton-httpbis-connect-protocol/,draft-ietf-httpbis-tunnel-protocol,draft-hutton-httpbis-connect-protocol,0.3076923076923077,0.6666666666666666,0.14285714285714285,1.0,0.4336996336996337,True
7611,BGP ACCEPT_OWN Community Attribute,2015,/api/v1/doc/document/draft-ietf-l3vpn-acceptown-community/,/api/v1/doc/document/draft-pmohapat-l3vpn-acceptown-community/,draft-ietf-l3vpn-acceptown-community,draft-pmohapat-l3vpn-acceptown-community,0.8607594936708861,0.8636363636363636,0.7142857142857143,1.0,0.8461080059181325,True
7628,A Set of Simple Authentication and Security Layer (SASL) Mechanisms for OAuth,2015,/api/v1/doc/document/draft-ietf-kitten-sasl-oauth/,/api/v1/doc/document/draft-mills-kitten-sasl-oauth/,draft-ietf-kitten-sasl-oauth,draft-mills-kitten-sasl-oauth,0.5663716814159292,0.7407407407407407,0.6666666666666666,1.0,0.6733857751556866,True
7622,Extensible Messaging and Presence Protocol (XMPP): Address Format,2015,/api/v1/doc/document/draft-ietf-xmpp-6122bis/,/api/v1/doc/document/draft-saintandre-xmpp-6122bis/,draft-ietf-xmpp-6122bis,draft-saintandre-xmpp-6122bis,1.0,0.7368421052631579,1.0,1.0,0.9342105263157895,True
7631,TLV Naming in the Mobile Ad Hoc Network (MANET) Generalized Packet/Message Format,2015,/api/v1/doc/document/draft-ietf-manet-tlv-naming/,/api/v1/doc/document/draft-dearlove-manet-tlv-naming/,draft-ietf-manet-tlv-naming,draft-dearlove-manet-tlv-naming,0.8382352941176471,0.7692307692307693,0.7,1.0,0.8095135746606335,True
7632,Endpoint Security Posture Assessment: Enterprise Use Cases,2015,/api/v1/doc/document/draft-ietf-sacm-use-cases/,/api/v1/doc/document/draft-waltermire-sacm-use-cases/,draft-ietf-sacm-use-cases,draft-waltermire-sacm-use-cases,0.6666666666666666,0.782608695652174,0.6666666666666666,1.0,0.7289855072463768,True
7636,Proof Key for Code Exchange by OAuth Public Clients,2015,/api/v1/doc/document/draft-ietf-oauth-spop/,/api/v1/doc/document/draft-sakimura-oauth-tcse/,draft-ietf-oauth-spop,draft-sakimura-oauth-tcse,0.4423076923076923,0.14285714285714285,0.3,1.0,0.3947527472527472,True
7594,A Framework for Large-Scale Measurement of Broadband Performance (LMAP),2015,/api/v1/doc/document/draft-ietf-lmap-framework/,/api/v1/doc/document/draft-folks-lmap-framework/,draft-ietf-lmap-framework,draft-folks-lmap-framework,0.8130081300813008,0.782608695652174,0.625,1.0,0.7865058324496288,True
7623,Provider Backbone Bridging Combined with Ethernet VPN (PBB-EVPN),2015,/api/v1/doc/document/draft-ietf-l2vpn-pbb-evpn/,/api/v1/doc/document/draft-sajassi-l2vpn-pbb-evpn/,draft-ietf-l2vpn-pbb-evpn,draft-sajassi-l2vpn-pbb-evpn,0.22535211267605634,0.7272727272727273,0.6666666666666666,1.0,0.5165599658557405,True
7640,Traffic Management Benchmarking,2015,/api/v1/doc/document/draft-ietf-bmwg-traffic-management/,/api/v1/doc/document/draft-constantine-bmwg-traffic-management/,draft-ietf-bmwg-traffic-management,draft-constantine-bmwg-traffic-management,1.0,0.8780487804878049,1.0,1.0,0.9695121951219513,True
7649,The Jabber Scribe Role at IETF Meetings,2015,/api/v1/doc/document/draft-saintandre-jabber-scribe/,/api/v1/doc/document/draft-saintandre-chatroom-relay/,draft-saintandre-jabber-scribe,draft-saintandre-chatroom-relay,0.7088607594936709,0.14814814814814814,0.42857142857142855,1.0,0.5417386645234746,True
7647,Clarifications for the Use of REFER with RFC 6665,2015,/api/v1/doc/document/draft-ietf-sipcore-refer-clarifications/,/api/v1/doc/document/draft-sparks-sipcore-refer-clarifications/,draft-ietf-sipcore-refer-clarifications,draft-sparks-sipcore-refer-clarifications,0.9896907216494846,0.8333333333333334,0.6666666666666666,1.0,0.8870274914089347,True
7643,System for Cross-domain Identity Management: Core Schema,2015,/api/v1/doc/document/draft-ietf-scim-core-schema/,/api/v1/doc/document/draft-scim-core-schema/,draft-ietf-scim-core-schema,draft-scim-core-schema,0.9649122807017544,1.0,1.0,1.0,0.9842105263157895,True
7644,System for Cross-domain Identity Management: Protocol,2015,/api/v1/doc/document/draft-ietf-scim-api/,/api/v1/doc/document/draft-scim-api/,draft-ietf-scim-api,draft-scim-api,0.9629629629629629,1.0,1.0,1.0,0.9833333333333333,True
7648,Port Control Protocol (PCP) Proxy Function,2015,/api/v1/doc/document/draft-ietf-pcp-proxy/,/api/v1/doc/document/draft-bpw-pcp-proxy/,draft-ietf-pcp-proxy,draft-bpw-pcp-proxy,1.0,0.7142857142857143,1.0,1.0,0.9285714285714285,True
7615,HTTP Authentication-Info and Proxy-Authentication-Info Response Header Fields,2015,/api/v1/doc/document/draft-ietf-httpbis-auth-info/,/api/v1/doc/document/draft-reschke-httpauth-auth-info/,draft-ietf-httpbis-auth-info,draft-reschke-httpauth-auth-info,0.5068493150684932,0.6666666666666666,0.6666666666666666,1.0,0.6280821917808219,True
7616,HTTP Digest Access Authentication,2015,/api/v1/doc/document/draft-ietf-httpauth-digest/,/api/v1/doc/document/draft-ietf-httpauth-digest-update/,draft-ietf-httpauth-digest,draft-ietf-httpauth-digest-update,0.5882352941176471,0.631578947368421,0.5,1.0,0.6226006191950464,True
7616,HTTP Digest Access Authentication,2015,/api/v1/doc/document/draft-ietf-httpauth-digest/,/api/v1/doc/document/draft-ietf-httpauth-digest-encoding/,draft-ietf-httpauth-digest,draft-ietf-httpauth-digest-encoding,0.611764705882353,0.5714285714285714,0.5,1.0,0.6181512605042017,False
7617,The 'Basic' HTTP Authentication Scheme,2015,/api/v1/doc/document/draft-ietf-httpauth-basicauth-update/,/api/v1/doc/document/draft-ietf-httpauth-basicauth-enc/,draft-ietf-httpauth-basicauth-update,draft-ietf-httpauth-basicauth-enc,0.5287356321839081,0.7586206896551724,0.5,1.0,0.6275862068965516,True
7617,The 'Basic' HTTP Authentication Scheme,2015,/api/v1/doc/document/draft-ietf-httpauth-basicauth-update/,/api/v1/doc/document/draft-reschke-basicauth-enc/,draft-ietf-httpauth-basicauth-update,draft-reschke-basicauth-enc,0.5287356321839081,0.7586206896551724,0.5,1.0,0.6275862068965516,False
7617,The 'Basic' HTTP Authentication Scheme,2015,/api/v1/doc/document/draft-ietf-httpauth-basicauth-enc/,/api/v1/doc/document/draft-reschke-basicauth-enc/,draft-ietf-httpauth-basicauth-enc,draft-reschke-basicauth-enc,1.0,1.0,1.0,1.0,0.9999999999999999,True
7641,Observing Resources in the Constrained Application Protocol (CoAP),2015,/api/v1/doc/document/draft-ietf-core-observe/,/api/v1/doc/document/draft-hartke-coap-observe/,draft-ietf-core-observe,draft-hartke-coap-observe,0.5934065934065934,0.7368421052631579,0.6,1.0,0.6712434933487564,True
7652,Port Control Protocol (PCP) Authentication Mechanism,2015,/api/v1/doc/document/draft-ietf-pcp-authentication/,/api/v1/doc/document/draft-wasserman-pcp-authentication/,draft-ietf-pcp-authentication,draft-wasserman-pcp-authentication,1.0,0.875,1.0,1.0,0.9687499999999999,True
7585,Dynamic Peer Discovery for RADIUS/TLS and RADIUS/DTLS Based on the Network Access Identifier (NAI),2015,/api/v1/doc/document/draft-ietf-radext-dynamic-discovery/,/api/v1/doc/document/draft-winter-dynamic-discovery/,draft-ietf-radext-dynamic-discovery,draft-winter-dynamic-discovery,0.5859872611464968,1.0,1.0,1.0,0.8136942675159234,True
7660,Diameter Congestion and Filter Attributes,2015,/api/v1/doc/document/draft-ietf-dime-congestion-flow-attributes/,/api/v1/doc/document/draft-bertz-dime-congestion-flow-attributes/,draft-ietf-dime-congestion-flow-attributes,draft-bertz-dime-congestion-flow-attributes,1.0,0.9122807017543859,1.0,1.0,0.9780701754385964,True
7674,Clarification of the Flowspec Redirect Extended Community,2015,/api/v1/doc/document/draft-ietf-idr-flowspec-redirect-rt-bis/,/api/v1/doc/document/draft-haas-idr-flowspec-redirect-rt-bis/,draft-ietf-idr-flowspec-redirect-rt-bis,draft-haas-idr-flowspec-redirect-rt-bis,1.0,0.9230769230769231,1.0,1.0,0.9807692307692307,True
7653,DHCPv6 Active Leasequery,2015,/api/v1/doc/document/draft-ietf-dhc-dhcpv6-active-leasequery/,/api/v1/doc/document/draft-raghuvanshi-dhc-dhcpv6-active-leasequery/,draft-ietf-dhc-dhcpv6-active-leasequery,draft-raghuvanshi-dhc-dhcpv6-active-leasequery,1.0,0.9230769230769231,1.0,1.0,0.9807692307692307,True
7662,OAuth 2.0 Token Introspection,2015,/api/v1/doc/document/draft-ietf-oauth-introspection/,/api/v1/doc/document/draft-richer-oauth-introspection/,draft-ietf-oauth-introspection,draft-richer-oauth-introspection,0.9259259259259259,0.8125,1.0,1.0,0.9197916666666667,True
7665,Service Function Chaining (SFC) Architecture,2015,/api/v1/doc/document/draft-ietf-sfc-architecture/,/api/v1/doc/document/draft-merged-sfc-architecture/,draft-ietf-sfc-architecture,draft-merged-sfc-architecture,1.0,0.8571428571428571,1.0,1.0,0.9642857142857143,True
7665,Service Function Chaining (SFC) Architecture,2015,/api/v1/doc/document/draft-merged-sfc-architecture/,/api/v1/doc/document/draft-quinn-sfc-arch/,draft-merged-sfc-architecture,draft-quinn-sfc-arch,1.0,0.6666666666666666,1.0,1.0,0.9166666666666666,True
7665,Service Function Chaining (SFC) Architecture,2015,/api/v1/doc/document/draft-merged-sfc-architecture/,/api/v1/doc/document/draft-boucadair-sfc-framework/,draft-merged-sfc-architecture,draft-boucadair-sfc-framework,0.8888888888888888,0.41379310344827586,0.6666666666666666,1.0,0.7367816091954023,False
7665,Service Function Chaining (SFC) Architecture,2015,/api/v1/doc/document/draft-quinn-sfc-arch/,/api/v1/doc/document/draft-quinn-nsc-arch/,draft-quinn-sfc-arch,draft-quinn-nsc-arch,1.0,0.875,1.0,1.0,0.9687499999999999,True
7665,Service Function Chaining (SFC) Architecture,2015,/api/v1/doc/document/draft-quinn-sfc-arch/,/api/v1/doc/document/draft-beliveau-sfc-architecture/,draft-quinn-sfc-arch,draft-beliveau-sfc-architecture,0.95,0.6666666666666666,0.8,-0.5,0.7041666666666666,False
7675,Session Traversal Utilities for NAT (STUN) Usage for Consent Freshness,2015,/api/v1/doc/document/draft-ietf-rtcweb-stun-consent-freshness/,/api/v1/doc/document/draft-muthu-behave-consent-freshness/,draft-ietf-rtcweb-stun-consent-freshness,draft-muthu-behave-consent-freshness,0.64,0.782608695652174,0.5,1.0,0.6836521739130434,True
7675,Session Traversal Utilities for NAT (STUN) Usage for Consent Freshness,2015,/api/v1/doc/document/draft-ietf-rtcweb-stun-consent-freshness/,/api/v1/doc/document/draft-thomson-rtcweb-consent/,draft-ietf-rtcweb-stun-consent-freshness,draft-thomson-rtcweb-consent,0.3492063492063492,0.5,0.25,-0.5,0.28214285714285714,False
7663,Report from the IAB Workshop on Stack Evolution in a Middlebox Internet (SEMI),2015,/api/v1/doc/document/draft-iab-semi-report/,/api/v1/doc/document/draft-trammell-semi-report/,draft-iab-semi-report,draft-trammell-semi-report,0.8391608391608392,1.0,1.0,1.0,0.9276223776223776,True
7583,DNSSEC Key Rollover Timing Considerations,2015,/api/v1/doc/document/draft-ietf-dnsop-dnssec-key-timing/,/api/v1/doc/document/draft-morris-dnsop-dnssec-key-timing/,draft-ietf-dnsop-dnssec-key-timing,draft-morris-dnsop-dnssec-key-timing,0.8767123287671232,0.85,0.8,1.0,0.8670205479452054,True
7685,A Transport Layer Security (TLS) ClientHello Padding Extension,2015,/api/v1/doc/document/draft-ietf-tls-padding/,/api/v1/doc/document/draft-agl-tls-padding/,draft-ietf-tls-padding,draft-agl-tls-padding,0.5542168674698795,0.7777777777777778,0.5,1.0,0.6438420348058902,True
7676,IPv6 Support for Generic Routing Encapsulation (GRE),2015,/api/v1/doc/document/draft-ietf-intarea-gre-ipv6/,/api/v1/doc/document/draft-pignataro-intarea-gre-ipv6/,draft-ietf-intarea-gre-ipv6,draft-pignataro-intarea-gre-ipv6,1.0,0.6666666666666666,1.0,1.0,0.9166666666666666,True
7678,Attribute-Value Pairs for Provisioning Customer Equipment Supporting IPv4-Over-IPv6 Transitional Solutions,2015,/api/v1/doc/document/draft-ietf-dime-4over6-provisioning/,/api/v1/doc/document/draft-zhou-dime-4over6-provisioning/,draft-ietf-dime-4over6-provisioning,draft-zhou-dime-4over6-provisioning,1.0,0.8837209302325582,1.0,1.0,0.9709302325581396,True
7669,Assigning Digital Object Identifiers to RFCs,2015,/api/v1/doc/document/draft-iab-doi/,/api/v1/doc/document/draft-levine-doi/,draft-iab-doi,draft-levine-doi,1.0,1.0,1.0,1.0,0.9999999999999999,True
7686,"The "".onion"" Special-Use Domain Name",2015,/api/v1/doc/document/draft-ietf-dnsop-onion-tld/,/api/v1/doc/document/draft-appelbaum-dnsop-onion-tld/,draft-ietf-dnsop-onion-tld,draft-appelbaum-dnsop-onion-tld,1.0,0.75,1.0,1.0,0.9374999999999999,True
7666,Management Information Base for Virtual Machines Controlled by a Hypervisor,2015,/api/v1/doc/document/draft-ietf-opsawg-vmm-mib/,/api/v1/doc/document/draft-asai-vmm-mib/,draft-ietf-opsawg-vmm-mib,draft-asai-vmm-mib,1.0,1.0,1.0,1.0,0.9999999999999999,True
7654,Benchmarking Methodology for In-Service Software Upgrade (ISSU),2015,/api/v1/doc/document/draft-ietf-bmwg-issu-meth/,/api/v1/doc/document/draft-banks-bmwg-issu-meth/,draft-ietf-bmwg-issu-meth,draft-banks-bmwg-issu-meth,0.5333333333333333,0.782608695652174,0.6666666666666666,1.0,0.6689855072463767,True
7658,Deprecation of MIB Module NAT-MIB: Managed Objects for Network Address Translators (NATs),2015,/api/v1/doc/document/draft-perrault-behave-deprecate-nat-mib-v1/,/api/v1/doc/document/draft-ietf-behave-nat-mib/,draft-perrault-behave-deprecate-nat-mib-v1,draft-ietf-behave-nat-mib,0.8026315789473685,0.4117647058823529,0.5454545454545454,1.0,0.6732162960878132,True
7658,Deprecation of MIB Module NAT-MIB: Managed Objects for Network Address Translators (NATs),2015,/api/v1/doc/document/draft-ietf-behave-nat-mib/,/api/v1/doc/document/draft-perreault-opsawg-natmib-bis/,draft-ietf-behave-nat-mib,draft-perreault-opsawg-natmib-bis,1.0,0.5,1.0,1.0,0.8749999999999999,True
7659,Definitions of Managed Objects for Network Address Translators (NATs),2015,/api/v1/doc/document/draft-perrault-behave-natv2-mib/,/api/v1/doc/document/draft-ietf-behave-nat-mib/,draft-perrault-behave-natv2-mib,draft-ietf-behave-nat-mib,0.9924812030075187,0.6086956521739131,0.75,1.0,0.8487904543968617,True
7659,Definitions of Managed Objects for Network Address Translators (NATs),2015,/api/v1/doc/document/draft-ietf-behave-nat-mib/,/api/v1/doc/document/draft-perreault-opsawg-natmib-bis/,draft-ietf-behave-nat-mib,draft-perreault-opsawg-natmib-bis,1.0,0.5,1.0,1.0,0.8749999999999999,True
7661,Updating TCP to Support Rate-Limited Traffic,2015,/api/v1/doc/document/draft-ietf-tcpm-newcwv/,/api/v1/doc/document/draft-fairhurst-tcpm-newcwv/,draft-ietf-tcpm-newcwv,draft-fairhurst-tcpm-newcwv,1.0,0.7058823529411765,1.0,1.0,0.926470588235294,True
7668,IPv6 over BLUETOOTH(R) Low Energy,2015,/api/v1/doc/document/draft-ietf-6lo-btle/,/api/v1/doc/document/draft-ietf-6lowpan-btle/,draft-ietf-6lo-btle,draft-ietf-6lowpan-btle,0.6976744186046512,1.0,1.0,1.0,0.8639534883720931,True
7668,IPv6 over BLUETOOTH(R) Low Energy,2015,/api/v1/doc/document/draft-ietf-6lowpan-btle/,/api/v1/doc/document/draft-patil-6lowpan-v6over-btle/,draft-ietf-6lowpan-btle,draft-patil-6lowpan-v6over-btle,1.0,0.34782608695652173,1.0,1.0,0.8369565217391305,True
7683,Diameter Overload Indication Conveyance,2015,/api/v1/doc/document/draft-ietf-dime-ovli/,/api/v1/doc/document/draft-docdt-dime-ovli/,draft-ietf-dime-ovli,draft-docdt-dime-ovli,1.0,0.6153846153846154,1.0,1.0,0.9038461538461539,True
7655,RTP Payload Format for G.711.0,2015,/api/v1/doc/document/draft-ietf-payload-g7110/,/api/v1/doc/document/draft-ramalho-payload-g7110/,draft-ietf-payload-g7110,draft-ramalho-payload-g7110,1.0,0.5555555555555556,1.0,1.0,0.888888888888889,True
7694,Hypertext Transfer Protocol (HTTP) Client-Initiated Content-Encoding,2015,/api/v1/doc/document/draft-ietf-httpbis-cice/,/api/v1/doc/document/draft-reschke-http-cice/,draft-ietf-httpbis-cice,draft-reschke-http-cice,1.0,0.6153846153846154,1.0,1.0,0.9038461538461539,True
7656,A Taxonomy of Semantics and Mechanisms for Real-Time Transport Protocol (RTP) Sources,2015,/api/v1/doc/document/draft-ietf-avtext-rtp-grouping-taxonomy/,/api/v1/doc/document/draft-lennox-raiarea-rtp-grouping-taxonomy/,draft-ietf-avtext-rtp-grouping-taxonomy,draft-lennox-raiarea-rtp-grouping-taxonomy,0.9485714285714286,0.84,0.8888888888888888,1.0,0.9146349206349207,True
7667,RTP Topologies,2015,/api/v1/doc/document/draft-ietf-avtcore-rtp-topologies-update/,/api/v1/doc/document/draft-westerlund-avtcore-rtp-topologies-update/,draft-ietf-avtcore-rtp-topologies-update,draft-westerlund-avtcore-rtp-topologies-update,1.0,0.84,1.0,1.0,0.9600000000000001,True
7688,GMPLS OSPF Enhancement for Signal and Network Element Compatibility for Wavelength Switched Optical Networks,2015,/api/v1/doc/document/draft-ietf-ccamp-wson-signal-compatibility-ospf/,/api/v1/doc/document/draft-lee-ccamp-wson-signal-compatibility-ospf/,draft-ietf-ccamp-wson-signal-compatibility-ospf,draft-lee-ccamp-wson-signal-compatibility-ospf,0.9714285714285714,0.9090909090909091,0.9090909090909091,1.0,0.9462337662337662,True
7689,Signaling Extensions for Wavelength Switched Optical Networks,2015,/api/v1/doc/document/draft-ietf-ccamp-wson-signaling/,/api/v1/doc/document/draft-bernstein-ccamp-wson-signaling/,draft-ietf-ccamp-wson-signaling,draft-bernstein-ccamp-wson-signaling,1.0,0.8235294117647058,1.0,1.0,0.9558823529411765,True
7696,Guidelines for Cryptographic Algorithm Agility and Selecting Mandatory-to-Implement Algorithms,2015,/api/v1/doc/document/draft-iab-crypto-alg-agility/,/api/v1/doc/document/draft-housley-crypto-alg-agility/,draft-iab-crypto-alg-agility,draft-housley-crypto-alg-agility,0.6571428571428571,1.0,1.0,1.0,0.8457142857142858,True
7709,Requirements for Very Fast Setup of GMPLS Label Switched Paths (LSPs),2015,/api/v1/doc/document/draft-ietf-teas-fast-lsps-requirements/,/api/v1/doc/document/draft-malis-ccamp-fast-lsps/,draft-ietf-teas-fast-lsps-requirements,draft-malis-ccamp-fast-lsps,0.8141592920353983,0.4864864864864865,0.6666666666666666,1.0,0.7213266363708841,True
7698,Framework and Requirements for GMPLS-Based Control of Flexi-Grid Dense Wavelength Division Multiplexing (DWDM) Networks,2015,/api/v1/doc/document/draft-ietf-ccamp-flexi-grid-fwk/,/api/v1/doc/document/draft-ogrcetal-ccamp-flexi-grid-fwk/,draft-ietf-ccamp-flexi-grid-fwk,draft-ogrcetal-ccamp-flexi-grid-fwk,0.8,0.8235294117647058,0.75,1.0,0.8158823529411765,True
7699,Generalized Labels for the Flexi-Grid in Lambda Switch Capable (LSC) Label Switching Routers,2015,/api/v1/doc/document/draft-ietf-ccamp-flexigrid-lambda-label/,/api/v1/doc/document/draft-farrkingel-ccamp-flexigrid-lambda-label/,draft-ietf-ccamp-flexigrid-lambda-label,draft-farrkingel-ccamp-flexigrid-lambda-label,1.0,0.88,1.0,1.0,0.9700000000000001,True
7711,PKIX over Secure HTTP (POSH),2015,/api/v1/doc/document/draft-ietf-xmpp-posh/,/api/v1/doc/document/draft-miller-posh/,draft-ietf-xmpp-posh,draft-miller-posh,1.0,1.0,1.0,1.0,0.9999999999999999,True
7711,PKIX over Secure HTTP (POSH),2015,/api/v1/doc/document/draft-miller-posh/,/api/v1/doc/document/draft-miller-xmpp-posh-prooftype/,draft-miller-posh,draft-miller-xmpp-posh-prooftype,0.48598130841121495,0.34782608695652173,0.45454545454545453,1.0,0.4965572014332681,True
7712,Domain Name Associations (DNA) in the Extensible Messaging and Presence Protocol (XMPP),2015,/api/v1/doc/document/draft-ietf-xmpp-dna/,/api/v1/doc/document/draft-saintandre-xmpp-dna/,draft-ietf-xmpp-dna,draft-saintandre-xmpp-dna,1.0,0.5454545454545454,1.0,-0.5,0.7363636363636363,True
7695,Distributed Prefix Assignment Algorithm,2015,/api/v1/doc/document/draft-ietf-homenet-prefix-assignment/,/api/v1/doc/document/draft-pfister-homenet-prefix-assignment/,draft-ietf-homenet-prefix-assignment,draft-pfister-homenet-prefix-assignment,0.4883720930232558,0.8095238095238095,0.6666666666666666,1.0,0.6554817275747508,True
7706,Decreasing Access Time to Root Servers by Running One on Loopback,2015,/api/v1/doc/document/draft-ietf-dnsop-root-loopback/,/api/v1/doc/document/draft-wkumari-dnsop-root-loopback/,draft-ietf-dnsop-root-loopback,draft-wkumari-dnsop-root-loopback,1.0,0.8125,1.0,1.0,0.9531249999999999,True
7708,Using a Generic Associated Channel Label as a Virtual Circuit Connectivity Verification Channel Indicator,2015,/api/v1/doc/document/draft-ietf-pals-vccv-for-gal/,/api/v1/doc/document/draft-ietf-pwe3-vccv-for-gal/,draft-ietf-pals-vccv-for-gal,draft-ietf-pwe3-vccv-for-gal,0.273972602739726,1.0,1.0,1.0,0.6732876712328767,True
7705,Autonomous System Migration Mechanisms and Their Effects on the BGP AS_PATH Attribute,2015,/api/v1/doc/document/draft-ietf-idr-as-migration/,/api/v1/doc/document/draft-ga-idr-as-migration/,draft-ietf-idr-as-migration,draft-ga-idr-as-migration,0.9122807017543859,0.8571428571428571,0.8,1.0,0.8848120300751879,True
7714,AES-GCM Authenticated Encryption in the Secure Real-time Transport Protocol (SRTP),2015,/api/v1/doc/document/draft-ietf-avtcore-srtp-aes-gcm/,/api/v1/doc/document/draft-ietf-avt-srtp-aes-gcm/,draft-ietf-avtcore-srtp-aes-gcm,draft-ietf-avt-srtp-aes-gcm,0.7132867132867133,1.0,1.0,1.0,0.870979020979021,True
7714,AES-GCM Authenticated Encryption in the Secure Real-time Transport Protocol (SRTP),2015,/api/v1/doc/document/draft-ietf-avt-srtp-aes-gcm/,/api/v1/doc/document/draft-mcgrew-srtp-aes-gcm/,draft-ietf-avt-srtp-aes-gcm,draft-mcgrew-srtp-aes-gcm,1.0,1.0,1.0,1.0,0.9999999999999999,True
7720,DNS Root Name Service Protocol and Deployment Requirements,2015,/api/v1/doc/document/draft-iab-2870bis/,/api/v1/doc/document/draft-blanchet-iab-2870bis/,draft-iab-2870bis,draft-blanchet-iab-2870bis,1.0,0.7777777777777778,1.0,1.0,0.9444444444444445,True
7716,Global Table Multicast with BGP Multicast VPN (BGP-MVPN) Procedures,2015,/api/v1/doc/document/draft-ietf-bess-mvpn-global-table-mcast/,/api/v1/doc/document/draft-ietf-l3vpn-mvpn-global-table-mcast/,draft-ietf-bess-mvpn-global-table-mcast,draft-ietf-l3vpn-mvpn-global-table-mcast,0.8392857142857143,1.0,1.0,1.0,0.9276785714285715,True
7716,Global Table Multicast with BGP Multicast VPN (BGP-MVPN) Procedures,2015,/api/v1/doc/document/draft-ietf-l3vpn-mvpn-global-table-mcast/,/api/v1/doc/document/draft-zzhang-l3vpn-mvpn-global-table-mcast/,draft-ietf-l3vpn-mvpn-global-table-mcast,draft-zzhang-l3vpn-mvpn-global-table-mcast,1.0,0.8846153846153846,1.0,1.0,0.9711538461538461,True
7700,"Preparation, Enforcement, and Comparison of Internationalized Strings Representing Nicknames",2015,/api/v1/doc/document/draft-ietf-precis-nickname/,/api/v1/doc/document/draft-saintandre-precis-nickname/,draft-ietf-precis-nickname,draft-saintandre-precis-nickname,0.6046511627906976,0.6956521739130435,0.5,1.0,0.6460060667340748,True
7701,Multi-party Chat Using the Message Session Relay Protocol (MSRP),2015,/api/v1/doc/document/draft-ietf-simple-chat/,/api/v1/doc/document/draft-niemi-simple-chat/,draft-ietf-simple-chat,draft-niemi-simple-chat,0.8163265306122449,0.5333333333333333,0.7,-0.5,0.5906802721088436,True
7702,Interworking between the Session Initiation Protocol (SIP) and the Extensible Messaging and Presence Protocol (XMPP): Groupchat,2015,/api/v1/doc/document/draft-ietf-stox-groupchat/,/api/v1/doc/document/draft-saintandre-sip-xmpp-groupchat/,draft-ietf-stox-groupchat,draft-saintandre-sip-xmpp-groupchat,1.0,0.6666666666666666,1.0,1.0,0.9166666666666666,True
7719,DNS Terminology,2015,/api/v1/doc/document/draft-ietf-dnsop-dns-terminology/,/api/v1/doc/document/draft-hoffman-dns-terminology/,draft-ietf-dnsop-dns-terminology,draft-hoffman-dns-terminology,1.0,1.0,1.0,1.0,0.9999999999999999,True
7717,IKEv2-Derived Shared Secret Key for the One-Way Active Measurement Protocol (OWAMP) and Two-Way Active Measurement Protocol (TWAMP),2015,/api/v1/doc/document/draft-ietf-ippm-ipsec/,/api/v1/doc/document/draft-bi-ippm-ipsec/,draft-ietf-ippm-ipsec,draft-bi-ippm-ipsec,0.2976190476190476,0.6666666666666666,0.5,1.0,0.5005952380952381,True
7724,Active DHCPv4 Lease Query,2015,/api/v1/doc/document/draft-ietf-dhc-dhcpv4-active-leasequery/,/api/v1/doc/document/draft-kinnear-dhc-dhcpv4-active-leasequery/,draft-ietf-dhc-dhcpv4-active-leasequery,draft-kinnear-dhc-dhcpv4-active-leasequery,1.0,0.9230769230769231,1.0,1.0,0.9807692307692307,True
7729,Forwarding and Control Element Separation (ForCES) Logical Functional Block (LFB) Subsidiary Management,2015,/api/v1/doc/document/draft-ietf-forces-lfb-subsidiary-management/,/api/v1/doc/document/draft-khs-forces-lfb-subsidiary-management/,draft-ietf-forces-lfb-subsidiary-management,draft-khs-forces-lfb-subsidiary-management,0.7169811320754716,0.8771929824561403,0.75,1.0,0.7919397550479973,True
7722,Multi-Topology Extension for the Optimized Link State Routing Protocol Version 2 (OLSRv2),2015,/api/v1/doc/document/draft-ietf-manet-olsrv2-multitopology/,/api/v1/doc/document/draft-dearlove-manet-olsrv2-multitopology/,draft-ietf-manet-olsrv2-multitopology,draft-dearlove-manet-olsrv2-multitopology,1.0,0.8695652173913043,1.0,1.0,0.967391304347826,True
7697,"MPLS Transport Profile (MPLS-TP) Operations, Administration, and Maintenance (OAM) Identifiers Management Information Base (MIB)",2016,/api/v1/doc/document/draft-ietf-mpls-tp-oam-id-mib/,/api/v1/doc/document/draft-vkst-mpls-tp-oam-id-mib/,draft-ietf-mpls-tp-oam-id-mib,draft-vkst-mpls-tp-oam-id-mib,0.8333333333333334,0.8387096774193549,0.75,1.0,0.8346774193548387,True
7715,Multipoint LDP (mLDP) Node Protection,2016,/api/v1/doc/document/draft-ietf-mpls-mldp-node-protection/,/api/v1/doc/document/draft-wijnands-mpls-mldp-node-protection/,draft-ietf-mpls-mldp-node-protection,draft-wijnands-mpls-mldp-node-protection,0.7272727272727273,0.8888888888888888,0.75,1.0,0.7994949494949495,True
7743,Relayed Echo Reply Mechanism for Label Switched Path (LSP) Ping,2016,/api/v1/doc/document/draft-ietf-mpls-lsp-ping-relay-reply/,/api/v1/doc/document/draft-zjns-mpls-lsp-ping-relay-reply/,draft-ietf-mpls-lsp-ping-relay-reply,draft-zjns-mpls-lsp-ping-relay-reply,0.803921568627451,0.8888888888888888,0.8,1.0,0.8439869281045752,True
7743,Relayed Echo Reply Mechanism for Label Switched Path (LSP) Ping,2016,/api/v1/doc/document/draft-zjns-mpls-lsp-ping-relay-reply/,/api/v1/doc/document/draft-zj-mpls-lsp-ping-reply-relay/,draft-zjns-mpls-lsp-ping-relay-reply,draft-zj-mpls-lsp-ping-reply-relay,0.37037037037037035,0.92,1.0,1.0,0.6966666666666667,True
7743,Relayed Echo Reply Mechanism for Label Switched Path (LSP) Ping,2016,/api/v1/doc/document/draft-zjns-mpls-lsp-ping-relay-reply/,/api/v1/doc/document/draft-ietf-mpls-interas-lspping/,draft-zjns-mpls-lsp-ping-relay-reply,draft-ietf-mpls-interas-lspping,0.10344827586206896,0.45,0.0,-0.5,0.10905172413793103,False
7723,Port Control Protocol (PCP) Anycast Addresses,2016,/api/v1/doc/document/draft-ietf-pcp-anycast/,/api/v1/doc/document/draft-cheshire-pcp-anycast/,draft-ietf-pcp-anycast,draft-cheshire-pcp-anycast,0.6129032258064516,0.7777777777777778,0.5,1.0,0.6702508960573477,True
7723,Port Control Protocol (PCP) Anycast Addresses,2016,/api/v1/doc/document/draft-ietf-pcp-anycast/,/api/v1/doc/document/draft-kiesel-pcp-ip-based-srv-disc/,draft-ietf-pcp-anycast,draft-kiesel-pcp-ip-based-srv-disc,0.3191489361702128,0.21428571428571427,0.09090909090909091,1.0,0.3153702680298425,False
7727,Spanning Tree Protocol (STP) Application of the Inter-Chassis Communication Protocol (ICCP),2016,/api/v1/doc/document/draft-ietf-pwe3-iccp-stp/,/api/v1/doc/document/draft-zhang-pwe3-iccp-stp/,draft-ietf-pwe3-iccp-stp,draft-zhang-pwe3-iccp-stp,0.41818181818181815,0.7619047619047619,0.6666666666666666,1.0,0.611991341991342,True
7734,Support for Shortest Path Bridging MAC Mode over Ethernet VPN (EVPN),2016,/api/v1/doc/document/draft-ietf-bess-spbm-evpn/,/api/v1/doc/document/draft-ietf-l2vpn-spbm-evpn/,draft-ietf-bess-spbm-evpn,draft-ietf-l2vpn-spbm-evpn,0.7130434782608696,1.0,1.0,1.0,0.8708695652173913,True
7734,Support for Shortest Path Bridging MAC Mode over Ethernet VPN (EVPN),2016,/api/v1/doc/document/draft-ietf-l2vpn-spbm-evpn/,/api/v1/doc/document/draft-allan-l2vpn-spbm-evpn/,draft-ietf-l2vpn-spbm-evpn,draft-allan-l2vpn-spbm-evpn,0.5405405405405406,0.75,0.6666666666666666,1.0,0.6640765765765766,True
7737,Label Switched Path (LSP) Ping and Traceroute Reply Mode Simplification,2016,/api/v1/doc/document/draft-ietf-mpls-lsp-ping-reply-mode-simple/,/api/v1/doc/document/draft-akiya-mpls-lsp-ping-reply-mode-simple/,draft-ietf-mpls-lsp-ping-reply-mode-simple,draft-akiya-mpls-lsp-ping-reply-mode-simple,0.9701492537313433,0.9122807017543859,1.0,1.0,0.9646373396177009,True
7740,Simulating Partial Mesh of Multipoint-to-Multipoint (MP2MP) Provider Tunnels with Ingress Replication,2016,/api/v1/doc/document/draft-ietf-bess-mvpn-bidir-ingress-replication/,/api/v1/doc/document/draft-ietf-l3vpn-mvpn-bidir-ingress-replication/,draft-ietf-bess-mvpn-bidir-ingress-replication,draft-ietf-l3vpn-mvpn-bidir-ingress-replication,0.8072289156626506,1.0,1.0,1.0,0.9132530120481929,True
7740,Simulating Partial Mesh of Multipoint-to-Multipoint (MP2MP) Provider Tunnels with Ingress Replication,2016,/api/v1/doc/document/draft-ietf-l3vpn-mvpn-bidir-ingress-replication/,/api/v1/doc/document/draft-zzhang-l3vpn-mvpn-bidir-ingress-replication/,draft-ietf-l3vpn-mvpn-bidir-ingress-replication,draft-zzhang-l3vpn-mvpn-bidir-ingress-replication,1.0,0.9090909090909091,1.0,1.0,0.9772727272727272,True
7748,Elliptic Curves for Security,2016,/api/v1/doc/document/draft-irtf-cfrg-curves/,/api/v1/doc/document/draft-agl-cfrgcurve/,draft-irtf-cfrg-curves,draft-agl-cfrgcurve,1.0,0.6666666666666666,1.0,1.0,0.9166666666666666,True
7746,Label Switched Path (LSP) Self-Ping,2016,/api/v1/doc/document/draft-ietf-mpls-self-ping/,/api/v1/doc/document/draft-bonica-mpls-self-ping/,draft-ietf-mpls-self-ping,draft-bonica-mpls-self-ping,0.5652173913043478,0.782608695652174,0.6666666666666666,1.0,0.6833333333333332,True
7679,A One-Way Delay Metric for IP Performance Metrics (IPPM),2016,/api/v1/doc/document/draft-ietf-ippm-2679-bis/,/api/v1/doc/document/draft-morton-ippm-2679-bis/,draft-ietf-ippm-2679-bis,draft-morton-ippm-2679-bis,0.7294117647058823,0.7619047619047619,0.7142857142857143,1.0,0.7615686274509804,True
7680,A One-Way Loss Metric for IP Performance Metrics (IPPM),2016,/api/v1/doc/document/draft-ietf-ippm-2680-bis/,/api/v1/doc/document/draft-morton-ippm-2680-bis/,draft-ietf-ippm-2680-bis,draft-morton-ippm-2680-bis,0.7228915662650602,0.7619047619047619,0.7142857142857143,1.0,0.7586345381526105,True
7744,Use Cases for Authentication and Authorization in Constrained Environments,2016,/api/v1/doc/document/draft-ietf-ace-usecases/,/api/v1/doc/document/draft-seitz-ace-usecases/,draft-ietf-ace-usecases,draft-seitz-ace-usecases,0.20689655172413793,0.8,0.5,1.0,0.49310344827586206,True
7771,Switching Provider Edge (S-PE) Protection for MPLS and MPLS Transport Profile (MPLS-TP) Static Multi-Segment Pseudowires,2016,/api/v1/doc/document/draft-ietf-pals-ms-pw-protection/,/api/v1/doc/document/draft-shawam-pwe3-ms-pw-protection/,draft-ietf-pals-ms-pw-protection,draft-shawam-pwe3-ms-pw-protection,0.5942857142857143,0.8648648648648649,0.5,1.0,0.6836447876447876,True
7726,Clarifying Procedures for Establishing BFD Sessions for MPLS Label Switched Paths (LSPs),2016,/api/v1/doc/document/draft-ietf-bfd-rfc5884-clarifications/,/api/v1/doc/document/draft-grmas-bfd-rfc5884-clarifications/,draft-ietf-bfd-rfc5884-clarifications,draft-grmas-bfd-rfc5884-clarifications,0.2857142857142857,0.9166666666666666,0.6666666666666666,1.0,0.5910714285714285,True
7770,Extensions to OSPF for Advertising Optional Router Capabilities,2016,/api/v1/doc/document/draft-ietf-ospf-rfc4970bis/,/api/v1/doc/document/draft-acee-ospf-rfc4970bis/,draft-ietf-ospf-rfc4970bis,draft-acee-ospf-rfc4970bis,1.0,0.8,1.0,1.0,0.9500000000000001,True
7739,Security Implications of Predictable Fragment Identification Values,2016,/api/v1/doc/document/draft-ietf-6man-predictable-fragment-id/,/api/v1/doc/document/draft-gont-6man-predictable-fragment-id/,draft-ietf-6man-predictable-fragment-id,draft-gont-6man-predictable-fragment-id,1.0,0.9019607843137255,1.0,1.0,0.9754901960784313,True
7749,"The ""xml2rfc"" Version 2 Vocabulary",2016,/api/v1/doc/document/draft-iab-xml2rfcv2/,/api/v1/doc/document/draft-reschke-xml2rfc/,draft-iab-xml2rfcv2,draft-reschke-xml2rfc,1.0,0.875,1.0,1.0,0.9687499999999999,True
7750,Differentiated Service Code Point and Explicit Congestion Notification Monitoring in the Two-Way Active Measurement Protocol (TWAMP),2016,/api/v1/doc/document/draft-ietf-ippm-type-p-monitor/,/api/v1/doc/document/draft-hedin-ippm-type-p-monitor/,draft-ietf-ippm-type-p-monitor,draft-hedin-ippm-type-p-monitor,0.984375,0.8484848484848485,1.0,1.0,0.9550899621212122,True
7753,Port Control Protocol (PCP) Extension for Port-Set Allocation,2016,/api/v1/doc/document/draft-ietf-pcp-port-set/,/api/v1/doc/document/draft-boucadair-pcp-rtp-rtcp/,draft-ietf-pcp-port-set,draft-boucadair-pcp-rtp-rtcp,0.27956989247311825,0.5,0.125,1.0,0.37580645161290327,True
7728,RTP Stream Pause and Resume,2016,/api/v1/doc/document/draft-ietf-avtext-rtp-stream-pause/,/api/v1/doc/document/draft-westerlund-avtext-rtp-stream-pause/,draft-ietf-avtext-rtp-stream-pause,draft-westerlund-avtext-rtp-stream-pause,0.9,0.8205128205128205,0.8,1.0,0.8701282051282051,True
7765,TCP and Stream Control Transmission Protocol (SCTP) RTO Restart,2016,/api/v1/doc/document/draft-ietf-tcpm-rtorestart/,/api/v1/doc/document/draft-hurtig-tcpm-rtorestart/,draft-ietf-tcpm-rtorestart,draft-hurtig-tcpm-rtorestart,0.5647058823529412,0.8,0.5714285714285714,1.0,0.6684033613445378,True
7772,Reducing Energy Consumption of Router Advertisements,2016,/api/v1/doc/document/draft-ietf-v6ops-reducing-ra-energy-consumption/,/api/v1/doc/document/draft-yc-v6ops-solicited-ra-unicast/,draft-ietf-v6ops-reducing-ra-energy-consumption,draft-yc-v6ops-solicited-ra-unicast,0.82,0.35714285714285715,0.42857142857142855,1.0,0.644,True
7755,SIIT-DC: Stateless IP/ICMP Translation for IPv6 Data Center Environments,2016,/api/v1/doc/document/draft-ietf-v6ops-siit-dc/,/api/v1/doc/document/draft-anderson-v6ops-siit-dc/,draft-ietf-v6ops-siit-dc,draft-anderson-v6ops-siit-dc,0.9859154929577465,0.7,0.7777777777777778,1.0,0.8742175273865415,True
7755,SIIT-DC: Stateless IP/ICMP Translation for IPv6 Data Center Environments,2016,/api/v1/doc/document/draft-anderson-v6ops-siit-dc/,/api/v1/doc/document/draft-anderson-siit-dc/,draft-anderson-v6ops-siit-dc,draft-anderson-siit-dc,0.9022556390977443,0.7,0.875,1.0,0.8560150375939849,True
7756,Stateless IP/ICMP Translation for IPv6 Internet Data Center Environments (SIIT-DC): Dual Translation Mode,2016,/api/v1/doc/document/draft-ietf-v6ops-siit-dc-2xlat/,/api/v1/doc/document/draft-anderson-v6ops-siit-dc-2xlat/,draft-ietf-v6ops-siit-dc-2xlat,draft-anderson-v6ops-siit-dc-2xlat,0.44274809160305345,0.8125,0.6666666666666666,1.0,0.6356949745547074,True
7757,Explicit Address Mappings for Stateless IP/ICMP Translation,2016,/api/v1/doc/document/draft-ietf-v6ops-siit-eam/,/api/v1/doc/document/draft-anderson-v6ops-siit-eam/,draft-ietf-v6ops-siit-eam,draft-anderson-v6ops-siit-eam,1.0,0.7272727272727273,1.0,1.0,0.9318181818181818,True
7759,"Configuration of Proactive Operations, Administration, and Maintenance (OAM) Functions for MPLS-Based Transport Networks Using Label Switched Path (LSP) Ping",2016,/api/v1/doc/document/draft-ietf-mpls-lsp-ping-mpls-tp-oam-conf/,/api/v1/doc/document/draft-absw-mpls-lsp-ping-mpls-tp-oam-conf/,draft-ietf-mpls-lsp-ping-mpls-tp-oam-conf,draft-absw-mpls-lsp-ping-mpls-tp-oam-conf,0.754863813229572,0.9090909090909091,1.0,1.0,0.8669614432260347,True
7731,Multicast Protocol for Low-Power and Lossy Networks (MPL),2016,/api/v1/doc/document/draft-ietf-roll-trickle-mcast/,/api/v1/doc/document/draft-hui-6man-trickle-mcast/,draft-ietf-roll-trickle-mcast,draft-hui-6man-trickle-mcast,0.3595505617977528,0.8387096774193549,0.6666666666666666,1.0,0.6048085054971608,True
7732,Forwarder Policy for Multicast with Admin-Local Scope in the Multicast Protocol for Low-Power and Lossy Networks (MPL),2016,/api/v1/doc/document/draft-ietf-roll-admin-local-policy/,/api/v1/doc/document/draft-vanderstok-roll-admin-local-policy/,draft-ietf-roll-admin-local-policy,draft-vanderstok-roll-admin-local-policy,0.6127167630057804,0.8780487804878049,0.75,1.0,0.7452347384745523,True
7733,Applicability Statement: The Use of the Routing Protocol for Low-Power and Lossy Networks (RPL) Protocol Suite in Home Automation and Building Control,2016,/api/v1/doc/document/draft-ietf-roll-applicability-home-building/,/api/v1/doc/document/draft-brandt-roll-rpl-applicability-home-building/,draft-ietf-roll-applicability-home-building,draft-brandt-roll-rpl-applicability-home-building,0.7768595041322314,0.8571428571428571,0.6,1.0,0.7838724911452184,True
7769,Media Access Control (MAC) Address Withdrawal over Static Pseudowire,2016,/api/v1/doc/document/draft-ietf-pals-mpls-tp-mac-wd/,/api/v1/doc/document/draft-ietf-l2vpn-mpls-tp-mac-wd/,draft-ietf-pals-mpls-tp-mac-wd,draft-ietf-l2vpn-mpls-tp-mac-wd,0.8108108108108109,1.0,1.0,1.0,0.9148648648648648,True
7769,Media Access Control (MAC) Address Withdrawal over Static Pseudowire,2016,/api/v1/doc/document/draft-ietf-l2vpn-mpls-tp-mac-wd/,/api/v1/doc/document/draft-boutros-l2vpn-mpls-tp-mac-wd/,draft-ietf-l2vpn-mpls-tp-mac-wd,draft-boutros-l2vpn-mpls-tp-mac-wd,1.0,0.8235294117647058,1.0,1.0,0.9558823529411765,True
7780,"Transparent Interconnection of Lots of Links (TRILL): Clarifications, Corrections, and Updates",2016,/api/v1/doc/document/draft-ietf-trill-rfc7180bis/,/api/v1/doc/document/draft-eastlake-trill-rfc7180bis/,draft-ietf-trill-rfc7180bis,draft-eastlake-trill-rfc7180bis,0.6616541353383458,0.7692307692307693,0.5,1.0,0.6900520532099479,True
7781,Transparent Interconnection of Lots of Links (TRILL): Pseudo-Nickname for Active-Active Access,2016,/api/v1/doc/document/draft-ietf-trill-pseudonode-nickname/,/api/v1/doc/document/draft-hu-trill-pseudonode-nickname/,draft-ietf-trill-pseudonode-nickname,draft-hu-trill-pseudonode-nickname,0.6330935251798561,0.8636363636363636,0.6666666666666666,1.0,0.7341345105733594,True
7782,Transparent Interconnection of Lots of Links (TRILL) Active-Active Edge Using Multiple MAC Attachments,2016,/api/v1/doc/document/draft-ietf-trill-aa-multi-attach/,/api/v1/doc/document/draft-zhang-trill-aa-multi-attach/,draft-ietf-trill-aa-multi-attach,draft-zhang-trill-aa-multi-attach,0.7096774193548387,0.8333333333333334,0.6666666666666666,1.0,0.761021505376344,True
7783,Coordinated Multicast Trees (CMT) for Transparent Interconnection of Lots of Links (TRILL),2016,/api/v1/doc/document/draft-ietf-trill-cmt/,/api/v1/doc/document/draft-tissa-trill-cmt/,draft-ietf-trill-cmt,draft-tissa-trill-cmt,0.6456692913385826,0.5,0.5555555555555556,1.0,0.6266622922134734,True
7797,JSON Web Signature (JWS) Unencoded Payload Option,2016,/api/v1/doc/document/draft-ietf-jose-jws-signing-input-options/,/api/v1/doc/document/draft-jones-jose-jws-signing-input-options/,draft-ietf-jose-jws-signing-input-options,draft-jones-jose-jws-signing-input-options,0.4166666666666667,0.9090909090909091,0.8,1.0,0.6747727272727273,True
7795,Pseudowire Redundancy on the Switching Provider Edge (S-PE),2016,/api/v1/doc/document/draft-ietf-pals-redundancy-spe/,/api/v1/doc/document/draft-ietf-pwe3-redundancy-spe/,draft-ietf-pals-redundancy-spe,draft-ietf-pwe3-redundancy-spe,0.6744186046511628,1.0,1.0,1.0,0.8534883720930232,True
7795,Pseudowire Redundancy on the Switching Provider Edge (S-PE),2016,/api/v1/doc/document/draft-ietf-pwe3-redundancy-spe/,/api/v1/doc/document/draft-dong-pwe3-redundancy-spe/,draft-ietf-pwe3-redundancy-spe,draft-dong-pwe3-redundancy-spe,1.0,0.8484848484848485,1.0,1.0,0.962121212121212,True
7725,An HTTP Status Code to Report Legal Obstacles,2016,/api/v1/doc/document/draft-ietf-httpbis-legally-restricted-status/,/api/v1/doc/document/draft-tbray-http-legally-restricted-status/,draft-ietf-httpbis-legally-restricted-status,draft-tbray-http-legally-restricted-status,1.0,0.9090909090909091,1.0,1.0,0.9772727272727272,True
7775,IS-IS Route Preference for Extended IP and IPv6 Reachability,2016,/api/v1/doc/document/draft-ietf-isis-route-preference/,/api/v1/doc/document/draft-ginsberg-isis-route-preference/,draft-ietf-isis-route-preference,draft-ginsberg-isis-route-preference,1.0,0.8648648648648649,1.0,1.0,0.9662162162162161,True
7784,"Transparent Interconnection of Lots of Links (TRILL) Operations, Administration, and Maintenance (OAM) MIB",2016,/api/v1/doc/document/draft-ietf-trill-oam-mib/,/api/v1/doc/document/draft-deepak-trill-oam-mib/,draft-ietf-trill-oam-mib,draft-deepak-trill-oam-mib,0.23008849557522124,0.7,0.6666666666666666,1.0,0.5118731563421829,True
7790,"Mapping Characters for Classes of the Preparation, Enforcement, and Comparison of Internationalized Strings (PRECIS)",2016,/api/v1/doc/document/draft-ietf-precis-mappings/,/api/v1/doc/document/draft-yoneya-precis-mappings/,draft-ietf-precis-mappings,draft-yoneya-precis-mappings,0.40268456375838924,0.6956521739130435,0.5,1.0,0.555121097169536,True
7754,Technical Considerations for Internet Service Blocking and Filtering,2016,/api/v1/doc/document/draft-iab-filtering-considerations/,/api/v1/doc/document/draft-barnes-blocking-considerations/,draft-iab-filtering-considerations,draft-barnes-blocking-considerations,0.8852459016393442,0.8085106382978723,0.8333333333333334,1.0,0.8671549819788397,True
7766,DNS Transport over TCP - Implementation Requirements,2016,/api/v1/doc/document/draft-ietf-dnsop-5966bis/,/api/v1/doc/document/draft-dickinson-dnsop-5966-bis/,draft-ietf-dnsop-5966bis,draft-dickinson-dnsop-5966-bis,1.0,0.6666666666666666,1.0,1.0,0.9166666666666666,True
7794,IS-IS Prefix Attributes for Extended IPv4 and IPv6 Reachability,2016,/api/v1/doc/document/draft-ietf-isis-prefix-attributes/,/api/v1/doc/document/draft-ginsberg-isis-prefix-attributes/,draft-ietf-isis-prefix-attributes,draft-ginsberg-isis-prefix-attributes,0.9838709677419355,0.8717948717948718,0.8333333333333334,1.0,0.9273573200992556,True
7751,Kerberos Authorization Data Container Authenticated by Multiple Message Authentication Codes (MACs),2016,/api/v1/doc/document/draft-ietf-kitten-cammac/,/api/v1/doc/document/draft-ietf-krb-wg-cammac/,draft-ietf-kitten-cammac,draft-ietf-krb-wg-cammac,0.8242424242424242,0.8,1.0,1.0,0.870909090909091,True
7707,Network Reconnaissance in IPv6 Networks,2016,/api/v1/doc/document/draft-ietf-opsec-ipv6-host-scanning/,/api/v1/doc/document/draft-gont-opsec-ipv6-host-scanning/,draft-ietf-opsec-ipv6-host-scanning,draft-gont-opsec-ipv6-host-scanning,1.0,0.8571428571428571,1.0,1.0,0.9642857142857143,True
7721,Security and Privacy Considerations for IPv6 Address Generation Mechanisms,2016,/api/v1/doc/document/draft-ietf-6man-ipv6-address-generation-privacy/,/api/v1/doc/document/draft-cooper-6man-ipv6-address-generation-privacy/,draft-ietf-6man-ipv6-address-generation-privacy,draft-cooper-6man-ipv6-address-generation-privacy,0.9037037037037037,0.9253731343283582,0.8571428571428571,1.0,0.9094385216773276,True
7761,Protocol Independent Multicast - Sparse Mode (PIM-SM): Protocol Specification (Revised),2016,/api/v1/doc/document/draft-ietf-pim-rfc4601bis/,/api/v1/doc/document/draft-parekh-pim-rfc4601bis/,draft-ietf-pim-rfc4601bis,draft-parekh-pim-rfc4601bis,1.0,0.8333333333333334,1.0,1.0,0.9583333333333334,True
7777,Advertising Node Administrative Tags in OSPF,2016,/api/v1/doc/document/draft-ietf-ospf-node-admin-tag/,/api/v1/doc/document/draft-hegde-ospf-node-admin-tag/,draft-ietf-ospf-node-admin-tag,draft-hegde-ospf-node-admin-tag,0.9565217391304348,0.8484848484848485,0.8333333333333334,1.0,0.9092226613965745,True
7792,RSVP-TE Signaling Extensions in Support of Flexi-Grid Dense Wavelength Division Multiplexing (DWDM) Networks,2016,/api/v1/doc/document/draft-ietf-ccamp-flexible-grid-rsvp-te-ext/,/api/v1/doc/document/draft-zhang-ccamp-flexible-grid-rsvp-te-ext/,draft-ietf-ccamp-flexible-grid-rsvp-te-ext,draft-zhang-ccamp-flexible-grid-rsvp-te-ext,0.654320987654321,0.8928571428571429,0.8,1.0,0.7776587301587302,True
7752,North-Bound Distribution of Link-State and Traffic Engineering (TE) Information Using BGP,2016,/api/v1/doc/document/draft-ietf-idr-ls-distribution/,/api/v1/doc/document/draft-gredler-idr-ls-distribution/,draft-ietf-idr-ls-distribution,draft-gredler-idr-ls-distribution,0.8701298701298701,0.8823529411764706,0.8,1.0,0.8721466768525592,True
7774,Multicast Protocol for Low-Power and Lossy Networks (MPL) Parameter Configuration Option for DHCPv6,2016,/api/v1/doc/document/draft-ietf-roll-mpl-parameter-configuration/,/api/v1/doc/document/draft-doi-roll-mpl-parameter-configuration/,draft-ietf-roll-mpl-parameter-configuration,draft-doi-roll-mpl-parameter-configuration,0.6338028169014085,0.9152542372881356,0.75,1.0,0.7640248269276677,True
7796,Ethernet-Tree (E-Tree) Support in Virtual Private LAN Service (VPLS),2016,/api/v1/doc/document/draft-ietf-l2vpn-vpls-pe-etree/,/api/v1/doc/document/draft-jiang-l2vpn-vpls-pe-etree/,draft-ietf-l2vpn-vpls-pe-etree,draft-jiang-l2vpn-vpls-pe-etree,0.375,0.8125,0.6666666666666666,1.0,0.6052083333333333,True
7763,The text/markdown Media Type,2016,/api/v1/doc/document/draft-ietf-appsawg-text-markdown/,/api/v1/doc/document/draft-seantek-text-markdown-media-type/,draft-ietf-appsawg-text-markdown,draft-seantek-text-markdown-media-type,1.0,0.7027027027027027,1.0,1.0,0.9256756756756758,True
7764,"Guidance on Markdown: Design Philosophies, Stability Strategies, and Select Registrations",2016,/api/v1/doc/document/draft-ietf-appsawg-text-markdown-use-cases/,/api/v1/doc/document/draft-seantek-text-markdown-use-cases/,draft-ietf-appsawg-text-markdown-use-cases,draft-seantek-text-markdown-use-cases,0.23853211009174313,1.0,1.0,1.0,0.6573394495412844,True
7798,RTP Payload Format for High Efficiency Video Coding (HEVC),2016,/api/v1/doc/document/draft-ietf-payload-rtp-h265/,/api/v1/doc/document/draft-schierl-payload-rtp-h265/,draft-ietf-payload-rtp-h265,draft-schierl-payload-rtp-h265,0.9532710280373832,0.6666666666666666,0.875,1.0,0.8706386292834891,True
7816,DNS Query Name Minimisation to Improve Privacy,2016,/api/v1/doc/document/draft-ietf-dnsop-qname-minimisation/,/api/v1/doc/document/draft-bortzmeyer-dns-qname-minimisation/,draft-ietf-dnsop-qname-minimisation,draft-bortzmeyer-dns-qname-minimisation,1.0,0.9,1.0,1.0,0.975,True
7741,RTP Payload Format for VP8 Video,2016,/api/v1/doc/document/draft-ietf-payload-vp8/,/api/v1/doc/document/draft-westin-payload-vp8/,draft-ietf-payload-vp8,draft-westin-payload-vp8,0.7191011235955056,0.42857142857142855,0.7142857142857143,1.0,0.6735955056179775,True
7742,WebRTC Video Processing and Codec Requirements,2016,/api/v1/doc/document/draft-ietf-rtcweb-video/,/api/v1/doc/document/draft-cbran-rtcweb-codec/,draft-ietf-rtcweb-video,draft-cbran-rtcweb-codec,0.717391304347826,0.23529411764705882,0.6666666666666666,1.0,0.6149829497016197,True
7817,Updated Transport Layer Security (TLS) Server Identity Check Procedure for Email-Related Protocols,2016,/api/v1/doc/document/draft-ietf-uta-email-tls-certs/,/api/v1/doc/document/draft-melnikov-email-tls-certs/,draft-ietf-uta-email-tls-certs,draft-melnikov-email-tls-certs,0.8502994011976048,1.0,1.0,1.0,0.9326347305389221,True
7814,Virtual Subnet: A BGP/MPLS IP VPN-Based Subnet Extension Solution,2016,/api/v1/doc/document/draft-ietf-bess-virtual-subnet/,/api/v1/doc/document/draft-ietf-l3vpn-virtual-subnet/,draft-ietf-bess-virtual-subnet,draft-ietf-l3vpn-virtual-subnet,0.8983050847457628,1.0,1.0,1.0,0.9542372881355933,True
7814,Virtual Subnet: A BGP/MPLS IP VPN-Based Subnet Extension Solution,2016,/api/v1/doc/document/draft-ietf-l3vpn-virtual-subnet/,/api/v1/doc/document/draft-xu-l3vpn-virtual-subnet/,draft-ietf-l3vpn-virtual-subnet,draft-xu-l3vpn-virtual-subnet,1.0,0.8235294117647058,1.0,1.0,0.9558823529411765,True
7820,UDP Checksum Complement in the One-Way Active Measurement Protocol (OWAMP) and Two-Way Active Measurement Protocol (TWAMP),2016,/api/v1/doc/document/draft-ietf-ippm-checksum-trailer/,/api/v1/doc/document/draft-mizrahi-ippm-checksum-trailer/,draft-ietf-ippm-checksum-trailer,draft-mizrahi-ippm-checksum-trailer,0.43312101910828027,0.8648648648648649,0.6666666666666666,1.0,0.6444540081482757,True
7820,UDP Checksum Complement in the One-Way Active Measurement Protocol (OWAMP) and Two-Way Active Measurement Protocol (TWAMP),2016,/api/v1/doc/document/draft-mizrahi-ippm-checksum-trailer/,/api/v1/doc/document/draft-mizrahi-owamp-twamp-checksum-trailer/,draft-mizrahi-ippm-checksum-trailer,draft-mizrahi-owamp-twamp-checksum-trailer,1.0,0.7755102040816326,1.0,1.0,0.9438775510204082,True
7821,UDP Checksum Complement in the Network Time Protocol (NTP),2016,/api/v1/doc/document/draft-ietf-ntp-checksum-trailer/,/api/v1/doc/document/draft-mizrahi-ntp-checksum-trailer/,draft-ietf-ntp-checksum-trailer,draft-mizrahi-ntp-checksum-trailer,0.8275862068965517,0.8888888888888888,0.6666666666666666,1.0,0.8279693486590037,True
7822,Network Time Protocol Version 4 (NTPv4) Extension Fields,2016,/api/v1/doc/document/draft-ietf-ntp-extension-field/,/api/v1/doc/document/draft-mizrahi-ntp-extension-field/,draft-ietf-ntp-extension-field,draft-mizrahi-ntp-extension-field,0.46601941747572817,0.8823529411764706,0.6666666666666666,1.0,0.6636303064915287,True
7827,The Role of the IRTF Chair,2016,/api/v1/doc/document/draft-iab-irtf-chair-description/,/api/v1/doc/document/draft-eggert-irtf-chair-description/,draft-iab-irtf-chair-description,draft-eggert-irtf-chair-description,1.0,1.0,1.0,1.0,0.9999999999999999,True
7807,Problem Details for HTTP APIs,2016,/api/v1/doc/document/draft-ietf-appsawg-http-problem/,/api/v1/doc/document/draft-nottingham-http-problem/,draft-ietf-appsawg-http-problem,draft-nottingham-http-problem,1.0,1.0,1.0,1.0,0.9999999999999999,True
7808,Time Zone Data Distribution Service,2016,/api/v1/doc/document/draft-ietf-tzdist-service/,/api/v1/doc/document/draft-douglass-timezone-service/,draft-ietf-tzdist-service,draft-douglass-timezone-service,0.5333333333333333,0.6086956521739131,0.5,1.0,0.5921739130434782,True
7809,Calendaring Extensions to WebDAV (CalDAV): Time Zones by Reference,2016,/api/v1/doc/document/draft-ietf-tzdist-caldav-timezone-ref/,/api/v1/doc/document/draft-daboo-caldav-timezone-ref/,draft-ietf-tzdist-caldav-timezone-ref,draft-daboo-caldav-timezone-ref,0.6304347826086957,1.0,1.0,1.0,0.8336956521739131,True
7800,Proof-of-Possession Key Semantics for JSON Web Tokens (JWTs),2016,/api/v1/doc/document/draft-ietf-oauth-proof-of-possession/,/api/v1/doc/document/draft-jones-oauth-proof-of-possession/,draft-ietf-oauth-proof-of-possession,draft-jones-oauth-proof-of-possession,0.9642857142857143,0.8636363636363636,0.875,1.0,0.9248376623376624,True
7828,The edns-tcp-keepalive EDNS0 Option,2016,/api/v1/doc/document/draft-ietf-dnsop-edns-tcp-keepalive/,/api/v1/doc/document/draft-wouters-edns-tcp-keepalive/,draft-ietf-dnsop-edns-tcp-keepalive,draft-wouters-edns-tcp-keepalive,1.0,1.0,1.0,1.0,0.9999999999999999,True
7838,HTTP Alternative Services,2016,/api/v1/doc/document/draft-ietf-httpbis-alt-svc/,/api/v1/doc/document/draft-nottingham-httpbis-alt-svc/,draft-ietf-httpbis-alt-svc,draft-nottingham-httpbis-alt-svc,1.0,0.6363636363636364,1.0,1.0,0.9090909090909091,True
7806,"On Queuing, Marking, and Dropping",2016,/api/v1/doc/document/draft-ietf-aqm-fq-implementation/,/api/v1/doc/document/draft-baker-aqm-sfq-implementation/,draft-ietf-aqm-fq-implementation,draft-baker-aqm-sfq-implementation,1.0,0.8717948717948718,1.0,1.0,0.967948717948718,True
7788,Home Networking Control Protocol,2016,/api/v1/doc/document/draft-ietf-homenet-hncp/,/api/v1/doc/document/draft-stenberg-homenet-hncp/,draft-ietf-homenet-hncp,draft-stenberg-homenet-hncp,1.0,0.5,1.0,1.0,0.8749999999999999,True
7779,Directional Airtime Metric Based on Packet Sequence Numbers for Optimized Link State Routing Version 2 (OLSRv2),2016,/api/v1/doc/document/draft-ietf-manet-olsrv2-dat-metric/,/api/v1/doc/document/draft-rogge-baccelli-olsrv2-ett-metric/,draft-ietf-manet-olsrv2-dat-metric,draft-rogge-baccelli-olsrv2-ett-metric,0.4228571428571429,0.6976744186046512,0.5384615384615384,1.0,0.5723966266291848,True
7829,SCTP-PF: A Quick Failover Algorithm for the Stream Control Transmission Protocol,2016,/api/v1/doc/document/draft-ietf-tsvwg-sctp-failover/,/api/v1/doc/document/draft-nishida-tsvwg-sctp-failover/,draft-ietf-tsvwg-sctp-failover,draft-nishida-tsvwg-sctp-failover,0.5225225225225225,0.8125,0.6666666666666666,1.0,0.6715934684684685,True
7857,Updates to Network Address Translation (NAT) Behavioral Requirements,2016,/api/v1/doc/document/draft-ietf-tsvwg-behave-requirements-update/,/api/v1/doc/document/draft-ietf-behave-requirements-update/,draft-ietf-tsvwg-behave-requirements-update,draft-ietf-behave-requirements-update,0.8527131782945736,0.8444444444444444,1.0,1.0,0.8948320413436693,True
7857,Updates to Network Address Translation (NAT) Behavioral Requirements,2016,/api/v1/doc/document/draft-ietf-tsvwg-behave-requirements-update/,/api/v1/doc/document/draft-penno-behave-rfc4787-5382-5508-bis/,draft-ietf-tsvwg-behave-requirements-update,draft-penno-behave-rfc4787-5382-5508-bis,0.8527131782945736,0.37037037037037035,1.0,1.0,0.7763135228251506,False
7834,Locator/ID Separation Protocol (LISP) Impact,2016,/api/v1/doc/document/draft-ietf-lisp-impact/,/api/v1/doc/document/draft-saucez-lisp-impact/,draft-ietf-lisp-impact,draft-saucez-lisp-impact,0.41509433962264153,0.7058823529411765,0.5,1.0,0.5632630410654828,True
7834,Locator/ID Separation Protocol (LISP) Impact,2016,/api/v1/doc/document/draft-saucez-lisp-impact/,/api/v1/doc/document/draft-saucez-lisp-iesg-statement/,draft-saucez-lisp-impact,draft-saucez-lisp-iesg-statement,0.5333333333333333,0.5333333333333333,0.25,1.0,0.5233333333333333,True
7845,Ogg Encapsulation for the Opus Audio Codec,2016,/api/v1/doc/document/draft-ietf-codec-oggopus/,/api/v1/doc/document/draft-terriberry-oggopus/,draft-ietf-codec-oggopus,draft-terriberry-oggopus,1.0,1.0,1.0,1.0,0.9999999999999999,True
7850,Registering Values of the SDP 'proto' Field for Transporting RTP Media over TCP under Various RTP Profiles,2016,/api/v1/doc/document/draft-ietf-mmusic-proto-iana-registration/,/api/v1/doc/document/draft-nandakumar-mmusic-proto-iana-registration/,draft-ietf-mmusic-proto-iana-registration,draft-nandakumar-mmusic-proto-iana-registration,0.8557692307692307,0.8679245283018868,0.75,1.0,0.8520772859216255,True
7819,Privacy Considerations for DHCP,2016,/api/v1/doc/document/draft-ietf-dhc-dhcp-privacy/,/api/v1/doc/document/draft-jiang-dhc-dhcp-privacy/,draft-ietf-dhc-dhcp-privacy,draft-jiang-dhc-dhcp-privacy,1.0,0.8571428571428571,1.0,1.0,0.9642857142857143,True
7810,IS-IS Traffic Engineering (TE) Metric Extensions,2016,/api/v1/doc/document/draft-ietf-isis-te-metric-extensions/,/api/v1/doc/document/draft-previdi-isis-te-metric-extensions/,draft-ietf-isis-te-metric-extensions,draft-previdi-isis-te-metric-extensions,1.0,0.8888888888888888,1.0,1.0,0.9722222222222222,True
7823,Performance-Based Path Selection for Explicitly Routed Label Switched Paths (LSPs) Using TE Metric Extensions,2016,/api/v1/doc/document/draft-ietf-teas-te-express-path/,/api/v1/doc/document/draft-ietf-mpls-te-express-path/,draft-ietf-teas-te-express-path,draft-ietf-mpls-te-express-path,0.8911917098445595,1.0,1.0,1.0,0.9510362694300517,True
7823,Performance-Based Path Selection for Explicitly Routed Label Switched Paths (LSPs) Using TE Metric Extensions,2016,/api/v1/doc/document/draft-ietf-mpls-te-express-path/,/api/v1/doc/document/draft-atlas-mpls-te-express-path/,draft-ietf-mpls-te-express-path,draft-atlas-mpls-te-express-path,1.0,0.8571428571428571,1.0,1.0,0.9642857142857143,True
7847,Logical-Interface Support for IP Hosts with Multi-Access Support,2016,/api/v1/doc/document/draft-ietf-netext-logical-interface-support/,/api/v1/doc/document/draft-yokota-netlmm-pmipv6-mn-itho-support/,draft-ietf-netext-logical-interface-support,draft-yokota-netlmm-pmipv6-mn-itho-support,0.6666666666666666,0.48148148148148145,0.42857142857142855,1.0,0.606084656084656,True
7851,Peer-to-Peer (P2P) Overlay Diagnostics,2016,/api/v1/doc/document/draft-ietf-p2psip-diagnostics/,/api/v1/doc/document/draft-zheng-p2psip-diagnose/,draft-ietf-p2psip-diagnostics,draft-zheng-p2psip-diagnose,0.47761194029850745,0.5384615384615384,0.14285714285714285,1.0,0.4781121863211415,True
7830,The EDNS(0) Padding Option,2016,/api/v1/doc/document/draft-ietf-dprive-edns0-padding/,/api/v1/doc/document/draft-mayrhofer-edns0-padding/,draft-ietf-dprive-edns0-padding,draft-mayrhofer-edns0-padding,1.0,1.0,1.0,1.0,0.9999999999999999,True
7843,Port Control Protocol (PCP) Third-Party ID Option,2016,/api/v1/doc/document/draft-ietf-pcp-third-party-id-option/,/api/v1/doc/document/draft-ripke-pcp-tunnel-id-option/,draft-ietf-pcp-third-party-id-option,draft-ripke-pcp-tunnel-id-option,0.6944444444444444,0.5365853658536586,0.6666666666666666,1.0,0.6799796747967479,True
7831,Application Bridging for Federated Access Beyond Web (ABFAB) Architecture,2016,/api/v1/doc/document/draft-ietf-abfab-arch/,/api/v1/doc/document/draft-lear-abfab-arch/,draft-ietf-abfab-arch,draft-lear-abfab-arch,1.0,0.5714285714285714,1.0,1.0,0.8928571428571429,True
7793,Adding 100.64.0.0/10 Prefixes to the IPv4 Locally-Served DNS Zones Registry,2016,/api/v1/doc/document/draft-ietf-dnsop-rfc6598-rfc6303/,/api/v1/doc/document/draft-andrews-dnsop-rfc6598-rfc6303/,draft-ietf-dnsop-rfc6598-rfc6303,draft-andrews-dnsop-rfc6598-rfc6303,0.951048951048951,0.8333333333333334,0.8,1.0,0.8963053613053613,True
7824,Privacy Considerations for DHCPv6,2016,/api/v1/doc/document/draft-ietf-dhc-dhcpv6-privacy/,/api/v1/doc/document/draft-krishnan-dhc-dhcpv6-privacy/,draft-ietf-dhc-dhcpv6-privacy,draft-krishnan-dhc-dhcpv6-privacy,1.0,0.875,1.0,1.0,0.9687499999999999,True
7844,Anonymity Profiles for DHCP Clients,2016,/api/v1/doc/document/draft-ietf-dhc-anonymity-profile/,/api/v1/doc/document/draft-huitema-dhc-anonymity-profile/,draft-ietf-dhc-anonymity-profile,draft-huitema-dhc-anonymity-profile,0.9855072463768116,0.8947368421052632,0.6666666666666666,1.0,0.9004958047292143,True
7858,Specification for DNS over Transport Layer Security (TLS),2016,/api/v1/doc/document/draft-ietf-dprive-dns-over-tls/,/api/v1/doc/document/draft-ietf-dprive-start-tls-for-dns/,draft-ietf-dprive-dns-over-tls,draft-ietf-dprive-start-tls-for-dns,0.3333333333333333,0.41379310344827586,0.5,1.0,0.45344827586206893,True
7858,Specification for DNS over Transport Layer Security (TLS),2016,/api/v1/doc/document/draft-ietf-dprive-start-tls-for-dns/,/api/v1/doc/document/draft-hzhwm-dprive-start-tls-for-dns/,draft-ietf-dprive-start-tls-for-dns,draft-hzhwm-dprive-start-tls-for-dns,1.0,0.8292682926829268,1.0,1.0,0.9573170731707318,True
7888,IMAP4 Non-synchronizing Literals,2016,/api/v1/doc/document/draft-ietf-imapapnd-rfc2088bis/,/api/v1/doc/document/draft-melnikov-rfc2088bis/,draft-ietf-imapapnd-rfc2088bis,draft-melnikov-rfc2088bis,1.0,1.0,1.0,1.0,0.9999999999999999,True
7889,The IMAP APPENDLIMIT Extension,2016,/api/v1/doc/document/draft-ietf-imapapnd-appendlimit-extension/,/api/v1/doc/document/draft-jayantheesh-imap-appendlimit-extension/,draft-ietf-imapapnd-appendlimit-extension,draft-jayantheesh-imap-appendlimit-extension,1.0,0.8936170212765957,1.0,1.0,0.973404255319149,True
7871,Client Subnet in DNS Queries,2016,/api/v1/doc/document/draft-ietf-dnsop-edns-client-subnet/,/api/v1/doc/document/draft-vandergaast-edns-client-subnet/,draft-ietf-dnsop-edns-client-subnet,draft-vandergaast-edns-client-subnet,0.8771929824561403,1.0,1.0,1.0,0.9447368421052632,True
7849,An IPv6 Profile for 3GPP Mobile Devices,2016,/api/v1/doc/document/draft-ietf-v6ops-mobile-device-profile/,/api/v1/doc/document/draft-binet-v6ops-cellular-host-requirements/,draft-ietf-v6ops-mobile-device-profile,draft-binet-v6ops-cellular-host-requirements,0.34951456310679613,0.3018867924528302,0.1111111111111111,1.0,0.35497547373348803,True
7849,An IPv6 Profile for 3GPP Mobile Devices,2016,/api/v1/doc/document/draft-binet-v6ops-cellular-host-requirements/,/api/v1/doc/document/draft-binet-v6ops-cellular-host-reqs-rfc3316update/,draft-binet-v6ops-cellular-host-requirements,draft-binet-v6ops-cellular-host-reqs-rfc3316update,0.8869565217391304,0.7142857142857143,0.8,1.0,0.8377018633540373,True
7799,Active and Passive Metrics and Methods (with Hybrid Types In-Between),2016,/api/v1/doc/document/draft-ietf-ippm-active-passive/,/api/v1/doc/document/draft-morton-ippm-active-passive/,draft-ietf-ippm-active-passive,draft-morton-ippm-active-passive,0.8091603053435115,0.8484848484848485,0.6666666666666666,1.0,0.8095766828591255,True
7841,"RFC Streams, Headers, and Boilerplates",2016,/api/v1/doc/document/draft-iab-rfc5741bis/,/api/v1/doc/document/draft-halpern-iab-rfc5741bis/,draft-iab-rfc5741bis,draft-halpern-iab-rfc5741bis,0.96,0.8333333333333334,1.0,1.0,0.9403333333333334,True
7855,Source Packet Routing in Networking (SPRING) Problem Statement and Requirements,2016,/api/v1/doc/document/draft-ietf-spring-problem-statement/,/api/v1/doc/document/draft-previdi-spring-problem-statement/,draft-ietf-spring-problem-statement,draft-previdi-spring-problem-statement,0.6949152542372882,0.8292682926829268,0.6666666666666666,1.0,0.7533622709108446,True
7859,Identity-Based Signatures for Mobile Ad Hoc Network (MANET) Routing Protocols,2016,/api/v1/doc/document/draft-ietf-manet-ibs/,/api/v1/doc/document/draft-dearlove-manet-ibs/,draft-ietf-manet-ibs,draft-dearlove-manet-ibs,0.828125,0.5,0.6666666666666666,1.0,0.7309895833333333,True
7874,WebRTC Audio Codec and Processing Requirements,2016,/api/v1/doc/document/draft-ietf-rtcweb-audio/,/api/v1/doc/document/draft-cbran-rtcweb-codec/,draft-ietf-rtcweb-audio,draft-cbran-rtcweb-codec,0.8695652173913043,0.11764705882352941,0.6666666666666666,1.0,0.6540494458653027,True
7875,Additional WebRTC Audio Codecs for Interoperability,2016,/api/v1/doc/document/draft-ietf-rtcweb-audio-codecs-for-interop/,/api/v1/doc/document/draft-proust-rtcweb-audio-codecs-for-interop/,draft-ietf-rtcweb-audio-codecs-for-interop,draft-proust-rtcweb-audio-codecs-for-interop,0.8292682926829268,0.8727272727272727,0.75,1.0,0.8413525498891352,True
7873,Domain Name System (DNS) Cookies,2016,/api/v1/doc/document/draft-ietf-dnsop-cookies/,/api/v1/doc/document/draft-eastlake-dnsext-cookies/,draft-ietf-dnsop-cookies,draft-eastlake-dnsext-cookies,1.0,0.6666666666666666,1.0,1.0,0.9166666666666666,True
7892,IANA Allocation Procedures for the GMPLS OTN Signal Type Registry,2016,/api/v1/doc/document/draft-ietf-ccamp-otn-signal-type-subregistry/,/api/v1/doc/document/draft-ali-ccamp-otn-signal-type-subregistry/,draft-ietf-ccamp-otn-signal-type-subregistry,draft-ali-ccamp-otn-signal-type-subregistry,0.6626506024096386,0.9,0.8,1.0,0.7831927710843374,True
7865,Session Initiation Protocol (SIP) Recording Metadata,2016,/api/v1/doc/document/draft-ietf-siprec-metadata/,/api/v1/doc/document/draft-ram-siprec-metadata/,draft-ietf-siprec-metadata,draft-ram-siprec-metadata,1.0,0.6956521739130435,1.0,1.0,0.9239130434782609,True
7866,Session Recording Protocol,2016,/api/v1/doc/document/draft-ietf-siprec-protocol/,/api/v1/doc/document/draft-portman-siprec-protocol/,draft-ietf-siprec-protocol,draft-portman-siprec-protocol,1.0,0.6956521739130435,1.0,1.0,0.9239130434782609,True
7848,Mark and Signed Mark Objects Mapping,2016,/api/v1/doc/document/draft-ietf-eppext-tmch-smd/,/api/v1/doc/document/draft-lozano-tmch-smd/,draft-ietf-eppext-tmch-smd,draft-lozano-tmch-smd,1.0,1.0,1.0,1.0,0.9999999999999999,True
7854,BGP Monitoring Protocol (BMP),2016,/api/v1/doc/document/draft-ietf-grow-bmp/,/api/v1/doc/document/draft-scudder-bmp/,draft-ietf-grow-bmp,draft-scudder-bmp,0.92,1.0,1.0,1.0,0.9640000000000001,True
7887,Hierarchical Join/Prune Attributes,2016,/api/v1/doc/document/draft-ietf-pim-hierarchicaljoinattr/,/api/v1/doc/document/draft-venaas-pim-hierarchicaljoinattr/,draft-ietf-pim-hierarchicaljoinattr,draft-venaas-pim-hierarchicaljoinattr,1.0,0.9090909090909091,1.0,1.0,0.9772727272727272,True
7902,Registry and Extensions for P-Multicast Service Interface Tunnel Attribute Flags,2016,/api/v1/doc/document/draft-ietf-bess-pta-flags/,/api/v1/doc/document/draft-rosen-bess-pta-flags/,draft-ietf-bess-pta-flags,draft-rosen-bess-pta-flags,0.8666666666666667,0.782608695652174,0.7777777777777778,1.0,0.841207729468599,True
7839,Access-Network-Identifier Option in DHCP,2016,/api/v1/doc/document/draft-ietf-dhc-access-network-identifier/,/api/v1/doc/document/draft-bhandari-dhc-access-network-identifier/,draft-ietf-dhc-access-network-identifier,draft-bhandari-dhc-access-network-identifier,1.0,0.9259259259259259,1.0,1.0,0.9814814814814815,True
7870,Dual-Stack Lite (DS-Lite) Management Information Base (MIB) for Address Family Transition Routers (AFTRs),2016,/api/v1/doc/document/draft-ietf-softwire-dslite-mib/,/api/v1/doc/document/draft-fu-softwire-dslite-mib/,draft-ietf-softwire-dslite-mib,draft-fu-softwire-dslite-mib,0.5652173913043478,0.6896551724137931,0.6666666666666666,1.0,0.6600949525237381,True
7891,Explicit Reverse Path Forwarding (RPF) Vector,2016,/api/v1/doc/document/draft-ietf-pim-explicit-rpf-vector/,/api/v1/doc/document/draft-asghar-pim-explicit-rpf-vector/,draft-ietf-pim-explicit-rpf-vector,draft-asghar-pim-explicit-rpf-vector,0.6129032258064516,0.9047619047619048,0.75,1.0,0.7519969278033795,True
7896,Update to the Include Route Object (IRO) Specification in the Path Computation Element Communication Protocol (PCEP),2016,/api/v1/doc/document/draft-ietf-pce-iro-update/,/api/v1/doc/document/draft-dhody-pce-iro-update/,draft-ietf-pce-iro-update,draft-dhody-pce-iro-update,0.9629629629629629,0.8333333333333334,1.0,1.0,0.9416666666666665,True
7897,Domain Subobjects for the Path Computation Element Communication Protocol (PCEP),2016,/api/v1/doc/document/draft-ietf-pce-pcep-domain-sequence/,/api/v1/doc/document/draft-dhody-pce-pcep-domain-sequence/,draft-ietf-pce-pcep-domain-sequence,draft-dhody-pce-pcep-domain-sequence,0.21666666666666667,0.9090909090909091,0.75,1.0,0.5747727272727273,True
7898,Domain Subobjects for Resource Reservation Protocol - Traffic Engineering (RSVP-TE),2016,/api/v1/doc/document/draft-ietf-teas-rsvp-te-domain-subobjects/,/api/v1/doc/document/draft-ietf-ccamp-rsvp-te-domain-subobjects/,draft-ietf-teas-rsvp-te-domain-subobjects,draft-ietf-ccamp-rsvp-te-domain-subobjects,1.0,1.0,1.0,1.0,0.9999999999999999,True
7898,Domain Subobjects for Resource Reservation Protocol - Traffic Engineering (RSVP-TE),2016,/api/v1/doc/document/draft-ietf-ccamp-rsvp-te-domain-subobjects/,/api/v1/doc/document/draft-dhody-ccamp-rsvp-te-domain-subobjects/,draft-ietf-ccamp-rsvp-te-domain-subobjects,draft-dhody-ccamp-rsvp-te-domain-subobjects,1.0,0.8928571428571429,1.0,1.0,0.9732142857142857,True
7811,An Algorithm for Computing IP/LDP Fast Reroute Using Maximally Redundant Trees (MRT-FRR),2016,/api/v1/doc/document/draft-ietf-rtgwg-mrt-frr-algorithm/,/api/v1/doc/document/draft-enyedi-rtgwg-mrt-frr-algorithm/,draft-ietf-rtgwg-mrt-frr-algorithm,draft-enyedi-rtgwg-mrt-frr-algorithm,0.6875,0.85,0.75,1.0,0.771875,True
7812,An Architecture for IP/LDP Fast Reroute Using Maximally Redundant Trees (MRT-FRR),2016,/api/v1/doc/document/draft-ietf-rtgwg-mrt-frr-architecture/,/api/v1/doc/document/draft-atlas-rtgwg-mrt-frr-architecture/,draft-ietf-rtgwg-mrt-frr-architecture,draft-atlas-rtgwg-mrt-frr-architecture,0.9466666666666667,0.8695652173913043,0.8,1.0,0.9033913043478261,True
7813,IS-IS Path Control and Reservation,2016,/api/v1/doc/document/draft-ietf-isis-pcr/,/api/v1/doc/document/draft-farkas-isis-pcr/,draft-ietf-isis-pcr,draft-farkas-isis-pcr,0.8333333333333334,0.5454545454545454,0.5,1.0,0.7113636363636363,True
7872,Observations on the Dropping of Packets with IPv6 Extension Headers in the Real World,2016,/api/v1/doc/document/draft-ietf-v6ops-ipv6-ehs-in-real-world/,/api/v1/doc/document/draft-gont-v6ops-ipv6-ehs-in-real-world/,draft-ietf-v6ops-ipv6-ehs-in-real-world,draft-gont-v6ops-ipv6-ehs-in-real-world,0.6323529411764706,0.88,0.8,1.0,0.7645588235294117,True
7900,Extranet Multicast in BGP/IP MPLS VPNs,2016,/api/v1/doc/document/draft-ietf-bess-mvpn-extranet/,/api/v1/doc/document/draft-ietf-l3vpn-mvpn-extranet/,draft-ietf-bess-mvpn-extranet,draft-ietf-l3vpn-mvpn-extranet,1.0,1.0,1.0,1.0,0.9999999999999999,True
7900,Extranet Multicast in BGP/IP MPLS VPNs,2016,/api/v1/doc/document/draft-ietf-l3vpn-mvpn-extranet/,/api/v1/doc/document/draft-rosen-l3vpn-mvpn-extranet-all/,draft-ietf-l3vpn-mvpn-extranet,draft-rosen-l3vpn-mvpn-extranet-all,1.0,0.7222222222222222,1.0,1.0,0.9305555555555555,True
7900,Extranet Multicast in BGP/IP MPLS VPNs,2016,/api/v1/doc/document/draft-ietf-l3vpn-mvpn-extranet/,/api/v1/doc/document/draft-raggarwa-l3vpn-bgp-mvpn-extranet/,draft-ietf-l3vpn-mvpn-extranet,draft-raggarwa-l3vpn-bgp-mvpn-extranet,0.6111111111111112,0.7222222222222222,0.5,1.0,0.6555555555555556,False
7900,Extranet Multicast in BGP/IP MPLS VPNs,2016,/api/v1/doc/document/draft-ietf-l3vpn-mvpn-extranet/,/api/v1/doc/document/draft-rosen-l3vpn-mvpn-extranet/,draft-ietf-l3vpn-mvpn-extranet,draft-rosen-l3vpn-mvpn-extranet,0.39603960396039606,0.8125,0.6666666666666666,1.0,0.6146761551155115,False
7901,CHAIN Query Requests in DNS,2016,/api/v1/doc/document/draft-ietf-dnsop-edns-chain-query/,/api/v1/doc/document/draft-wouters-edns-chain-query/,draft-ietf-dnsop-edns-chain-query,draft-wouters-edns-chain-query,1.0,1.0,1.0,1.0,0.9999999999999999,True
7905,ChaCha20-Poly1305 Cipher Suites for Transport Layer Security (TLS),2016,/api/v1/doc/document/draft-ietf-tls-chacha20-poly1305/,/api/v1/doc/document/draft-mavrogiannopoulos-chacha-tls/,draft-ietf-tls-chacha20-poly1305,draft-mavrogiannopoulos-chacha-tls,0.7350427350427351,0.5925925925925926,0.4,1.0,0.6589173789173789,True
7890,Concepts and Terminology for Peer-to-Peer SIP (P2PSIP),2016,/api/v1/doc/document/draft-ietf-p2psip-concepts/,/api/v1/doc/document/draft-willis-p2psip-concepts/,draft-ietf-p2psip-concepts,draft-willis-p2psip-concepts,0.9278350515463918,0.6956521739130435,0.8,1.0,0.8514388166741371,True
7899,Multicast VPN State Damping,2016,/api/v1/doc/document/draft-ietf-bess-multicast-damping/,/api/v1/doc/document/draft-morin-bess-multicast-damping/,draft-ietf-bess-multicast-damping,draft-morin-bess-multicast-damping,1.0,0.8717948717948718,1.0,1.0,0.967948717948718,True
7899,Multicast VPN State Damping,2016,/api/v1/doc/document/draft-morin-bess-multicast-damping/,/api/v1/doc/document/draft-morin-multicast-damping/,draft-morin-bess-multicast-damping,draft-morin-multicast-damping,0.92,0.8717948717948718,0.75,1.0,0.881948717948718,True
7893,Pseudowire Congestion Considerations,2016,/api/v1/doc/document/draft-ietf-pals-congcons/,/api/v1/doc/document/draft-ietf-pwe3-congcons/,draft-ietf-pals-congcons,draft-ietf-pwe3-congcons,1.0,1.0,1.0,1.0,0.9999999999999999,True
7893,Pseudowire Congestion Considerations,2016,/api/v1/doc/document/draft-ietf-pwe3-congcons/,/api/v1/doc/document/draft-stein-pwe3-congcons/,draft-ietf-pwe3-congcons,draft-stein-pwe3-congcons,0.875,0.7619047619047619,0.6666666666666666,1.0,0.8175595238095238,True
7920,Problem Statement for the Interface to the Routing System,2016,/api/v1/doc/document/draft-ietf-i2rs-problem-statement/,/api/v1/doc/document/draft-atlas-i2rs-problem-statement/,draft-ietf-i2rs-problem-statement,draft-atlas-i2rs-problem-statement,0.5849056603773585,0.8717948717948718,1.0,1.0,0.7811562651185292,True
7920,Problem Statement for the Interface to the Routing System,2016,/api/v1/doc/document/draft-atlas-i2rs-problem-statement/,/api/v1/doc/document/draft-atlas-irs-problem-statement/,draft-atlas-i2rs-problem-statement,draft-atlas-irs-problem-statement,1.0,0.9767441860465116,1.0,1.0,0.9941860465116278,True
7921,An Architecture for the Interface to the Routing System,2016,/api/v1/doc/document/draft-ietf-i2rs-architecture/,/api/v1/doc/document/draft-atlas-i2rs-architecture/,draft-ietf-i2rs-architecture,draft-atlas-i2rs-architecture,1.0,0.8275862068965517,1.0,1.0,0.956896551724138,True
7921,An Architecture for the Interface to the Routing System,2016,/api/v1/doc/document/draft-atlas-i2rs-architecture/,/api/v1/doc/document/draft-atlas-i2rs-policy-framework/,draft-atlas-i2rs-architecture,draft-atlas-i2rs-policy-framework,0.7787610619469026,0.3684210526315789,0.5,1.0,0.6425477410340009,True
7921,An Architecture for the Interface to the Routing System,2016,/api/v1/doc/document/draft-atlas-i2rs-architecture/,/api/v1/doc/document/draft-ward-i2rs-framework/,draft-atlas-i2rs-architecture,draft-ward-i2rs-framework,0.6458333333333334,0.45161290322580644,0.6,1.0,0.6235282258064516,False
7921,An Architecture for the Interface to the Routing System,2016,/api/v1/doc/document/draft-atlas-i2rs-policy-framework/,/api/v1/doc/document/draft-atlas-irs-policy-framework/,draft-atlas-i2rs-policy-framework,draft-atlas-irs-policy-framework,1.0,0.975609756097561,1.0,1.0,0.9939024390243901,True
7922,Interface to the Routing System (I2RS) Traceability: Framework and Information Model,2016,/api/v1/doc/document/draft-ietf-i2rs-traceability/,/api/v1/doc/document/draft-clarke-i2rs-traceability/,draft-ietf-i2rs-traceability,draft-clarke-i2rs-traceability,1.0,0.8275862068965517,1.0,1.0,0.956896551724138,True
7923,Requirements for Subscription to YANG Datastores,2016,/api/v1/doc/document/draft-ietf-i2rs-pub-sub-requirements/,/api/v1/doc/document/draft-voit-i2rs-pub-sub-requirements/,draft-ietf-i2rs-pub-sub-requirements,draft-voit-i2rs-pub-sub-requirements,1.0,0.8888888888888888,1.0,1.0,0.9722222222222222,True
7909,Securing Routing Policy Specification Language (RPSL) Objects with Resource Public Key Infrastructure (RPKI) Signatures,2016,/api/v1/doc/document/draft-ietf-sidr-rpsl-sig/,/api/v1/doc/document/draft-kisteleki-sidr-rpsl-sig/,draft-ietf-sidr-rpsl-sig,draft-kisteleki-sidr-rpsl-sig,0.535031847133758,0.7619047619047619,0.6666666666666666,1.0,0.6645738550197149,True
7911,Advertisement of Multiple Paths in BGP,2016,/api/v1/doc/document/draft-ietf-idr-add-paths/,/api/v1/doc/document/draft-walton-bgp-add-paths/,draft-ietf-idr-add-paths,draft-walton-bgp-add-paths,1.0,0.8181818181818182,1.0,1.0,0.9545454545454545,True
7916,Operational Management of Loop-Free Alternates,2016,/api/v1/doc/document/draft-ietf-rtgwg-lfa-manageability/,/api/v1/doc/document/draft-litkowski-rtgwg-lfa-manageability/,draft-ietf-rtgwg-lfa-manageability,draft-litkowski-rtgwg-lfa-manageability,1.0,0.85,1.0,1.0,0.9625,True
7917,Advertising Node Administrative Tags in IS-IS,2016,/api/v1/doc/document/draft-ietf-isis-node-admin-tag/,/api/v1/doc/document/draft-psarkar-isis-node-admin-tag/,draft-ietf-isis-node-admin-tag,draft-psarkar-isis-node-admin-tag,0.8470588235294118,0.8484848484848485,0.75,1.0,0.8432976827094474,True
7880,Seamless Bidirectional Forwarding Detection (S-BFD),2016,/api/v1/doc/document/draft-ietf-bfd-seamless-base/,/api/v1/doc/document/draft-akiya-bfd-seamless-base/,draft-ietf-bfd-seamless-base,draft-akiya-bfd-seamless-base,1.0,0.8666666666666667,1.0,1.0,0.9666666666666667,True
7881,"Seamless Bidirectional Forwarding Detection (S-BFD) for IPv4, IPv6, and MPLS",2016,/api/v1/doc/document/draft-ietf-bfd-seamless-ip/,/api/v1/doc/document/draft-akiya-bfd-seamless-ip/,draft-ietf-bfd-seamless-ip,draft-akiya-bfd-seamless-ip,1.0,0.8461538461538461,1.0,1.0,0.9615384615384616,True
7882,Seamless Bidirectional Forwarding Detection (S-BFD) Use Cases,2016,/api/v1/doc/document/draft-ietf-bfd-seamless-use-case/,/api/v1/doc/document/draft-aldrin-bfd-seamless-use-case/,draft-ietf-bfd-seamless-use-case,draft-aldrin-bfd-seamless-use-case,0.9739130434782609,0.8947368421052632,0.75,1.0,0.9119450800915332,True
7883,Advertising Seamless Bidirectional Forwarding Detection (S-BFD) Discriminators in IS-IS,2016,/api/v1/doc/document/draft-ietf-isis-sbfd-discriminator/,/api/v1/doc/document/draft-ginsberg-isis-sbfd-discriminator/,draft-ietf-isis-sbfd-discriminator,draft-ginsberg-isis-sbfd-discriminator,0.6507936507936508,0.8780487804878049,0.6666666666666666,1.0,0.7457026713124274,True
7884,OSPF Extensions to Advertise Seamless Bidirectional Forwarding Detection (S-BFD) Target Discriminators,2016,/api/v1/doc/document/draft-ietf-ospf-sbfd-discriminator/,/api/v1/doc/document/draft-bhatia-ospf-sbfd-discriminator/,draft-ietf-ospf-sbfd-discriminator,draft-bhatia-ospf-sbfd-discriminator,0.7096774193548387,0.8780487804878049,0.6666666666666666,1.0,0.772200367164962,True
7885,Seamless Bidirectional Forwarding Detection (S-BFD) for Virtual Circuit Connectivity Verification (VCCV),2016,/api/v1/doc/document/draft-ietf-pals-seamless-vccv/,/api/v1/doc/document/draft-gp-pals-seamless-vccv/,draft-ietf-pals-seamless-vccv,draft-gp-pals-seamless-vccv,0.34710743801652894,0.8387096774193549,0.6666666666666666,1.0,0.59920909979561,True
7886,Advertising Seamless Bidirectional Forwarding Detection (S-BFD) Discriminators in the Layer Two Tunneling Protocol Version 3 (L2TPv3),2016,/api/v1/doc/document/draft-ietf-l2tpext-sbfd-discriminator/,/api/v1/doc/document/draft-gp-l2tpext-sbfd-discriminator/,draft-ietf-l2tpext-sbfd-discriminator,draft-gp-l2tpext-sbfd-discriminator,0.49122807017543857,0.8181818181818182,0.6666666666666666,1.0,0.6589314194577353,True
7924,Transport Layer Security (TLS) Cached Information Extension,2016,/api/v1/doc/document/draft-ietf-tls-cached-info/,/api/v1/doc/document/draft-santesson-tls-certcache/,draft-ietf-tls-cached-info,draft-santesson-tls-certcache,0.5555555555555556,0.4166666666666667,0.375,1.0,0.5291666666666667,True
7925,Transport Layer Security (TLS) / Datagram Transport Layer Security (DTLS) Profiles for the Internet of Things,2016,/api/v1/doc/document/draft-ietf-dice-profile/,/api/v1/doc/document/draft-hartke-dice-profile/,draft-ietf-dice-profile,draft-hartke-dice-profile,0.5540540540540541,0.7368421052631579,0.5,1.0,0.6335348506401137,True
7934,Host Address Availability Recommendations,2016,/api/v1/doc/document/draft-ietf-v6ops-host-addr-availability/,/api/v1/doc/document/draft-colitti-v6ops-host-addr-availability/,draft-ietf-v6ops-host-addr-availability,draft-colitti-v6ops-host-addr-availability,1.0,0.88,1.0,1.0,0.9700000000000001,True
7876,UDP Return Path for Packet Loss and Delay Measurement for MPLS Networks,2016,/api/v1/doc/document/draft-ietf-mpls-rfc6374-udp-return-path/,/api/v1/doc/document/draft-ietf-mpls-pm-udp-return/,draft-ietf-mpls-rfc6374-udp-return-path,draft-ietf-mpls-pm-udp-return,0.2608695652173913,0.6111111111111112,0.5,1.0,0.4701690821256038,True
7876,UDP Return Path for Packet Loss and Delay Measurement for MPLS Networks,2016,/api/v1/doc/document/draft-ietf-mpls-pm-udp-return/,/api/v1/doc/document/draft-bryant-mpls-oam-udp-return/,draft-ietf-mpls-pm-udp-return,draft-bryant-mpls-oam-udp-return,1.0,0.8125,1.0,1.0,0.9531249999999999,True
7926,Problem Statement and Architecture for Information Exchange between Interconnected Traffic-Engineered Networks,2016,/api/v1/doc/document/draft-ietf-teas-interconnected-te-info-exchange/,/api/v1/doc/document/draft-ietf-ccamp-interconnected-te-info-exchange/,draft-ietf-teas-interconnected-te-info-exchange,draft-ietf-ccamp-interconnected-te-info-exchange,1.0,1.0,1.0,1.0,0.9999999999999999,True
7926,Problem Statement and Architecture for Information Exchange between Interconnected Traffic-Engineered Networks,2016,/api/v1/doc/document/draft-ietf-ccamp-interconnected-te-info-exchange/,/api/v1/doc/document/draft-farrel-interconnected-te-info-exchange/,draft-ietf-ccamp-interconnected-te-info-exchange,draft-farrel-interconnected-te-info-exchange,1.0,1.0,1.0,1.0,0.9999999999999999,True
7927,Information-Centric Networking (ICN) Research Challenges,2016,/api/v1/doc/document/draft-irtf-icnrg-challenges/,/api/v1/doc/document/draft-kutscher-icnrg-challenges/,draft-irtf-icnrg-challenges,draft-kutscher-icnrg-challenges,0.5974025974025974,0.7692307692307693,0.5,1.0,0.6611388611388611,True
7852,Additional Data Related to an Emergency Call,2016,/api/v1/doc/document/draft-ietf-ecrit-additional-data/,/api/v1/doc/document/draft-rosen-ecrit-additional-data/,draft-ietf-ecrit-additional-data,draft-rosen-ecrit-additional-data,0.819047619047619,0.8333333333333334,0.8333333333333334,1.0,0.8435714285714285,True
7928,Characterization Guidelines for Active Queue Management (AQM),2016,/api/v1/doc/document/draft-ietf-aqm-eval-guidelines/,/api/v1/doc/document/draft-kuhn-aqm-eval-guidelines/,draft-ietf-aqm-eval-guidelines,draft-kuhn-aqm-eval-guidelines,0.6,0.8823529411764706,0.6666666666666666,1.0,0.7239215686274509,True
7944,Diameter Routing Message Priority,2016,/api/v1/doc/document/draft-ietf-dime-drmp/,/api/v1/doc/document/draft-donovan-dime-drmp/,draft-ietf-dime-drmp,draft-donovan-dime-drmp,1.0,0.6153846153846154,1.0,1.0,0.9038461538461539,True
7938,Use of BGP for Routing in Large-Scale Data Centers,2016,/api/v1/doc/document/draft-ietf-rtgwg-bgp-routing-large-dc/,/api/v1/doc/document/draft-lapukhov-bgp-routing-large-dc/,draft-ietf-rtgwg-bgp-routing-large-dc,draft-lapukhov-bgp-routing-large-dc,1.0,1.0,1.0,1.0,0.9999999999999999,True
7940,Representing Label Generation Rulesets Using XML,2016,/api/v1/doc/document/draft-ietf-lager-specification/,/api/v1/doc/document/draft-davies-idntables/,draft-ietf-lager-specification,draft-davies-idntables,1.0,0.09090909090909091,1.0,1.0,0.7727272727272727,True
7949,OSPFv3 over IPv4 for IPv6 Transition,2016,/api/v1/doc/document/draft-ietf-ospf-transition-to-ospfv3/,/api/v1/doc/document/draft-chen-ospf-transition-to-ospfv3/,draft-ietf-ospf-transition-to-ospfv3,draft-chen-ospf-transition-to-ospfv3,1.0,0.8888888888888888,1.0,1.0,0.9722222222222222,True
7918,Transport Layer Security (TLS) False Start,2016,/api/v1/doc/document/draft-ietf-tls-falsestart/,/api/v1/doc/document/draft-bmoeller-tls-falsestart/,draft-ietf-tls-falsestart,draft-bmoeller-tls-falsestart,1.0,0.8333333333333334,1.0,1.0,0.9583333333333334,True
7919,Negotiated Finite Field Diffie-Hellman Ephemeral Parameters for Transport Layer Security (TLS),2016,/api/v1/doc/document/draft-ietf-tls-negotiated-ff-dhe/,/api/v1/doc/document/draft-ietf-tls-negotiated-dl-dhe/,draft-ietf-tls-negotiated-ff-dhe,draft-ietf-tls-negotiated-dl-dhe,0.7547169811320755,0.8823529411764706,1.0,1.0,0.8602108768035516,True
7919,Negotiated Finite Field Diffie-Hellman Ephemeral Parameters for Transport Layer Security (TLS),2016,/api/v1/doc/document/draft-ietf-tls-negotiated-dl-dhe/,/api/v1/doc/document/draft-gillmor-tls-negotiated-dl-dhe/,draft-ietf-tls-negotiated-dl-dhe,draft-gillmor-tls-negotiated-dl-dhe,1.0,0.8947368421052632,1.0,1.0,0.9736842105263158,True
7946,The GeoJSON Format,2016,/api/v1/doc/document/draft-ietf-geojson/,/api/v1/doc/document/draft-butler-geojson/,draft-ietf-geojson,draft-butler-geojson,1.0,1.0,1.0,1.0,0.9999999999999999,True
7877,Session Peering Provisioning Framework (SPPF),2016,/api/v1/doc/document/draft-ietf-drinks-spp-framework/,/api/v1/doc/document/draft-ietf-drinks-spprov/,draft-ietf-drinks-spp-framework,draft-ietf-drinks-spprov,0.7252747252747253,0.5263157894736842,0.42857142857142855,1.0,0.6436668594563332,True
7877,Session Peering Provisioning Framework (SPPF),2016,/api/v1/doc/document/draft-ietf-drinks-spprov/,/api/v1/doc/document/draft-drinks-spprov/,draft-ietf-drinks-spprov,draft-drinks-spprov,0.8705882352941177,1.0,1.0,1.0,0.941764705882353,True
7878,Session Peering Provisioning (SPP) Protocol over SOAP,2016,/api/v1/doc/document/draft-ietf-drinks-spp-protocol-over-soap/,/api/v1/doc/document/draft-ietf-drinks-sppp-over-soap/,draft-ietf-drinks-spp-protocol-over-soap,draft-ietf-drinks-sppp-over-soap,0.3783783783783784,0.7777777777777778,0.5,1.0,0.5647147147147147,True
7878,Session Peering Provisioning (SPP) Protocol over SOAP,2016,/api/v1/doc/document/draft-ietf-drinks-sppp-over-soap/,/api/v1/doc/document/draft-cartwright-drinks-sppp-over-soap/,draft-ietf-drinks-sppp-over-soap,draft-cartwright-drinks-sppp-over-soap,1.0,0.8,1.0,1.0,0.9500000000000001,True
7930,Larger Packets for RADIUS over TCP,2016,/api/v1/doc/document/draft-ietf-radext-bigger-packets/,/api/v1/doc/document/draft-hartman-radext-bigger-packets/,draft-ietf-radext-bigger-packets,draft-hartman-radext-bigger-packets,1.0,0.8,1.0,1.0,0.9500000000000001,True
7953,Calendar Availability,2016,/api/v1/doc/document/draft-ietf-calext-availability/,/api/v1/doc/document/draft-daboo-calendar-availability/,draft-ietf-calext-availability,draft-daboo-calendar-availability,1.0,0.7272727272727273,1.0,1.0,0.9318181818181818,True
7961,Transparent Interconnection of Lots of Links (TRILL): Interface Addresses APPsub-TLV,2016,/api/v1/doc/document/draft-ietf-trill-ia-appsubtlv/,/api/v1/doc/document/draft-eastlake-trill-ia-appsubtlv/,draft-ietf-trill-ia-appsubtlv,draft-eastlake-trill-ia-appsubtlv,0.6153846153846154,0.8,0.5555555555555556,1.0,0.688034188034188,True
7961,Transparent Interconnection of Lots of Links (TRILL): Interface Addresses APPsub-TLV,2016,/api/v1/doc/document/draft-eastlake-trill-ia-appsubtlv/,/api/v1/doc/document/draft-eastlake-isis-ia-tlv/,draft-eastlake-trill-ia-appsubtlv,draft-eastlake-isis-ia-tlv,0.7796610169491526,0.5517241379310345,0.6,1.0,0.7087784921098773,True
7959,Block-Wise Transfers in the Constrained Application Protocol (CoAP),2016,/api/v1/doc/document/draft-ietf-core-block/,/api/v1/doc/document/draft-bormann-core-coap-block/,draft-ietf-core-block,draft-bormann-core-coap-block,0.47191011235955055,0.5,0.3333333333333333,1.0,0.5040262172284644,True
7963,RSVP-TE Extension for Additional Signal Types in G.709 Optical Transport Networks (OTNs),2016,/api/v1/doc/document/draft-ietf-ccamp-additional-signal-type-g709v3/,/api/v1/doc/document/draft-ali-ccamp-additional-signal-type-g709v3/,draft-ietf-ccamp-additional-signal-type-g709v3,draft-ali-ccamp-additional-signal-type-g709v3,0.5979381443298969,0.90625,0.8,1.0,0.7556346649484537,True
7962,"Alternative Network Deployments: Taxonomy, Characterization, Technologies, and Architectures",2016,/api/v1/doc/document/draft-irtf-gaia-alternative-network-deployments/,/api/v1/doc/document/draft-manyfolks-gaia-community-networks/,draft-irtf-gaia-alternative-network-deployments,draft-manyfolks-gaia-community-networks,0.7651006711409396,0.4074074074074074,0.7142857142857143,1.0,0.6890042967224176,True
7979,Response to the IANA Stewardship Transition Coordination Group (ICG) Request for Proposals on the IANA Protocol Parameters Registries,2016,/api/v1/doc/document/draft-ietf-ianaplan-icg-response/,/api/v1/doc/document/draft-lear-iana-icg-response/,draft-ietf-ianaplan-icg-response,draft-lear-iana-icg-response,0.6761904761904762,0.8275862068965517,0.6666666666666666,1.0,0.7445155993431856,True
7939,Definition of Managed Objects for the Neighborhood Discovery Protocol,2016,/api/v1/doc/document/draft-ietf-manet-rfc6779bis/,/api/v1/doc/document/draft-clausen-manet-rfc6779bis/,draft-ietf-manet-rfc6779bis,draft-clausen-manet-rfc6779bis,1.0,0.7692307692307693,1.0,1.0,0.9423076923076924,True
7941,RTP Header Extension for the RTP Control Protocol (RTCP) Source Description Items,2016,/api/v1/doc/document/draft-ietf-avtext-sdes-hdr-ext/,/api/v1/doc/document/draft-westerlund-avtext-sdes-hdr-ext/,draft-ietf-avtext-sdes-hdr-ext,draft-westerlund-avtext-sdes-hdr-ext,0.8120300751879699,0.7741935483870968,0.875,1.0,0.8339619209313607,True
7952,Defining and Using Metadata with YANG,2016,/api/v1/doc/document/draft-ietf-netmod-yang-metadata/,/api/v1/doc/document/draft-lhotka-netmod-yang-metadata/,draft-ietf-netmod-yang-metadata,draft-lhotka-netmod-yang-metadata,1.0,0.7878787878787878,1.0,1.0,0.9469696969696969,True
7965,LDP Extensions for Pseudowire Binding to Label Switched Path (LSP) Tunnels,2016,/api/v1/doc/document/draft-ietf-pals-mpls-tp-pw-over-bidir-lsp/,/api/v1/doc/document/draft-ietf-pwe3-mpls-tp-pw-over-bidir-lsp/,draft-ietf-pals-mpls-tp-pw-over-bidir-lsp,draft-ietf-pwe3-mpls-tp-pw-over-bidir-lsp,0.8387096774193549,1.0,1.0,1.0,0.9274193548387096,True
7965,LDP Extensions for Pseudowire Binding to Label Switched Path (LSP) Tunnels,2016,/api/v1/doc/document/draft-ietf-pwe3-mpls-tp-pw-over-bidir-lsp/,/api/v1/doc/document/draft-cao-pwe3-mpls-tp-pw-over-bidir-lsp/,draft-ietf-pwe3-mpls-tp-pw-over-bidir-lsp,draft-cao-pwe3-mpls-tp-pw-over-bidir-lsp,1.0,0.9090909090909091,1.0,1.0,0.9772727272727272,True
7968,Transparent Interconnection of Lots of Links (TRILL): Using Data Labels for Tree Selection for Multi-Destination Data,2016,/api/v1/doc/document/draft-ietf-trill-tree-selection/,/api/v1/doc/document/draft-yizhou-trill-tree-selection/,draft-ietf-trill-tree-selection,draft-yizhou-trill-tree-selection,0.6629213483146067,0.8235294117647058,0.6666666666666666,1.0,0.7375302930160827,True
7947,Internet Exchange BGP Route Server,2016,/api/v1/doc/document/draft-ietf-idr-ix-bgp-route-server/,/api/v1/doc/document/draft-jasinska-ix-bgp-route-server/,draft-ietf-idr-ix-bgp-route-server,draft-jasinska-ix-bgp-route-server,0.9375,1.0,1.0,1.0,0.9718749999999999,True
7956,Transparent Interconnection of Lots of Links (TRILL) Distributed Layer 3 Gateway,2016,/api/v1/doc/document/draft-ietf-trill-irb/,/api/v1/doc/document/draft-hao-trill-irb/,draft-ietf-trill-irb,draft-hao-trill-irb,0.5945945945945946,0.5,0.5,1.0,0.5925675675675676,True
7943,A Method for Generating Semantically Opaque Interface Identifiers (IIDs) with the Dynamic Host Configuration Protocol for IPv6 (DHCPv6),2016,/api/v1/doc/document/draft-gont-dhcpv6-stable-privacy-addresses/,/api/v1/doc/document/draft-ietf-dhc-stable-privacy-addresses/,draft-gont-dhcpv6-stable-privacy-addresses,draft-ietf-dhc-stable-privacy-addresses,0.9644268774703557,0.8727272727272727,0.9166666666666666,1.0,0.9355072463768116,True
7943,A Method for Generating Semantically Opaque Interface Identifiers (IIDs) with the Dynamic Host Configuration Protocol for IPv6 (DHCPv6),2016,/api/v1/doc/document/draft-ietf-dhc-stable-privacy-addresses/,/api/v1/doc/document/draft-gont-dhc-stable-privacy-addresses/,draft-ietf-dhc-stable-privacy-addresses,draft-gont-dhc-stable-privacy-addresses,1.0,0.9230769230769231,1.0,1.0,0.9807692307692307,True
7954,Locator/ID Separation Protocol (LISP) Endpoint Identifier (EID) Block,2016,/api/v1/doc/document/draft-ietf-lisp-eid-block/,/api/v1/doc/document/draft-lisp-eid-block/,draft-ietf-lisp-eid-block,draft-lisp-eid-block,0.35443037974683544,1.0,1.0,1.0,0.709493670886076,True
7954,Locator/ID Separation Protocol (LISP) Endpoint Identifier (EID) Block,2016,/api/v1/doc/document/draft-ietf-lisp-eid-block/,/api/v1/doc/document/draft-meyer-lisp-eid-block/,draft-ietf-lisp-eid-block,draft-meyer-lisp-eid-block,0.35443037974683544,0.782608695652174,0.6666666666666666,1.0,0.5884791781324528,False
7982,Measurement of Round-Trip Time and Fractional Loss Using Session Traversal Utilities for NAT (STUN),2016,/api/v1/doc/document/draft-ietf-tram-stun-path-data/,/api/v1/doc/document/draft-ietf-tram-measurement-rtt-loss/,draft-ietf-tram-stun-path-data,draft-ietf-tram-measurement-rtt-loss,0.7721518987341772,0.29411764705882354,0.6666666666666666,-0.5,0.5043310995284189,True
7966,Security at the Attribute-Value Pair (AVP) Level for Non-neighboring Diameter Nodes: Scenarios and Requirements,2016,/api/v1/doc/document/draft-ietf-dime-e2e-sec-req/,/api/v1/doc/document/draft-tschofenig-dime-e2e-sec-req/,draft-ietf-dime-e2e-sec-req,draft-tschofenig-dime-e2e-sec-req,0.5679012345679012,0.8148148148148148,0.75,1.0,0.7092592592592593,True
7960,"Interoperability Issues between Domain-based Message Authentication, Reporting, and Conformance (DMARC) and Indirect Email Flows",2016,/api/v1/doc/document/draft-ietf-dmarc-interoperability/,/api/v1/doc/document/draft-dmarc-interoperability/,draft-ietf-dmarc-interoperability,draft-dmarc-interoperability,0.6666666666666666,1.0,1.0,1.0,0.85,True
7964,Solutions for BGP Persistent Route Oscillation,2016,/api/v1/doc/document/draft-ietf-idr-route-oscillation-stop/,/api/v1/doc/document/draft-idr-bgp-route-oscillation-stop/,draft-ietf-idr-route-oscillation-stop,draft-idr-bgp-route-oscillation-stop,0.7272727272727273,0.9166666666666666,1.0,1.0,0.8564393939393938,True
7964,Solutions for BGP Persistent Route Oscillation,2016,/api/v1/doc/document/draft-ietf-idr-route-oscillation-stop/,/api/v1/doc/document/draft-walton-bgp-route-oscillation-stop/,draft-ietf-idr-route-oscillation-stop,draft-walton-bgp-route-oscillation-stop,0.7272727272727273,0.9166666666666666,1.0,1.0,0.8564393939393938,False
7983,Multiplexing Scheme Updates for Secure Real-time Transport Protocol (SRTP) Extension for Datagram Transport Layer Security (DTLS),2016,/api/v1/doc/document/draft-ietf-avtcore-rfc5764-mux-fixes/,/api/v1/doc/document/draft-petithuguenin-avtcore-rfc5764-mux-fixes/,draft-ietf-avtcore-rfc5764-mux-fixes,draft-petithuguenin-avtcore-rfc5764-mux-fixes,1.0,0.8095238095238095,1.0,1.0,0.9523809523809524,True
7984,Locating Session Initiation Protocol (SIP) Servers in a Dual-Stack IP Network,2016,/api/v1/doc/document/draft-ietf-sipcore-dns-dual-stack/,/api/v1/doc/document/draft-johansson-sip-dual-stack/,draft-ietf-sipcore-dns-dual-stack,draft-johansson-sip-dual-stack,1.0,0.8571428571428571,1.0,1.0,0.9642857142857143,True
7903,Windows Image Media Types,2016,/api/v1/doc/document/draft-seantek-windows-image/,/api/v1/doc/document/draft-seantek-image-bmp/,draft-seantek-windows-image,draft-seantek-image-bmp,0.8148148148148148,0.45454545454545453,0.3333333333333333,1.0,0.646969696969697,True
7903,Windows Image Media Types,2016,/api/v1/doc/document/draft-seantek-windows-image/,/api/v1/doc/document/draft-seantek-image-wmf-emf/,draft-seantek-windows-image,draft-seantek-image-wmf-emf,0.6075949367088608,0.38461538461538464,0.5,1.0,0.5695715676728335,False
7978,Transparent Interconnection of Lots of Links (TRILL): RBridge Channel Header Extension,2016,/api/v1/doc/document/draft-ietf-trill-channel-tunnel/,/api/v1/doc/document/draft-eastlake-trill-channel-tunnel/,draft-ietf-trill-channel-tunnel,draft-eastlake-trill-channel-tunnel,0.43333333333333335,0.8235294117647058,0.6666666666666666,1.0,0.6342156862745097,True
7988,Ingress Replication Tunnels in Multicast VPN,2016,/api/v1/doc/document/draft-ietf-bess-ir/,/api/v1/doc/document/draft-rosen-l3vpn-ir/,draft-ietf-bess-ir,draft-rosen-l3vpn-ir,1.0,0.4,1.0,1.0,0.85,True
7969,Customizing DHCP Configuration on the Basis of Network Topology,2016,/api/v1/doc/document/draft-ietf-dhc-topo-conf/,/api/v1/doc/document/draft-lemon-dhc-topo-conf/,draft-ietf-dhc-topo-conf,draft-lemon-dhc-topo-conf,1.0,0.8181818181818182,1.0,1.0,0.9545454545454545,True
7981,IS-IS Extensions for Advertising Router Information,2016,/api/v1/doc/document/draft-ietf-isis-rfc4971bis/,/api/v1/doc/document/draft-ginsberg-isis-rfc4971bis/,draft-ietf-isis-rfc4971bis,draft-ginsberg-isis-rfc4971bis,0.9263157894736842,0.8,0.6,1.0,0.8368421052631578,True
7987,IS-IS Minimum Remaining Lifetime,2016,/api/v1/doc/document/draft-ietf-isis-remaining-lifetime/,/api/v1/doc/document/draft-ginsberg-isis-remaining-lifetime/,draft-ietf-isis-remaining-lifetime,draft-ginsberg-isis-remaining-lifetime,1.0,0.8780487804878049,1.0,1.0,0.9695121951219513,True
7989,End-to-End Session Identification in IP-Based Multimedia Communication Networks,2016,/api/v1/doc/document/draft-ietf-insipid-session-id/,/api/v1/doc/document/draft-jones-insipid-session-id/,draft-ietf-insipid-session-id,draft-jones-insipid-session-id,1.0,0.7142857142857143,1.0,1.0,0.9285714285714285,True
7989,End-to-End Session Identification in IP-Based Multimedia Communication Networks,2016,/api/v1/doc/document/draft-jones-insipid-session-id/,/api/v1/doc/document/draft-jones-ipmc-session-id/,draft-jones-insipid-session-id,draft-jones-ipmc-session-id,1.0,0.7878787878787878,1.0,1.0,0.9469696969696969,True
7999,BLACKHOLE Community,2016,/api/v1/doc/document/draft-ietf-grow-blackholing/,/api/v1/doc/document/draft-ymbk-grow-blackholing/,draft-ietf-grow-blackholing,draft-ymbk-grow-blackholing,0.6551724137931034,0.8148148148148148,0.5,1.0,0.6985312899106002,True
7980,A Framework for Defining Network Complexity,2016,/api/v1/doc/document/draft-behringer-ncrg-complexity-framework/,/api/v1/doc/document/draft-irtf-ncrg-complexity-framework/,draft-behringer-ncrg-complexity-framework,draft-irtf-ncrg-complexity-framework,1.0,0.8888888888888888,1.0,1.0,0.9722222222222222,True
7980,A Framework for Defining Network Complexity,2016,/api/v1/doc/document/draft-behringer-ncrg-complexity-framework/,/api/v1/doc/document/draft-retana-network-complexity-framework/,draft-behringer-ncrg-complexity-framework,draft-retana-network-complexity-framework,0.896551724137931,0.8679245283018868,0.6,1.0,0.8404294079375407,False
7980,A Framework for Defining Network Complexity,2016,/api/v1/doc/document/draft-behringer-ncrg-complexity-framework/,/api/v1/doc/document/draft-irtf-ncrg-network-design-complexity/,draft-behringer-ncrg-complexity-framework,draft-irtf-ncrg-network-design-complexity,0.3829787234042553,0.56,0.2857142857142857,1.0,0.469483282674772,False
7986,New Properties for iCalendar,2016,/api/v1/doc/document/draft-ietf-calext-extensions/,/api/v1/doc/document/draft-daboo-icalendar-extensions/,draft-ietf-calext-extensions,draft-daboo-icalendar-extensions,1.0,0.6666666666666666,1.0,1.0,0.9166666666666666,True
8009,AES Encryption with HMAC-SHA2 for Kerberos 5,2016,/api/v1/doc/document/draft-ietf-kitten-aes-cts-hmac-sha2/,/api/v1/doc/document/draft-ietf-kitten-aes-cbc-hmac-sha2/,draft-ietf-kitten-aes-cts-hmac-sha2,draft-ietf-kitten-aes-cbc-hmac-sha2,1.0,0.8823529411764706,1.0,-0.5,0.8205882352941176,True
7985,Security Threats to Simplified Multicast Forwarding (SMF),2016,/api/v1/doc/document/draft-ietf-manet-smf-sec-threats/,/api/v1/doc/document/draft-yi-manet-smf-sec-threats/,draft-ietf-manet-smf-sec-threats,draft-yi-manet-smf-sec-threats,0.972972972972973,0.8333333333333334,1.0,1.0,0.9461711711711712,True
8012,Label Switched Path (LSP) and Pseudowire (PW) Ping/Trace over MPLS Networks Using Entropy Labels (ELs),2016,/api/v1/doc/document/draft-ietf-mpls-entropy-lsp-ping/,/api/v1/doc/document/draft-akiya-mpls-entropy-lsp-ping/,draft-ietf-mpls-entropy-lsp-ping,draft-akiya-mpls-entropy-lsp-ping,0.9894736842105263,0.8648648648648649,0.8,1.0,0.921479374110953,True
8015,RTP Control Protocol (RTCP) Extended Report (XR) Block for Independent Reporting of Burst/Gap Discard Metrics,2016,/api/v1/doc/document/draft-ietf-xrblock-independent-burst-gap-discard/,/api/v1/doc/document/draft-singh-xrblock-independent-burst-gap-discard/,draft-ietf-xrblock-independent-burst-gap-discard,draft-singh-xrblock-independent-burst-gap-discard,0.9952153110047847,0.8787878787878788,0.8461538461538461,1.0,0.936774628879892,True
8020,NXDOMAIN: There Really Is Nothing Underneath,2016,/api/v1/doc/document/draft-ietf-dnsop-nxdomain-cut/,/api/v1/doc/document/draft-bortzmeyer-dnsop-nxdomain-cut/,draft-ietf-dnsop-nxdomain-cut,draft-bortzmeyer-dnsop-nxdomain-cut,0.8043478260869565,0.8,0.8333333333333334,1.0,0.8286231884057972,True
8022,A YANG Data Model for Routing Management,2016,/api/v1/doc/document/draft-ietf-netmod-routing-cfg/,/api/v1/doc/document/draft-lhotka-netmod-routing-cfg/,draft-ietf-netmod-routing-cfg,draft-lhotka-netmod-routing-cfg,0.7710843373493976,0.7586206896551724,0.6666666666666666,1.0,0.7699764575543554,True
8026,Unified IPv4-in-IPv6 Softwire Customer Premises Equipment (CPE): A DHCPv6-Based Prioritization Mechanism,2016,/api/v1/doc/document/draft-ietf-softwire-unified-cpe/,/api/v1/doc/document/draft-bfmk-softwire-unified-cpe/,draft-ietf-softwire-unified-cpe,draft-bfmk-softwire-unified-cpe,0.4925373134328358,0.7096774193548387,0.6666666666666666,1.0,0.6323944792168191,True
7973,Assignment of an Ethertype for IPv6 with Low-Power Wireless Personal Area Network (LoWPAN) Encapsulation,2016,/api/v1/doc/document/draft-ietf-6lo-ethertype-request/,/api/v1/doc/document/draft-droms-6lo-ethertype-request/,draft-ietf-6lo-ethertype-request,draft-droms-6lo-ethertype-request,0.7484662576687117,0.8947368421052632,0.6666666666666666,1.0,0.7938273598105693,True
8027,DNSSEC Roadblock Avoidance,2016,/api/v1/doc/document/draft-ietf-dnsop-dnssec-roadblock-avoidance/,/api/v1/doc/document/draft-hardaker-dnsop-dnssec-roadblock-avoidance/,draft-ietf-dnsop-dnssec-roadblock-avoidance,draft-hardaker-dnsop-dnssec-roadblock-avoidance,1.0,0.896551724137931,1.0,1.0,0.9741379310344828,True
8028,First-Hop Router Selection by Hosts in a Multi-Prefix Network,2016,/api/v1/doc/document/draft-ietf-6man-multi-homed-host/,/api/v1/doc/document/draft-baker-6man-multi-homed-host/,draft-ietf-6man-multi-homed-host,draft-baker-6man-multi-homed-host,0.7070707070707071,0.8648648648648649,0.75,1.0,0.7843980343980343,True
8035,Session Description Protocol (SDP) Offer/Answer Clarifications for RTP/RTCP Multiplexing,2016,/api/v1/doc/document/draft-ietf-avtcore-5761-update/,/api/v1/doc/document/draft-holmberg-avtcore-5761-update/,draft-ietf-avtcore-5761-update,draft-holmberg-avtcore-5761-update,0.1523809523809524,0.7333333333333333,0.6666666666666666,1.0,0.48523809523809525,True
8024,Multi-Chassis Passive Optical Network (MC-PON) Protection in MPLS,2016,/api/v1/doc/document/draft-ietf-pals-mc-pon/,/api/v1/doc/document/draft-jiang-pwe3-mc-pon/,draft-ietf-pals-mc-pon,draft-jiang-pwe3-mc-pon,0.7272727272727273,0.7058823529411765,0.625,1.0,0.7287433155080214,True
8031,Curve25519 and Curve448 for the Internet Key Exchange Protocol Version 2 (IKEv2) Key Agreement,2016,/api/v1/doc/document/draft-ietf-ipsecme-safecurves/,/api/v1/doc/document/draft-nir-ipsecme-curve25519/,draft-ietf-ipsecme-safecurves,draft-nir-ipsecme-curve25519,0.5038167938931297,0.5,0.3,1.0,0.5117175572519084,True
8039,Multipath Time Synchronization,2016,/api/v1/doc/document/draft-ietf-tictoc-multi-path-synchronization/,/api/v1/doc/document/draft-shpiner-multi-path-synchronization/,draft-ietf-tictoc-multi-path-synchronization,draft-shpiner-multi-path-synchronization,0.9836065573770492,1.0,1.0,1.0,0.9926229508196721,True
7990,RFC Format Framework,2016,/api/v1/doc/document/draft-iab-rfc-framework/,/api/v1/doc/document/draft-flanagan-rfc-framework/,draft-iab-rfc-framework,draft-flanagan-rfc-framework,1.0,1.0,1.0,1.0,0.9999999999999999,True
7991,"The ""xml2rfc"" Version 3 Vocabulary",2016,/api/v1/doc/document/draft-iab-xml2rfc/,/api/v1/doc/document/draft-hoffman-xml2rfc/,draft-iab-xml2rfc,draft-hoffman-xml2rfc,1.0,1.0,1.0,1.0,0.9999999999999999,True
7992,HTML Format for RFCs,2016,/api/v1/doc/document/draft-iab-html-rfc/,/api/v1/doc/document/draft-hildebrand-html-rfc/,draft-iab-html-rfc,draft-hildebrand-html-rfc,0.3013698630136986,1.0,1.0,1.0,0.6856164383561644,True
7993,Cascading Style Sheets (CSS) Requirements for RFCs,2016,/api/v1/doc/document/draft-iab-rfc-css/,/api/v1/doc/document/draft-flanagan-rfc-css/,draft-iab-rfc-css,draft-flanagan-rfc-css,0.684931506849315,1.0,1.0,1.0,0.8582191780821918,True
7994,Requirements for Plain-Text RFCs,2016,/api/v1/doc/document/draft-iab-rfc-plaintext/,/api/v1/doc/document/draft-flanagan-plaintext/,draft-iab-rfc-plaintext,draft-flanagan-plaintext,1.0,0.8181818181818182,1.0,1.0,0.9545454545454545,True
7995,PDF Format for RFCs,2016,/api/v1/doc/document/draft-iab-rfc-use-of-pdf/,/api/v1/doc/document/draft-hansen-rfc-use-of-pdf/,draft-iab-rfc-use-of-pdf,draft-hansen-rfc-use-of-pdf,0.4126984126984127,1.0,1.0,1.0,0.7357142857142857,True
7996,SVG Drawings for RFCs: SVG 1.2 RFC,2016,/api/v1/doc/document/draft-iab-svg-rfc/,/api/v1/doc/document/draft-brownlee-svg-rfc/,draft-iab-svg-rfc,draft-brownlee-svg-rfc,1.0,1.0,1.0,1.0,0.9999999999999999,True
7997,The Use of Non-ASCII Characters in RFCs,2016,/api/v1/doc/document/draft-iab-rfc-nonascii/,/api/v1/doc/document/draft-flanagan-nonascii/,draft-iab-rfc-nonascii,draft-flanagan-nonascii,1.0,0.8,1.0,1.0,0.9500000000000001,True
7998,"""xml2rfc"" Version 3 Preparation Tool Description",2016,/api/v1/doc/document/draft-iab-rfcv3-preptool/,/api/v1/doc/document/draft-hoffman-rfcv3-preptool/,draft-iab-rfcv3-preptool,draft-hoffman-rfcv3-preptool,0.7567567567567568,1.0,1.0,1.0,0.8905405405405405,True
8014,An Architecture for Data-Center Network Virtualization over Layer 3 (NVO3),2016,/api/v1/doc/document/draft-ietf-nvo3-arch/,/api/v1/doc/document/draft-narten-nvo3-arch/,draft-ietf-nvo3-arch,draft-narten-nvo3-arch,0.6194690265486725,0.6153846153846154,0.5,1.0,0.6326072157930565,True
8042,OSPF Two-Part Metric,2016,/api/v1/doc/document/draft-ietf-ospf-two-part-metric/,/api/v1/doc/document/draft-zzhang-ospf-two-part-metric/,draft-ietf-ospf-two-part-metric,draft-zzhang-ospf-two-part-metric,1.0,0.8571428571428571,1.0,1.0,0.9642857142857143,True
8048,Interworking between the Session Initiation Protocol (SIP) and the Extensible Messaging and Presence Protocol (XMPP): Presence,2016,/api/v1/doc/document/draft-ietf-stox-7248bis/,/api/v1/doc/document/draft-saintandre-stox-7248bis/,draft-ietf-stox-7248bis,draft-saintandre-stox-7248bis,1.0,0.7368421052631579,1.0,1.0,0.9342105263157895,True
8021,Generation of IPv6 Atomic Fragments Considered Harmful,2017,/api/v1/doc/document/draft-ietf-6man-deprecate-atomfrag-generation/,/api/v1/doc/document/draft-gont-6man-deprecate-atomfrag-generation/,draft-ietf-6man-deprecate-atomfrag-generation,draft-gont-6man-deprecate-atomfrag-generation,0.6666666666666666,0.9206349206349206,0.75,1.0,0.7801587301587302,True
8051,Applicability of a Stateful Path Computation Element (PCE),2017,/api/v1/doc/document/draft-ietf-pce-stateful-pce-app/,/api/v1/doc/document/draft-zhang-pce-stateful-pce-app/,draft-ietf-pce-stateful-pce-app,draft-zhang-pce-stateful-pce-app,0.9818181818181818,0.8888888888888888,1.0,1.0,0.9640404040404039,True
8001,RSVP-TE Extensions for Collecting Shared Risk Link Group (SRLG) Information,2017,/api/v1/doc/document/draft-ietf-teas-rsvp-te-srlg-collect/,/api/v1/doc/document/draft-ietf-ccamp-rsvp-te-srlg-collect/,draft-ietf-teas-rsvp-te-srlg-collect,draft-ietf-ccamp-rsvp-te-srlg-collect,0.8130081300813008,1.0,1.0,1.0,0.9158536585365854,True
8001,RSVP-TE Extensions for Collecting Shared Risk Link Group (SRLG) Information,2017,/api/v1/doc/document/draft-ietf-ccamp-rsvp-te-srlg-collect/,/api/v1/doc/document/draft-zhang-ccamp-srlg-fa-configuration/,draft-ietf-ccamp-rsvp-te-srlg-collect,draft-zhang-ccamp-srlg-fa-configuration,1.0,0.425531914893617,1.0,1.0,0.8563829787234042,True
8036,Applicability Statement for the Routing Protocol for Low-Power and Lossy Networks (RPL) in Advanced Metering Infrastructure (AMI) Networks,2017,/api/v1/doc/document/draft-ietf-roll-applicability-ami/,/api/v1/doc/document/draft-popa-roll-applicability-ami/,draft-ietf-roll-applicability-ami,draft-popa-roll-applicability-ami,0.8595744680851064,0.8717948717948718,0.75,1.0,0.8547572285870159,True
8056,Extensible Provisioning Protocol (EPP) and Registration Data Access Protocol (RDAP) Status Mapping,2017,/api/v1/doc/document/draft-ietf-regext-epp-rdap-status-mapping/,/api/v1/doc/document/draft-gould-epp-rdap-status-mapping/,draft-ietf-regext-epp-rdap-status-mapping,draft-gould-epp-rdap-status-mapping,1.0,1.0,1.0,1.0,0.9999999999999999,True
8059,PIM Join Attributes for Locator/ID Separation Protocol (LISP) Environments,2017,/api/v1/doc/document/draft-ietf-pim-join-attributes-for-lisp/,/api/v1/doc/document/draft-arango-pim-join-attributes-for-lisp/,draft-ietf-pim-join-attributes-for-lisp,draft-arango-pim-join-attributes-for-lisp,0.7256637168141593,0.9230769230769231,0.75,1.0,0.8073179033356025,True
8032,Edwards-Curve Digital Signature Algorithm (EdDSA),2017,/api/v1/doc/document/draft-irtf-cfrg-eddsa/,/api/v1/doc/document/draft-josefsson-eddsa-ed25519/,draft-irtf-cfrg-eddsa,draft-josefsson-eddsa-ed25519,0.15625,0.5555555555555556,0.5,1.0,0.4092013888888889,True
8037,CFRG Elliptic Curve Diffie-Hellman (ECDH) and Signatures in JSON Object Signing and Encryption (JOSE),2017,/api/v1/doc/document/draft-ietf-jose-cfrg-curves/,/api/v1/doc/document/draft-liusvaara-jose-cfrg-curves/,draft-ietf-jose-cfrg-curves,draft-liusvaara-jose-cfrg-curves,0.5038167938931297,0.8148148148148148,0.6666666666666666,1.0,0.6637545942889453,True
8044,Data Types in RADIUS,2017,/api/v1/doc/document/draft-ietf-radext-datatypes/,/api/v1/doc/document/draft-dekok-radext-datatypes/,draft-ietf-radext-datatypes,draft-dekok-radext-datatypes,0.4166666666666667,0.72,0.5,1.0,0.5675,True
8045,RADIUS Extensions for IP Port Configuration and Reporting,2017,/api/v1/doc/document/draft-ietf-radext-ip-port-radius-ext/,/api/v1/doc/document/draft-cheng-radext-ip-port-radius-ext/,draft-ietf-radext-ip-port-radius-ext,draft-cheng-radext-ip-port-radius-ext,1.0,0.8372093023255814,1.0,1.0,0.9593023255813954,True
8045,RADIUS Extensions for IP Port Configuration and Reporting,2017,/api/v1/doc/document/draft-ietf-radext-ip-port-radius-ext/,/api/v1/doc/document/draft-cheng-behave-cgn-cfg-radius-ext/,draft-ietf-radext-ip-port-radius-ext,draft-cheng-behave-cgn-cfg-radius-ext,0.9391304347826087,0.5581395348837209,0.8333333333333334,1.0,0.8288102460397707,False
8045,RADIUS Extensions for IP Port Configuration and Reporting,2017,/api/v1/doc/document/draft-cheng-radext-ip-port-radius-ext/,/api/v1/doc/document/draft-cheng-behave-cgn-cfg-radius-ext/,draft-cheng-radext-ip-port-radius-ext,draft-cheng-behave-cgn-cfg-radius-ext,0.9391304347826087,0.6,0.8333333333333334,1.0,0.8392753623188406,True
8040,RESTCONF Protocol,2017,/api/v1/doc/document/draft-ietf-netconf-restconf/,/api/v1/doc/document/draft-bierman-netconf-restconf/,draft-ietf-netconf-restconf,draft-bierman-netconf-restconf,1.0,0.6666666666666666,1.0,1.0,0.9166666666666666,True
8060,LISP Canonical Address Format (LCAF),2017,/api/v1/doc/document/draft-ietf-lisp-lcaf/,/api/v1/doc/document/draft-farinacci-lisp-lcaf/,draft-ietf-lisp-lcaf,draft-farinacci-lisp-lcaf,1.0,0.6153846153846154,1.0,1.0,0.9038461538461539,True
8061,Locator/ID Separation Protocol (LISP) Data-Plane Confidentiality,2017,/api/v1/doc/document/draft-ietf-lisp-crypto/,/api/v1/doc/document/draft-farinacci-lisp-crypto/,draft-ietf-lisp-crypto,draft-farinacci-lisp-crypto,0.6666666666666666,0.7058823529411765,0.6666666666666666,1.0,0.7098039215686274,True
8077,Pseudowire Setup and Maintenance Using the Label Distribution Protocol (LDP),2017,/api/v1/doc/document/draft-ietf-pals-rfc4447bis/,/api/v1/doc/document/draft-ietf-pwe3-rfc4447bis/,draft-ietf-pals-rfc4447bis,draft-ietf-pwe3-rfc4447bis,0.9722222222222222,1.0,1.0,1.0,0.9874999999999999,True
8063,Key Relay Mapping for the Extensible Provisioning Protocol,2017,/api/v1/doc/document/draft-ietf-eppext-keyrelay/,/api/v1/doc/document/draft-gieben-epp-keyrelay/,draft-ietf-eppext-keyrelay,draft-gieben-epp-keyrelay,1.0,0.8,1.0,1.0,0.9500000000000001,True
8080,Edwards-Curve Digital Security Algorithm (EdDSA) for DNSSEC,2017,/api/v1/doc/document/draft-ietf-curdle-dnskey-eddsa/,/api/v1/doc/document/draft-ietf-curdle-dnskey-ed448/,draft-ietf-curdle-dnskey-eddsa,draft-ietf-curdle-dnskey-ed448,0.3561643835616438,0.75,0.3333333333333333,1.0,0.5144406392694064,True
8080,Edwards-Curve Digital Security Algorithm (EdDSA) for DNSSEC,2017,/api/v1/doc/document/draft-ietf-curdle-dnskey-eddsa/,/api/v1/doc/document/draft-ietf-curdle-dnskey-ed25519/,draft-ietf-curdle-dnskey-eddsa,draft-ietf-curdle-dnskey-ed25519,0.3466666666666667,0.6923076923076923,0.3333333333333333,1.0,0.4957435897435897,False
8080,Edwards-Curve Digital Security Algorithm (EdDSA) for DNSSEC,2017,/api/v1/doc/document/draft-ietf-curdle-dnskey-ed448/,/api/v1/doc/document/draft-sury-dnskey-ed448/,draft-ietf-curdle-dnskey-ed448,draft-sury-dnskey-ed448,1.0,1.0,1.0,1.0,0.9999999999999999,True
8091,A Media Type Structured Syntax Suffix for JSON Text Sequences,2017,/api/v1/doc/document/draft-wilde-json-seq-suffix/,/api/v1/doc/document/draft-json-seq-suffix/,draft-wilde-json-seq-suffix,draft-json-seq-suffix,1.0,0.8,1.0,1.0,0.9500000000000001,True
8092,BGP Large Communities Attribute,2017,/api/v1/doc/document/draft-ietf-idr-large-community/,/api/v1/doc/document/draft-heitz-idr-large-community/,draft-ietf-idr-large-community,draft-heitz-idr-large-community,0.56,0.8823529411764706,0.6666666666666666,1.0,0.705921568627451,True
8093,"Deprecation of BGP Path Attribute Values 30, 31, 129, 241, 242, and 243",2017,/api/v1/doc/document/draft-ietf-idr-deprecate-30-31-129/,/api/v1/doc/document/draft-snijders-idr-deprecate-30-31-129/,draft-ietf-idr-deprecate-30-31-129,draft-snijders-idr-deprecate-30-31-129,0.9848484848484849,0.9047619047619048,0.8,1.0,0.9293722943722944,True
8089,"The ""file"" URI Scheme",2017,/api/v1/doc/document/draft-ietf-appsawg-file-scheme/,/api/v1/doc/document/draft-kerwin-file-scheme/,draft-ietf-appsawg-file-scheme,draft-kerwin-file-scheme,1.0,1.0,1.0,1.0,0.9999999999999999,True
8071,NETCONF Call Home and RESTCONF Call Home,2017,/api/v1/doc/document/draft-ietf-netconf-call-home/,/api/v1/doc/document/draft-ietf-netconf-reverse-ssh/,draft-ietf-netconf-call-home,draft-ietf-netconf-reverse-ssh,0.6567164179104478,0.2,0.5,1.0,0.5455223880597014,True
8072,YANG Patch Media Type,2017,/api/v1/doc/document/draft-ietf-netconf-yang-patch/,/api/v1/doc/document/draft-bierman-netconf-yang-patch/,draft-ietf-netconf-yang-patch,draft-bierman-netconf-yang-patch,1.0,0.7142857142857143,1.0,1.0,0.9285714285714285,True
8013,Forwarding and Control Element Separation (ForCES) Inter-FE Logical Functional Block (LFB),2017,/api/v1/doc/document/draft-ietf-forces-interfelfb/,/api/v1/doc/document/draft-joachimpillai-forces-interfelfb/,draft-ietf-forces-interfelfb,draft-joachimpillai-forces-interfelfb,0.3619047619047619,0.7407407407407407,0.5,1.0,0.548042328042328,True
8065,Privacy Considerations for IPv6 Adaptation-Layer Mechanisms,2017,/api/v1/doc/document/draft-ietf-6lo-privacy-considerations/,/api/v1/doc/document/draft-thaler-6lo-privacy-considerations/,draft-ietf-6lo-privacy-considerations,draft-thaler-6lo-privacy-considerations,0.6119402985074627,0.9166666666666666,0.6666666666666666,1.0,0.7378731343283581,True
8049,YANG Data Model for L3VPN Service Delivery,2017,/api/v1/doc/document/draft-ietf-l3sm-l3vpn-service-model/,/api/v1/doc/document/draft-ltsd-l3sm-l3vpn-service-model/,draft-ietf-l3sm-l3vpn-service-model,draft-ltsd-l3sm-l3vpn-service-model,1.0,0.8837209302325582,1.0,1.0,0.9709302325581396,True
8049,YANG Data Model for L3VPN Service Delivery,2017,/api/v1/doc/document/draft-ltsd-l3sm-l3vpn-service-model/,/api/v1/doc/document/draft-l3vpn-service-yang/,draft-ltsd-l3sm-l3vpn-service-model,draft-l3vpn-service-yang,1.0,0.4444444444444444,1.0,1.0,0.861111111111111,True
8103,Using ChaCha20-Poly1305 Authenticated Encryption in the Cryptographic Message Syntax (CMS),2017,/api/v1/doc/document/draft-ietf-curdle-cms-chacha20-poly1305/,/api/v1/doc/document/draft-housley-cms-chacha20-poly1305/,draft-ietf-curdle-cms-chacha20-poly1305,draft-housley-cms-chacha20-poly1305,1.0,1.0,1.0,1.0,0.9999999999999999,True
8033,Proportional Integral Controller Enhanced (PIE): A Lightweight Control Scheme to Address the Bufferbloat Problem,2017,/api/v1/doc/document/draft-ietf-aqm-pie/,/api/v1/doc/document/draft-pan-aqm-pie/,draft-ietf-aqm-pie,draft-pan-aqm-pie,0.7613636363636364,0.6,0.6363636363636364,1.0,0.7198863636363636,True
8033,Proportional Integral Controller Enhanced (PIE): A Lightweight Control Scheme to Address the Bufferbloat Problem,2017,/api/v1/doc/document/draft-pan-aqm-pie/,/api/v1/doc/document/draft-pan-tsvwg-pie/,draft-pan-aqm-pie,draft-pan-tsvwg-pie,1.0,0.5,1.0,1.0,0.8749999999999999,True
8034,Active Queue Management (AQM) Based on Proportional Integral Controller Enhanced (PIE) for Data-Over-Cable Service Interface Specifications (DOCSIS) Cable Modems,2017,/api/v1/doc/document/draft-ietf-aqm-docsis-pie/,/api/v1/doc/document/draft-white-aqm-docsis-pie/,draft-ietf-aqm-docsis-pie,draft-white-aqm-docsis-pie,0.36082474226804123,0.8333333333333334,0.6666666666666666,1.0,0.6040378006872852,True
8094,DNS over Datagram Transport Layer Security (DTLS),2017,/api/v1/doc/document/draft-ietf-dprive-dnsodtls/,/api/v1/doc/document/draft-wing-dprive-dnsodtls/,draft-ietf-dprive-dnsodtls,draft-wing-dprive-dnsodtls,0.3939393939393939,0.6956521739130435,0.5,1.0,0.5511857707509881,True
8094,DNS over Datagram Transport Layer Security (DTLS),2017,/api/v1/doc/document/draft-wing-dprive-dnsodtls/,/api/v1/doc/document/draft-wing-dnsop-dnsodtls/,draft-wing-dprive-dnsodtls,draft-wing-dnsop-dnsodtls,1.0,0.7586206896551724,1.0,1.0,0.939655172413793,True
8098,Message Disposition Notification,2017,/api/v1/doc/document/draft-ietf-appsawg-mdn-3798bis/,/api/v1/doc/document/draft-hansen-mdn-3798bis/,draft-ietf-appsawg-mdn-3798bis,draft-hansen-mdn-3798bis,1.0,1.0,1.0,1.0,0.9999999999999999,True
8099,OSPF Topology-Transparent Zone,2017,/api/v1/doc/document/draft-ietf-ospf-ttz/,/api/v1/doc/document/draft-chen-ospf-ttz/,draft-ietf-ospf-ttz,draft-chen-ospf-ttz,1.0,0.5454545454545454,1.0,1.0,0.8863636363636364,True
8075,Guidelines for Mapping Implementations: HTTP to the Constrained Application Protocol (CoAP),2017,/api/v1/doc/document/draft-ietf-core-http-mapping/,/api/v1/doc/document/draft-castellani-core-http-mapping/,draft-ietf-core-http-mapping,draft-castellani-core-http-mapping,0.4316546762589928,0.8275862068965517,0.6666666666666666,1.0,0.634474489374018,True
8083,Multimedia Congestion Control: Circuit Breakers for Unicast RTP Sessions,2017,/api/v1/doc/document/draft-ietf-avtcore-rtp-circuit-breakers/,/api/v1/doc/document/draft-perkins-avtcore-rtp-circuit-breakers/,draft-ietf-avtcore-rtp-circuit-breakers,draft-perkins-avtcore-rtp-circuit-breakers,0.8854961832061069,0.8333333333333334,0.875,1.0,0.8818066157760814,True
8084,Network Transport Circuit Breakers,2017,/api/v1/doc/document/draft-ietf-tsvwg-circuit-breaker/,/api/v1/doc/document/draft-fairhurst-tsvwg-circuit-breaker/,draft-ietf-tsvwg-circuit-breaker,draft-fairhurst-tsvwg-circuit-breaker,1.0,0.8333333333333334,1.0,1.0,0.9583333333333334,True
8084,Network Transport Circuit Breakers,2017,/api/v1/doc/document/draft-fairhurst-tsvwg-circuit-breaker/,/api/v1/doc/document/draft-fairhurst-tsvwg/,draft-fairhurst-tsvwg-circuit-breaker,draft-fairhurst-tsvwg,1.0,0.38461538461538464,1.0,1.0,0.8461538461538461,True
8085,UDP Usage Guidelines,2017,/api/v1/doc/document/draft-ietf-tsvwg-rfc5405bis/,/api/v1/doc/document/draft-tsvwg-rfc5405bis/,draft-ietf-tsvwg-rfc5405bis,draft-tsvwg-rfc5405bis,1.0,1.0,1.0,1.0,0.9999999999999999,True
8085,UDP Usage Guidelines,2017,/api/v1/doc/document/draft-ietf-tsvwg-rfc5405bis/,/api/v1/doc/document/draft-eggert-tsvwg-rfc5405bis/,draft-ietf-tsvwg-rfc5405bis,draft-eggert-tsvwg-rfc5405bis,1.0,0.7692307692307693,1.0,1.0,0.9423076923076924,False
8086,GRE-in-UDP Encapsulation,2017,/api/v1/doc/document/draft-ietf-tsvwg-gre-in-udp-encap/,/api/v1/doc/document/draft-yong-tsvwg-gre-in-udp-encap/,draft-ietf-tsvwg-gre-in-udp-encap,draft-yong-tsvwg-gre-in-udp-encap,0.6363636363636364,0.8421052631578947,0.75,1.0,0.74688995215311,True
8087,The Benefits of Using Explicit Congestion Notification (ECN),2017,/api/v1/doc/document/draft-ietf-aqm-ecn-benefits/,/api/v1/doc/document/draft-welzl-ecn-benefits/,draft-ietf-aqm-ecn-benefits,draft-welzl-ecn-benefits,0.8787878787878788,1.0,1.0,1.0,0.9454545454545454,True
8095,Services Provided by IETF Transport Protocols and Congestion Control Mechanisms,2017,/api/v1/doc/document/draft-ietf-taps-transports/,/api/v1/doc/document/draft-fairhurst-taps-transports/,draft-ietf-taps-transports,draft-fairhurst-taps-transports,1.0,0.8,1.0,1.0,0.9500000000000001,True
8108,Sending Multiple RTP Streams in a Single RTP Session,2017,/api/v1/doc/document/draft-ietf-avtcore-rtp-multi-stream/,/api/v1/doc/document/draft-lennox-avtcore-rtp-multi-stream/,draft-ietf-avtcore-rtp-multi-stream,draft-lennox-avtcore-rtp-multi-stream,0.43478260869565216,0.8,0.75,1.0,0.6456521739130435,True
8082,Using Codec Control Messages in the RTP Audio-Visual Profile with Feedback with Layered Codecs,2017,/api/v1/doc/document/draft-ietf-avtext-avpf-ccm-layered/,/api/v1/doc/document/draft-wenger-avtext-avpf-ccm-layered/,draft-ietf-avtext-avpf-ccm-layered,draft-wenger-avtext-avpf-ccm-layered,1.0,0.8205128205128205,1.0,1.0,0.9551282051282052,True
8100,Diffserv-Interconnection Classes and Practice,2017,/api/v1/doc/document/draft-ietf-tsvwg-diffserv-intercon/,/api/v1/doc/document/draft-geib-tsvwg-diffserv-intercon/,draft-ietf-tsvwg-diffserv-intercon,draft-geib-tsvwg-diffserv-intercon,1.0,0.85,1.0,1.0,0.9625,True
8102,Remote-LFA Node Protection and Manageability,2017,/api/v1/doc/document/draft-ietf-rtgwg-rlfa-node-protection/,/api/v1/doc/document/draft-psarkar-rtgwg-rlfa-node-protection/,draft-ietf-rtgwg-rlfa-node-protection,draft-psarkar-rtgwg-rlfa-node-protection,1.0,0.8695652173913043,1.0,1.0,0.967391304347826,True
8113,Locator/ID Separation Protocol (LISP): Shared Extension Message & IANA Registry for Packet Type Allocations,2017,/api/v1/doc/document/draft-ietf-lisp-type-iana/,/api/v1/doc/document/draft-boucadair-lisp-type-iana/,draft-ietf-lisp-type-iana,draft-boucadair-lisp-type-iana,0.5540540540540541,0.782608695652174,0.6666666666666666,1.0,0.6783098315707011,True
8078,Managing DS Records from the Parent via CDS/CDNSKEY,2017,/api/v1/doc/document/draft-ietf-dnsop-maintain-ds/,/api/v1/doc/document/draft-ogud-dnsop-maintain-ds/,draft-ietf-dnsop-maintain-ds,draft-ogud-dnsop-maintain-ds,0.9591836734693877,0.7857142857142857,1.0,1.0,0.928061224489796,True
8078,Managing DS Records from the Parent via CDS/CDNSKEY,2017,/api/v1/doc/document/draft-ogud-dnsop-maintain-ds/,/api/v1/doc/document/draft-ogud-dnsop-ds-remove/,draft-ogud-dnsop-maintain-ds,draft-ogud-dnsop-ds-remove,0.9148936170212766,0.5,0.75,1.0,0.7867021276595745,True
8117,Current Hostname Practice Considered Harmful,2017,/api/v1/doc/document/draft-ietf-intarea-hostname-practice/,/api/v1/doc/document/draft-huitema-privsec-harmfulname/,draft-ietf-intarea-hostname-practice,draft-huitema-privsec-harmfulname,1.0,0.2777777777777778,1.0,1.0,0.8194444444444445,True
8128,IETF Appointment Procedures for the ICANN Root Zone Evolution Review Committee,2017,/api/v1/doc/document/draft-iab-rzerc/,/api/v1/doc/document/draft-morgan-iab-rzerc/,draft-iab-rzerc,draft-morgan-iab-rzerc,0.6351351351351351,0.7142857142857143,1.0,1.0,0.7643822393822394,True
8097,BGP Prefix Origin Validation State Extended Community,2017,/api/v1/doc/document/draft-ietf-sidr-origin-validation-signaling/,/api/v1/doc/document/draft-pmohapat-sidr-origin-validation-signaling/,draft-ietf-sidr-origin-validation-signaling,draft-pmohapat-sidr-origin-validation-signaling,1.0,0.9152542372881356,1.0,1.0,0.9788135593220338,True
8104,Pseudowire (PW) Endpoint Fast Failure Protection,2017,/api/v1/doc/document/draft-ietf-pals-endpoint-fast-protection/,/api/v1/doc/document/draft-ietf-pwe3-endpoint-fast-protection/,draft-ietf-pals-endpoint-fast-protection,draft-ietf-pwe3-endpoint-fast-protection,0.8641975308641975,1.0,1.0,1.0,0.9388888888888888,True
8104,Pseudowire (PW) Endpoint Fast Failure Protection,2017,/api/v1/doc/document/draft-ietf-pwe3-endpoint-fast-protection/,/api/v1/doc/document/draft-shen-pwe3-endpoint-fast-protection/,draft-ietf-pwe3-endpoint-fast-protection,draft-shen-pwe3-endpoint-fast-protection,1.0,0.9056603773584906,1.0,1.0,0.9764150943396227,True
8109,Initializing a DNS Resolver with Priming Queries,2017,/api/v1/doc/document/draft-ietf-dnsop-resolver-priming/,/api/v1/doc/document/draft-koch-dnsop-resolver-priming/,draft-ietf-dnsop-resolver-priming,draft-koch-dnsop-resolver-priming,1.0,0.8421052631578947,1.0,1.0,0.9605263157894736,True
8029,Detecting Multiprotocol Label Switched (MPLS) Data-Plane Failures,2017,/api/v1/doc/document/draft-ietf-mpls-rfc4379bis/,/api/v1/doc/document/draft-smack-mpls-rfc4379bis/,draft-ietf-mpls-rfc4379bis,draft-smack-mpls-rfc4379bis,0.9921259842519685,0.8,0.7777777777777778,1.0,0.9020122484689415,True
8106,IPv6 Router Advertisement Options for DNS Configuration,2017,/api/v1/doc/document/draft-ietf-6man-rdnss-rfc6106bis/,/api/v1/doc/document/draft-jeong-6man-rdnss-rfc6106-bis/,draft-ietf-6man-rdnss-rfc6106bis,draft-jeong-6man-rdnss-rfc6106-bis,1.0,0.8421052631578947,1.0,1.0,0.9605263157894736,True
8114,Delivery of IPv4 Multicast Services to IPv4 Clients over an IPv6 Multicast Network,2017,/api/v1/doc/document/draft-ietf-softwire-dslite-multicast/,/api/v1/doc/document/draft-qin-softwire-dslite-multicast/,draft-ietf-softwire-dslite-multicast,draft-qin-softwire-dslite-multicast,0.32432432432432434,0.7804878048780488,0.6666666666666666,1.0,0.5744012304987914,True
8076,A Usage for Shared Resources in RELOAD (ShaRe),2017,/api/v1/doc/document/draft-ietf-p2psip-share/,/api/v1/doc/document/draft-knauf-p2psip-share/,draft-ietf-p2psip-share,draft-knauf-p2psip-share,1.0,0.5882352941176471,1.0,1.0,0.8970588235294118,True
8123,Requirements for Marking SIP Messages to be Logged,2017,/api/v1/doc/document/draft-ietf-insipid-logme-reqs/,/api/v1/doc/document/draft-dawes-insipid-logme-reqs/,draft-ietf-insipid-logme-reqs,draft-dawes-insipid-logme-reqs,1.0,0.7142857142857143,1.0,1.0,0.9285714285714285,True
8123,Requirements for Marking SIP Messages to be Logged,2017,/api/v1/doc/document/draft-dawes-insipid-logme-reqs/,/api/v1/doc/document/draft-dawes-dispatch-logme-reqs/,draft-dawes-insipid-logme-reqs,draft-dawes-dispatch-logme-reqs,1.0,0.7567567567567568,1.0,1.0,0.9391891891891891,True
8129,Authentication Indicator in Kerberos Tickets,2017,/api/v1/doc/document/draft-ietf-kitten-krb-auth-indicator/,/api/v1/doc/document/draft-jain-kitten-krb-auth-indicator/,draft-ietf-kitten-krb-auth-indicator,draft-jain-kitten-krb-auth-indicator,1.0,0.8372093023255814,1.0,1.0,0.9593023255813954,True
8131,RSVP-TE Signaling Procedure for End-to-End GMPLS Restoration and Resource Sharing,2017,/api/v1/doc/document/draft-ietf-teas-gmpls-resource-sharing-proc/,/api/v1/doc/document/draft-ietf-ccamp-gmpls-resource-sharing-proc/,draft-ietf-teas-gmpls-resource-sharing-proc,draft-ietf-ccamp-gmpls-resource-sharing-proc,0.7777777777777778,1.0,1.0,1.0,0.9,True
8131,RSVP-TE Signaling Procedure for End-to-End GMPLS Restoration and Resource Sharing,2017,/api/v1/doc/document/draft-ietf-ccamp-gmpls-resource-sharing-proc/,/api/v1/doc/document/draft-zhang-ccamp-gmpls-resource-sharing-proc/,draft-ietf-ccamp-gmpls-resource-sharing-proc,draft-zhang-ccamp-gmpls-resource-sharing-proc,1.0,0.9,1.0,1.0,0.975,True
8131,RSVP-TE Signaling Procedure for End-to-End GMPLS Restoration and Resource Sharing,2017,/api/v1/doc/document/draft-ietf-ccamp-gmpls-resource-sharing-proc/,/api/v1/doc/document/draft-gandhi-ccamp-gmpls-restoration-lsp/,draft-ietf-ccamp-gmpls-resource-sharing-proc,draft-gandhi-ccamp-gmpls-restoration-lsp,0.6056338028169014,0.5185185185185185,0.45454545454545453,1.0,0.5930739318063262,False
8073,Coordinating Attack Response at Internet Scale (CARIS) Workshop Report,2017,/api/v1/doc/document/draft-iab-carisreport/,/api/v1/doc/document/draft-moriarty-carisreport/,draft-iab-carisreport,draft-moriarty-carisreport,1.0,1.0,1.0,1.0,0.9999999999999999,True
8124,The Session Description Protocol (SDP) WebSocket Connection URI Attribute,2017,/api/v1/doc/document/draft-ietf-bfcpbis-sdp-ws-uri/,/api/v1/doc/document/draft-ram-bfcpbis-sdp-ws-uri/,draft-ietf-bfcpbis-sdp-ws-uri,draft-ram-bfcpbis-sdp-ws-uri,0.9710144927536232,0.7142857142857143,1.0,1.0,0.915527950310559,True
8130,RTP Payload Format for the Mixed Excitation Linear Prediction Enhanced (MELPe) Codec,2017,/api/v1/doc/document/draft-ietf-payload-melpe/,/api/v1/doc/document/draft-demjanenko-payload-melpe/,draft-ietf-payload-melpe,draft-demjanenko-payload-melpe,0.5862068965517241,0.5555555555555556,0.5,1.0,0.6026819923371647,True
8132,PATCH and FETCH Methods for the Constrained Application Protocol (CoAP),2017,/api/v1/doc/document/draft-ietf-core-etch/,/api/v1/doc/document/draft-vanderstok-core-etch/,draft-ietf-core-etch,draft-vanderstok-core-etch,0.9701492537313433,0.6153846153846154,1.0,1.0,0.8904133180252584,True
8132,PATCH and FETCH Methods for the Constrained Application Protocol (CoAP),2017,/api/v1/doc/document/draft-vanderstok-core-etch/,/api/v1/doc/document/draft-vanderstok-core-patch/,draft-vanderstok-core-etch,draft-vanderstok-core-patch,0.907563025210084,0.8421052631578947,0.5714285714285714,1.0,0.8332153914197258,True
8132,PATCH and FETCH Methods for the Constrained Application Protocol (CoAP),2017,/api/v1/doc/document/draft-vanderstok-core-etch/,/api/v1/doc/document/draft-bormann-core-coap-fetch/,draft-vanderstok-core-etch,draft-bormann-core-coap-fetch,0.34146341463414637,0.75,0.2857142857142857,1.0,0.498301393728223,False
8120,Mutual Authentication Protocol for HTTP,2017,/api/v1/doc/document/draft-ietf-httpauth-mutual/,/api/v1/doc/document/draft-oiwa-httpbis-mutualauth/,draft-ietf-httpauth-mutual,draft-oiwa-httpbis-mutualauth,1.0,0.5,1.0,1.0,0.8749999999999999,True
8120,Mutual Authentication Protocol for HTTP,2017,/api/v1/doc/document/draft-oiwa-httpbis-mutualauth/,/api/v1/doc/document/draft-oiwa-http-mutualauth/,draft-oiwa-httpbis-mutualauth,draft-oiwa-http-mutualauth,1.0,0.9090909090909091,1.0,1.0,0.9772727272727272,True
8138,IPv6 over Low-Power Wireless Personal Area Network (6LoWPAN) Routing Header,2017,/api/v1/doc/document/draft-ietf-roll-routing-dispatch/,/api/v1/doc/document/draft-ietf-6lo-routing-dispatch/,draft-ietf-roll-routing-dispatch,draft-ietf-6lo-routing-dispatch,0.4631578947368421,1.0,1.0,1.0,0.758421052631579,True
8138,IPv6 over Low-Power Wireless Personal Area Network (6LoWPAN) Routing Header,2017,/api/v1/doc/document/draft-ietf-6lo-routing-dispatch/,/api/v1/doc/document/draft-thubert-6lo-routing-dispatch/,draft-ietf-6lo-routing-dispatch,draft-thubert-6lo-routing-dispatch,0.6666666666666666,0.8888888888888888,0.6666666666666666,1.0,0.7555555555555554,True
8145,Signaling Trust Anchor Knowledge in DNS Security Extensions (DNSSEC),2017,/api/v1/doc/document/draft-ietf-dnsop-edns-key-tag/,/api/v1/doc/document/draft-wessels-edns-key-tag/,draft-ietf-dnsop-edns-key-tag,draft-wessels-edns-key-tag,0.33707865168539325,1.0,1.0,1.0,0.7016853932584269,True
8096,The IPv6-Specific MIB Modules Are Obsolete,2017,/api/v1/doc/document/draft-ietf-6man-ipv6-mibs-obsolete/,/api/v1/doc/document/draft-fenner-ipv6-mibs-obsolete/,draft-ietf-6man-ipv6-mibs-obsolete,draft-fenner-ipv6-mibs-obsolete,0.7126436781609196,1.0,1.0,1.0,0.8706896551724138,True
8149,RSVP Extensions for Reoptimization of Loosely Routed Point-to-Multipoint Traffic Engineering Label Switched Paths (LSPs),2017,/api/v1/doc/document/draft-ietf-teas-p2mp-loose-path-reopt/,/api/v1/doc/document/draft-ietf-mpls-p2mp-loose-path-reopt/,draft-ietf-teas-p2mp-loose-path-reopt,draft-ietf-mpls-p2mp-loose-path-reopt,0.7540983606557377,1.0,1.0,1.0,0.8893442622950819,True
8149,RSVP Extensions for Reoptimization of Loosely Routed Point-to-Multipoint Traffic Engineering Label Switched Paths (LSPs),2017,/api/v1/doc/document/draft-ietf-mpls-p2mp-loose-path-reopt/,/api/v1/doc/document/draft-tsaad-mpls-p2mp-loose-path-reopt/,draft-ietf-mpls-p2mp-loose-path-reopt,draft-tsaad-mpls-p2mp-loose-path-reopt,0.6108374384236454,0.8936170212765957,0.8,1.0,0.7582811026097894,True
8150,MPLS Transport Profile Linear Protection MIB,2017,/api/v1/doc/document/draft-ietf-mpls-tp-linear-protection-mib/,/api/v1/doc/document/draft-smiler-mpls-tp-linear-protection-mib/,draft-ietf-mpls-tp-linear-protection-mib,draft-smiler-mpls-tp-linear-protection-mib,1.0,0.9056603773584906,1.0,1.0,0.9764150943396227,True
8153,Digital Preservation Considerations for the RFC Series,2017,/api/v1/doc/document/draft-iab-rfc-preservation/,/api/v1/doc/document/draft-flanagan-rfc-preservation/,draft-iab-rfc-preservation,draft-flanagan-rfc-preservation,1.0,1.0,1.0,1.0,0.9999999999999999,True
8155,Traversal Using Relays around NAT (TURN) Server Auto Discovery,2017,/api/v1/doc/document/draft-ietf-tram-turn-server-discovery/,/api/v1/doc/document/draft-patil-tram-turn-serv-disc/,draft-ietf-tram-turn-server-discovery,draft-patil-tram-turn-serv-disc,0.6046511627906976,0.7,0.4444444444444444,1.0,0.6359819121447028,True
8141,Uniform Resource Names (URNs),2017,/api/v1/doc/document/draft-ietf-urnbis-rfc2141bis-urn/,/api/v1/doc/document/draft-ah-rfc2141bis-urn/,draft-ietf-urnbis-rfc2141bis-urn,draft-ah-rfc2141bis-urn,0.8813559322033898,1.0,1.0,1.0,0.9466101694915253,True
8141,Uniform Resource Names (URNs),2017,/api/v1/doc/document/draft-ietf-urnbis-rfc2141bis-urn/,/api/v1/doc/document/draft-ietf-urnbis-rfc3406bis-urn-ns-reg/,draft-ietf-urnbis-rfc2141bis-urn,draft-ietf-urnbis-rfc3406bis-urn-ns-reg,0.6190476190476191,0.6285714285714286,0.25,1.0,0.5857142857142857,False
8141,Uniform Resource Names (URNs),2017,/api/v1/doc/document/draft-ietf-urnbis-rfc2141bis-urn/,/api/v1/doc/document/draft-saintandre-urnbis-2141bis/,draft-ietf-urnbis-rfc2141bis-urn,draft-saintandre-urnbis-2141bis,0.8813559322033898,0.5714285714285714,0.2857142857142857,-0.5,0.5466101694915254,False
8142,GeoJSON Text Sequences,2017,/api/v1/doc/document/draft-ietf-geojson-text-sequence/,/api/v1/doc/document/draft-gillies-geojson-text-seq/,draft-ietf-geojson-text-sequence,draft-gillies-geojson-text-seq,1.0,0.5517241379310345,1.0,1.0,0.8879310344827586,True
8142,GeoJSON Text Sequences,2017,/api/v1/doc/document/draft-gillies-geojson-text-seq/,/api/v1/doc/document/draft-ietf-geojson-text-seq/,draft-gillies-geojson-text-seq,draft-ietf-geojson-text-seq,1.0,0.6666666666666666,1.0,1.0,0.9166666666666666,True
8038,Exporting MIB Variables Using the IP Flow Information Export (IPFIX) Protocol,2017,/api/v1/doc/document/draft-ietf-ipfix-mib-variable-export/,/api/v1/doc/document/draft-johnson-ipfix-mib-variable-export/,draft-ietf-ipfix-mib-variable-export,draft-johnson-ipfix-mib-variable-export,0.7804878048780488,0.8636363636363636,0.75,1.0,0.8171286031042129,True
8088,How to Write an RTP Payload Format,2017,/api/v1/doc/document/draft-ietf-payload-rtp-howto/,/api/v1/doc/document/draft-ietf-avt-rtp-howto/,draft-ietf-payload-rtp-howto,draft-ietf-avt-rtp-howto,1.0,1.0,1.0,1.0,0.9999999999999999,True
8088,How to Write an RTP Payload Format,2017,/api/v1/doc/document/draft-ietf-avt-rtp-howto/,/api/v1/doc/document/draft-westerlund-avt-rtp-howto/,draft-ietf-avt-rtp-howto,draft-westerlund-avt-rtp-howto,1.0,0.8181818181818182,1.0,1.0,0.9545454545454545,True
8105,Transmission of IPv6 Packets over Digital Enhanced Cordless Telecommunications (DECT) Ultra Low Energy (ULE),2017,/api/v1/doc/document/draft-ietf-6lo-dect-ule/,/api/v1/doc/document/draft-mariager-6lowpan-v6over-dect-ule/,draft-ietf-6lo-dect-ule,draft-mariager-6lowpan-v6over-dect-ule,0.6918238993710691,0.5161290322580645,0.6153846153846154,1.0,0.6634299358584202,True
8159,Keyed IPv6 Tunnel,2017,/api/v1/doc/document/draft-ietf-l2tpext-keyed-ipv6-tunnel/,/api/v1/doc/document/draft-mkonstan-l2tpext-keyed-ipv6-tunnel/,draft-ietf-l2tpext-keyed-ipv6-tunnel,draft-mkonstan-l2tpext-keyed-ipv6-tunnel,1.0,0.8095238095238095,1.0,1.0,0.9523809523809524,True
8159,Keyed IPv6 Tunnel,2017,/api/v1/doc/document/draft-mkonstan-l2tpext-keyed-ipv6-tunnel/,/api/v1/doc/document/draft-mkonstan-keyed-ipv6-tunnel/,draft-mkonstan-l2tpext-keyed-ipv6-tunnel,draft-mkonstan-keyed-ipv6-tunnel,1.0,0.8095238095238095,1.0,1.0,0.9523809523809524,True
8163,Transmission of IPv6 over Master-Slave/Token-Passing (MS/TP) Networks,2017,/api/v1/doc/document/draft-ietf-6lo-6lobac/,/api/v1/doc/document/draft-ietf-6man-6lobac/,draft-ietf-6lo-6lobac,draft-ietf-6man-6lobac,0.7476635514018691,1.0,1.0,1.0,0.8864485981308411,True
8163,Transmission of IPv6 over Master-Slave/Token-Passing (MS/TP) Networks,2017,/api/v1/doc/document/draft-ietf-6man-6lobac/,/api/v1/doc/document/draft-lynn-6man-6lobac/,draft-ietf-6man-6lobac,draft-lynn-6man-6lobac,1.0,0.7058823529411765,1.0,1.0,0.926470588235294,True
8164,Opportunistic Security for HTTP/2,2017,/api/v1/doc/document/draft-ietf-httpbis-http2-encryption/,/api/v1/doc/document/draft-nottingham-http2-encryption/,draft-ietf-httpbis-http2-encryption,draft-nottingham-http2-encryption,0.7887323943661971,1.0,1.0,1.0,0.9049295774647886,True
8161,Benchmarking the Neighbor Discovery Protocol,2017,/api/v1/doc/document/draft-ietf-bmwg-ipv6-nd/,/api/v1/doc/document/draft-cerveny-bmwg-ipv6-nd/,draft-ietf-bmwg-ipv6-nd,draft-cerveny-bmwg-ipv6-nd,0.8266666666666667,0.7368421052631579,1.0,1.0,0.8562105263157894,True
8147,Next-Generation Pan-European eCall,2017,/api/v1/doc/document/draft-ietf-ecrit-ecall/,/api/v1/doc/document/draft-gellens-ecrit-ecall/,draft-ietf-ecrit-ecall,draft-gellens-ecrit-ecall,1.0,0.625,1.0,1.0,0.9062499999999999,True
8148,Next-Generation Vehicle-Initiated Emergency Calls,2017,/api/v1/doc/document/draft-ietf-ecrit-car-crash/,/api/v1/doc/document/draft-gellens-ecrit-car-crash/,draft-ietf-ecrit-car-crash,draft-gellens-ecrit-car-crash,0.6262626262626263,0.75,0.6666666666666666,1.0,0.7026515151515151,True
8134,Management Incident Lightweight Exchange (MILE) Implementation Report,2017,/api/v1/doc/document/draft-ietf-mile-implementreport/,/api/v1/doc/document/draft-moriarty-mile-implementreport/,draft-ietf-mile-implementreport,draft-moriarty-mile-implementreport,0.5591397849462365,0.8571428571428571,0.5,1.0,0.6658986175115207,True
8170,Planning for Protocol Adoption and Subsequent Transitions,2017,/api/v1/doc/document/draft-iab-protocol-transitions/,/api/v1/doc/document/draft-thaler-transition-principles/,draft-iab-protocol-transitions,draft-thaler-transition-principles,0.4691358024691358,0.5365853658536586,0.0,1.0,0.44525745257452576,True
8050,Multi-Threaded Routing Toolkit (MRT) Routing Information Export Format with BGP Additional Path Extensions,2017,/api/v1/doc/document/draft-ietf-grow-mrt-add-paths/,/api/v1/doc/document/draft-petrie-grow-mrt-add-paths/,draft-ietf-grow-mrt-add-paths,draft-petrie-grow-mrt-add-paths,0.9952153110047847,0.8387096774193549,0.8461538461538461,1.0,0.9267550785377611,True
8111,Locator/ID Separation Protocol Delegated Database Tree (LISP-DDT),2017,/api/v1/doc/document/draft-ietf-lisp-ddt/,/api/v1/doc/document/draft-fuller-lisp-ddt/,draft-ietf-lisp-ddt,draft-fuller-lisp-ddt,0.6153846153846154,0.5454545454545454,0.5714285714285714,1.0,0.6275724275724276,True
8116,Security Threats to the Optimized Link State Routing Protocol Version 2 (OLSRv2),2017,/api/v1/doc/document/draft-ietf-manet-olsrv2-sec-threats/,/api/v1/doc/document/draft-clausen-manet-olsrv2-sec-threats/,draft-ietf-manet-olsrv2-sec-threats,draft-clausen-manet-olsrv2-sec-threats,0.9808917197452229,0.8571428571428571,1.0,1.0,0.9556869881710647,True
8151,Use Cases for Data Center Network Virtualization Overlay Networks,2017,/api/v1/doc/document/draft-ietf-nvo3-use-case/,/api/v1/doc/document/draft-mity-nvo3-use-case/,draft-ietf-nvo3-use-case,draft-mity-nvo3-use-case,0.8495575221238938,0.7619047619047619,0.6666666666666666,1.0,0.806110408765276,True
8162,Using Secure DNS to Associate Certificates with Domain Names for S/MIME,2017,/api/v1/doc/document/draft-ietf-dane-smime/,/api/v1/doc/document/draft-hoffman-dane-smime/,draft-ietf-dane-smime,draft-hoffman-dane-smime,1.0,0.6666666666666666,1.0,1.0,0.9166666666666666,True
8168,DHCPv6 Prefix-Length Hint Issues,2017,/api/v1/doc/document/draft-ietf-dhc-dhcpv6-prefix-length-hint-issue/,/api/v1/doc/document/draft-cui-dhc-dhcpv6-prefix-length-hint-issue/,draft-ietf-dhc-dhcpv6-prefix-length-hint-issue,draft-cui-dhc-dhcpv6-prefix-length-hint-issue,1.0,0.9393939393939394,1.0,1.0,0.9848484848484848,True
8180,Minimal IPv6 over the TSCH Mode of IEEE 802.15.4e (6TiSCH) Configuration,2017,/api/v1/doc/document/draft-ietf-6tisch-minimal/,/api/v1/doc/document/draft-vilajosana-6tisch-minimal/,draft-ietf-6tisch-minimal,draft-vilajosana-6tisch-minimal,0.5714285714285714,0.6666666666666666,0.5,1.0,0.6238095238095237,True
8169,Residence Time Measurement in MPLS Networks,2017,/api/v1/doc/document/draft-ietf-mpls-residence-time/,/api/v1/doc/document/draft-mirsky-mpls-residence-time/,draft-ietf-mpls-residence-time,draft-mirsky-mpls-residence-time,0.9882352941176471,0.8484848484848485,0.6666666666666666,1.0,0.8901604278074866,True
8156,DHCPv6 Failover Protocol,2017,/api/v1/doc/document/draft-ietf-dhc-dhcpv6-failover-protocol/,/api/v1/doc/document/draft-ietf-dhc-dhcpv6-failover-design/,draft-ietf-dhc-dhcpv6-failover-protocol,draft-ietf-dhc-dhcpv6-failover-design,0.6956521739130435,0.6956521739130435,0.6666666666666666,1.0,0.7202898550724638,True
8156,DHCPv6 Failover Protocol,2017,/api/v1/doc/document/draft-ietf-dhc-dhcpv6-failover-design/,/api/v1/doc/document/draft-mrugalski-dhc-dhcpv6-failover-design/,draft-ietf-dhc-dhcpv6-failover-design,draft-mrugalski-dhc-dhcpv6-failover-design,1.0,0.9166666666666666,1.0,1.0,0.9791666666666666,True
8139,Transparent Interconnection of Lots of Links (TRILL): Appointed Forwarders,2017,/api/v1/doc/document/draft-ietf-trill-rfc6439bis/,/api/v1/doc/document/draft-eastlake-trill-rfc6439bis/,draft-ietf-trill-rfc6439bis,draft-eastlake-trill-rfc6439bis,0.5360824742268041,0.7692307692307693,0.5,1.0,0.6335448057097541,True
8177,YANG Data Model for Key Chains,2017,/api/v1/doc/document/draft-ietf-rtgwg-yang-key-chain/,/api/v1/doc/document/draft-acee-rtg-yang-key-chain/,draft-ietf-rtgwg-yang-key-chain,draft-acee-rtg-yang-key-chain,0.5454545454545454,0.875,0.75,1.0,0.7142045454545455,True
8202,IS-IS Multi-Instance,2017,/api/v1/doc/document/draft-ietf-isis-mi-bis/,/api/v1/doc/document/draft-ginsberg-isis-mi-bis/,draft-ietf-isis-mi-bis,draft-ginsberg-isis-mi-bis,1.0,0.7058823529411765,1.0,1.0,0.926470588235294,True
8176,Authentication Method Reference Values,2017,/api/v1/doc/document/draft-ietf-oauth-amr-values/,/api/v1/doc/document/draft-jones-oauth-amr-values/,draft-ietf-oauth-amr-values,draft-jones-oauth-amr-values,1.0,0.7692307692307693,1.0,1.0,0.9423076923076924,True
8171,Transparent Interconnection of Lots of Links (TRILL): Edge Directory Assistance Mechanisms,2017,/api/v1/doc/document/draft-ietf-trill-directory-assist-mechanisms/,/api/v1/doc/document/draft-dunbar-trill-scheme-for-directory-assist/,draft-ietf-trill-directory-assist-mechanisms,draft-dunbar-trill-scheme-for-directory-assist,0.6511627906976745,0.5333333333333333,0.5555555555555556,1.0,0.6374677002583979,True
8175,Dynamic Link Exchange Protocol (DLEP),2017,/api/v1/doc/document/draft-ietf-manet-dlep/,/api/v1/doc/document/draft-sratliff-manet-dlep/,draft-ietf-manet-dlep,draft-sratliff-manet-dlep,1.0,0.5714285714285714,1.0,-0.5,0.7428571428571429,True
8188,Encrypted Content-Encoding for HTTP,2017,/api/v1/doc/document/draft-ietf-httpbis-encryption-encoding/,/api/v1/doc/document/draft-thomson-http-encryption/,draft-ietf-httpbis-encryption-encoding,draft-thomson-http-encryption,1.0,0.5882352941176471,1.0,1.0,0.8970588235294118,True
8188,Encrypted Content-Encoding for HTTP,2017,/api/v1/doc/document/draft-thomson-http-encryption/,/api/v1/doc/document/draft-nottingham-http-encryption-encoding/,draft-thomson-http-encryption,draft-nottingham-http-encryption-encoding,1.0,0.7692307692307693,1.0,1.0,0.9423076923076924,True
8184,Dual-Homing Protection for MPLS and the MPLS Transport Profile (MPLS-TP) Pseudowires,2017,/api/v1/doc/document/draft-ietf-pals-mpls-tp-dual-homing-protection/,/api/v1/doc/document/draft-cheng-pwe3-mpls-tp-dual-homing-protection/,draft-ietf-pals-mpls-tp-dual-homing-protection,draft-cheng-pwe3-mpls-tp-dual-homing-protection,0.8029197080291971,0.9230769230769231,0.8,1.0,0.8520830993823695,True
8185,Dual-Homing Coordination for MPLS Transport Profile (MPLS-TP) Pseudowires Protection,2017,/api/v1/doc/document/draft-ietf-pals-mpls-tp-dual-homing-coordination/,/api/v1/doc/document/draft-cheng-pwe3-mpls-tp-dual-homing-coordination/,draft-ietf-pals-mpls-tp-dual-homing-coordination,draft-cheng-pwe3-mpls-tp-dual-homing-coordination,1.0,0.927536231884058,1.0,1.0,0.9818840579710145,True
8195,Use of BGP Large Communities,2017,/api/v1/doc/document/draft-ietf-grow-large-communities-usage/,/api/v1/doc/document/draft-snijders-grow-large-communities-usage/,draft-ietf-grow-large-communities-usage,draft-snijders-grow-large-communities-usage,0.8275862068965517,0.9019607843137255,0.75,1.0,0.8479039891818797,True
8152,CBOR Object Signing and Encryption (COSE),2017,/api/v1/doc/document/draft-ietf-cose-msg/,/api/v1/doc/document/draft-schaad-cose-msg/,draft-ietf-cose-msg,draft-schaad-cose-msg,0.30303030303030304,0.5454545454545454,0.5,1.0,0.47272727272727266,True
8152,CBOR Object Signing and Encryption (COSE),2017,/api/v1/doc/document/draft-schaad-cose-msg/,/api/v1/doc/document/draft-schaad-cose/,draft-schaad-cose-msg,draft-schaad-cose,1.0,0.6666666666666666,1.0,1.0,0.9166666666666666,True
8212,Default External BGP (EBGP) Route Propagation Behavior without Policies,2017,/api/v1/doc/document/draft-ietf-grow-bgp-reject/,/api/v1/doc/document/draft-mauch-bgp-reject/,draft-ietf-grow-bgp-reject,draft-mauch-bgp-reject,0.44155844155844154,1.0,1.0,1.0,0.7487012987012988,True
8196,IS-IS Autoconfiguration,2017,/api/v1/doc/document/draft-ietf-isis-auto-conf/,/api/v1/doc/document/draft-liu-isis-auto-conf/,draft-ietf-isis-auto-conf,draft-liu-isis-auto-conf,0.9565217391304348,0.782608695652174,0.6666666666666666,1.0,0.8594202898550725,True
8197,A SIP Response Code for Unwanted Calls,2017,/api/v1/doc/document/draft-ietf-sipcore-status-unwanted/,/api/v1/doc/document/draft-schulzrinne-dispatch-status-unwanted/,draft-ietf-sipcore-status-unwanted,draft-schulzrinne-dispatch-status-unwanted,1.0,0.7692307692307693,1.0,1.0,0.9423076923076924,True
8200,"Internet Protocol, Version 6 (IPv6) Specification",2017,/api/v1/doc/document/draft-ietf-6man-rfc2460bis/,/api/v1/doc/document/draft-hinden-6man-rfc2460bis/,draft-ietf-6man-rfc2460bis,draft-hinden-6man-rfc2460bis,1.0,0.8,1.0,1.0,0.9500000000000001,True
8201,Path MTU Discovery for IP version 6,2017,/api/v1/doc/document/draft-ietf-6man-rfc1981bis/,/api/v1/doc/document/draft-hinden-6man-rfc1981bis/,draft-ietf-6man-rfc1981bis,draft-hinden-6man-rfc1981bis,1.0,0.8,1.0,1.0,0.9500000000000001,True
8192,Interface to Network Security Functions (I2NSF): Problem Statement and Use Cases,2017,/api/v1/doc/document/draft-ietf-i2nsf-problem-and-use-cases/,/api/v1/doc/document/draft-hares-i2nsf-merged-problem-use-cases/,draft-ietf-i2nsf-problem-and-use-cases,draft-hares-i2nsf-merged-problem-use-cases,0.6491228070175439,0.6666666666666666,0.6,1.0,0.6787719298245614,True
8192,Interface to Network Security Functions (I2NSF): Problem Statement and Use Cases,2017,/api/v1/doc/document/draft-ietf-i2nsf-problem-and-use-cases/,/api/v1/doc/document/draft-kumar-i2nsf-controller-use-cases/,draft-ietf-i2nsf-problem-and-use-cases,draft-kumar-i2nsf-controller-use-cases,0.46017699115044247,0.5957446808510638,0.4,-0.5,0.3860158162304651,False
8192,Interface to Network Security Functions (I2NSF): Problem Statement and Use Cases,2017,/api/v1/doc/document/draft-hares-i2nsf-merged-problem-use-cases/,/api/v1/doc/document/draft-dunbar-i2nsf-problem-statement/,draft-hares-i2nsf-merged-problem-use-cases,draft-dunbar-i2nsf-problem-statement,0.46,0.6415094339622641,0.3333333333333333,1.0,0.5340440251572327,True
8192,Interface to Network Security Functions (I2NSF): Problem Statement and Use Cases,2017,/api/v1/doc/document/draft-hares-i2nsf-merged-problem-use-cases/,/api/v1/doc/document/draft-hares-i2nsf-use-case-gap-analysis/,draft-hares-i2nsf-merged-problem-use-cases,draft-hares-i2nsf-use-case-gap-analysis,0.26373626373626374,0.5263157894736842,0.375,1.0,0.42526026604973977,False
8198,Aggressive Use of DNSSEC-Validated Cache,2017,/api/v1/doc/document/draft-ietf-dnsop-nsec-aggressiveuse/,/api/v1/doc/document/draft-fujiwara-dnsop-nsec-aggressiveuse/,draft-ietf-dnsop-nsec-aggressiveuse,draft-fujiwara-dnsop-nsec-aggressiveuse,0.7352941176470589,0.8571428571428571,0.6666666666666666,1.0,0.7785014005602241,True
8203,BGP Administrative Shutdown Communication,2017,/api/v1/doc/document/draft-ietf-idr-shutdown/,/api/v1/doc/document/draft-snijders-idr-shutdown/,draft-ietf-idr-shutdown,draft-snijders-idr-shutdown,0.4716981132075472,0.8,0.5,1.0,0.6122641509433963,True
8181,A Publication Protocol for the Resource Public Key Infrastructure (RPKI),2017,/api/v1/doc/document/draft-ietf-sidr-publication/,/api/v1/doc/document/draft-weiler-sidr-publication/,draft-ietf-sidr-publication,draft-weiler-sidr-publication,1.0,0.8148148148148148,1.0,1.0,0.9537037037037036,True
8182,The RPKI Repository Delta Protocol (RRDP),2017,/api/v1/doc/document/draft-ietf-sidr-delta-protocol/,/api/v1/doc/document/draft-tbruijnzeels-sidr-delta-protocol/,draft-ietf-sidr-delta-protocol,draft-tbruijnzeels-sidr-delta-protocol,0.8695652173913043,0.8484848484848485,0.75,1.0,0.8534255599472991,True
8183,An Out-of-Band Setup Protocol for Resource Public Key Infrastructure (RPKI) Production Services,2017,/api/v1/doc/document/draft-ietf-sidr-rpki-oob-setup/,/api/v1/doc/document/draft-austein-sidr-rpki-oob-setup/,draft-ietf-sidr-rpki-oob-setup,draft-austein-sidr-rpki-oob-setup,0.7682119205298014,0.8484848484848485,0.75,1.0,0.8078165763596228,True
8172,Considerations for Benchmarking Virtual Network Functions and Their Infrastructure,2017,/api/v1/doc/document/draft-ietf-bmwg-virtual-net/,/api/v1/doc/document/draft-morton-bmwg-virtual-net/,draft-ietf-bmwg-virtual-net,draft-morton-bmwg-virtual-net,1.0,0.8148148148148148,1.0,1.0,0.9537037037037036,True
8199,YANG Module Classification,2017,/api/v1/doc/document/draft-ietf-netmod-yang-model-classification/,/api/v1/doc/document/draft-bogdanovic-netmod-yang-model-classification/,draft-ietf-netmod-yang-model-classification,draft-bogdanovic-netmod-yang-model-classification,0.9411764705882353,0.8771929824561403,0.75,1.0,0.8928276573787409,True
8217,Clarifications for When to Use the name-addr Production in SIP Messages,2017,/api/v1/doc/document/draft-ietf-sipcore-name-addr-guidance/,/api/v1/doc/document/draft-sparks-sipcore-name-addr-guidance/,draft-ietf-sipcore-name-addr-guidance,draft-sparks-sipcore-name-addr-guidance,1.0,0.8181818181818182,1.0,1.0,0.9545454545454545,True
8191,Home Network Prefix Renumbering in Proxy Mobile IPv6 (PMIPv6),2017,/api/v1/doc/document/draft-ietf-dmm-hnprenum/,/api/v1/doc/document/draft-yan-dmm-hnprenum/,draft-ietf-dmm-hnprenum,draft-yan-dmm-hnprenum,0.82,0.8,0.625,1.0,0.7939999999999999,True
8213,Security of Messages Exchanged between Servers and Relay Agents,2017,/api/v1/doc/document/draft-ietf-dhc-relay-server-security/,/api/v1/doc/document/draft-volz-dhc-relay-server-security/,draft-ietf-dhc-relay-server-security,draft-volz-dhc-relay-server-security,1.0,0.9130434782608695,1.0,1.0,0.9782608695652174,True
8219,Benchmarking Methodology for IPv6 Transition Technologies,2017,/api/v1/doc/document/draft-ietf-bmwg-ipv6-tran-tech-benchmarking/,/api/v1/doc/document/draft-georgescu-bmwg-ipv6-tran-tech-benchmarking/,draft-ietf-bmwg-ipv6-tran-tech-benchmarking,draft-georgescu-bmwg-ipv6-tran-tech-benchmarking,1.0,0.9152542372881356,1.0,1.0,0.9788135593220338,True
8229,TCP Encapsulation of IKE and IPsec Packets,2017,/api/v1/doc/document/draft-ietf-ipsecme-tcp-encaps/,/api/v1/doc/document/draft-pauly-ipsecme-tcp-encaps/,draft-ietf-ipsecme-tcp-encaps,draft-pauly-ipsecme-tcp-encaps,0.9767441860465116,0.7142857142857143,0.6666666666666666,1.0,0.8514396456256921,True
8193,Information Model for Large-Scale Measurement Platforms (LMAPs),2017,/api/v1/doc/document/draft-ietf-lmap-information-model/,/api/v1/doc/document/draft-burbridge-lmap-information-model/,draft-ietf-lmap-information-model,draft-burbridge-lmap-information-model,0.9917355371900827,0.8717948717948718,0.75,1.0,0.9142297096842551,True
8194,A YANG Data Model for LMAP Measurement Agents,2017,/api/v1/doc/document/draft-ietf-lmap-yang/,/api/v1/doc/document/draft-schoenw-lmap-yang/,draft-ietf-lmap-yang,draft-schoenw-lmap-yang,1.0,0.6153846153846154,1.0,1.0,0.9038461538461539,True
8215,Local-Use IPv4/IPv6 Translation Prefix,2017,/api/v1/doc/document/draft-ietf-v6ops-v4v6-xlat-prefix/,/api/v1/doc/document/draft-anderson-v6ops-v4v6-xlat-prefix/,draft-ietf-v6ops-v4v6-xlat-prefix,draft-anderson-v6ops-v4v6-xlat-prefix,1.0,0.8421052631578947,1.0,1.0,0.9605263157894736,True
8234,Updates to MPLS Transport Profile (MPLS-TP) Linear Protection in Automatic Protection Switching (APS) Mode,2017,/api/v1/doc/document/draft-ietf-mpls-tp-aps-updates/,/api/v1/doc/document/draft-ryoo-mpls-tp-aps-updates/,draft-ietf-mpls-tp-aps-updates,draft-ryoo-mpls-tp-aps-updates,1.0,0.8484848484848485,1.0,1.0,0.962121212121212,True
8214,Virtual Private Wire Service Support in Ethernet VPN,2017,/api/v1/doc/document/draft-ietf-bess-evpn-vpws/,/api/v1/doc/document/draft-boutros-l2vpn-evpn-vpws/,draft-ietf-bess-evpn-vpws,draft-boutros-l2vpn-evpn-vpws,0.5555555555555556,0.75,0.6666666666666666,1.0,0.6708333333333333,True
8218,Multipath Extension for the Optimized Link State Routing Protocol Version 2 (OLSRv2),2017,/api/v1/doc/document/draft-ietf-manet-olsrv2-multipath/,/api/v1/doc/document/draft-yi-manet-olsrv2-multipath/,draft-ietf-manet-olsrv2-multipath,draft-yi-manet-olsrv2-multipath,0.9939393939393939,0.8421052631578947,0.6666666666666666,1.0,0.8911323763955342,True
8227,MPLS-TP Shared-Ring Protection (MSRP) Mechanism for Ring Topology,2017,/api/v1/doc/document/draft-ietf-mpls-tp-shared-ring-protection/,/api/v1/doc/document/draft-cheng-mpls-tp-shared-ring-protection/,draft-ietf-mpls-tp-shared-ring-protection,draft-cheng-mpls-tp-shared-ring-protection,1.0,0.9090909090909091,1.0,1.0,0.9772727272727272,True
8127,Mobile Access Gateway Configuration Parameters Controlled by the Local Mobility Anchor,2017,/api/v1/doc/document/draft-ietf-dmm-lma-controlled-mag-params/,/api/v1/doc/document/draft-gundavelli-dmm-lma-controlled-mag-params/,draft-ietf-dmm-lma-controlled-mag-params,draft-gundavelli-dmm-lma-controlled-mag-params,0.34146341463414637,0.9259259259259259,0.8,1.0,0.6451400180668474,True
8238,Data Center Benchmarking Terminology,2017,/api/v1/doc/document/draft-ietf-bmwg-dcbench-terminology/,/api/v1/doc/document/draft-dcbench-def/,draft-ietf-bmwg-dcbench-terminology,draft-dcbench-def,0.6904761904761905,0.18181818181818182,0.5,1.0,0.5561688311688312,True
8239,Data Center Benchmarking Methodology,2017,/api/v1/doc/document/draft-ietf-bmwg-dcbench-methodology/,/api/v1/doc/document/draft-bmwg-dcbench-methodology/,draft-ietf-bmwg-dcbench-methodology,draft-bmwg-dcbench-methodology,1.0,1.0,1.0,1.0,0.9999999999999999,True
8223,Application-Aware Targeted LDP,2017,/api/v1/doc/document/draft-ietf-mpls-app-aware-tldp/,/api/v1/doc/document/draft-esale-mpls-app-aware-tldp/,draft-ietf-mpls-app-aware-tldp,draft-esale-mpls-app-aware-tldp,1.0,0.8484848484848485,1.0,1.0,0.962121212121212,True
8240,Report from the Internet of Things Software Update (IoTSU) Workshop 2016,2017,/api/v1/doc/document/draft-iab-iotsu-workshop/,/api/v1/doc/document/draft-farrell-iotsu-workshop/,draft-iab-iotsu-workshop,draft-farrell-iotsu-workshop,0.9722222222222222,1.0,1.0,1.0,0.9874999999999999,True
8243,Alternatives for Multilevel Transparent Interconnection of Lots of Links (TRILL),2017,/api/v1/doc/document/draft-ietf-trill-rbridge-multilevel/,/api/v1/doc/document/draft-perlman-trill-rbridge-multilevel/,draft-ietf-trill-rbridge-multilevel,draft-perlman-trill-rbridge-multilevel,0.9230769230769231,0.8571428571428571,1.0,1.0,0.9296703296703296,True
8220,Protocol Independent Multicast (PIM) over Virtual Private LAN Service (VPLS),2017,/api/v1/doc/document/draft-ietf-pals-vpls-pim-snooping/,/api/v1/doc/document/draft-ietf-l2vpn-vpls-pim-snooping/,draft-ietf-pals-vpls-pim-snooping,draft-ietf-l2vpn-vpls-pim-snooping,1.0,1.0,1.0,1.0,0.9999999999999999,True
8220,Protocol Independent Multicast (PIM) over Virtual Private LAN Service (VPLS),2017,/api/v1/doc/document/draft-ietf-l2vpn-vpls-pim-snooping/,/api/v1/doc/document/draft-hemige-serbest-l2vpn-vpls-pim-snooping/,draft-ietf-l2vpn-vpls-pim-snooping,draft-hemige-serbest-l2vpn-vpls-pim-snooping,0.2765957446808511,0.7083333333333334,0.6,1.0,0.5215514184397163,True
8247,Algorithm Implementation Requirements and Usage Guidance for the Internet Key Exchange Protocol Version 2 (IKEv2),2017,/api/v1/doc/document/draft-ietf-ipsecme-rfc4307bis/,/api/v1/doc/document/draft-nir-ipsecme-rfc4307bis/,draft-ietf-ipsecme-rfc4307bis,draft-nir-ipsecme-rfc4307bis,0.5957446808510638,0.7142857142857143,0.5,1.0,0.6466565349544072,True
8187,Indicating Character Encoding and Language for HTTP Header Field Parameters,2017,/api/v1/doc/document/draft-ietf-httpbis-rfc5987bis/,/api/v1/doc/document/draft-reschke-rfc5987bis/,draft-ietf-httpbis-rfc5987bis,draft-reschke-rfc5987bis,1.0,1.0,1.0,1.0,0.9999999999999999,True
8246,HTTP Immutable Responses,2017,/api/v1/doc/document/draft-ietf-httpbis-immutable/,/api/v1/doc/document/draft-mcmanus-immutable/,draft-ietf-httpbis-immutable,draft-mcmanus-immutable,1.0,1.0,1.0,1.0,0.9999999999999999,True
8241,Interface to the Routing System (I2RS) Security-Related Requirements,2017,/api/v1/doc/document/draft-ietf-i2rs-protocol-security-requirements/,/api/v1/doc/document/draft-hares-i2rs-auth-trans/,draft-ietf-i2rs-protocol-security-requirements,draft-hares-i2rs-auth-trans,0.68,0.17777777777777778,0.5714285714285714,1.0,0.5647301587301587,True
8242,Interface to the Routing System (I2RS) Ephemeral State Requirements,2017,/api/v1/doc/document/draft-ietf-i2rs-ephemeral-state/,/api/v1/doc/document/draft-haas-i2rs-ephemeral-state-reqs/,draft-ietf-i2rs-ephemeral-state,draft-haas-i2rs-ephemeral-state-reqs,0.673469387755102,0.75,0.5714285714285714,1.0,0.7048469387755102,True
8204,Benchmarking Virtual Switches in the Open Platform for NFV (OPNFV),2017,/api/v1/doc/document/draft-ietf-bmwg-vswitch-opnfv/,/api/v1/doc/document/draft-vsperf-bmwg-vswitch-opnfv/,draft-ietf-bmwg-vswitch-opnfv,draft-vsperf-bmwg-vswitch-opnfv,0.7450980392156863,0.8387096774193549,0.6666666666666666,1.0,0.7783048703352309,True
8222,Selecting Labels for Use with Conventional DNS and Other Resolution Systems in DNS-Based Service Discovery,2017,/api/v1/doc/document/draft-ietf-dnssd-mdns-dns-interop/,/api/v1/doc/document/draft-sullivan-dnssd-mdns-dns-interop/,draft-ietf-dnssd-mdns-dns-interop,draft-sullivan-dnssd-mdns-dns-interop,0.37662337662337664,0.8421052631578947,0.75,1.0,0.6300068352699931,True
8231,Path Computation Element Communication Protocol (PCEP) Extensions for Stateful PCE,2017,/api/v1/doc/document/draft-ietf-pce-stateful-pce/,/api/v1/doc/document/draft-crabbe-pce-stateful-pce/,draft-ietf-pce-stateful-pce,draft-crabbe-pce-stateful-pce,0.5714285714285714,0.8571428571428571,1.0,1.0,0.7714285714285715,True
8231,Path Computation Element Communication Protocol (PCEP) Extensions for Stateful PCE,2017,/api/v1/doc/document/draft-ietf-pce-stateful-pce/,/api/v1/doc/document/draft-crabbe-pce-stateful-pce-mpls-te/,draft-ietf-pce-stateful-pce,draft-crabbe-pce-stateful-pce-mpls-te,0.5166666666666667,0.6666666666666666,0.6666666666666666,-0.5,0.4825,False
8232,Optimizations of Label Switched Path State Synchronization Procedures for a Stateful PCE,2017,/api/v1/doc/document/draft-ietf-pce-stateful-sync-optimizations/,/api/v1/doc/document/draft-minei-pce-stateful-sync-optimizations/,draft-ietf-pce-stateful-sync-optimizations,draft-minei-pce-stateful-sync-optimizations,1.0,0.9310344827586207,1.0,1.0,0.9827586206896551,True
8233,Extensions to the Path Computation Element Communication Protocol (PCEP) to Compute Service-Aware Label Switched Paths (LSPs),2017,/api/v1/doc/document/draft-ietf-pce-pcep-service-aware/,/api/v1/doc/document/draft-dhody-pce-pcep-service-aware/,draft-ietf-pce-pcep-service-aware,draft-dhody-pce-pcep-service-aware,0.9916666666666667,0.9,0.7857142857142857,1.0,0.9283928571428571,True
8233,Extensions to the Path Computation Element Communication Protocol (PCEP) to Compute Service-Aware Label Switched Paths (LSPs),2017,/api/v1/doc/document/draft-ietf-pce-pcep-service-aware/,/api/v1/doc/document/draft-wu-pce-pcep-link-bw-utilization/,draft-ietf-pce-pcep-service-aware,draft-wu-pce-pcep-link-bw-utilization,0.683982683982684,0.34782608695652173,0.35294117647058826,-0.5,0.41533696482545596,False
8205,BGPsec Protocol Specification,2017,/api/v1/doc/document/draft-ietf-sidr-bgpsec-protocol/,/api/v1/doc/document/draft-lepinski-bgpsec-protocol/,draft-ietf-sidr-bgpsec-protocol,draft-lepinski-bgpsec-protocol,1.0,1.0,1.0,1.0,0.9999999999999999,True
8205,BGPsec Protocol Specification,2017,/api/v1/doc/document/draft-lepinski-bgpsec-protocol/,/api/v1/doc/document/draft-bgpsec-spec/,draft-lepinski-bgpsec-protocol,draft-bgpsec-spec,1.0,0.3157894736842105,1.0,1.0,0.8289473684210525,True
8206,BGPsec Considerations for Autonomous System (AS) Migration,2017,/api/v1/doc/document/draft-ietf-sidr-as-migration/,/api/v1/doc/document/draft-george-sidr-as-migration/,draft-ietf-sidr-as-migration,draft-george-sidr-as-migration,0.8085106382978723,0.8275862068965517,0.6,1.0,0.7907263389581805,True
8207,BGPsec Operational Considerations,2017,/api/v1/doc/document/draft-ietf-sidr-bgpsec-ops/,/api/v1/doc/document/draft-ymbk-bgpsec-ops/,draft-ietf-sidr-bgpsec-ops,draft-ymbk-bgpsec-ops,1.0,1.0,1.0,1.0,0.9999999999999999,True
8208,"BGPsec Algorithms, Key Formats, and Signature Formats",2017,/api/v1/doc/document/draft-ietf-sidr-bgpsec-algs/,/api/v1/doc/document/draft-turner-sidr-bgpsec-algs/,draft-ietf-sidr-bgpsec-algs,draft-turner-sidr-bgpsec-algs,0.9263157894736842,0.8148148148148148,0.6666666666666666,1.0,0.8538791423001949,True
8209,"A Profile for BGPsec Router Certificates, Certificate Revocation Lists, and Certification Requests",2017,/api/v1/doc/document/draft-ietf-sidr-bgpsec-pki-profiles/,/api/v1/doc/document/draft-turner-sidr-bgpsec-pki-profiles/,draft-ietf-sidr-bgpsec-pki-profiles,draft-turner-sidr-bgpsec-pki-profiles,1.0,0.8837209302325582,1.0,1.0,0.9709302325581396,True
8210,"The Resource Public Key Infrastructure (RPKI) to Router Protocol, Version 1",2017,/api/v1/doc/document/draft-ietf-sidr-rpki-rtr-rfc6810-bis/,/api/v1/doc/document/draft-austein-sidr-rpki-rtr-rfc6810bis/,draft-ietf-sidr-rpki-rtr-rfc6810-bis,draft-austein-sidr-rpki-rtr-rfc6810bis,0.9253731343283582,0.8636363636363636,1.0,1.0,0.9323270013568522,True
8211,Adverse Actions by a Certification Authority (CA) or Repository Manager in the Resource Public Key Infrastructure (RPKI),2017,/api/v1/doc/document/draft-ietf-sidr-adverse-actions/,/api/v1/doc/document/draft-kent-sidr-adverse-actions/,draft-ietf-sidr-adverse-actions,draft-kent-sidr-adverse-actions,1.0,0.8571428571428571,1.0,1.0,0.9642857142857143,True
8249,Transparent Interconnection of Lots of Links (TRILL): MTU Negotiation,2017,/api/v1/doc/document/draft-ietf-trill-mtu-negotiation/,/api/v1/doc/document/draft-zhang-trill-mtu-negotiation/,draft-ietf-trill-mtu-negotiation,draft-zhang-trill-mtu-negotiation,0.45161290322580644,0.8333333333333334,0.6666666666666666,1.0,0.6448924731182796,True
8252,OAuth 2.0 for Native Apps,2017,/api/v1/doc/document/draft-ietf-oauth-native-apps/,/api/v1/doc/document/draft-wdenniss-oauth-native-apps/,draft-ietf-oauth-native-apps,draft-wdenniss-oauth-native-apps,1.0,0.7857142857142857,1.0,1.0,0.9464285714285715,True
8255,Multiple Language Content Type,2017,/api/v1/doc/document/draft-ietf-slim-multilangcontent/,/api/v1/doc/document/draft-tomkinson-slim-multilangcontent/,draft-ietf-slim-multilangcontent,draft-tomkinson-slim-multilangcontent,1.0,0.8648648648648649,1.0,1.0,0.9662162162162161,True
8269,The ARIA Algorithm and Its Use with the Secure Real-Time Transport Protocol (SRTP),2017,/api/v1/doc/document/draft-ietf-avtcore-aria-srtp/,/api/v1/doc/document/draft-nsri-avtcore-aria-srtp/,draft-ietf-avtcore-aria-srtp,draft-nsri-avtcore-aria-srtp,1.0,0.6923076923076923,1.0,1.0,0.923076923076923,True
8221,Cryptographic Algorithm Implementation Requirements and Usage Guidance for Encapsulating Security Payload (ESP) and Authentication Header (AH),2017,/api/v1/doc/document/draft-ietf-ipsecme-rfc7321bis/,/api/v1/doc/document/draft-mglt-ipsecme-rfc7321bis/,draft-ietf-ipsecme-rfc7321bis,draft-mglt-ipsecme-rfc7321bis,1.0,0.7142857142857143,1.0,1.0,0.9285714285714285,True
8257,Data Center TCP (DCTCP): TCP Congestion Control for Data Centers,2017,/api/v1/doc/document/draft-ietf-tcpm-dctcp/,/api/v1/doc/document/draft-bensley-tcpm-dctcp/,draft-ietf-tcpm-dctcp,draft-bensley-tcpm-dctcp,0.8939393939393939,0.6666666666666666,0.5,1.0,0.7689393939393939,True
8258,Generalized SCSI: A Generic Structure for Interface Switching Capability Descriptor (ISCD) Switching Capability Specific Information (SCSI),2017,/api/v1/doc/document/draft-ietf-teas-gmpls-scsi/,/api/v1/doc/document/draft-ceccarelli-teas-gneralized-scsi/,draft-ietf-teas-gmpls-scsi,draft-ceccarelli-teas-gneralized-scsi,0.8270042194092827,0.4666666666666667,0.5833333333333334,1.0,0.7054852320675106,True
8244,Special-Use Domain Names Problem Statement,2017,/api/v1/doc/document/draft-ietf-dnsop-sutld-ps/,/api/v1/doc/document/draft-tldr-sutld-ps/,draft-ietf-dnsop-sutld-ps,draft-tldr-sutld-ps,0.9090909090909091,1.0,1.0,1.0,0.9590909090909091,True
8277,Using BGP to Bind MPLS Labels to Address Prefixes,2017,/api/v1/doc/document/draft-ietf-mpls-rfc3107bis/,/api/v1/doc/document/draft-rosen-mpls-rfc3107bis/,draft-ietf-mpls-rfc3107bis,draft-rosen-mpls-rfc3107bis,1.0,0.8,1.0,1.0,0.9500000000000001,True
8277,Using BGP to Bind MPLS Labels to Address Prefixes,2017,/api/v1/doc/document/draft-rosen-mpls-rfc3107bis/,/api/v1/doc/document/draft-rosen-idr-rfc3107bis/,draft-rosen-mpls-rfc3107bis,draft-rosen-idr-rfc3107bis,1.0,0.7586206896551724,1.0,1.0,0.939655172413793,True
8251,Updates to the Opus Audio Codec,2017,/api/v1/doc/document/draft-ietf-codec-opus-update/,/api/v1/doc/document/draft-valin-codec-opus-update/,draft-ietf-codec-opus-update,draft-valin-codec-opus-update,1.0,0.7857142857142857,1.0,1.0,0.9464285714285715,True
8253,PCEPS: Usage of TLS to Provide a Secure Transport for the Path Computation Element Communication Protocol (PCEP),2017,/api/v1/doc/document/draft-ietf-pce-pceps/,/api/v1/doc/document/draft-lopez-pce-pceps/,draft-ietf-pce-pceps,draft-lopez-pce-pceps,0.373134328358209,0.7142857142857143,0.5,1.0,0.5464818763326226,True
8245,Rules for Designing Protocols Using the Generalized Packet/Message Format from RFC 5444,2017,/api/v1/doc/document/draft-ietf-manet-rfc5444-usage/,/api/v1/doc/document/draft-clausen-manet-rfc5444-usage/,draft-ietf-manet-rfc5444-usage,draft-clausen-manet-rfc5444-usage,0.8690476190476191,0.8125,0.6666666666666666,1.0,0.8275297619047618,True
8189,Multi-Cost Application-Layer Traffic Optimization (ALTO),2017,/api/v1/doc/document/draft-ietf-alto-multi-cost/,/api/v1/doc/document/draft-randriamasy-alto-multi-cost/,draft-ietf-alto-multi-cost,draft-randriamasy-alto-multi-cost,0.43478260869565216,0.8,0.6666666666666666,1.0,0.6289855072463768,True
8262,Content-ID Header Field in the Session Initiation Protocol (SIP),2017,/api/v1/doc/document/draft-ietf-sipcore-content-id/,/api/v1/doc/document/draft-holmberg-sipcore-content-id/,draft-ietf-sipcore-content-id,draft-holmberg-sipcore-content-id,0.9666666666666667,0.7142857142857143,1.0,1.0,0.9135714285714286,True
8285,A General Mechanism for RTP Header Extensions,2017,/api/v1/doc/document/draft-ietf-avtcore-rfc5285-bis/,/api/v1/doc/document/draft-even-avtcore-rfc5285-bis/,draft-ietf-avtcore-rfc5285-bis,draft-even-avtcore-rfc5285-bis,1.0,0.7333333333333333,1.0,1.0,0.9333333333333332,True
8286,RTP/RTCP Extension for RTP Splicing Notification,2017,/api/v1/doc/document/draft-ietf-avtext-splicing-notification/,/api/v1/doc/document/draft-xia-avtext-splicing-notification/,draft-ietf-avtext-splicing-notification,draft-xia-avtext-splicing-notification,1.0,0.8571428571428571,1.0,1.0,0.9642857142857143,True
8256,Requirements for Hitless MPLS Path Segment Monitoring,2017,/api/v1/doc/document/draft-ietf-mpls-tp-temporal-hitless-psm/,/api/v1/doc/document/draft-koike-mpls-tp-temporal-hitless-psm/,draft-ietf-mpls-tp-temporal-hitless-psm,draft-koike-mpls-tp-temporal-hitless-psm,0.7422680412371134,0.9019607843137255,0.75,1.0,0.8095108146351324,True
8237,MPLS Label Switched Path (LSP) Pseudowire (PW) Status Refresh Reduction for Static PWs,2017,/api/v1/doc/document/draft-ietf-pals-status-reduction/,/api/v1/doc/document/draft-ietf-pwe3-status-reduction/,draft-ietf-pals-status-reduction,draft-ietf-pwe3-status-reduction,0.723404255319149,1.0,1.0,1.0,0.875531914893617,True
8237,MPLS Label Switched Path (LSP) Pseudowire (PW) Status Refresh Reduction for Static PWs,2017,/api/v1/doc/document/draft-ietf-pwe3-status-reduction/,/api/v1/doc/document/draft-martini-pwe3-status-aggregation-protocol/,draft-ietf-pwe3-status-reduction,draft-martini-pwe3-status-aggregation-protocol,1.0,0.5416666666666666,1.0,1.0,0.8854166666666666,True
8271,Updates to the Resource Reservation Protocol for Fast Reroute of Traffic Engineering GMPLS Label Switched Paths (LSPs),2017,/api/v1/doc/document/draft-ietf-teas-gmpls-lsp-fastreroute/,/api/v1/doc/document/draft-tsaad-ccamp-rsvpte-bidir-lsp-fastreroute/,draft-ietf-teas-gmpls-lsp-fastreroute,draft-tsaad-ccamp-rsvpte-bidir-lsp-fastreroute,0.8285714285714286,0.6909090909090909,0.6153846153846154,1.0,0.7686613386613387,True
8280,Research into Human Rights Protocol Considerations,2017,/api/v1/doc/document/draft-irtf-hrpc-research/,/api/v1/doc/document/draft-tenoever-hrpc-research/,draft-irtf-hrpc-research,draft-tenoever-hrpc-research,1.0,0.7619047619047619,1.0,1.0,0.9404761904761904,True
8280,Research into Human Rights Protocol Considerations,2017,/api/v1/doc/document/draft-tenoever-hrpc-research/,/api/v1/doc/document/draft-dkg-hrpc-glossary/,draft-tenoever-hrpc-research,draft-dkg-hrpc-glossary,0.7578947368421053,0.6153846153846154,0.5,1.0,0.6948987854251012,True
8280,Research into Human Rights Protocol Considerations,2017,/api/v1/doc/document/draft-tenoever-hrpc-research/,/api/v1/doc/document/draft-varon-hrpc-methodology/,draft-tenoever-hrpc-research,draft-varon-hrpc-methodology,0.7346938775510204,0.4827586206896552,0.5,1.0,0.651301900070373,False
8260,Stream Schedulers and User Message Interleaving for the Stream Control Transmission Protocol,2017,/api/v1/doc/document/draft-ietf-tsvwg-sctp-ndata/,/api/v1/doc/document/draft-stewart-tsvwg-sctp-ndata/,draft-ietf-tsvwg-sctp-ndata,draft-stewart-tsvwg-sctp-ndata,0.6442953020134228,0.7692307692307693,0.6666666666666666,1.0,0.7155739115470658,True
8261,Datagram Transport Layer Security (DTLS) Encapsulation of SCTP Packets,2017,/api/v1/doc/document/draft-ietf-tsvwg-sctp-dtls-encaps/,/api/v1/doc/document/draft-tuexen-tsvwg-sctp-dtls-encaps/,draft-ietf-tsvwg-sctp-dtls-encaps,draft-tuexen-tsvwg-sctp-dtls-encaps,0.6017699115044248,0.8421052631578947,0.75,1.0,0.7313227759664648,True
8274,Incident Object Description Exchange Format Usage Guidance,2017,/api/v1/doc/document/draft-ietf-mile-iodef-guidance/,/api/v1/doc/document/draft-pkampana-iodef-guidance/,draft-ietf-mile-iodef-guidance,draft-pkampana-iodef-guidance,0.48717948717948717,1.0,1.0,-0.5,0.6192307692307693,True
8279,Multicast Using Bit Index Explicit Replication (BIER),2017,/api/v1/doc/document/draft-ietf-bier-architecture/,/api/v1/doc/document/draft-wijnands-bier-architecture/,draft-ietf-bier-architecture,draft-wijnands-bier-architecture,0.9484536082474226,0.8275862068965517,0.8571428571428571,1.0,0.9051292468640496,True
8291,Message Encryption for Web Push,2017,/api/v1/doc/document/draft-ietf-webpush-encryption/,/api/v1/doc/document/draft-thomson-webpush-encryption/,draft-ietf-webpush-encryption,draft-thomson-webpush-encryption,1.0,0.7142857142857143,1.0,1.0,0.9285714285714285,True
8292,Voluntary Application Server Identification (VAPID) for Web Push,2017,/api/v1/doc/document/draft-ietf-webpush-vapid/,/api/v1/doc/document/draft-thomson-webpush-vapid/,draft-ietf-webpush-vapid,draft-thomson-webpush-vapid,0.9491525423728814,0.5555555555555556,0.8571428571428571,1.0,0.8374361043852571,True
8306,Extensions to the Path Computation Element Communication Protocol (PCEP) for Point-to-Multipoint Traffic Engineering Label Switched Paths,2017,/api/v1/doc/document/draft-ietf-pce-rfc6006bis/,/api/v1/doc/document/draft-palleti-pce-rfc6006bis/,draft-ietf-pce-rfc6006bis,draft-palleti-pce-rfc6006bis,1.0,0.8333333333333334,1.0,1.0,0.9583333333333334,True
8273,Unique IPv6 Prefix per Host,2017,/api/v1/doc/document/draft-ietf-v6ops-unique-ipv6-prefix-per-host/,/api/v1/doc/document/draft-jjmb-v6ops-unique-ipv6-prefix-per-host/,draft-ietf-v6ops-unique-ipv6-prefix-per-host,draft-jjmb-v6ops-unique-ipv6-prefix-per-host,1.0,0.9,1.0,1.0,0.975,True
8294,Common YANG Data Types for the Routing Area,2017,/api/v1/doc/document/draft-ietf-rtgwg-routing-types/,/api/v1/doc/document/draft-rtgyangdt-rtgwg-routing-types/,draft-ietf-rtgwg-routing-types,draft-rtgyangdt-rtgwg-routing-types,0.5641025641025641,0.8125,1.0,1.0,0.7569711538461538,True
8158,IP Flow Information Export (IPFIX) Information Elements for Logging NAT Events,2017,/api/v1/doc/document/draft-ietf-behave-ipfix-nat-logging/,/api/v1/doc/document/draft-sivakumar-behave-nat-logging/,draft-ietf-behave-ipfix-nat-logging,draft-sivakumar-behave-nat-logging,0.784,0.6857142857142857,0.75,1.0,0.7742285714285715,True
8287,Label Switched Path (LSP) Ping/Traceroute for Segment Routing (SR) IGP-Prefix and IGP-Adjacency Segment Identifiers (SIDs) with MPLS Data Planes,2017,/api/v1/doc/document/draft-ietf-mpls-spring-lsp-ping/,/api/v1/doc/document/draft-kumarkini-mpls-spring-lsp-ping/,draft-ietf-mpls-spring-lsp-ping,draft-kumarkini-mpls-spring-lsp-ping,0.6756756756756757,0.8571428571428571,0.75,1.0,0.7683397683397684,True
8287,Label Switched Path (LSP) Ping/Traceroute for Segment Routing (SR) IGP-Prefix and IGP-Adjacency Segment Identifiers (SIDs) with MPLS Data Planes,2017,/api/v1/doc/document/draft-kumarkini-mpls-spring-lsp-ping/,/api/v1/doc/document/draft-kumar-mpls-spring-lsp-ping/,draft-kumarkini-mpls-spring-lsp-ping,draft-kumar-mpls-spring-lsp-ping,1.0,1.0,1.0,1.0,0.9999999999999999,True
8287,Label Switched Path (LSP) Ping/Traceroute for Segment Routing (SR) IGP-Prefix and IGP-Adjacency Segment Identifiers (SIDs) with MPLS Data Planes,2017,/api/v1/doc/document/draft-kumarkini-mpls-spring-lsp-ping/,/api/v1/doc/document/draft-kini-spring-mpls-lsp-ping/,draft-kumarkini-mpls-spring-lsp-ping,draft-kini-spring-mpls-lsp-ping,0.3508771929824561,0.75,1.0,1.0,0.6453947368421052,False
8305,Happy Eyeballs Version 2: Better Connectivity Using Concurrency,2017,/api/v1/doc/document/draft-ietf-v6ops-rfc6555bis/,/api/v1/doc/document/draft-pauly-v6ops-happy-eyeballs-update/,draft-ietf-v6ops-rfc6555bis,draft-pauly-v6ops-happy-eyeballs-update,0.3146067415730337,0.16216216216216217,0.2857142857142857,1.0,0.3392564313912628,True
8282,Extensions to the Path Computation Element Communication Protocol (PCEP) for Inter-Layer MPLS and GMPLS Traffic Engineering,2017,/api/v1/doc/document/draft-ietf-pce-inter-layer-ext/,/api/v1/doc/document/draft-oki-pce-inter-layer-ext/,draft-ietf-pce-inter-layer-ext,draft-oki-pce-inter-layer-ext,1.0,0.8823529411764706,1.0,-0.5,0.8205882352941176,True
8283,An Architecture for Use of PCE and the PCE Communication Protocol (PCEP) in a Network with Central Control,2017,/api/v1/doc/document/draft-ietf-teas-pce-central-control/,/api/v1/doc/document/draft-zhao-teas-pce-control-function/,draft-ietf-teas-pce-central-control,draft-zhao-teas-pce-control-function,0.8248587570621468,0.5,0.875,1.0,0.771186440677966,True
8293,A Framework for Multicast in Network Virtualization over Layer 3,2018,/api/v1/doc/document/draft-ietf-nvo3-mcast-framework/,/api/v1/doc/document/draft-ghanwani-nvo3-mcast-framework/,draft-ietf-nvo3-mcast-framework,draft-ghanwani-nvo3-mcast-framework,0.6597938144329897,0.8571428571428571,0.6666666666666666,1.0,0.7445262641138929,True
8293,A Framework for Multicast in Network Virtualization over Layer 3,2018,/api/v1/doc/document/draft-ghanwani-nvo3-mcast-framework/,/api/v1/doc/document/draft-ghanwani-nvo3-app-mcast-framework/,draft-ghanwani-nvo3-mcast-framework,draft-ghanwani-nvo3-app-mcast-framework,0.6458333333333334,0.9090909090909091,0.75,1.0,0.7678977272727273,True
8289,Controlled Delay Active Queue Management,2018,/api/v1/doc/document/draft-ietf-aqm-codel/,/api/v1/doc/document/draft-aqm-codel/,draft-ietf-aqm-codel,draft-aqm-codel,1.0,1.0,1.0,1.0,0.9999999999999999,True
8289,Controlled Delay Active Queue Management,2018,/api/v1/doc/document/draft-ietf-aqm-codel/,/api/v1/doc/document/draft-nichols-tsvwg-codel/,draft-ietf-aqm-codel,draft-nichols-tsvwg-codel,1.0,0.625,1.0,1.0,0.9062499999999999,False
8289,Controlled Delay Active Queue Management,2018,/api/v1/doc/document/draft-aqm-codel/,/api/v1/doc/document/draft-nichols-tsvwg-codel/,draft-aqm-codel,draft-nichols-tsvwg-codel,1.0,0.625,1.0,1.0,0.9062499999999999,True
8290,The Flow Queue CoDel Packet Scheduler and Active Queue Management Algorithm,2018,/api/v1/doc/document/draft-ietf-aqm-fq-codel/,/api/v1/doc/document/draft-hoeiland-joergensen-aqm-fq-codel/,draft-ietf-aqm-fq-codel,draft-hoeiland-joergensen-aqm-fq-codel,0.3333333333333333,0.5161290322580645,0.3333333333333333,1.0,0.4456989247311828,True
8302,Transparent Interconnection of Lots of Links (TRILL): ARP and Neighbor Discovery (ND) Optimization,2018,/api/v1/doc/document/draft-ietf-trill-arp-optimization/,/api/v1/doc/document/draft-trill-trill-arp-optimization/,draft-ietf-trill-arp-optimization,draft-trill-trill-arp-optimization,0.423728813559322,0.8421052631578947,0.6666666666666666,1.0,0.6345376152245019,True
8302,Transparent Interconnection of Lots of Links (TRILL): ARP and Neighbor Discovery (ND) Optimization,2018,/api/v1/doc/document/draft-ietf-trill-arp-optimization/,/api/v1/doc/document/draft-yizhou-trill-arp-optimization/,draft-ietf-trill-arp-optimization,draft-yizhou-trill-arp-optimization,0.423728813559322,0.8421052631578947,0.6666666666666666,1.0,0.6345376152245019,False
8296,Encapsulation for Bit Index Explicit Replication (BIER) in MPLS and Non-MPLS Networks,2018,/api/v1/doc/document/draft-ietf-bier-mpls-encapsulation/,/api/v1/doc/document/draft-wijnands-mpls-bier-encapsulation/,draft-ietf-bier-mpls-encapsulation,draft-wijnands-mpls-bier-encapsulation,0.8783783783783784,0.8780487804878049,0.7777777777777778,1.0,0.870338020947777,True
8300,Network Service Header (NSH),2018,/api/v1/doc/document/draft-ietf-sfc-nsh/,/api/v1/doc/document/draft-quinn-sfc-nsh/,draft-ietf-sfc-nsh,draft-quinn-sfc-nsh,0.9166666666666666,0.6,0.75,1.0,0.8125,True
8300,Network Service Header (NSH),2018,/api/v1/doc/document/draft-quinn-sfc-nsh/,/api/v1/doc/document/draft-quinn-nsh/,draft-quinn-sfc-nsh,draft-quinn-nsh,1.0,0.6,1.0,1.0,0.9,True
8309,Service Models Explained,2018,/api/v1/doc/document/draft-ietf-opsawg-service-model-explained/,/api/v1/doc/document/draft-wu-opsawg-service-model-explained/,draft-ietf-opsawg-service-model-explained,draft-wu-opsawg-service-model-explained,1.0,0.8679245283018868,1.0,1.0,0.9669811320754716,True
8311,Relaxing Restrictions on Explicit Congestion Notification (ECN) Experimentation,2018,/api/v1/doc/document/draft-ietf-tsvwg-ecn-experimentation/,/api/v1/doc/document/draft-black-tsvwg-ecn-experimentation/,draft-ietf-tsvwg-ecn-experimentation,draft-black-tsvwg-ecn-experimentation,0.8062015503875969,0.8636363636363636,0.7142857142857143,1.0,0.8215569314406524,True
8301,Cryptographic Algorithm and Key Usage Update to DomainKeys Identified Mail (DKIM),2018,/api/v1/doc/document/draft-ietf-dcrup-dkim-usage/,/api/v1/doc/document/draft-kitterman-dcrup-dkim-usage/,draft-ietf-dcrup-dkim-usage,draft-kitterman-dcrup-dkim-usage,0.7258064516129032,0.7692307692307693,0.6666666666666666,1.0,0.7522539288668321,True
8278,Mobile Access Gateway (MAG) Multipath Options,2018,/api/v1/doc/document/draft-ietf-dmm-mag-multihoming/,/api/v1/doc/document/draft-seite-dmm-rg-multihoming/,draft-ietf-dmm-mag-multihoming,draft-seite-dmm-rg-multihoming,0.5633802816901409,0.8484848484848485,0.3333333333333333,1.0,0.6323090055484422,True
8321,Alternate-Marking Method for Passive and Hybrid Performance Monitoring,2018,/api/v1/doc/document/draft-ietf-ippm-alt-mark/,/api/v1/doc/document/draft-tempia-opsawg-p3m/,draft-ietf-ippm-alt-mark,draft-tempia-opsawg-p3m,0.7142857142857143,0.3333333333333333,0.4444444444444444,1.0,0.5936507936507937,True
8321,Alternate-Marking Method for Passive and Hybrid Performance Monitoring,2018,/api/v1/doc/document/draft-ietf-ippm-alt-mark/,/api/v1/doc/document/draft-tempia-ippm-p3m/,draft-ietf-ippm-alt-mark,draft-tempia-ippm-p3m,0.7142857142857143,0.25,0.4444444444444444,1.0,0.5728174603174604,False
8321,Alternate-Marking Method for Passive and Hybrid Performance Monitoring,2018,/api/v1/doc/document/draft-ietf-ippm-alt-mark/,/api/v1/doc/document/draft-cociglio-mboned-multicast-pm/,draft-ietf-ippm-alt-mark,draft-cociglio-mboned-multicast-pm,0.6610169491525424,0.2962962962962963,0.375,1.0,0.5465317011927182,False
8321,Alternate-Marking Method for Passive and Hybrid Performance Monitoring,2018,/api/v1/doc/document/draft-ietf-ippm-alt-mark/,/api/v1/doc/document/draft-chen-ippm-coloring-based-ipfpm-framework/,draft-ietf-ippm-alt-mark,draft-chen-ippm-coloring-based-ipfpm-framework,0.3963963963963964,0.27906976744186046,0.1,1.0,0.36814582023884357,False
8314,Cleartext Considered Obsolete: Use of Transport Layer Security (TLS) for Email Submission and Access,2018,/api/v1/doc/document/draft-ietf-uta-email-deep/,/api/v1/doc/document/draft-newman-email-deep/,draft-ietf-uta-email-deep,draft-newman-email-deep,0.2518518518518518,1.0,1.0,1.0,0.6633333333333333,True
8317,Ethernet-Tree (E-Tree) Support in Ethernet VPN (EVPN) and Provider Backbone Bridging EVPN (PBB-EVPN),2018,/api/v1/doc/document/draft-ietf-bess-evpn-etree/,/api/v1/doc/document/draft-sajassi-bess-evpn-etree/,draft-ietf-bess-evpn-etree,draft-sajassi-bess-evpn-etree,0.496,0.8,0.6666666666666666,1.0,0.6565333333333333,True
8317,Ethernet-Tree (E-Tree) Support in Ethernet VPN (EVPN) and Provider Backbone Bridging EVPN (PBB-EVPN),2018,/api/v1/doc/document/draft-sajassi-bess-evpn-etree/,/api/v1/doc/document/draft-sajassi-l2vpn-evpn-etree/,draft-sajassi-bess-evpn-etree,draft-sajassi-l2vpn-evpn-etree,1.0,0.7096774193548387,1.0,1.0,0.9274193548387096,True
8312,CUBIC for Fast Long-Distance Networks,2018,/api/v1/doc/document/draft-ietf-tcpm-cubic/,/api/v1/doc/document/draft-zimmermann-tcpm-cubic/,draft-ietf-tcpm-cubic,draft-zimmermann-tcpm-cubic,1.0,0.6666666666666666,1.0,1.0,0.9166666666666666,True
8304,Transport Features of the User Datagram Protocol (UDP) and Lightweight UDP (UDP-Lite),2018,/api/v1/doc/document/draft-ietf-taps-transports-usage-udp/,/api/v1/doc/document/draft-fairhurst-taps-transports-usage-udp/,draft-ietf-taps-transports-usage-udp,draft-fairhurst-taps-transports-usage-udp,0.8255813953488372,0.8888888888888888,0.875,1.0,0.868733850129199,True
8315,Cancel-Locks in Netnews Articles,2018,/api/v1/doc/document/draft-baeuerle-netnews-cancel-lock/,/api/v1/doc/document/draft-ietf-usefor-cancel-lock/,draft-baeuerle-netnews-cancel-lock,draft-ietf-usefor-cancel-lock,0.8888888888888888,0.7333333333333333,0.6666666666666666,1.0,0.8166666666666665,True
8325,Mapping Diffserv to IEEE 802.11,2018,/api/v1/doc/document/draft-ietf-tsvwg-ieee-802-11/,/api/v1/doc/document/draft-szigeti-tsvwg-ieee-802-11/,draft-ietf-tsvwg-ieee-802-11,draft-szigeti-tsvwg-ieee-802-11,0.6753246753246753,0.7857142857142857,0.8,1.0,0.7603246753246753,True
8224,Authenticated Identity Management in the Session Initiation Protocol (SIP),2018,/api/v1/doc/document/draft-ietf-stir-rfc4474bis/,/api/v1/doc/document/draft-jennings-stir-rfc4474bis/,draft-ietf-stir-rfc4474bis,draft-jennings-stir-rfc4474bis,1.0,0.8,1.0,1.0,0.9500000000000001,True
8224,Authenticated Identity Management in the Session Initiation Protocol (SIP),2018,/api/v1/doc/document/draft-jennings-stir-rfc4474bis/,/api/v1/doc/document/draft-jennings-dispatch-rfc4474bis/,draft-jennings-stir-rfc4474bis,draft-jennings-dispatch-rfc4474bis,1.0,0.7647058823529411,1.0,1.0,0.9411764705882352,True
8322,Resource-Oriented Lightweight Information Exchange (ROLIE),2018,/api/v1/doc/document/draft-ietf-mile-rolie/,/api/v1/doc/document/draft-field-mile-rolie/,draft-ietf-mile-rolie,draft-field-mile-rolie,0.8269230769230769,0.6666666666666666,0.5714285714285714,1.0,0.7530677655677656,True
8323,"CoAP (Constrained Application Protocol) over TCP, TLS, and WebSockets",2018,/api/v1/doc/document/draft-ietf-core-coap-tcp-tls/,/api/v1/doc/document/draft-tschofenig-core-coap-tcp-tls/,draft-ietf-core-coap-tcp-tls,draft-tschofenig-core-coap-tcp-tls,0.5671641791044776,0.8275862068965517,0.75,1.0,0.7121204323211529,True
8323,"CoAP (Constrained Application Protocol) over TCP, TLS, and WebSockets",2018,/api/v1/doc/document/draft-ietf-core-coap-tcp-tls/,/api/v1/doc/document/draft-savolainen-core-coap-websockets/,draft-ietf-core-coap-tcp-tls,draft-savolainen-core-coap-websockets,0.47058823529411764,0.4375,0.42857142857142855,1.0,0.5068539915966387,False
8323,"CoAP (Constrained Application Protocol) over TCP, TLS, and WebSockets",2018,/api/v1/doc/document/draft-ietf-core-coap-tcp-tls/,/api/v1/doc/document/draft-bormann-core-coap-sig/,draft-ietf-core-coap-tcp-tls,draft-bormann-core-coap-sig,0.29545454545454547,0.48,0.2,-0.5,0.24295454545454548,False
8323,"CoAP (Constrained Application Protocol) over TCP, TLS, and WebSockets",2018,/api/v1/doc/document/draft-ietf-core-coap-tcp-tls/,/api/v1/doc/document/draft-bormann-core-block-bert/,draft-ietf-core-coap-tcp-tls,draft-bormann-core-block-bert,0.2748091603053435,0.2962962962962963,0.07142857142857142,-0.5,0.16202391049719295,False
8330,OSPF Traffic Engineering (OSPF-TE) Link Availability Extension for Links with Variable Discrete Bandwidth,2018,/api/v1/doc/document/draft-ietf-ccamp-ospf-availability-extension/,/api/v1/doc/document/draft-long-ccamp-ospf-availability-extension/,draft-ietf-ccamp-ospf-availability-extension,draft-long-ccamp-ospf-availability-extension,0.7380952380952381,0.9,0.75,1.0,0.8071428571428572,True
8331,RTP Payload for Society of Motion Picture and Television Engineers (SMPTE) ST 291-1 Ancillary Data,2018,/api/v1/doc/document/draft-ietf-payload-rtp-ancillary/,/api/v1/doc/document/draft-edwards-payload-rtp-ancillary/,draft-ietf-payload-rtp-ancillary,draft-edwards-payload-rtp-ancillary,0.6187050359712231,0.7647058823529411,0.6666666666666666,1.0,0.702927070108619,True
8319,Support for Adjustable Maximum Router Lifetimes per Link,2018,/api/v1/doc/document/draft-ietf-6man-maxra/,/api/v1/doc/document/draft-krishnan-6man-maxra/,draft-ietf-6man-maxra,draft-krishnan-6man-maxra,1.0,0.6666666666666666,1.0,1.0,0.9166666666666666,True
8320,LDP Extensions to Support Maximally Redundant Trees,2018,/api/v1/doc/document/draft-ietf-mpls-ldp-mrt/,/api/v1/doc/document/draft-atlas-mpls-ldp-mrt/,draft-ietf-mpls-ldp-mrt,draft-atlas-mpls-ldp-mrt,1.0,0.7368421052631579,1.0,1.0,0.9342105263157895,True
8329,Framework for Interface to Network Security Functions,2018,/api/v1/doc/document/draft-ietf-i2nsf-framework/,/api/v1/doc/document/draft-merged-i2nsf-framework/,draft-ietf-i2nsf-framework,draft-merged-i2nsf-framework,1.0,0.75,1.0,1.0,0.9374999999999999,True
8335,PROBE: A Utility for Probing Interfaces,2018,/api/v1/doc/document/draft-ietf-intarea-probe/,/api/v1/doc/document/draft-bonica-intarea-eping/,draft-ietf-intarea-probe,draft-bonica-intarea-eping,0.3508771929824561,0.1111111111111111,0.0,1.0,0.2856725146198831,False
8334,Launch Phase Mapping for the Extensible Provisioning Protocol (EPP),2018,/api/v1/doc/document/draft-ietf-regext-launchphase/,/api/v1/doc/document/draft-ietf-eppext-launchphase/,draft-ietf-regext-launchphase,draft-ietf-eppext-launchphase,1.0,1.0,1.0,1.0,0.9999999999999999,True
8334,Launch Phase Mapping for the Extensible Provisioning Protocol (EPP),2018,/api/v1/doc/document/draft-ietf-eppext-launchphase/,/api/v1/doc/document/draft-tan-epp-launchphase/,draft-ietf-eppext-launchphase,draft-tan-epp-launchphase,1.0,0.8461538461538461,1.0,1.0,0.9615384615384616,True
8327,Mitigating the Negative Impact of Maintenance through BGP Session Culling,2018,/api/v1/doc/document/draft-ietf-grow-bgp-session-culling/,/api/v1/doc/document/draft-iops-grow-bgp-session-culling/,draft-ietf-grow-bgp-session-culling,draft-iops-grow-bgp-session-culling,0.971830985915493,0.8837209302325582,1.0,1.0,0.9582541762201114,True
8338,Signaling Root-Initiated Point-to-Multipoint Pseudowire Using LDP,2018,/api/v1/doc/document/draft-ietf-pals-p2mp-pw/,/api/v1/doc/document/draft-ietf-pwe3-p2mp-pw/,draft-ietf-pals-p2mp-pw,draft-ietf-pwe3-p2mp-pw,1.0,1.0,1.0,1.0,0.9999999999999999,True
8338,Signaling Root-Initiated Point-to-Multipoint Pseudowire Using LDP,2018,/api/v1/doc/document/draft-ietf-pwe3-p2mp-pw/,/api/v1/doc/document/draft-martini-pwe3-p2mp-pw/,draft-ietf-pwe3-p2mp-pw,draft-martini-pwe3-p2mp-pw,0.9923664122137404,0.7368421052631579,0.7777777777777778,1.0,0.8863309673675283,True
8356,Experimental Codepoint Allocation for the Path Computation Element Communication Protocol (PCEP),2018,/api/v1/doc/document/draft-ietf-pce-pcep-exp-codepoints/,/api/v1/doc/document/draft-dhody-pce-pcep-exp-codepoints/,draft-ietf-pce-pcep-exp-codepoints,draft-dhody-pce-pcep-exp-codepoints,0.9782608695652174,0.9047619047619048,1.0,1.0,0.9664078674948241,True
8357,Generalized UDP Source Port for DHCP Relay,2018,/api/v1/doc/document/draft-ietf-dhc-relay-port/,/api/v1/doc/document/draft-shen-dhc-client-port/,draft-ietf-dhc-relay-port,draft-shen-dhc-client-port,0.8674698795180723,0.48,1.0,1.0,0.8103614457831324,True
8339,Definition of P2MP PW TLV for Label Switched Path (LSP) Ping Mechanisms,2018,/api/v1/doc/document/draft-ietf-pals-p2mp-pw-lsp-ping/,/api/v1/doc/document/draft-jain-pals-p2mp-pw-lsp-ping/,draft-ietf-pals-p2mp-pw-lsp-ping,draft-jain-pals-p2mp-pw-lsp-ping,0.8305084745762712,0.8648648648648649,0.75,1.0,0.8399450297755382,True
8359,Network-Assigned Upstream Label,2018,/api/v1/doc/document/draft-ietf-teas-network-assigned-upstream-label/,/api/v1/doc/document/draft-ietf-ccamp-network-assigned-upstream-label/,draft-ietf-teas-network-assigned-upstream-label,draft-ietf-ccamp-network-assigned-upstream-label,1.0,1.0,1.0,1.0,0.9999999999999999,True
8359,Network-Assigned Upstream Label,2018,/api/v1/doc/document/draft-ietf-ccamp-network-assigned-upstream-label/,/api/v1/doc/document/draft-beeram-ccamp-network-assigned-upstream-label/,draft-ietf-ccamp-network-assigned-upstream-label,draft-beeram-ccamp-network-assigned-upstream-label,1.0,0.9117647058823529,1.0,1.0,0.9779411764705882,True
8337,Model-Based Metrics for Bulk Transport Capacity,2018,/api/v1/doc/document/draft-ietf-ippm-model-based-metrics/,/api/v1/doc/document/draft-mathis-ippm-model-based-metrics/,draft-ietf-ippm-model-based-metrics,draft-mathis-ippm-model-based-metrics,0.4367816091954023,0.8837209302325582,0.75,1.0,0.6674819566960706,True
8340,YANG Tree Diagrams,2018,/api/v1/doc/document/draft-ietf-netmod-yang-tree-diagrams/,/api/v1/doc/document/draft-bjorklund-netmod-yang-tree-diagrams/,draft-ietf-netmod-yang-tree-diagrams,draft-bjorklund-netmod-yang-tree-diagrams,1.0,0.8372093023255814,1.0,1.0,0.9593023255813954,True
8341,Network Configuration Access Control Model,2018,/api/v1/doc/document/draft-ietf-netconf-rfc6536bis/,/api/v1/doc/document/draft-bierman-netconf-rfc6536bis/,draft-ietf-netconf-rfc6536bis,draft-bierman-netconf-rfc6536bis,0.8316831683168316,0.7142857142857143,0.8333333333333334,1.0,0.8194955209806695,True
8342,Network Management Datastore Architecture (NMDA),2018,/api/v1/doc/document/draft-ietf-netmod-revised-datastores/,/api/v1/doc/document/draft-nmdsdt-netmod-revised-datastores/,draft-ietf-netmod-revised-datastores,draft-nmdsdt-netmod-revised-datastores,0.41304347826086957,0.8372093023255814,0.6666666666666666,1.0,0.62850522413212,True
8342,Network Management Datastore Architecture (NMDA),2018,/api/v1/doc/document/draft-nmdsdt-netmod-revised-datastores/,/api/v1/doc/document/draft-schoenw-netmod-revised-datastores/,draft-nmdsdt-netmod-revised-datastores,draft-schoenw-netmod-revised-datastores,1.0,1.0,1.0,1.0,0.9999999999999999,True
8342,Network Management Datastore Architecture (NMDA),2018,/api/v1/doc/document/draft-nmdsdt-netmod-revised-datastores/,/api/v1/doc/document/draft-kwatsen-netmod-opstate/,draft-nmdsdt-netmod-revised-datastores,draft-kwatsen-netmod-opstate,0.41509433962264153,0.5641025641025641,0.25,1.0,0.47781809385582974,False
8342,Network Management Datastore Architecture (NMDA),2018,/api/v1/doc/document/draft-nmdsdt-netmod-revised-datastores/,/api/v1/doc/document/draft-wilton-netmod-opstate-yang/,draft-nmdsdt-netmod-revised-datastores,draft-wilton-netmod-opstate-yang,0.37894736842105264,0.5,0.2,1.0,0.43552631578947365,False
8342,Network Management Datastore Architecture (NMDA),2018,/api/v1/doc/document/draft-nmdsdt-netmod-revised-datastores/,/api/v1/doc/document/draft-bjorklund-netmod-operational/,draft-nmdsdt-netmod-revised-datastores,draft-bjorklund-netmod-operational,0.3170731707317073,0.5116279069767442,0.25,1.0,0.4205899035734544,False
8343,A YANG Data Model for Interface Management,2018,/api/v1/doc/document/draft-ietf-netmod-rfc7223bis/,/api/v1/doc/document/draft-bjorklund-netmod-rfc7223bis/,draft-ietf-netmod-rfc7223bis,draft-bjorklund-netmod-rfc7223bis,1.0,0.7407407407407407,1.0,1.0,0.9351851851851852,True
8344,A YANG Data Model for IP Management,2018,/api/v1/doc/document/draft-ietf-netmod-rfc7277bis/,/api/v1/doc/document/draft-bjorklund-netmod-rfc7277bis/,draft-ietf-netmod-rfc7277bis,draft-bjorklund-netmod-rfc7277bis,1.0,0.7407407407407407,1.0,1.0,0.9351851851851852,True
8345,A YANG Data Model for Network Topologies,2018,/api/v1/doc/document/draft-ietf-i2rs-yang-network-topo/,/api/v1/doc/document/draft-clemm-i2rs-yang-network-topo/,draft-ietf-i2rs-yang-network-topo,draft-clemm-i2rs-yang-network-topo,0.9333333333333333,0.8717948717948718,0.8,1.0,0.897948717948718,True
8345,A YANG Data Model for Network Topologies,2018,/api/v1/doc/document/draft-clemm-i2rs-yang-network-topo/,/api/v1/doc/document/draft-clemm-netmod-yang-network-topo/,draft-clemm-i2rs-yang-network-topo,draft-clemm-netmod-yang-network-topo,0.9333333333333333,0.782608695652174,0.8,1.0,0.8756521739130435,True
8308,Extension Negotiation in the Secure Shell (SSH) Protocol,2018,/api/v1/doc/document/draft-ietf-curdle-ssh-ext-info/,/api/v1/doc/document/draft-ssh-ext-info/,draft-ietf-curdle-ssh-ext-info,draft-ssh-ext-info,0.8631578947368421,0.8,1.0,1.0,0.8884210526315789,True
8332,Use of RSA Keys with SHA-256 and SHA-512 in the Secure Shell (SSH) Protocol,2018,/api/v1/doc/document/draft-ietf-curdle-rsa-sha2/,/api/v1/doc/document/draft-rsa-dsa-sha2-256/,draft-ietf-curdle-rsa-sha2,draft-rsa-dsa-sha2-256,0.8549618320610687,0.7,1.0,1.0,0.8597328244274808,True
8349,A YANG Data Model for Routing Management (NMDA Version),2018,/api/v1/doc/document/draft-ietf-netmod-rfc8022bis/,/api/v1/doc/document/draft-acee-netmod-rfc8022bis/,draft-ietf-netmod-rfc8022bis,draft-acee-netmod-rfc8022bis,0.9811320754716981,0.7407407407407407,0.7142857142857143,1.0,0.8695517620045923,True
8310,Usage Profiles for DNS over TLS and DNS over DTLS,2018,/api/v1/doc/document/draft-ietf-dprive-dtls-and-tls-profiles/,/api/v1/doc/document/draft-dgr-dprive-dtls-and-tls-profiles/,draft-ietf-dprive-dtls-and-tls-profiles,draft-dgr-dprive-dtls-and-tls-profiles,0.7758620689655172,0.8571428571428571,0.75,1.0,0.8134236453201971,True
8328,Policy-Based Management Framework for the Simplified Use of Policy Abstractions (SUPA),2018,/api/v1/doc/document/draft-liu-policy-based-management-framework/,/api/v1/doc/document/draft-ietf-supa-policy-based-management-framework/,draft-liu-policy-based-management-framework,draft-ietf-supa-policy-based-management-framework,0.5409836065573771,1.0,1.0,1.0,0.7934426229508197,True
8328,Policy-Based Management Framework for the Simplified Use of Policy Abstractions (SUPA),2018,/api/v1/doc/document/draft-ietf-supa-policy-based-management-framework/,/api/v1/doc/document/draft-liu-supa-policy-based-management-framework/,draft-ietf-supa-policy-based-management-framework,draft-liu-supa-policy-based-management-framework,1.0,0.9295774647887324,1.0,1.0,0.9823943661971831,True
8328,Policy-Based Management Framework for the Simplified Use of Policy Abstractions (SUPA),2018,/api/v1/doc/document/draft-liu-supa-policy-based-management-framework/,/api/v1/doc/document/draft-zhou-supa-framework/,draft-liu-supa-policy-based-management-framework,draft-zhou-supa-framework,0.2268041237113402,0.5384615384615384,0.4,1.0,0.4166772402854877,True
8328,Policy-Based Management Framework for the Simplified Use of Policy Abstractions (SUPA),2018,/api/v1/doc/document/draft-zhou-supa-framework/,/api/v1/doc/document/draft-zhou-supa-architecture/,draft-zhou-supa-framework,draft-zhou-supa-architecture,0.5811965811965812,0.5161290322580645,0.3333333333333333,1.0,0.5572373862696444,True
8336,The ORIGIN HTTP/2 Frame,2018,/api/v1/doc/document/draft-ietf-httpbis-origin-frame/,/api/v1/doc/document/draft-nottingham-httpbis-origin-frame/,draft-ietf-httpbis-origin-frame,draft-nottingham-httpbis-origin-frame,1.0,0.75,1.0,1.0,0.9374999999999999,True
8348,A YANG Data Model for Hardware Management,2018,/api/v1/doc/document/draft-ietf-netmod-entity/,/api/v1/doc/document/draft-entitydt-netmod-entity/,draft-ietf-netmod-entity,draft-entitydt-netmod-entity,0.8354430379746836,0.631578947368421,0.5,1.0,0.7338441039307129,True
8347,A YANG Data Model for the Virtual Router Redundancy Protocol (VRRP),2018,/api/v1/doc/document/draft-ietf-rtgwg-yang-vrrp/,/api/v1/doc/document/draft-liu-rtgwg-yang-vrrp/,draft-ietf-rtgwg-yang-vrrp,draft-liu-rtgwg-yang-vrrp,0.9682539682539683,0.75,1.0,1.0,0.9232142857142857,True
8333,Micro-loop Prevention by Introducing a Local Convergence Delay,2018,/api/v1/doc/document/draft-ietf-rtgwg-uloop-delay/,/api/v1/doc/document/draft-litkowski-rtgwg-uloop-delay/,draft-ietf-rtgwg-uloop-delay,draft-litkowski-rtgwg-uloop-delay,0.991869918699187,0.7857142857142857,0.6666666666666666,1.0,0.8761033681765389,True
8354,Use Cases for IPv6 Source Packet Routing in Networking (SPRING),2018,/api/v1/doc/document/draft-ietf-spring-ipv6-use-cases/,/api/v1/doc/document/draft-martin-spring-segment-routing-ipv6-use-cases/,draft-ietf-spring-ipv6-use-cases,draft-martin-spring-segment-routing-ipv6-use-cases,0.21951219512195122,0.5490196078431373,0.5,1.0,0.43603538976566236,True
8355,Resiliency Use Cases in Source Packet Routing in Networking (SPRING) Networks,2018,/api/v1/doc/document/draft-ietf-spring-resiliency-use-cases/,/api/v1/doc/document/draft-francois-spring-resiliency-use-case/,draft-ietf-spring-resiliency-use-cases,draft-francois-spring-resiliency-use-case,0.3669724770642202,0.8260869565217391,0.4444444444444444,1.0,0.5605482426982228,True
8355,Resiliency Use Cases in Source Packet Routing in Networking (SPRING) Networks,2018,/api/v1/doc/document/draft-francois-spring-resiliency-use-case/,/api/v1/doc/document/draft-francois-sr-resiliency-use-case/,draft-francois-spring-resiliency-use-case,draft-francois-sr-resiliency-use-case,0.8571428571428571,0.9166666666666666,0.75,1.0,0.8648809523809523,True
8364,PIM Flooding Mechanism (PFM) and Source Discovery (SD),2018,/api/v1/doc/document/draft-ietf-pim-source-discovery-bsr/,/api/v1/doc/document/draft-wijnands-pim-source-discovery-bsr/,draft-ietf-pim-source-discovery-bsr,draft-wijnands-pim-source-discovery-bsr,0.9247311827956989,0.9090909090909091,0.8333333333333334,1.0,0.9100684261974584,True
8365,A Network Virtualization Overlay Solution Using Ethernet VPN (EVPN),2018,/api/v1/doc/document/draft-ietf-bess-evpn-overlay/,/api/v1/doc/document/draft-sd-l2vpn-evpn-overlay/,draft-ietf-bess-evpn-overlay,draft-sd-l2vpn-evpn-overlay,0.8888888888888888,0.8,0.75,1.0,0.85,True
8362,OSPFv3 Link State Advertisement (LSA) Extensibility,2018,/api/v1/doc/document/draft-ietf-ospf-ospfv3-lsa-extend/,/api/v1/doc/document/draft-acee-ospfv3-lsa-extend/,draft-ietf-ospf-ospfv3-lsa-extend,draft-acee-ospfv3-lsa-extend,0.6301369863013698,1.0,1.0,1.0,0.8335616438356165,True
8362,OSPFv3 Link State Advertisement (LSA) Extensibility,2018,/api/v1/doc/document/draft-acee-ospfv3-lsa-extend/,/api/v1/doc/document/draft-baker-ipv6-ospf-extensible/,draft-acee-ospfv3-lsa-extend,draft-baker-ipv6-ospf-extensible,0.36363636363636365,0.5405405405405406,0.0,1.0,0.39877149877149876,True
8360,Resource Public Key Infrastructure (RPKI) Validation Reconsidered,2018,/api/v1/doc/document/draft-ietf-sidr-rpki-validation-reconsidered/,/api/v1/doc/document/draft-huston-rpki-validation/,draft-ietf-sidr-rpki-validation-reconsidered,draft-huston-rpki-validation,0.6153846153846154,0.6976744186046512,0.6666666666666666,1.0,0.684675014907573,True
8361,"Transparent Interconnection of Lots of Links (TRILL): Centralized Replication for Active-Active Broadcast, Unknown Unicast, and Multicast (BUM) Traffic",2018,/api/v1/doc/document/draft-ietf-trill-centralized-replication/,/api/v1/doc/document/draft-hao-trill-centralized-replication/,draft-ietf-trill-centralized-replication,draft-hao-trill-centralized-replication,0.42592592592592593,0.8846153846153846,0.6666666666666666,1.0,0.6461538461538461,True
8350,Alternate Tunnel Encapsulation for Data Frames in Control and Provisioning of Wireless Access Points (CAPWAP),2018,/api/v1/doc/document/draft-ietf-opsawg-capwap-alt-tunnel/,/api/v1/doc/document/draft-zhang-opsawg-capwap-cds/,draft-ietf-opsawg-capwap-alt-tunnel,draft-zhang-opsawg-capwap-cds,0.6871165644171779,0.4117647058823529,0.5454545454545454,1.0,0.6212345395492275,True
8372,MPLS Flow Identification Considerations,2018,/api/v1/doc/document/draft-ietf-mpls-flow-ident/,/api/v1/doc/document/draft-bryant-mpls-flow-ident/,draft-ietf-mpls-flow-ident,draft-bryant-mpls-flow-ident,1.0,0.8,1.0,1.0,0.9500000000000001,True
8378,Signal-Free Locator/ID Separation Protocol (LISP) Multicast,2018,/api/v1/doc/document/draft-ietf-lisp-signal-free-multicast/,/api/v1/doc/document/draft-farinacci-lisp-signal-free-multicast/,draft-ietf-lisp-signal-free-multicast,draft-farinacci-lisp-signal-free-multicast,0.6265060240963856,0.8936170212765957,0.75,1.0,0.7553319661625224,True
8392,CBOR Web Token (CWT),2018,/api/v1/doc/document/draft-ietf-ace-cbor-web-token/,/api/v1/doc/document/draft-wahlstroem-ace-cbor-web-token/,draft-ietf-ace-cbor-web-token,draft-wahlstroem-ace-cbor-web-token,1.0,0.875,1.0,1.0,0.9687499999999999,True
8392,CBOR Web Token (CWT),2018,/api/v1/doc/document/draft-wahlstroem-ace-cbor-web-token/,/api/v1/doc/document/draft-wahlstroem-oauth-cbor-web-token/,draft-wahlstroem-ace-cbor-web-token,draft-wahlstroem-oauth-cbor-web-token,1.0,0.8421052631578947,1.0,1.0,0.9605263157894736,True
8366,A Voucher Artifact for Bootstrapping Protocols,2018,/api/v1/doc/document/draft-ietf-anima-voucher/,/api/v1/doc/document/draft-kwatsen-anima-voucher/,draft-ietf-anima-voucher,draft-kwatsen-anima-voucher,0.7433628318584071,0.7,0.5,1.0,0.7095132743362831,True
8366,A Voucher Artifact for Bootstrapping Protocols,2018,/api/v1/doc/document/draft-kwatsen-anima-voucher/,/api/v1/doc/document/draft-kwatsen-netconf-voucher/,draft-kwatsen-anima-voucher,draft-kwatsen-netconf-voucher,1.0,0.6428571428571429,1.0,1.0,0.9107142857142857,True
8368,"Using an Autonomic Control Plane for Stable Connectivity of Network Operations, Administration, and Maintenance (OAM)",2018,/api/v1/doc/document/draft-ietf-anima-stable-connectivity/,/api/v1/doc/document/draft-eckert-anima-stable-connectivity/,draft-ietf-anima-stable-connectivity,draft-eckert-anima-stable-connectivity,0.7513812154696132,0.8636363636363636,0.7272727272727273,1.0,0.7994851833249623,True
8370,Techniques to Improve the Scalability of RSVP-TE Deployments,2018,/api/v1/doc/document/draft-ietf-teas-rsvp-te-scaling-rec/,/api/v1/doc/document/draft-beeram-teas-rsvp-te-scaling-rec/,draft-ietf-teas-rsvp-te-scaling-rec,draft-beeram-teas-rsvp-te-scaling-rec,0.8,0.8837209302325582,0.75,1.0,0.8309302325581396,True
8370,Techniques to Improve the Scalability of RSVP-TE Deployments,2018,/api/v1/doc/document/draft-beeram-teas-rsvp-te-scaling-rec/,/api/v1/doc/document/draft-beeram-mpls-rsvp-te-scaling/,draft-beeram-teas-rsvp-te-scaling-rec,draft-beeram-mpls-rsvp-te-scaling,0.33043478260869563,0.7727272727272727,0.5,1.0,0.5418774703557312,True
8379,OSPF Graceful Link Shutdown,2018,/api/v1/doc/document/draft-ietf-ospf-link-overload/,/api/v1/doc/document/draft-hegde-ospf-link-overload/,draft-ietf-ospf-link-overload,draft-hegde-ospf-link-overload,0.4888888888888889,0.8387096774193549,0.6666666666666666,1.0,0.663010752688172,True
8387,Practical Considerations and Implementation Experiences in Securing Smart Object Networks,2018,/api/v1/doc/document/draft-ietf-lwig-crypto-sensors/,/api/v1/doc/document/draft-aks-lwig-crypto-sensors/,draft-ietf-lwig-crypto-sensors,draft-aks-lwig-crypto-sensors,1.0,0.8484848484848485,1.0,1.0,0.962121212121212,True
8387,Practical Considerations and Implementation Experiences in Securing Smart Object Networks,2018,/api/v1/doc/document/draft-aks-lwig-crypto-sensors/,/api/v1/doc/document/draft-aks-crypto-sensors/,draft-aks-lwig-crypto-sensors,draft-aks-crypto-sensors,1.0,0.8484848484848485,1.0,1.0,0.962121212121212,True
8375,Special-Use Domain 'home.arpa.',2018,/api/v1/doc/document/draft-ietf-homenet-dot/,/api/v1/doc/document/draft-pfister-homenet-dot/,draft-ietf-homenet-dot,draft-pfister-homenet-dot,0.71875,0.42857142857142855,0.5,1.0,0.6305803571428571,True
8388,Usage and Applicability of BGP MPLS-Based Ethernet VPN,2018,/api/v1/doc/document/draft-ietf-bess-evpn-usage/,/api/v1/doc/document/draft-rp-l2vpn-evpn-usage/,draft-ietf-bess-evpn-usage,draft-rp-l2vpn-evpn-usage,1.0,0.7692307692307693,1.0,1.0,0.9423076923076924,True
8381,Transparent Interconnection of Lots of Links (TRILL): Vendor-Specific RBridge Channel Protocol,2018,/api/v1/doc/document/draft-ietf-trill-vendor-channel/,/api/v1/doc/document/draft-eastlake-trill-vendor-channel/,draft-ietf-trill-vendor-channel,draft-eastlake-trill-vendor-channel,0.6074074074074074,0.8235294117647058,0.6666666666666666,1.0,0.7125490196078431,True
8380,Directory-Assisted Transparent Interconnection of Lots of Links (TRILL) Encapsulation,2018,/api/v1/doc/document/draft-ietf-trill-directory-assisted-encap/,/api/v1/doc/document/draft-dunbar-trill-directory-assisted-encap/,draft-ietf-trill-directory-assisted-encap,draft-dunbar-trill-directory-assisted-encap,0.628099173553719,0.8888888888888888,0.75,1.0,0.7548668503213958,True
8363,GMPLS OSPF-TE Extensions in Support of Flexi-Grid Dense Wavelength Division Multiplexing (DWDM) Networks,2018,/api/v1/doc/document/draft-ietf-ccamp-flexible-grid-ospf-ext/,/api/v1/doc/document/draft-zhang-ccamp-flexible-grid-ospf-ext/,draft-ietf-ccamp-flexible-grid-ospf-ext,draft-zhang-ccamp-flexible-grid-ospf-ext,0.6363636363636364,0.88,0.8,1.0,0.7663636363636364,True
8398,Internationalized Email Addresses in X.509 Certificates,2018,/api/v1/doc/document/draft-ietf-lamps-eai-addresses/,/api/v1/doc/document/draft-melnikov-spasm-eai-addresses/,draft-ietf-lamps-eai-addresses,draft-melnikov-spasm-eai-addresses,1.0,0.8125,1.0,1.0,0.9531249999999999,True
8398,Internationalized Email Addresses in X.509 Certificates,2018,/api/v1/doc/document/draft-melnikov-spasm-eai-addresses/,/api/v1/doc/document/draft-ietf-pkix-eai-addresses/,draft-melnikov-spasm-eai-addresses,draft-ietf-pkix-eai-addresses,1.0,0.8125,1.0,1.0,0.9531249999999999,True
8399,Internationalization Updates to RFC 5280,2018,/api/v1/doc/document/draft-ietf-lamps-rfc5280-i18n-update/,/api/v1/doc/document/draft-housley-rfc5280-i18n-update/,draft-ietf-lamps-rfc5280-i18n-update,draft-housley-rfc5280-i18n-update,1.0,1.0,1.0,1.0,0.9999999999999999,True
8373,Negotiating Human Language in Real-Time Communications,2018,/api/v1/doc/document/draft-ietf-slim-negotiating-human-language/,/api/v1/doc/document/draft-gellens-slim-negotiating-human-language/,draft-ietf-slim-negotiating-human-language,draft-gellens-slim-negotiating-human-language,1.0,0.9122807017543859,1.0,1.0,0.9780701754385964,True
8373,Negotiating Human Language in Real-Time Communications,2018,/api/v1/doc/document/draft-ietf-slim-negotiating-human-language/,/api/v1/doc/document/draft-gellens-negotiating-human-language/,draft-ietf-slim-negotiating-human-language,draft-gellens-negotiating-human-language,0.6888888888888889,1.0,1.0,1.0,0.86,False
8373,Negotiating Human Language in Real-Time Communications,2018,/api/v1/doc/document/draft-gellens-slim-negotiating-human-language/,/api/v1/doc/document/draft-gellens-mmusic-negotiating-human-language/,draft-gellens-slim-negotiating-human-language,draft-gellens-mmusic-negotiating-human-language,1.0,0.90625,1.0,1.0,0.9765624999999999,True
8373,Negotiating Human Language in Real-Time Communications,2018,/api/v1/doc/document/draft-gellens-slim-negotiating-human-language/,/api/v1/doc/document/draft-gellens-negotiating-human-language/,draft-gellens-slim-negotiating-human-language,draft-gellens-negotiating-human-language,0.6888888888888889,0.9122807017543859,0.75,1.0,0.7880701754385965,False
8376,Low-Power Wide Area Network (LPWAN) Overview,2018,/api/v1/doc/document/draft-ietf-lpwan-overview/,/api/v1/doc/document/draft-farrell-lpwan-overview/,draft-ietf-lpwan-overview,draft-farrell-lpwan-overview,0.5,0.7272727272727273,0.5,1.0,0.6068181818181818,True
8383,Transparent Interconnection of Lots of Links (TRILL): Address Flush Message,2018,/api/v1/doc/document/draft-ietf-trill-address-flush/,/api/v1/doc/document/draft-hao-trill-address-flush/,draft-ietf-trill-address-flush,draft-hao-trill-address-flush,0.5454545454545454,0.8125,0.6666666666666666,1.0,0.6819128787878788,True
8391,XMSS: eXtended Merkle Signature Scheme,2018,/api/v1/doc/document/draft-irtf-cfrg-xmss-hash-based-signatures/,/api/v1/doc/document/draft-huelsing-cfrg-hash-sig-xmss/,draft-irtf-cfrg-xmss-hash-based-signatures,draft-huelsing-cfrg-hash-sig-xmss,0.7222222222222222,0.45454545454545453,0.3333333333333333,1.0,0.6053030303030303,True
8391,XMSS: eXtended Merkle Signature Scheme,2018,/api/v1/doc/document/draft-huelsing-cfrg-hash-sig-xmss/,/api/v1/doc/document/draft-xmss/,draft-huelsing-cfrg-hash-sig-xmss,draft-xmss,1.0,0.42857142857142855,1.0,1.0,0.8571428571428571,True
8397,Transparent Interconnection of Lots of Links (TRILL) Multilevel Using Unique Nicknames,2018,/api/v1/doc/document/draft-ietf-trill-multilevel-unique-nickname/,/api/v1/doc/document/draft-zhang-trill-multilevel-unique-nickname/,draft-ietf-trill-multilevel-unique-nickname,draft-zhang-trill-multilevel-unique-nickname,0.6341463414634146,0.896551724137931,0.75,1.0,0.7595037846930194,True
8401,Bit Index Explicit Replication (BIER) Support via IS-IS,2018,/api/v1/doc/document/draft-ietf-bier-isis-extensions/,/api/v1/doc/document/draft-przygienda-bier-isis-ranges/,draft-ietf-bier-isis-extensions,draft-przygienda-bier-isis-ranges,0.5675675675675675,0.45161290322580644,0.375,1.0,0.543308631211857,True
8400,Extensions to RSVP-TE for Label Switched Path (LSP) Egress Protection,2018,/api/v1/doc/document/draft-ietf-teas-rsvp-egress-protection/,/api/v1/doc/document/draft-ietf-mpls-rsvp-egress-protection/,draft-ietf-teas-rsvp-egress-protection,draft-ietf-mpls-rsvp-egress-protection,0.7833333333333333,1.0,1.0,1.0,0.9025,True
8400,Extensions to RSVP-TE for Label Switched Path (LSP) Egress Protection,2018,/api/v1/doc/document/draft-ietf-mpls-rsvp-egress-protection/,/api/v1/doc/document/draft-chen-mpls-p2mp-egress-protection/,draft-ietf-mpls-rsvp-egress-protection,draft-chen-mpls-p2mp-egress-protection,1.0,0.8163265306122449,1.0,1.0,0.9540816326530611,True
8385,Transparent Interconnection of Lots of Links (TRILL) Transparent Transport over MPLS,2018,/api/v1/doc/document/draft-ietf-trill-transport-over-mpls/,/api/v1/doc/document/draft-muks-trill-transport-over-mpls/,draft-ietf-trill-transport-over-mpls,draft-muks-trill-transport-over-mpls,0.6218487394957983,0.8636363636363636,0.75,1.0,0.7457410236822002,True
8405,Shortest Path First (SPF) Back-Off Delay Algorithm for Link-State IGPs,2018,/api/v1/doc/document/draft-ietf-rtgwg-backoff-algo/,/api/v1/doc/document/draft-decraene-rtgwg-backoff-algo/,draft-ietf-rtgwg-backoff-algo,draft-decraene-rtgwg-backoff-algo,0.6972477064220184,0.8,0.6666666666666666,1.0,0.7470948012232416,True
8406,Taxonomy of Coding Techniques for Efficient Network Communications,2018,/api/v1/doc/document/draft-irtf-nwcrg-network-coding-taxonomy/,/api/v1/doc/document/draft-firoiu-nwcrg-network-coding-taxonomy/,draft-irtf-nwcrg-network-coding-taxonomy,draft-firoiu-nwcrg-network-coding-taxonomy,0.3146067415730337,0.8846153846153846,0.75,1.0,0.6127268798617113,True
8395,Extensions to BGP-Signaled Pseudowires to Support Flow-Aware Transport Labels,2018,/api/v1/doc/document/draft-ietf-bess-fat-pw-bgp/,/api/v1/doc/document/draft-keyupate-bess-fat-pw-bgp/,draft-ietf-bess-fat-pw-bgp,draft-keyupate-bess-fat-pw-bgp,1.0,0.8,1.0,1.0,0.9500000000000001,True
8395,Extensions to BGP-Signaled Pseudowires to Support Flow-Aware Transport Labels,2018,/api/v1/doc/document/draft-keyupate-bess-fat-pw-bgp/,/api/v1/doc/document/draft-keyupate-l2vpn-fat-pw-bgp/,draft-keyupate-bess-fat-pw-bgp,draft-keyupate-l2vpn-fat-pw-bgp,1.0,0.7096774193548387,1.0,1.0,0.9274193548387096,True
8414,OAuth 2.0 Authorization Server Metadata,2018,/api/v1/doc/document/draft-ietf-oauth-discovery/,/api/v1/doc/document/draft-jones-oauth-discovery/,draft-ietf-oauth-discovery,draft-jones-oauth-discovery,0.4827586206896552,0.75,0.5,1.0,0.6047413793103448,True
8412,Software Inventory Message and Attributes (SWIMA) for PA-TNC,2018,/api/v1/doc/document/draft-ietf-sacm-nea-swima-patnc/,/api/v1/doc/document/draft-ietf-sacm-nea-swid-patnc/,draft-ietf-sacm-nea-swima-patnc,draft-ietf-sacm-nea-swid-patnc,1.0,0.896551724137931,1.0,1.0,0.9741379310344828,True
8412,Software Inventory Message and Attributes (SWIMA) for PA-TNC,2018,/api/v1/doc/document/draft-ietf-sacm-nea-swid-patnc/,/api/v1/doc/document/draft-coffin-sacm-nea-swid-patnc/,draft-ietf-sacm-nea-swid-patnc,draft-coffin-sacm-nea-swid-patnc,1.0,0.8484848484848485,1.0,1.0,0.962121212121212,True
8413,Framework for Scheduled Use of Resources,2018,/api/v1/doc/document/draft-ietf-teas-scheduled-resources/,/api/v1/doc/document/draft-zhuang-teas-scheduled-resources/,draft-ietf-teas-scheduled-resources,draft-zhuang-teas-scheduled-resources,0.8192771084337349,0.8837209302325582,0.6666666666666666,1.0,0.8229382646866535,True
8417,Security Event Token (SET),2018,/api/v1/doc/document/draft-ietf-secevent-token/,/api/v1/doc/document/draft-hunt-idevent-token/,draft-ietf-secevent-token,draft-hunt-idevent-token,1.0,0.5555555555555556,1.0,1.0,0.888888888888889,True
8384,Transparent Interconnection of Lots of Links (TRILL) Smart Endnodes,2018,/api/v1/doc/document/draft-ietf-trill-smart-endnodes/,/api/v1/doc/document/draft-perlman-trill-smart-endnodes/,draft-ietf-trill-smart-endnodes,draft-perlman-trill-smart-endnodes,0.47058823529411764,0.8235294117647058,0.6666666666666666,1.0,0.6509803921568627,True
8390,RSVP-TE Path Diversity Using Exclude Route,2018,/api/v1/doc/document/draft-ietf-teas-lsp-diversity/,/api/v1/doc/document/draft-ietf-ccamp-lsp-diversity/,draft-ietf-teas-lsp-diversity,draft-ietf-ccamp-lsp-diversity,0.6268656716417911,1.0,1.0,1.0,0.832089552238806,True
8390,RSVP-TE Path Diversity Using Exclude Route,2018,/api/v1/doc/document/draft-ietf-ccamp-lsp-diversity/,/api/v1/doc/document/draft-ali-ccamp-xro-lsp-subobject/,draft-ietf-ccamp-lsp-diversity,draft-ali-ccamp-xro-lsp-subobject,0.9473684210526315,0.3333333333333333,0.75,1.0,0.7596491228070176,True
8390,RSVP-TE Path Diversity Using Exclude Route,2018,/api/v1/doc/document/draft-ietf-ccamp-lsp-diversity/,/api/v1/doc/document/draft-fedyk-ccamp-uni-extensions/,draft-ietf-ccamp-lsp-diversity,draft-fedyk-ccamp-uni-extensions,0.32857142857142857,0.36363636363636365,0.07142857142857142,-0.5,0.20305194805194804,False
8421,Guidelines for Multihomed and IPv4/IPv6 Dual-Stack Interactive Connectivity Establishment (ICE),2018,/api/v1/doc/document/draft-ietf-ice-dualstack-fairness/,/api/v1/doc/document/draft-ietf-mmusic-ice-dualstack-fairness/,draft-ietf-ice-dualstack-fairness,draft-ietf-mmusic-ice-dualstack-fairness,0.6382978723404256,0.9,0.6666666666666666,1.0,0.7455673758865248,True
8445,Interactive Connectivity Establishment (ICE): A Protocol for Network Address Translator (NAT) Traversal,2018,/api/v1/doc/document/draft-ietf-ice-rfc5245bis/,/api/v1/doc/document/draft-ietf-mmusic-rfc5245bis/,draft-ietf-ice-rfc5245bis,draft-ietf-mmusic-rfc5245bis,1.0,1.0,1.0,1.0,0.9999999999999999,True
8445,Interactive Connectivity Establishment (ICE): A Protocol for Network Address Translator (NAT) Traversal,2018,/api/v1/doc/document/draft-ietf-mmusic-rfc5245bis/,/api/v1/doc/document/draft-keranen-mmusic-rfc5245bis/,draft-ietf-mmusic-rfc5245bis,draft-keranen-mmusic-rfc5245bis,0.8789237668161435,0.7407407407407407,0.75,1.0,0.8307008802524498,True
8371,Mobile Node Identifier Types for MIPv6,2018,/api/v1/doc/document/draft-ietf-dmm-4283mnids/,/api/v1/doc/document/draft-perkins-dmm-4283mnids/,draft-ietf-dmm-4283mnids,draft-perkins-dmm-4283mnids,0.5,0.8181818181818182,0.5,1.0,0.6295454545454545,True
8402,Segment Routing Architecture,2018,/api/v1/doc/document/draft-ietf-spring-segment-routing/,/api/v1/doc/document/draft-filsfils-spring-segment-routing/,draft-ietf-spring-segment-routing,draft-filsfils-spring-segment-routing,1.0,0.8108108108108109,1.0,1.0,0.9527027027027027,True
8402,Segment Routing Architecture,2018,/api/v1/doc/document/draft-filsfils-spring-segment-routing/,/api/v1/doc/document/draft-filsfils-rtgwg-segment-routing/,draft-filsfils-spring-segment-routing,draft-filsfils-rtgwg-segment-routing,1.0,0.8372093023255814,1.0,1.0,0.9593023255813954,True
8403,A Scalable and Topology-Aware MPLS Data-Plane Monitoring System,2018,/api/v1/doc/document/draft-ietf-spring-oam-usecase/,/api/v1/doc/document/draft-geib-spring-oam-usecase/,draft-ietf-spring-oam-usecase,draft-geib-spring-oam-usecase,0.9064748201438849,0.7586206896551724,0.8,1.0,0.8575688414785414,True
8403,A Scalable and Topology-Aware MPLS Data-Plane Monitoring System,2018,/api/v1/doc/document/draft-ietf-spring-oam-usecase/,/api/v1/doc/document/draft-geib-segment-routing-oam-usecase/,draft-ietf-spring-oam-usecase,draft-geib-segment-routing-oam-usecase,0.9064748201438849,0.5789473684210527,0.8,1.0,0.8126505111700114,False
8403,A Scalable and Topology-Aware MPLS Data-Plane Monitoring System,2018,/api/v1/doc/document/draft-geib-spring-oam-usecase/,/api/v1/doc/document/draft-geib-segment-routing-oam-usecase/,draft-geib-spring-oam-usecase,draft-geib-segment-routing-oam-usecase,1.0,0.7555555555555555,1.0,-0.5,0.7888888888888888,True
8408,Conveying Path Setup Type in PCE Communication Protocol (PCEP) Messages,2018,/api/v1/doc/document/draft-ietf-pce-lsp-setup-type/,/api/v1/doc/document/draft-sivabalan-pce-lsp-setup-type/,draft-ietf-pce-lsp-setup-type,draft-sivabalan-pce-lsp-setup-type,0.7567567567567568,0.875,0.75,1.0,0.8092905405405406,True
8425,IANA Considerations for IPv6 Neighbor Discovery Prefix Information Option Flags,2018,/api/v1/doc/document/draft-ietf-6man-ndpioiana/,/api/v1/doc/document/draft-troan-6man-ndpioiana/,draft-ietf-6man-ndpioiana,draft-troan-6man-ndpioiana,0.3275862068965517,0.782608695652174,0.5,1.0,0.5430659670164917,True
8426,Recommendations for RSVP-TE and Segment Routing (SR) Label Switched Path (LSP) Coexistence,2018,/api/v1/doc/document/draft-ietf-teas-sr-rsvp-coexistence-rec/,/api/v1/doc/document/draft-sitaraman-sr-rsvp-coexistence-rec/,draft-ietf-teas-sr-rsvp-coexistence-rec,draft-sitaraman-sr-rsvp-coexistence-rec,0.84,1.0,1.0,1.0,0.928,True
8377,Transparent Interconnection of Lots of Links (TRILL): Multi-Topology,2018,/api/v1/doc/document/draft-ietf-trill-multi-topology/,/api/v1/doc/document/draft-eastlake-trill-multi-topology/,draft-ietf-trill-multi-topology,draft-eastlake-trill-multi-topology,0.47058823529411764,0.8235294117647058,0.6666666666666666,1.0,0.6509803921568627,True
8410,"Algorithm Identifiers for Ed25519, Ed448, X25519, and X448 for Use in the Internet X.509 Public Key Infrastructure",2018,/api/v1/doc/document/draft-ietf-curdle-pkix/,/api/v1/doc/document/draft-ietf-curdle-pkix-eddsa/,draft-ietf-curdle-pkix,draft-ietf-curdle-pkix-eddsa,0.6984126984126984,0.5714285714285714,0.5,1.0,0.6571428571428571,True
8410,"Algorithm Identifiers for Ed25519, Ed448, X25519, and X448 for Use in the Internet X.509 Public Key Infrastructure",2018,/api/v1/doc/document/draft-ietf-curdle-pkix/,/api/v1/doc/document/draft-ietf-curdle-pkix-newcurves/,draft-ietf-curdle-pkix,draft-ietf-curdle-pkix-newcurves,0.2972972972972973,0.4444444444444444,0.5,1.0,0.44489489489489487,False
8418,Use of the Elliptic Curve Diffie-Hellman Key Agreement Algorithm with X25519 and X448 in the Cryptographic Message Syntax (CMS),2018,/api/v1/doc/document/draft-ietf-curdle-cms-ecdh-new-curves/,/api/v1/doc/document/draft-housley-cms-ecdh-new-curves/,draft-ietf-curdle-cms-ecdh-new-curves,draft-housley-cms-ecdh-new-curves,0.9384615384615385,1.0,1.0,1.0,0.9723076923076922,True
8419,Use of Edwards-Curve Digital Signature Algorithm (EdDSA) Signatures in the Cryptographic Message Syntax (CMS),2018,/api/v1/doc/document/draft-ietf-curdle-cms-eddsa-signatures/,/api/v1/doc/document/draft-housley-cms-eddsa-signatures/,draft-ietf-curdle-cms-eddsa-signatures,draft-housley-cms-eddsa-signatures,0.75,1.0,1.0,1.0,0.8875000000000001,True
8422,Elliptic Curve Cryptography (ECC) Cipher Suites for Transport Layer Security (TLS) Versions 1.2 and Earlier,2018,/api/v1/doc/document/draft-ietf-tls-rfc4492bis/,/api/v1/doc/document/draft-nir-tls-rfc4492bis/,draft-ietf-tls-rfc4492bis,draft-nir-tls-rfc4492bis,1.0,0.8333333333333334,1.0,1.0,0.9583333333333334,True
8416,Simplified Local Internet Number Resource Management with the RPKI (SLURM),2018,/api/v1/doc/document/draft-ietf-sidr-slurm/,/api/v1/doc/document/draft-dseomn-sidr-slurm/,draft-ietf-sidr-slurm,draft-dseomn-sidr-slurm,0.9565217391304348,0.6666666666666666,0.875,1.0,0.8721014492753624,True
8446,The Transport Layer Security (TLS) Protocol Version 1.3,2018,/api/v1/doc/document/draft-ietf-tls-tls13/,/api/v1/doc/document/draft-ietf-tls-rfc5246-bis/,draft-ietf-tls-tls13,draft-ietf-tls-rfc5246-bis,1.0,0.125,1.0,1.0,0.78125,True
8447,IANA Registry Updates for TLS and DTLS,2018,/api/v1/doc/document/draft-ietf-tls-iana-registry-updates/,/api/v1/doc/document/draft-sandj-tls-iana-registry-updates/,draft-ietf-tls-iana-registry-updates,draft-sandj-tls-iana-registry-updates,0.6461538461538462,0.9130434782608695,0.8,1.0,0.7790301003344482,True
8449,Record Size Limit Extension for TLS,2018,/api/v1/doc/document/draft-ietf-tls-record-limit/,/api/v1/doc/document/draft-thomson-tls-record-limit/,draft-ietf-tls-record-limit,draft-thomson-tls-record-limit,0.7368421052631579,0.8571428571428571,0.6666666666666666,1.0,0.7791979949874686,True
8420,Using the Edwards-Curve Digital Signature Algorithm (EdDSA) in the Internet Key Exchange Protocol Version 2 (IKEv2),2018,/api/v1/doc/document/draft-ietf-ipsecme-eddsa/,/api/v1/doc/document/draft-nir-ipsecme-eddsa/,draft-ietf-ipsecme-eddsa,draft-nir-ipsecme-eddsa,0.8844221105527639,0.5555555555555556,1.0,1.0,0.8368788386376326,True
8424,Extensions to RSVP-TE for Label Switched Path (LSP) Ingress Fast Reroute (FRR) Protection,2018,/api/v1/doc/document/draft-ietf-teas-rsvp-ingress-protection/,/api/v1/doc/document/draft-ietf-mpls-rsvp-ingress-protection/,draft-ietf-teas-rsvp-ingress-protection,draft-ietf-mpls-rsvp-ingress-protection,0.7194244604316546,1.0,1.0,1.0,0.8737410071942445,True
8424,Extensions to RSVP-TE for Label Switched Path (LSP) Ingress Fast Reroute (FRR) Protection,2018,/api/v1/doc/document/draft-ietf-mpls-rsvp-ingress-protection/,/api/v1/doc/document/draft-chen-mpls-p2mp-ingress-protection/,draft-ietf-mpls-rsvp-ingress-protection,draft-chen-mpls-p2mp-ingress-protection,1.0,0.8235294117647058,1.0,1.0,0.9558823529411765,True
8424,Extensions to RSVP-TE for Label Switched Path (LSP) Ingress Fast Reroute (FRR) Protection,2018,/api/v1/doc/document/draft-chen-mpls-p2mp-ingress-protection/,/api/v1/doc/document/draft-torvi-mpls-rsvp-ingress-protection/,draft-chen-mpls-p2mp-ingress-protection,draft-torvi-mpls-rsvp-ingress-protection,0.35294117647058826,0.8928571428571429,0.6,-0.5,0.4520378151260505,True
8440,IMAP4 Extension for Returning MYRIGHTS Information in Extended LIST,2018,/api/v1/doc/document/draft-ietf-extra-imap-list-myrights/,/api/v1/doc/document/draft-murchison-imap-list-myrights/,draft-ietf-extra-imap-list-myrights,draft-murchison-imap-list-myrights,1.0,1.0,1.0,1.0,0.9999999999999999,True
8436,Update to IANA Registration Procedures for Pool 3 Values in the Differentiated Services Field Codepoints (DSCP) Registry,2018,/api/v1/doc/document/draft-ietf-tsvwg-iana-dscp-registry/,/api/v1/doc/document/draft-fairhurst-tsvwg-iana-dscp-registry/,draft-ietf-tsvwg-iana-dscp-registry,draft-fairhurst-tsvwg-iana-dscp-registry,0.3404255319148936,0.8571428571428571,0.75,1.0,0.6174772036474164,True
8453,Framework for Abstraction and Control of TE Networks (ACTN),2018,/api/v1/doc/document/draft-ietf-teas-actn-framework/,/api/v1/doc/document/draft-ceccarelli-teas-actn-framework/,draft-ietf-teas-actn-framework,draft-ceccarelli-teas-actn-framework,0.832,0.8484848484848485,0.6666666666666666,1.0,0.8198545454545454,True
8437,IMAP UNAUTHENTICATE Extension for Connection Reuse,2018,/api/v1/doc/document/draft-ietf-extra-imap-unauth/,/api/v1/doc/document/draft-extra-imap-unauth/,draft-ietf-extra-imap-unauth,draft-extra-imap-unauth,0.8888888888888888,1.0,1.0,1.0,0.9499999999999998,True
8437,IMAP UNAUTHENTICATE Extension for Connection Reuse,2018,/api/v1/doc/document/draft-extra-imap-unauth/,/api/v1/doc/document/draft-newman-imap-unauth/,draft-extra-imap-unauth,draft-newman-imap-unauth,1.0,1.0,1.0,1.0,0.9999999999999999,True
8438,IMAP Extension for STATUS=SIZE,2018,/api/v1/doc/document/draft-ietf-extra-imap-status-size/,/api/v1/doc/document/draft-bosch-imap-status-size/,draft-ietf-extra-imap-status-size,draft-bosch-imap-status-size,0.3595505617977528,1.0,1.0,1.0,0.7117977528089888,True
8428,Sensor Measurement Lists (SenML),2018,/api/v1/doc/document/draft-ietf-core-senml/,/api/v1/doc/document/draft-jennings-core-senml/,draft-ietf-core-senml,draft-jennings-core-senml,0.4864864864864865,0.6666666666666666,0.5,1.0,0.5855855855855856,True
8428,Sensor Measurement Lists (SenML),2018,/api/v1/doc/document/draft-jennings-core-senml/,/api/v1/doc/document/draft-jennings-senml/,draft-jennings-core-senml,draft-jennings-senml,1.0,0.6666666666666666,1.0,1.0,0.9166666666666666,True
8443,Personal Assertion Token (PASSporT) Extension for Resource Priority Authorization,2018,/api/v1/doc/document/draft-ietf-stir-rph/,/api/v1/doc/document/draft-singh-stir-rph/,draft-ietf-stir-rph,draft-singh-stir-rph,0.8120300751879699,0.5454545454545454,0.625,1.0,0.7267771701982227,True
8442,ECDHE_PSK with AES-GCM and AES-CCM Cipher Suites for TLS 1.2 and DTLS 1.2,2018,/api/v1/doc/document/draft-ietf-tls-ecdhe-psk-aead/,/api/v1/doc/document/draft-mattsson-tls-ecdhe-psk-aead/,draft-ietf-tls-ecdhe-psk-aead,draft-mattsson-tls-ecdhe-psk-aead,0.7792207792207793,0.875,0.75,1.0,0.8193993506493507,True
8454,Information Model for Abstraction and Control of TE Networks (ACTN),2018,/api/v1/doc/document/draft-ietf-teas-actn-info-model/,/api/v1/doc/document/draft-leebelotti-teas-actn-info/,draft-ietf-teas-actn-info-model,draft-leebelotti-teas-actn-info,1.0,0.6206896551724138,1.0,1.0,0.9051724137931035,True
8457,"IMAP ""$Important"" Keyword and ""\Important"" Special-Use Attribute",2018,/api/v1/doc/document/draft-ietf-extra-specialuse-important/,/api/v1/doc/document/draft-leiba-extra-specialuse-important/,draft-ietf-extra-specialuse-important,draft-leiba-extra-specialuse-important,1.0,0.8695652173913043,1.0,1.0,0.967391304347826,True
8463,A New Cryptographic Signature Method for DomainKeys Identified Mail (DKIM),2018,/api/v1/doc/document/draft-ietf-dcrup-dkim-crypto/,/api/v1/doc/document/draft-levine-dcrup-dkim-crypto/,draft-ietf-dcrup-dkim-crypto,draft-levine-dcrup-dkim-crypto,0.5,0.7857142857142857,0.6666666666666666,1.0,0.6547619047619048,True
8441,Bootstrapping WebSockets with HTTP/2,2018,/api/v1/doc/document/draft-ietf-httpbis-h2-websockets/,/api/v1/doc/document/draft-mcmanus-httpbis-h2-websockets/,draft-ietf-httpbis-h2-websockets,draft-mcmanus-httpbis-h2-websockets,1.0,0.7647058823529411,1.0,1.0,0.9411764705882352,True
8459,Hierarchical Service Function Chaining (hSFC),2018,/api/v1/doc/document/draft-ietf-sfc-hierarchical/,/api/v1/doc/document/draft-dolson-sfc-hierarchical/,draft-ietf-sfc-hierarchical,draft-dolson-sfc-hierarchical,1.0,0.8571428571428571,1.0,1.0,0.9642857142857143,True
8470,Using Early Data in HTTP,2018,/api/v1/doc/document/draft-ietf-httpbis-replay/,/api/v1/doc/document/draft-thomson-http-replay/,draft-ietf-httpbis-replay,draft-thomson-http-replay,1.0,0.7058823529411765,1.0,1.0,0.926470588235294,True
8474,IMAP Extension for Object Identifiers,2018,/api/v1/doc/document/draft-ietf-extra-imap-objectid/,/api/v1/doc/document/draft-ietf-extra-imap-uniqueid/,draft-ietf-extra-imap-objectid,draft-ietf-extra-imap-uniqueid,0.8648648648648649,0.6153846153846154,0.6,1.0,0.763035343035343,True
8474,IMAP Extension for Object Identifiers,2018,/api/v1/doc/document/draft-ietf-extra-imap-uniqueid/,/api/v1/doc/document/draft-extra-imap-uniqueid/,draft-ietf-extra-imap-uniqueid,draft-extra-imap-uniqueid,1.0,1.0,1.0,1.0,0.9999999999999999,True
8474,IMAP Extension for Object Identifiers,2018,/api/v1/doc/document/draft-extra-imap-uniqueid/,/api/v1/doc/document/draft-gondwana-imap-uniqueid/,draft-extra-imap-uniqueid,draft-gondwana-imap-uniqueid,1.0,1.0,1.0,1.0,0.9999999999999999,True
8430,RIB Information Model,2018,/api/v1/doc/document/draft-ietf-i2rs-rib-info-model/,/api/v1/doc/document/draft-nitinb-i2rs-rib-info-model/,draft-ietf-i2rs-rib-info-model,draft-nitinb-i2rs-rib-info-model,0.7142857142857143,0.8484848484848485,0.75,1.0,0.7835497835497836,True
8431,A YANG Data Model for the Routing Information Base (RIB),2018,/api/v1/doc/document/draft-ietf-i2rs-rib-data-model/,/api/v1/doc/document/draft-wang-i2rs-rib-data-model/,draft-ietf-i2rs-rib-data-model,draft-wang-i2rs-rib-data-model,0.4186046511627907,0.8484848484848485,0.75,1.0,0.650493305144468,True
8460,SMTP TLS Reporting,2018,/api/v1/doc/document/draft-ietf-uta-smtp-tlsrpt/,/api/v1/doc/document/draft-brotman-smtp-tlsrpt/,draft-ietf-uta-smtp-tlsrpt,draft-brotman-smtp-tlsrpt,1.0,1.0,1.0,1.0,0.9999999999999999,True
8461,SMTP MTA Strict Transport Security (MTA-STS),2018,/api/v1/doc/document/draft-ietf-uta-mta-sts/,/api/v1/doc/document/draft-brotman-mta-sts/,draft-ietf-uta-mta-sts,draft-brotman-mta-sts,0.8947368421052632,1.0,1.0,1.0,0.9526315789473684,True
8461,SMTP MTA Strict Transport Security (MTA-STS),2018,/api/v1/doc/document/draft-brotman-mta-sts/,/api/v1/doc/document/draft-margolis-smtp-sts/,draft-brotman-mta-sts,draft-margolis-smtp-sts,0.9375,0.8,0.8,1.0,0.881875,True
8481,Clarifications to BGP Origin Validation Based on Resource Public Key Infrastructure (RPKI),2018,/api/v1/doc/document/draft-ietf-sidrops-ov-clarify/,/api/v1/doc/document/draft-ymbk-sidrops-ov-clarify/,draft-ietf-sidrops-ov-clarify,draft-ymbk-sidrops-ov-clarify,0.36666666666666664,0.7142857142857143,0.5,1.0,0.5435714285714285,True
8450,RTP Payload Format for VC-2 High Quality (HQ) Profile,2018,/api/v1/doc/document/draft-ietf-payload-rtp-vc2hq/,/api/v1/doc/document/draft-weaver-payload-rtp-vc2hq/,draft-ietf-payload-rtp-vc2hq,draft-weaver-payload-rtp-vc2hq,0.8,0.6923076923076923,0.6666666666666666,1.0,0.7664102564102564,True
8471,The Token Binding Protocol Version 1.0,2018,/api/v1/doc/document/draft-ietf-tokbind-protocol/,/api/v1/doc/document/draft-popov-token-binding/,draft-ietf-tokbind-protocol,draft-popov-token-binding,1.0,0.19047619047619047,1.0,1.0,0.7976190476190476,True
8472,Transport Layer Security (TLS) Extension for Token Binding Protocol Negotiation,2018,/api/v1/doc/document/draft-ietf-tokbind-negotiation/,/api/v1/doc/document/draft-popov-tokbind-negotiation/,draft-ietf-tokbind-negotiation,draft-popov-tokbind-negotiation,1.0,0.7333333333333333,1.0,1.0,0.9333333333333332,True
8473,Token Binding over HTTP,2018,/api/v1/doc/document/draft-ietf-tokbind-https/,/api/v1/doc/document/draft-balfanz-https-token-binding/,draft-ietf-tokbind-https,draft-balfanz-https-token-binding,1.0,0.4166666666666667,1.0,1.0,0.8541666666666666,True
8466,A YANG Data Model for Layer 2 Virtual Private Network (L2VPN) Service Delivery,2018,/api/v1/doc/document/draft-ietf-l2sm-l2vpn-service-model/,/api/v1/doc/document/draft-wen-l2sm-l2vpn-service-model/,draft-ietf-l2sm-l2vpn-service-model,draft-wen-l2sm-l2vpn-service-model,0.7333333333333333,0.8837209302325582,0.75,1.0,0.8009302325581396,True
8458,Using National Bibliography Numbers as Uniform Resource Names,2018,/api/v1/doc/document/draft-hakala-urn-nbn-rfc3188bis/,/api/v1/doc/document/draft-ietf-urnbis-rfc3188bis-nbn-urn/,draft-hakala-urn-nbn-rfc3188bis,draft-ietf-urnbis-rfc3188bis-nbn-urn,1.0,0.5555555555555556,1.0,1.0,0.888888888888889,True
8458,Using National Bibliography Numbers as Uniform Resource Names,2018,/api/v1/doc/document/draft-ietf-urnbis-rfc3188bis-nbn-urn/,/api/v1/doc/document/draft-hakala-rfc3188bis-nbn-urn/,draft-ietf-urnbis-rfc3188bis-nbn-urn,draft-hakala-rfc3188bis-nbn-urn,1.0,1.0,1.0,1.0,0.9999999999999999,True
8462,Report from the IAB Workshop on Managing Radio Networks in an Encrypted World (MaRNEW),2018,/api/v1/doc/document/draft-iab-marnew-report/,/api/v1/doc/document/draft-nrooney-marnew-report/,draft-iab-marnew-report,draft-nrooney-marnew-report,0.8553459119496856,1.0,1.0,1.0,0.9349056603773586,True
8467,Padding Policies for Extension Mechanisms for DNS (EDNS(0)),2018,/api/v1/doc/document/draft-ietf-dprive-padding-policy/,/api/v1/doc/document/draft-mayrhofer-dprive-padding-profile/,draft-ietf-dprive-padding-policy,draft-mayrhofer-dprive-padding-profile,0.5783132530120482,0.6111111111111112,0.2857142857142857,1.0,0.5701615987760567,True
8475,Using Conditional Router Advertisements for Enterprise Multihoming,2018,/api/v1/doc/document/draft-ietf-v6ops-conditional-ras/,/api/v1/doc/document/draft-linkova-v6ops-conditional-ras/,draft-ietf-v6ops-conditional-ras,draft-linkova-v6ops-conditional-ras,1.0,0.8333333333333334,1.0,1.0,0.9583333333333334,True
8407,Guidelines for Authors and Reviewers of Documents Containing YANG Data Models,2018,/api/v1/doc/document/draft-ietf-netmod-rfc6087bis/,/api/v1/doc/document/draft-bierman-netmod-rfc6087bis/,draft-ietf-netmod-rfc6087bis,draft-bierman-netmod-rfc6087bis,0.7887323943661971,0.7407407407407407,0.6666666666666666,1.0,0.7734480959833071,True
8432,A Framework for Management and Control of Microwave and Millimeter Wave Interface Parameters,2018,/api/v1/doc/document/draft-ietf-ccamp-microwave-framework/,/api/v1/doc/document/draft-mwdt-ccamp-fmwk/,draft-ietf-ccamp-microwave-framework,draft-mwdt-ccamp-fmwk,1.0,0.41379310344827586,1.0,1.0,0.8534482758620691,True
8432,A Framework for Management and Control of Microwave and Millimeter Wave Interface Parameters,2018,/api/v1/doc/document/draft-mwdt-ccamp-fmwk/,/api/v1/doc/document/draft-mwdt-ccamp-problem-statement/,draft-mwdt-ccamp-fmwk,draft-mwdt-ccamp-problem-statement,0.9108910891089109,0.42424242424242425,0.8,1.0,0.775961596159616,True
8484,DNS Queries over HTTPS (DoH),2018,/api/v1/doc/document/draft-ietf-doh-dns-over-https/,/api/v1/doc/document/draft-hoffman-dns-over-https/,draft-ietf-doh-dns-over-https,draft-hoffman-dns-over-https,0.9166666666666666,1.0,1.0,1.0,0.9625,True
8484,DNS Queries over HTTPS (DoH),2018,/api/v1/doc/document/draft-ietf-doh-dns-over-https/,/api/v1/doc/document/draft-hoffman-dispatch-dns-over-https/,draft-ietf-doh-dns-over-https,draft-hoffman-dispatch-dns-over-https,0.9166666666666666,0.7567567567567568,0.8,1.0,0.8616891891891891,False
8486,Ambisonics in an Ogg Opus Container,2018,/api/v1/doc/document/draft-ietf-codec-ambisonics/,/api/v1/doc/document/draft-graczyk-codec-ambisonics/,draft-ietf-codec-ambisonics,draft-graczyk-codec-ambisonics,1.0,0.7692307692307693,1.0,1.0,0.9423076923076924,True
8455,Terminology for Benchmarking Software-Defined Networking (SDN) Controller Performance,2018,/api/v1/doc/document/draft-ietf-bmwg-sdn-controller-benchmark-term/,/api/v1/doc/document/draft-bhuvan-bmwg-sdn-controller-benchmark-term/,draft-ietf-bmwg-sdn-controller-benchmark-term,draft-bhuvan-bmwg-sdn-controller-benchmark-term,0.7971014492753623,0.9206349206349206,0.8,1.0,0.8488543823326432,True
8456,Benchmarking Methodology for Software-Defined Networking (SDN) Controller Performance,2018,/api/v1/doc/document/draft-ietf-bmwg-sdn-controller-benchmark-meth/,/api/v1/doc/document/draft-bhuvan-bmwg-sdn-controller-benchmark-meth/,draft-ietf-bmwg-sdn-controller-benchmark-meth,draft-bhuvan-bmwg-sdn-controller-benchmark-meth,0.7971014492753623,0.9206349206349206,0.8,1.0,0.8488543823326432,True
8429,Deprecate Triple-DES (3DES) and RC4 in Kerberos,2018,/api/v1/doc/document/draft-ietf-curdle-des-des-des-die-die-die/,/api/v1/doc/document/draft-kaduk-kitten-des-des-des-die-die-die/,draft-ietf-curdle-des-des-des-die-die-die,draft-kaduk-kitten-des-des-des-die-die-die,0.8607594936708861,0.8679245283018868,0.6666666666666666,1.0,0.8376562375607037,True
8496,P-Charge-Info: A Private Header Field (P-Header) Extension to the Session Initiation Protocol (SIP),2018,/api/v1/doc/document/draft-york-p-charge-info/,/api/v1/doc/document/draft-york-dispatch-p-charge-info/,draft-york-p-charge-info,draft-york-dispatch-p-charge-info,0.967032967032967,0.7428571428571429,0.8888888888888888,1.0,0.8986568986568987,True
8496,P-Charge-Info: A Private Header Field (P-Header) Extension to the Session Initiation Protocol (SIP),2018,/api/v1/doc/document/draft-york-dispatch-p-charge-info/,/api/v1/doc/document/draft-york-sipping-p-charge-info/,draft-york-dispatch-p-charge-info,draft-york-sipping-p-charge-info,1.0,0.7441860465116279,1.0,1.0,0.936046511627907,True
8480,6TiSCH Operation Sublayer (6top) Protocol (6P),2018,/api/v1/doc/document/draft-ietf-6tisch-6top-protocol/,/api/v1/doc/document/draft-wang-6tisch-6top-protocol/,draft-ietf-6tisch-6top-protocol,draft-wang-6tisch-6top-protocol,0.5517241379310345,0.7878787878787878,0.5,1.0,0.6452455590386624,True
8444,OSPFv2 Extensions for Bit Index Explicit Replication (BIER),2018,/api/v1/doc/document/draft-ietf-bier-ospf-bier-extensions/,/api/v1/doc/document/draft-psenak-ospf-bier-extensions/,draft-ietf-bier-ospf-bier-extensions,draft-psenak-ospf-bier-extensions,0.5925925925925926,1.0,1.0,1.0,0.8166666666666665,True
8468,"IPv4, IPv6, and IPv4-IPv6 Coexistence: Updates for the IP Performance Metrics (IPPM) Framework",2018,/api/v1/doc/document/draft-ietf-ippm-2330-ipv6/,/api/v1/doc/document/draft-morton-ippm-2330-stdform-typep/,draft-ietf-ippm-2330-ipv6,draft-morton-ippm-2330-stdform-typep,0.49746192893401014,0.375,0.26666666666666666,1.0,0.47094120135363793,True
8469,Recommendation to Use the Ethernet Control Word,2018,/api/v1/doc/document/draft-ietf-pals-ethernet-cw/,/api/v1/doc/document/draft-bryant-pals-ethernet-cw/,draft-ietf-pals-ethernet-cw,draft-bryant-pals-ethernet-cw,0.5977011494252874,0.8148148148148148,0.6666666666666666,1.0,0.7060025542784163,True
8491,Signaling Maximum SID Depth (MSD) Using IS-IS,2018,/api/v1/doc/document/draft-ietf-isis-segment-routing-msd/,/api/v1/doc/document/draft-tantsura-isis-segment-routing-msd/,draft-ietf-isis-segment-routing-msd,draft-tantsura-isis-segment-routing-msd,0.9069767441860465,0.8837209302325582,1.0,1.0,0.9290697674418603,True
8505,Registration Extensions for IPv6 over Low-Power Wireless Personal Area Network (6LoWPAN) Neighbor Discovery,2018,/api/v1/doc/document/draft-ietf-6lo-rfc6775-update/,/api/v1/doc/document/draft-thubert-6lo-rfc6775-update/,draft-ietf-6lo-rfc6775-update,draft-thubert-6lo-rfc6775-update,0.21875,0.875,0.6666666666666666,1.0,0.5505208333333333,True
8521,Registration Data Access Protocol (RDAP) Object Tagging,2018,/api/v1/doc/document/draft-ietf-regext-rdap-object-tag/,/api/v1/doc/document/draft-hollenbeck-regext-rdap-object-tag/,draft-ietf-regext-rdap-object-tag,draft-hollenbeck-regext-rdap-object-tag,1.0,0.8108108108108109,1.0,1.0,0.9527027027027027,True
8415,Dynamic Host Configuration Protocol for IPv6 (DHCPv6),2018,/api/v1/doc/document/draft-ietf-dhc-rfc3315bis/,/api/v1/doc/document/draft-dhcwg-dhc-rfc3315bis/,draft-ietf-dhc-rfc3315bis,draft-dhcwg-dhc-rfc3315bis,0.9622641509433962,0.8333333333333334,0.8333333333333334,1.0,0.9080188679245284,True
8495,Allocation Token Extension for the Extensible Provisioning Protocol (EPP),2018,/api/v1/doc/document/draft-ietf-regext-allocation-token/,/api/v1/doc/document/draft-gould-allocation-token/,draft-ietf-regext-allocation-token,draft-gould-allocation-token,1.0,1.0,1.0,1.0,0.9999999999999999,True
8497,Marking SIP Messages to Be Logged,2018,/api/v1/doc/document/draft-ietf-insipid-logme-marking/,/api/v1/doc/document/draft-dawes-insipid-logme-marking/,draft-ietf-insipid-logme-marking,draft-dawes-insipid-logme-marking,1.0,0.7647058823529411,1.0,1.0,0.9411764705882352,True
8501,Reverse DNS in IPv6 for Internet Service Providers,2018,/api/v1/doc/document/draft-ietf-dnsop-isp-ip6rdns/,/api/v1/doc/document/draft-howard-isp-ip6rdns/,draft-ietf-dnsop-isp-ip6rdns,draft-howard-isp-ip6rdns,1.0,1.0,1.0,1.0,0.9999999999999999,True
8476,Signaling Maximum SID Depth (MSD) Using OSPF,2018,/api/v1/doc/document/draft-ietf-ospf-segment-routing-msd/,/api/v1/doc/document/draft-tantsura-ospf-segment-routing-msd/,draft-ietf-ospf-segment-routing-msd,draft-tantsura-ospf-segment-routing-msd,0.9047619047619048,0.8837209302325582,1.0,1.0,0.9280730897009967,True
8509,A Root Key Trust Anchor Sentinel for DNSSEC,2018,/api/v1/doc/document/draft-ietf-dnsop-kskroll-sentinel/,/api/v1/doc/document/draft-huston-kskroll-sentinel/,draft-ietf-dnsop-kskroll-sentinel,draft-huston-kskroll-sentinel,0.4666666666666667,1.0,1.0,1.0,0.76,True
8511,TCP Alternative Backoff with ECN (ABE),2018,/api/v1/doc/document/draft-ietf-tcpm-alternativebackoff-ecn/,/api/v1/doc/document/draft-khademi-tcpm-alternativebackoff-ecn/,draft-ietf-tcpm-alternativebackoff-ecn,draft-khademi-tcpm-alternativebackoff-ecn,1.0,0.8979591836734694,1.0,1.0,0.9744897959183673,True
8511,TCP Alternative Backoff with ECN (ABE),2018,/api/v1/doc/document/draft-khademi-tcpm-alternativebackoff-ecn/,/api/v1/doc/document/draft-khademi-alternativebackoff-ecn/,draft-khademi-tcpm-alternativebackoff-ecn,draft-khademi-alternativebackoff-ecn,1.0,0.8979591836734694,1.0,1.0,0.9744897959183673,True
8389,Definitions of Managed Objects for Mapping of Address and Port with Encapsulation (MAP-E),2018,/api/v1/doc/document/draft-ietf-softwire-map-mib/,/api/v1/doc/document/draft-fu-softwire-map-mib/,draft-ietf-softwire-map-mib,draft-fu-softwire-map-mib,0.6299212598425197,0.6086956521739131,0.6666666666666666,1.0,0.6689718133059455,True
8488,RIPE NCC's Implementation of Resource Public Key Infrastructure (RPKI) Certificate Tree Validation,2018,/api/v1/doc/document/draft-ietf-sidrops-rpki-tree-validation/,/api/v1/doc/document/draft-ietf-sidr-rpki-tree-validation/,draft-ietf-sidrops-rpki-tree-validation,draft-ietf-sidr-rpki-tree-validation,0.4025157232704403,1.0,1.0,1.0,0.7311320754716981,True
8488,RIPE NCC's Implementation of Resource Public Key Infrastructure (RPKI) Certificate Tree Validation,2018,/api/v1/doc/document/draft-ietf-sidr-rpki-tree-validation/,/api/v1/doc/document/draft-tbruijnzeels-sidr-validation-local-cache/,draft-ietf-sidr-rpki-tree-validation,draft-tbruijnzeels-sidr-validation-local-cache,0.411214953271028,0.5106382978723404,0.18181818181818182,1.0,0.44906993980368404,True
8502,L2L3 VPN Multicast MIB,2018,/api/v1/doc/document/draft-ietf-bess-l2l3-vpn-mcast-mib/,/api/v1/doc/document/draft-ietf-l3vpn-l2l3-vpn-mcast-mib/,draft-ietf-bess-l2l3-vpn-mcast-mib,draft-ietf-l3vpn-l2l3-vpn-mcast-mib,1.0,1.0,1.0,1.0,0.9999999999999999,True
8502,L2L3 VPN Multicast MIB,2018,/api/v1/doc/document/draft-ietf-l3vpn-l2l3-vpn-mcast-mib/,/api/v1/doc/document/draft-zzhang-l2l3-vpn-mcast-mib/,draft-ietf-l3vpn-l2l3-vpn-mcast-mib,draft-zzhang-l2l3-vpn-mcast-mib,1.0,1.0,1.0,1.0,0.9999999999999999,True
8503,BGP/MPLS Layer 3 VPN Multicast Management Information Base,2018,/api/v1/doc/document/draft-ietf-bess-mvpn-mib/,/api/v1/doc/document/draft-ietf-l3vpn-mvpn-mib/,draft-ietf-bess-mvpn-mib,draft-ietf-l3vpn-mvpn-mib,0.9310344827586207,1.0,1.0,1.0,0.9689655172413792,True
8503,BGP/MPLS Layer 3 VPN Multicast Management Information Base,2018,/api/v1/doc/document/draft-ietf-l3vpn-mvpn-mib/,/api/v1/doc/document/draft-zzhang-mvpn-mib/,draft-ietf-l3vpn-mvpn-mib,draft-zzhang-mvpn-mib,1.0,1.0,1.0,1.0,0.9999999999999999,True
8507,Simple Internet Protocol (SIP) Specification,2018,/api/v1/doc/document/draft-historic-simple-ip/,/api/v1/doc/document/draft-deering-sip/,draft-historic-simple-ip,draft-deering-sip,1.0,0.5,1.0,1.0,0.8749999999999999,True
8508,IMAP REPLACE Extension,2019,/api/v1/doc/document/draft-ietf-extra-imap-replace/,/api/v1/doc/document/draft-brandt-imap-replace/,draft-ietf-extra-imap-replace,draft-brandt-imap-replace,1.0,1.0,1.0,1.0,0.9999999999999999,True
8514,Internet Message Access Protocol (IMAP) - SAVEDATE Extension,2019,/api/v1/doc/document/draft-ietf-extra-imap-savedate/,/api/v1/doc/document/draft-bosch-imap-savedate/,draft-ietf-extra-imap-savedate,draft-bosch-imap-savedate,1.0,1.0,1.0,1.0,0.9999999999999999,True
8482,Providing Minimal-Sized Responses to DNS Queries That Have QTYPE=ANY,2019,/api/v1/doc/document/draft-ietf-dnsop-refuse-any/,/api/v1/doc/document/draft-dnsop-refuse-any/,draft-ietf-dnsop-refuse-any,draft-dnsop-refuse-any,0.9312977099236641,1.0,1.0,1.0,0.9690839694656489,True
8482,Providing Minimal-Sized Responses to DNS Queries That Have QTYPE=ANY,2019,/api/v1/doc/document/draft-dnsop-refuse-any/,/api/v1/doc/document/draft-jabley-dnsop-refuse-any/,draft-dnsop-refuse-any,draft-jabley-dnsop-refuse-any,1.0,0.7692307692307693,1.0,1.0,0.9423076923076924,True
8482,Providing Minimal-Sized Responses to DNS Queries That Have QTYPE=ANY,2019,/api/v1/doc/document/draft-jabley-dnsop-refuse-any/,/api/v1/doc/document/draft-ogud-dnsop-acl-metaqueries/,draft-jabley-dnsop-refuse-any,draft-ogud-dnsop-acl-metaqueries,0.33707865168539325,0.4864864864864865,0.2,1.0,0.4133070148800486,True
8448,Example Handshake Traces for TLS 1.3,2019,/api/v1/doc/document/draft-ietf-tls-tls13-vectors/,/api/v1/doc/document/draft-thomson-tls-tls13-vectors/,draft-ietf-tls-tls13-vectors,draft-thomson-tls-tls13-vectors,1.0,0.8666666666666667,1.0,1.0,0.9666666666666667,True
8512,A YANG Module for Network Address Translation (NAT) and Network Prefix Translation (NPT),2019,/api/v1/doc/document/draft-ietf-opsawg-nat-yang/,/api/v1/doc/document/draft-sivakumar-yang-nat/,draft-ietf-opsawg-nat-yang,draft-sivakumar-yang-nat,0.6666666666666666,0.5,1.0,1.0,0.725,True
8513,A YANG Data Model for Dual-Stack Lite (DS-Lite),2019,/api/v1/doc/document/draft-ietf-softwire-dslite-yang/,/api/v1/doc/document/draft-boucadair-softwire-dslite-yang/,draft-ietf-softwire-dslite-yang,draft-boucadair-softwire-dslite-yang,0.5263157894736842,0.7096774193548387,0.6666666666666666,1.0,0.6475947934352009,True
8516,"""Too Many Requests"" Response Code for the Constrained Application Protocol",2019,/api/v1/doc/document/draft-ietf-core-too-many-reqs/,/api/v1/doc/document/draft-keranen-core-too-many-reqs/,draft-ietf-core-too-many-reqs,draft-keranen-core-too-many-reqs,1.0,0.8387096774193549,1.0,1.0,0.9596774193548386,True
8510,OSPF Link-Local Signaling (LLS) Extensions for Local Interface ID Advertisement,2019,/api/v1/doc/document/draft-ietf-ospf-lls-interface-id/,/api/v1/doc/document/draft-ppsenak-ospf-lls-interface-id/,draft-ietf-ospf-lls-interface-id,draft-ppsenak-ospf-lls-interface-id,0.8421052631578947,0.8648648648648649,0.75,1.0,0.8451635846372689,True
8504,IPv6 Node Requirements,2019,/api/v1/doc/document/draft-ietf-6man-rfc6434-bis/,/api/v1/doc/document/draft-clw-rfc6434-bis/,draft-ietf-6man-rfc6434-bis,draft-clw-rfc6434-bis,1.0,1.0,1.0,1.0,0.9999999999999999,True
8517,An Inventory of Transport-Centric Functions Provided by Middleboxes: An Operator Perspective,2019,/api/v1/doc/document/draft-dolson-transport-middlebox/,/api/v1/doc/document/draft-dolson-plus-middlebox-benefits/,draft-dolson-transport-middlebox,draft-dolson-plus-middlebox-benefits,0.4603174603174603,0.5238095238095238,0.25,1.0,0.48809523809523814,True
8498,A P-Served-User Header Field Parameter for an Originating Call Diversion (CDIV) Session Case in the Session Initiation Protocol (SIP),2019,/api/v1/doc/document/draft-ietf-sipcore-originating-cdiv-parameter/,/api/v1/doc/document/draft-mohali-sipcore-originating-cdiv-parameter/,draft-ietf-sipcore-originating-cdiv-parameter,draft-mohali-sipcore-originating-cdiv-parameter,0.9067796610169492,0.8666666666666667,0.8461538461538461,1.0,0.893948283355063,True
8498,A P-Served-User Header Field Parameter for an Originating Call Diversion (CDIV) Session Case in the Session Initiation Protocol (SIP),2019,/api/v1/doc/document/draft-mohali-sipcore-originating-cdiv-parameter/,/api/v1/doc/document/draft-mohali-dispatch-originating-cdiv-parameter/,draft-mohali-sipcore-originating-cdiv-parameter,draft-mohali-dispatch-originating-cdiv-parameter,1.0,0.8695652173913043,1.0,1.0,0.967391304347826,True
8537,Updates to the Fast Reroute Procedures for Co-routed Associated Bidirectional Label Switched Paths (LSPs),2019,/api/v1/doc/document/draft-ietf-teas-assoc-corouted-bidir-frr/,/api/v1/doc/document/draft-gandhishah-teas-assoc-corouted-bidir/,draft-ietf-teas-assoc-corouted-bidir-frr,draft-gandhishah-teas-assoc-corouted-bidir,0.861878453038674,0.8163265306122449,0.8181818181818182,1.0,0.8555633001568282,True
8537,Updates to the Fast Reroute Procedures for Co-routed Associated Bidirectional Label Switched Paths (LSPs),2019,/api/v1/doc/document/draft-gandhishah-teas-assoc-corouted-bidir/,/api/v1/doc/document/draft-gandhi-shah-teas-assoc-corouted-bidir/,draft-gandhishah-teas-assoc-corouted-bidir,draft-gandhi-shah-teas-assoc-corouted-bidir,0.7701863354037267,0.9090909090909091,0.8,1.0,0.8338565782044043,True
8534,Explicit Tracking with Wildcard Routes in Multicast VPN,2019,/api/v1/doc/document/draft-ietf-bess-mvpn-expl-track/,/api/v1/doc/document/draft-dolganow-bess-mvpn-expl-track/,draft-ietf-bess-mvpn-expl-track,draft-dolganow-bess-mvpn-expl-track,0.990990990990991,0.8571428571428571,0.75,1.0,0.9102316602316602,True
8540,Stream Control Transmission Protocol: Errata and Issues in RFC 4960,2019,/api/v1/doc/document/draft-ietf-tsvwg-rfc4960-errata/,/api/v1/doc/document/draft-tuexen-tsvwg-rfc4960-errata/,draft-ietf-tsvwg-rfc4960-errata,draft-tuexen-tsvwg-rfc4960-errata,0.43478260869565216,0.8235294117647058,0.6666666666666666,1.0,0.6348678601875533,True
8492,Secure Password Ciphersuites for Transport Layer Security (TLS),2019,/api/v1/doc/document/draft-harkins-tls-dragonfly/,/api/v1/doc/document/draft-ietf-tls-pwd/,draft-harkins-tls-dragonfly,draft-ietf-tls-pwd,1.0,0.125,1.0,1.0,0.78125,True
8492,Secure Password Ciphersuites for Transport Layer Security (TLS),2019,/api/v1/doc/document/draft-ietf-tls-pwd/,/api/v1/doc/document/draft-harkins-tls-pwd/,draft-ietf-tls-pwd,draft-harkins-tls-pwd,1.0,0.6,1.0,1.0,0.9,True
8500,IS-IS Routing with Reverse Metric,2019,/api/v1/doc/document/draft-ietf-isis-reverse-metric/,/api/v1/doc/document/draft-amante-isis-reverse-metric/,draft-ietf-isis-reverse-metric,draft-amante-isis-reverse-metric,0.45454545454545453,0.8484848484848485,0.6666666666666666,1.0,0.6499999999999999,True
8506,Diameter Credit-Control Application,2019,/api/v1/doc/document/draft-ietf-dime-rfc4006bis/,/api/v1/doc/document/draft-bertz-dime-rfc4006bis/,draft-ietf-dime-rfc4006bis,draft-bertz-dime-rfc4006bis,1.0,0.8,1.0,1.0,0.9500000000000001,True
8525,YANG Library,2019,/api/v1/doc/document/draft-ietf-netconf-rfc7895bis/,/api/v1/doc/document/draft-nmdsdt-netconf-rfc7895bis/,draft-ietf-netconf-rfc7895bis,draft-nmdsdt-netconf-rfc7895bis,1.0,0.7142857142857143,1.0,1.0,0.9285714285714285,True
8526,NETCONF Extensions to Support the Network Management Datastore Architecture,2019,/api/v1/doc/document/draft-ietf-netconf-nmda-netconf/,/api/v1/doc/document/draft-dsdt-nmda-netconf/,draft-ietf-netconf-nmda-netconf,draft-dsdt-nmda-netconf,0.35051546391752575,1.0,1.0,1.0,0.7077319587628866,True
8526,NETCONF Extensions to Support the Network Management Datastore Architecture,2019,/api/v1/doc/document/draft-ietf-netconf-nmda-netconf/,/api/v1/doc/document/draft-netconf-nmda-netconf/,draft-ietf-netconf-nmda-netconf,draft-netconf-nmda-netconf,0.35051546391752575,1.0,1.0,1.0,0.7077319587628866,False
8527,RESTCONF Extensions to Support the Network Management Datastore Architecture,2019,/api/v1/doc/document/draft-ietf-netconf-nmda-restconf/,/api/v1/doc/document/draft-dsdt-netconf-restconf-nmda/,draft-ietf-netconf-nmda-restconf,draft-dsdt-netconf-restconf-nmda,0.5585585585585585,0.5882352941176471,0.6666666666666666,1.0,0.6317435082140964,True
8528,YANG Schema Mount,2019,/api/v1/doc/document/draft-ietf-netmod-schema-mount/,/api/v1/doc/document/draft-bjorklund-netmod-structural-mount/,draft-ietf-netmod-schema-mount,draft-bjorklund-netmod-structural-mount,0.7368421052631579,0.5142857142857142,0.5,1.0,0.6601503759398496,True
8529,YANG Data Model for Network Instances,2019,/api/v1/doc/document/draft-ietf-rtgwg-ni-model/,/api/v1/doc/document/draft-rtgyangdt-rtgwg-ni-model/,draft-ietf-rtgwg-ni-model,draft-rtgyangdt-rtgwg-ni-model,0.5423728813559322,0.7272727272727273,0.5,1.0,0.6258859784283513,True
8530,YANG Model for Logical Network Elements,2019,/api/v1/doc/document/draft-ietf-rtgwg-lne-model/,/api/v1/doc/document/draft-rtgyangdt-rtgwg-lne-model/,draft-ietf-rtgwg-lne-model,draft-rtgyangdt-rtgwg-lne-model,0.6764705882352942,0.75,0.6666666666666666,1.0,0.7252450980392157,True
8538,Notification Message Support for BGP Graceful Restart,2019,/api/v1/doc/document/draft-ietf-idr-bgp-gr-notification/,/api/v1/doc/document/draft-keyupate-idr-bgp-gr-notification/,draft-ietf-idr-bgp-gr-notification,draft-keyupate-idr-bgp-gr-notification,1.0,0.9047619047619048,1.0,1.0,0.9761904761904762,True
8555,Automatic Certificate Management Environment (ACME),2019,/api/v1/doc/document/draft-ietf-acme-acme/,/api/v1/doc/document/draft-barnes-acme/,draft-ietf-acme-acme,draft-barnes-acme,1.0,1.0,1.0,1.0,0.9999999999999999,True
8518,Selection of Loop-Free Alternates for Multi-Homed Prefixes,2019,/api/v1/doc/document/draft-ietf-rtgwg-multihomed-prefix-lfa/,/api/v1/doc/document/draft-psarkar-rtgwg-multihomed-prefix-lfa/,draft-ietf-rtgwg-multihomed-prefix-lfa,draft-psarkar-rtgwg-multihomed-prefix-lfa,0.7083333333333334,0.875,0.75,1.0,0.7875000000000001,True
8518,Selection of Loop-Free Alternates for Multi-Homed Prefixes,2019,/api/v1/doc/document/draft-ietf-rtgwg-multihomed-prefix-lfa/,/api/v1/doc/document/draft-chunduri-rtgwg-lfa-extended-procedures/,draft-ietf-rtgwg-multihomed-prefix-lfa,draft-chunduri-rtgwg-lfa-extended-procedures,0.4393939393939394,0.32,0.2727272727272727,1.0,0.43227272727272725,False
8545,Well-Known Port Assignments for the One-Way Active Measurement Protocol (OWAMP) and the Two-Way Active Measurement Protocol (TWAMP),2019,/api/v1/doc/document/draft-ietf-ippm-port-twamp-test/,/api/v1/doc/document/draft-morton-ippm-port-twamp-test/,draft-ietf-ippm-port-twamp-test,draft-morton-ippm-port-twamp-test,0.3176470588235294,0.8571428571428571,0.75,1.0,0.6072268907563025,True
8519,YANG Data Model for Network Access Control Lists (ACLs),2019,/api/v1/doc/document/draft-ietf-netmod-acl-model/,/api/v1/doc/document/draft-bogdanovic-netmod-acl-model/,draft-ietf-netmod-acl-model,draft-bogdanovic-netmod-acl-model,0.62,0.72,0.6666666666666666,1.0,0.6923333333333334,True
8520,Manufacturer Usage Description Specification,2019,/api/v1/doc/document/draft-ietf-opsawg-mud/,/api/v1/doc/document/draft-lear-ietf-netmod-mud/,draft-ietf-opsawg-mud,draft-lear-ietf-netmod-mud,1.0,0.3333333333333333,1.0,1.0,0.8333333333333334,True
8520,Manufacturer Usage Description Specification,2019,/api/v1/doc/document/draft-lear-ietf-netmod-mud/,/api/v1/doc/document/draft-lear-ietf-dhc-mud-option/,draft-lear-ietf-netmod-mud,draft-lear-ietf-dhc-mud-option,0.7659574468085106,0.5882352941176471,0.5,1.0,0.6917396745932415,True
8520,Manufacturer Usage Description Specification,2019,/api/v1/doc/document/draft-lear-ietf-netmod-mud/,/api/v1/doc/document/draft-lear-ietf-pkix-mud-extension/,draft-lear-ietf-netmod-mud,draft-lear-ietf-pkix-mud-extension,0.6336633663366337,0.47368421052631576,0.5,-0.5,0.45356956748306415,False
8520,Manufacturer Usage Description Specification,2019,/api/v1/doc/document/draft-lear-ietf-netmod-mud/,/api/v1/doc/document/draft-lear-ietf-netmod-acl-dnsname/,draft-lear-ietf-netmod-mud,draft-lear-ietf-netmod-acl-dnsname,0.19753086419753085,0.6842105263157895,0.4,1.0,0.4399415204678363,False
8490,DNS Stateful Operations,2019,/api/v1/doc/document/draft-ietf-dnsop-session-signal/,/api/v1/doc/document/draft-bellis-dnsop-session-signal/,draft-ietf-dnsop-session-signal,draft-bellis-dnsop-session-signal,0.45454545454545453,0.8235294117647058,0.6666666666666666,1.0,0.6437611408199643,True
8539,Softwire Provisioning Using DHCPv4 over DHCPv6,2019,/api/v1/doc/document/draft-ietf-dhc-dhcp4o6-saddr-opt/,/api/v1/doc/document/draft-fsc-softwire-dhcp4o6-saddr-opt/,draft-ietf-dhc-dhcp4o6-saddr-opt,draft-fsc-softwire-dhcp4o6-saddr-opt,0.4186046511627907,0.7906976744186046,0.75,1.0,0.6360465116279069,True
8570,IS-IS Traffic Engineering (TE) Metric Extensions,2019,/api/v1/doc/document/draft-ietf-lsr-isis-rfc7810bis/,/api/v1/doc/document/draft-ginsberg-lsr-isis-rfc7810bis/,draft-ietf-lsr-isis-rfc7810bis,draft-ginsberg-lsr-isis-rfc7810bis,1.0,0.8823529411764706,1.0,1.0,0.9705882352941176,True
8570,IS-IS Traffic Engineering (TE) Metric Extensions,2019,/api/v1/doc/document/draft-ginsberg-lsr-isis-rfc7810bis/,/api/v1/doc/document/draft-ginsberg-isis-rfc7810bis/,draft-ginsberg-lsr-isis-rfc7810bis,draft-ginsberg-isis-rfc7810bis,1.0,0.8823529411764706,1.0,1.0,0.9705882352941176,True
8571,BGP - Link State (BGP-LS) Advertisement of IGP Traffic Engineering Performance Metric Extensions,2019,/api/v1/doc/document/draft-ietf-idr-te-pm-bgp/,/api/v1/doc/document/draft-wu-idr-te-pm-bgp/,draft-ietf-idr-te-pm-bgp,draft-wu-idr-te-pm-bgp,0.6333333333333333,0.8181818181818182,0.5,1.0,0.6895454545454545,True
8571,BGP - Link State (BGP-LS) Advertisement of IGP Traffic Engineering Performance Metric Extensions,2019,/api/v1/doc/document/draft-ietf-idr-te-pm-bgp/,/api/v1/doc/document/draft-previdi-idr-bgpls-te-metric-extensions/,draft-ietf-idr-te-pm-bgp,draft-previdi-idr-bgpls-te-metric-extensions,0.6618705035971223,0.20512820512820512,0.5,-0.5,0.3991237779007563,False
8552,"Scoped Interpretation of DNS Resource Records through ""Underscored"" Naming of Attribute Leaves",2019,/api/v1/doc/document/draft-ietf-dnsop-attrleaf/,/api/v1/doc/document/draft-crocker-dns-attrleaf/,draft-ietf-dnsop-attrleaf,draft-crocker-dns-attrleaf,0.6293706293706294,0.8,0.5,1.0,0.6832167832167833,True
8541,Impact of Shortest Path First (SPF) Trigger and Delay Strategies on IGP Micro-loops,2019,/api/v1/doc/document/draft-ietf-rtgwg-spf-uloop-pb-statement/,/api/v1/doc/document/draft-litkowski-rtgwg-spf-uloop-pb-statement/,draft-ietf-rtgwg-spf-uloop-pb-statement,draft-litkowski-rtgwg-spf-uloop-pb-statement,0.6708860759493671,0.88,0.75,1.0,0.7718987341772152,True
8543,Extensible Provisioning Protocol (EPP) Organization Mapping,2019,/api/v1/doc/document/draft-ietf-regext-org/,/api/v1/doc/document/draft-ietf-regext-reseller/,draft-ietf-regext-org,draft-ietf-regext-reseller,0.8363636363636363,0.18181818181818182,0.6666666666666666,1.0,0.6551515151515152,True
8543,Extensible Provisioning Protocol (EPP) Organization Mapping,2019,/api/v1/doc/document/draft-ietf-regext-reseller/,/api/v1/doc/document/draft-zhou-eppext-reseller-mapping/,draft-ietf-regext-reseller,draft-zhou-eppext-reseller-mapping,1.0,0.5161290322580645,1.0,1.0,0.8790322580645161,True
8542,A YANG Data Model for Fabric Topology in Data-Center Networks,2019,/api/v1/doc/document/draft-ietf-i2rs-yang-dc-fabric-network-topology/,/api/v1/doc/document/draft-zhuang-i2rs-yang-dc-fabric-network-topology/,draft-ietf-i2rs-yang-dc-fabric-network-topology,draft-zhuang-i2rs-yang-dc-fabric-network-topology,0.9917355371900827,0.9253731343283582,0.8,1.0,0.9376242753176267,True
8549,Export of BGP Community Information in IP Flow Information Export (IPFIX),2019,/api/v1/doc/document/draft-ietf-opsawg-ipfix-bgp-community/,/api/v1/doc/document/draft-li-opsawg-ipfix-bgp-community/,draft-ietf-opsawg-ipfix-bgp-community,draft-li-opsawg-ipfix-bgp-community,0.9784172661870504,0.8444444444444444,1.0,1.0,0.9513988808952837,True
8562,Bidirectional Forwarding Detection (BFD) for Multipoint Networks,2019,/api/v1/doc/document/draft-ietf-bfd-multipoint/,/api/v1/doc/document/draft-katz-ward-bfd-multipoint/,draft-ietf-bfd-multipoint,draft-katz-ward-bfd-multipoint,0.6067415730337079,0.6896551724137931,0.5,1.0,0.6454475009686168,True
8563,Bidirectional Forwarding Detection (BFD) Multipoint Active Tails,2019,/api/v1/doc/document/draft-ietf-bfd-multipoint-active-tail/,/api/v1/doc/document/draft-spallagatti-bfd-multipoint-active-tail/,draft-ietf-bfd-multipoint-active-tail,draft-spallagatti-bfd-multipoint-active-tail,0.6067415730337079,0.9166666666666666,0.75,1.0,0.7522003745318352,True
8556,Multicast VPN Using Bit Index Explicit Replication (BIER),2019,/api/v1/doc/document/draft-ietf-bier-mvpn/,/api/v1/doc/document/draft-rosen-l3vpn-mvpn-bier/,draft-ietf-bier-mvpn,draft-rosen-l3vpn-mvpn-bier,0.6075949367088608,0.42105263157894735,0.5,1.0,0.5786808794137241,True
8544,Organization Extension for the Extensible Provisioning Protocol (EPP),2019,/api/v1/doc/document/draft-ietf-regext-org-ext/,/api/v1/doc/document/draft-ietf-regext-reseller-ext/,draft-ietf-regext-org-ext,draft-ietf-regext-reseller-ext,0.8615384615384616,0.5263157894736842,0.6666666666666666,1.0,0.7526045883940621,True
8544,Organization Extension for the Extensible Provisioning Protocol (EPP),2019,/api/v1/doc/document/draft-ietf-regext-reseller-ext/,/api/v1/doc/document/draft-zhou-eppext-reseller/,draft-ietf-regext-reseller-ext,draft-zhou-eppext-reseller,1.0,0.5925925925925926,1.0,1.0,0.898148148148148,True
8558,Transport Protocol Path Signals,2019,/api/v1/doc/document/draft-iab-path-signals/,/api/v1/doc/document/draft-hardie-path-signals/,draft-iab-path-signals,draft-hardie-path-signals,0.5581395348837209,1.0,1.0,1.0,0.8011627906976745,True
8559,Dynamic Authorization Proxying in the Remote Authentication Dial-In User Service (RADIUS) Protocol,2019,/api/v1/doc/document/draft-ietf-radext-coa-proxy/,/api/v1/doc/document/draft-dekok-radext-coa-proxy/,draft-ietf-radext-coa-proxy,draft-dekok-radext-coa-proxy,0.8663101604278075,0.72,0.8888888888888888,1.0,0.8476173499702911,True
8531,"Generic YANG Data Model for Connection-Oriented Operations, Administration, and Maintenance (OAM) Protocols",2019,/api/v1/doc/document/draft-ietf-lime-yang-connection-oriented-oam-model/,/api/v1/doc/document/draft-ietf-lime-yang-oam-model/,draft-ietf-lime-yang-connection-oriented-oam-model,draft-ietf-lime-yang-oam-model,1.0,0.5833333333333334,1.0,1.0,0.8958333333333334,True
8531,"Generic YANG Data Model for Connection-Oriented Operations, Administration, and Maintenance (OAM) Protocols",2019,/api/v1/doc/document/draft-ietf-lime-yang-oam-model/,/api/v1/doc/document/draft-tissa-lime-yang-oam-model/,draft-ietf-lime-yang-oam-model,draft-tissa-lime-yang-oam-model,0.8295454545454546,0.8484848484848485,0.75,1.0,0.8354166666666667,True
8531,"Generic YANG Data Model for Connection-Oriented Operations, Administration, and Maintenance (OAM) Protocols",2019,/api/v1/doc/document/draft-tissa-lime-yang-oam-model/,/api/v1/doc/document/draft-tissa-netmod-oam/,draft-tissa-lime-yang-oam-model,draft-tissa-netmod-oam,0.8904109589041096,0.3448275862068966,1.0,1.0,0.7868918280585734,True
8532,"Generic YANG Data Model for the Management of Operations, Administration, and Maintenance (OAM) Protocols That Use Connectionless Communications",2019,/api/v1/doc/document/draft-ietf-lime-yang-connectionless-oam/,/api/v1/doc/document/draft-kumar-lime-yang-connectionless-oam/,draft-ietf-lime-yang-connectionless-oam,draft-kumar-lime-yang-connectionless-oam,0.7196652719665272,0.9019607843137255,0.75,1.0,0.7993395684633686,True
8546,The Wire Image of a Network Protocol,2019,/api/v1/doc/document/draft-iab-wire-image/,/api/v1/doc/document/draft-trammell-wire-image/,draft-iab-wire-image,draft-trammell-wire-image,1.0,1.0,1.0,1.0,0.9999999999999999,True
8574,cite-as: A Link Relation to Convey a Preferred URI for Referencing,2019,/api/v1/doc/document/draft-vandesompel-citeas/,/api/v1/doc/document/draft-vandesompel-identifier/,draft-vandesompel-citeas,draft-vandesompel-identifier,0.9172932330827067,0.375,0.75,1.0,0.756531954887218,True
8452,AES-GCM-SIV: Nonce Misuse-Resistant Authenticated Encryption,2019,/api/v1/doc/document/draft-irtf-cfrg-gcmsiv/,/api/v1/doc/document/draft-gueron-gcmsiv/,draft-irtf-cfrg-gcmsiv,draft-gueron-gcmsiv,1.0,1.0,1.0,1.0,0.9999999999999999,True
8568,Network Virtualization Research Challenges,2019,/api/v1/doc/document/draft-irtf-nfvrg-gaps-network-virtualization/,/api/v1/doc/document/draft-bernardos-nfvrg-gaps-network-virtualization/,draft-irtf-nfvrg-gaps-network-virtualization,draft-bernardos-nfvrg-gaps-network-virtualization,0.5494505494505495,0.9,0.75,1.0,0.7222527472527472,True
8586,Loop Detection in Content Delivery Networks (CDNs),2019,/api/v1/doc/document/draft-ietf-httpbis-cdn-loop/,/api/v1/doc/document/draft-cdn-loop-prevention/,draft-ietf-httpbis-cdn-loop,draft-cdn-loop-prevention,0.3283582089552239,0.34782608695652173,0.3333333333333333,1.0,0.4013843824356479,True
8584,Framework for Ethernet VPN Designated Forwarder Election Extensibility,2019,/api/v1/doc/document/draft-ietf-bess-evpn-df-election-framework/,/api/v1/doc/document/draft-ietf-bess-evpn-df-election/,draft-ietf-bess-evpn-df-election-framework,draft-ietf-bess-evpn-df-election,0.6271186440677966,0.7619047619047619,0.6666666666666666,1.0,0.7060129136400323,True
8584,Framework for Ethernet VPN Designated Forwarder Election Extensibility,2019,/api/v1/doc/document/draft-ietf-bess-evpn-df-election-framework/,/api/v1/doc/document/draft-ietf-bess-evpn-ac-df/,draft-ietf-bess-evpn-df-election-framework,draft-ietf-bess-evpn-ac-df,0.5901639344262295,0.3888888888888889,0.3333333333333333,1.0,0.5294626593806921,False
8584,Framework for Ethernet VPN Designated Forwarder Election Extensibility,2019,/api/v1/doc/document/draft-ietf-bess-evpn-df-election/,/api/v1/doc/document/draft-mohanty-bess-evpn-df-election/,draft-ietf-bess-evpn-df-election,draft-mohanty-bess-evpn-df-election,1.0,0.8648648648648649,1.0,1.0,0.9662162162162161,True
8584,Framework for Ethernet VPN Designated Forwarder Election Extensibility,2019,/api/v1/doc/document/draft-mohanty-bess-evpn-df-election/,/api/v1/doc/document/draft-mohanty-l2vpn-evpn-df-election/,draft-mohanty-bess-evpn-df-election,draft-mohanty-l2vpn-evpn-df-election,1.0,0.7906976744186046,1.0,1.0,0.9476744186046512,True
8564,Support of Point-to-Multipoint Bidirectional Forwarding Detection (BFD) in Transparent Interconnection of Lots of Links (TRILL),2019,/api/v1/doc/document/draft-ietf-trill-p2mp-bfd/,/api/v1/doc/document/draft-zhang-trill-p2mp-bfd/,draft-ietf-trill-p2mp-bfd,draft-zhang-trill-p2mp-bfd,0.4171779141104294,0.7272727272727273,0.6666666666666666,1.0,0.6028815765012083,True
8576,Internet of Things (IoT) Security: State of the Art and Challenges,2019,/api/v1/doc/document/draft-irtf-t2trg-iot-seccons/,/api/v1/doc/document/draft-garcia-core-security/,draft-irtf-t2trg-iot-seccons,draft-garcia-core-security,0.2975206611570248,0.4166666666666667,0.3333333333333333,1.0,0.4047176308539945,True
8550,Secure/Multipurpose Internet Mail Extensions (S/MIME) Version 4.0 Certificate Handling,2019,/api/v1/doc/document/draft-ietf-lamps-rfc5750-bis/,/api/v1/doc/document/draft-schaad-lamps-rfc5750-bis/,draft-ietf-lamps-rfc5750-bis,draft-schaad-lamps-rfc5750-bis,0.9761904761904762,0.7857142857142857,1.0,1.0,0.9357142857142856,True
8551,Secure/Multipurpose Internet Mail Extensions (S/MIME) Version 4.0 Message Specification,2019,/api/v1/doc/document/draft-ietf-lamps-rfc5751-bis/,/api/v1/doc/document/draft-schaad-rfc5751-bis/,draft-ietf-lamps-rfc5751-bis,draft-schaad-rfc5751-bis,0.9764705882352941,1.0,1.0,1.0,0.9894117647058823,True
8572,Secure Zero Touch Provisioning (SZTP),2019,/api/v1/doc/document/draft-ietf-netconf-zerotouch/,/api/v1/doc/document/draft-kwatsen-netconf-zerotouch/,draft-ietf-netconf-zerotouch,draft-kwatsen-netconf-zerotouch,0.5777777777777777,0.6923076923076923,0.5,1.0,0.6330769230769231,True
8577,Signaling RSVP-TE Tunnels on a Shared MPLS Forwarding Plane,2019,/api/v1/doc/document/draft-ietf-mpls-rsvp-shared-labels/,/api/v1/doc/document/draft-sitaraman-mpls-rsvp-shared-labels/,draft-ietf-mpls-rsvp-shared-labels,draft-sitaraman-mpls-rsvp-shared-labels,1.0,0.8780487804878049,1.0,1.0,0.9695121951219513,True
8585,Requirements for IPv6 Customer Edge Routers to Support IPv4-as-a-Service,2019,/api/v1/doc/document/draft-ietf-v6ops-transition-ipv4aas/,/api/v1/doc/document/draft-palet-v6ops-transition-ipv4aas/,draft-ietf-v6ops-transition-ipv4aas,draft-palet-v6ops-transition-ipv4aas,0.9290322580645162,0.8571428571428571,0.8888888888888888,1.0,0.9101280081925244,True
8560,Seamless Integration of Ethernet VPN (EVPN) with Virtual Private LAN Service (VPLS) and Their Provider Backbone Bridge (PBB) Equivalents,2019,/api/v1/doc/document/draft-ietf-bess-evpn-vpls-seamless-integ/,/api/v1/doc/document/draft-sajassi-bess-evpn-vpls-seamless-integ/,draft-ietf-bess-evpn-vpls-seamless-integ,draft-sajassi-bess-evpn-vpls-seamless-integ,0.3699421965317919,0.9056603773584906,0.8,1.0,0.652889082778929,True
8560,Seamless Integration of Ethernet VPN (EVPN) with Virtual Private LAN Service (VPLS) and Their Provider Backbone Bridge (PBB) Equivalents,2019,/api/v1/doc/document/draft-sajassi-bess-evpn-vpls-seamless-integ/,/api/v1/doc/document/draft-sajassi-l2vpn-evpn-vpls-integration/,draft-sajassi-bess-evpn-vpls-seamless-integ,draft-sajassi-l2vpn-evpn-vpls-integration,1.0,0.5714285714285714,1.0,1.0,0.8928571428571429,True
8578,Deterministic Networking Use Cases,2019,/api/v1/doc/document/draft-ietf-detnet-use-cases/,/api/v1/doc/document/draft-grossman-detnet-use-cases/,draft-ietf-detnet-use-cases,draft-grossman-detnet-use-cases,1.0,0.72,1.0,1.0,0.93,True
8590,Change Poll Extension for the Extensible Provisioning Protocol (EPP),2019,/api/v1/doc/document/draft-ietf-regext-change-poll/,/api/v1/doc/document/draft-gould-change-poll/,draft-ietf-regext-change-poll,draft-gould-change-poll,1.0,1.0,1.0,1.0,0.9999999999999999,True
8579,Sieve Email Filtering: Delivering to Special-Use Mailboxes,2019,/api/v1/doc/document/draft-ietf-extra-sieve-special-use/,/api/v1/doc/document/draft-bosch-sieve-special-use/,draft-ietf-extra-sieve-special-use,draft-bosch-sieve-special-use,1.0,1.0,1.0,1.0,0.9999999999999999,True
8588,Personal Assertion Token (PaSSporT) Extension for Signature-based Handling of Asserted information using toKENs (SHAKEN),2019,/api/v1/doc/document/draft-ietf-stir-passport-shaken/,/api/v1/doc/document/draft-wendt-stir-passport-shaken/,draft-ietf-stir-passport-shaken,draft-wendt-stir-passport-shaken,0.33783783783783783,0.8571428571428571,0.6666666666666666,1.0,0.5996460746460746,True
8593,Video Traffic Models for RTP Congestion Control Evaluations,2019,/api/v1/doc/document/draft-ietf-rmcat-video-traffic-model/,/api/v1/doc/document/draft-zhu-rmcat-video-traffic-source/,draft-ietf-rmcat-video-traffic-model,draft-zhu-rmcat-video-traffic-source,0.6486486486486487,0.7111111111111111,0.4,1.0,0.6496696696696697,True
8592,Key Performance Indicator (KPI) Stamping for the Network Service Header (NSH),2019,/api/v1/doc/document/draft-browne-sfc-nsh-kpi-stamp/,/api/v1/doc/document/draft-browne-sfc-nsh-timestamp/,draft-browne-sfc-nsh-kpi-stamp,draft-browne-sfc-nsh-timestamp,0.4444444444444444,0.8235294117647058,0.4,1.0,0.5858823529411765,True
8592,Key Performance Indicator (KPI) Stamping for the Network Service Header (NSH),2019,/api/v1/doc/document/draft-browne-sfc-nsh-timestamp/,/api/v1/doc/document/draft-browne-ietf-sfc-nsh-timestamp/,draft-browne-sfc-nsh-timestamp,draft-browne-ietf-sfc-nsh-timestamp,0.9859154929577465,0.8717948717948718,0.75,1.0,0.9116106897797038,True
8557,Deterministic Networking Problem Statement,2019,/api/v1/doc/document/draft-ietf-detnet-problem-statement/,/api/v1/doc/document/draft-finn-detnet-problem-statement/,draft-ietf-detnet-problem-statement,draft-finn-detnet-problem-statement,1.0,0.8292682926829268,1.0,1.0,0.9573170731707318,True
8547,TCP-ENO: Encryption Negotiation Option,2019,/api/v1/doc/document/draft-ietf-tcpinc-tcpeno/,/api/v1/doc/document/draft-bittau-tcpinc-tcpeno/,draft-ietf-tcpinc-tcpeno,draft-bittau-tcpinc-tcpeno,1.0,0.631578947368421,1.0,1.0,0.9078947368421052,True
8548,Cryptographic Protection of TCP Streams (tcpcrypt),2019,/api/v1/doc/document/draft-ietf-tcpinc-tcpcrypt/,/api/v1/doc/document/draft-bittau-tcpinc-tcpcrypt/,draft-ietf-tcpinc-tcpcrypt,draft-bittau-tcpinc-tcpcrypt,1.0,0.6956521739130435,1.0,1.0,0.9239130434782609,True
8598,Split DNS Configuration for the Internet Key Exchange Protocol Version 2 (IKEv2),2019,/api/v1/doc/document/draft-ietf-ipsecme-split-dns/,/api/v1/doc/document/draft-pauly-ipsecme-split-dns/,draft-ietf-ipsecme-split-dns,draft-pauly-ipsecme-split-dns,0.5945945945945946,0.6923076923076923,0.6666666666666666,1.0,0.673977823977824,True
8601,Message Header Field for Indicating Message Authentication Status,2019,/api/v1/doc/document/draft-ietf-dmarc-rfc7601bis/,/api/v1/doc/document/draft-kucherawy-dmarc-rfc7601bis/,draft-ietf-dmarc-rfc7601bis,draft-kucherawy-dmarc-rfc7601bis,1.0,0.7692307692307693,1.0,1.0,0.9423076923076924,True
8595,An MPLS-Based Forwarding Plane for Service Function Chaining,2019,/api/v1/doc/document/draft-ietf-mpls-sfc/,/api/v1/doc/document/draft-farrel-mpls-sfc/,draft-ietf-mpls-sfc,draft-farrel-mpls-sfc,1.0,0.5454545454545454,1.0,1.0,0.8863636363636364,True
8596,MPLS Transport Encapsulation for the Service Function Chaining (SFC) Network Service Header (NSH),2019,/api/v1/doc/document/draft-ietf-mpls-sfc-encapsulation/,/api/v1/doc/document/draft-malis-mpls-sfc-encapsulation/,draft-ietf-mpls-sfc-encapsulation,draft-malis-mpls-sfc-encapsulation,0.4878048780487805,0.8717948717948718,0.6666666666666666,1.0,0.6707942464040024,True
8624,Algorithm Implementation Requirements and Usage Guidance for DNSSEC,2019,/api/v1/doc/document/draft-ietf-dnsop-algorithm-update/,/api/v1/doc/document/draft-wouters-sury-dnsop-algorithm-update/,draft-ietf-dnsop-algorithm-update,draft-wouters-sury-dnsop-algorithm-update,1.0,0.7441860465116279,1.0,1.0,0.936046511627907,True
8610,Concise Data Definition Language (CDDL): A Notational Convention to Express Concise Binary Object Representation (CBOR) and JSON Data Structures,2019,/api/v1/doc/document/draft-ietf-cbor-cddl/,/api/v1/doc/document/draft-greevenbosch-appsawg-cbor-cddl/,draft-ietf-cbor-cddl,draft-greevenbosch-appsawg-cbor-cddl,0.8017241379310345,0.38095238095238093,0.7142857142857143,1.0,0.6988711001642036,True
8606,ISDN User Part (ISUP) Cause Location Parameter for the SIP Reason Header Field,2019,/api/v1/doc/document/draft-ietf-sipcore-reason-q850-loc/,/api/v1/doc/document/draft-sipcore-reason-q850-loc/,draft-ietf-sipcore-reason-q850-loc,draft-sipcore-reason-q850-loc,0.8905109489051095,1.0,1.0,1.0,0.9507299270072992,True
8606,ISDN User Part (ISUP) Cause Location Parameter for the SIP Reason Header Field,2019,/api/v1/doc/document/draft-sipcore-reason-q850-loc/,/api/v1/doc/document/draft-jesske-sipcore-reason-q850-loc/,draft-sipcore-reason-q850-loc,draft-jesske-sipcore-reason-q850-loc,1.0,0.7894736842105263,1.0,1.0,0.9473684210526315,True
8614,Updated Processing of Control Flags for BGP Virtual Private LAN Service (VPLS),2019,/api/v1/doc/document/draft-ietf-bess-bgp-vpls-control-flags/,/api/v1/doc/document/draft-singh-bess-bgp-vpls-control-flags/,draft-ietf-bess-bgp-vpls-control-flags,draft-singh-bess-bgp-vpls-control-flags,0.7741935483870968,0.8979591836734694,0.8,1.0,0.8328768926925609,True
8614,Updated Processing of Control Flags for BGP Virtual Private LAN Service (VPLS),2019,/api/v1/doc/document/draft-singh-bess-bgp-vpls-control-flags/,/api/v1/doc/document/draft-singh-l2vpn-bgp-vpls-control-flags/,draft-singh-bess-bgp-vpls-control-flags,draft-singh-l2vpn-bgp-vpls-control-flags,1.0,0.8363636363636363,1.0,1.0,0.9590909090909091,True
8622,A Lower-Effort Per-Hop Behavior (LE PHB) for Differentiated Services,2019,/api/v1/doc/document/draft-ietf-tsvwg-le-phb/,/api/v1/doc/document/draft-bless-tsvwg-le-phb/,draft-ietf-tsvwg-le-phb,draft-bless-tsvwg-le-phb,0.7307692307692307,0.6666666666666666,0.75,1.0,0.7455128205128205,True
8561,A YANG Data Model for Microwave Radio Link,2019,/api/v1/doc/document/draft-ietf-ccamp-mw-yang/,/api/v1/doc/document/draft-mwdt-ccamp-mw-yang/,draft-ietf-ccamp-mw-yang,draft-mwdt-ccamp-mw-yang,1.0,0.7,1.0,1.0,0.9249999999999999,True
8608,"BGPsec Algorithms, Key Formats, and Signature Formats",2019,/api/v1/doc/document/draft-ietf-sidrops-bgpsec-algs-rfc8208-bis/,/api/v1/doc/document/draft-borchert-sidrops-bgpsec-algs-rfc8208-bis/,draft-ietf-sidrops-bgpsec-algs-rfc8208-bis,draft-borchert-sidrops-bgpsec-algs-rfc8208-bis,1.0,0.8518518518518519,1.0,1.0,0.9629629629629629,True
8611,Label Switched Path (LSP) Ping and Traceroute Multipath Support for Link Aggregation Group (LAG) Interfaces,2019,/api/v1/doc/document/draft-ietf-mpls-lsp-ping-lag-multipath/,/api/v1/doc/document/draft-akiya-mpls-lsp-ping-lag-multipath/,draft-ietf-mpls-lsp-ping-lag-multipath,draft-akiya-mpls-lsp-ping-lag-multipath,0.9543147208121827,0.8979591836734694,0.8571428571428571,1.0,0.925359991712421,True
8600,Using Extensible Messaging and Presence Protocol (XMPP) for Security Information Exchange,2019,/api/v1/doc/document/draft-ietf-mile-xmpp-grid/,/api/v1/doc/document/draft-appala-mile-xmpp-grid/,draft-ietf-mile-xmpp-grid,draft-appala-mile-xmpp-grid,0.4,0.782608695652174,0.6666666666666666,1.0,0.6089855072463768,True
8573,Message Authentication Code for the Network Time Protocol,2019,/api/v1/doc/document/draft-ietf-ntp-mac/,/api/v1/doc/document/draft-aanchal4-ntp-mac/,draft-ietf-ntp-mac,draft-aanchal4-ntp-mac,0.991304347826087,0.6,0.6666666666666666,1.0,0.8294202898550724,True
8623,Stateful Path Computation Element (PCE) Protocol Extensions for Usage with Point-to-Multipoint TE Label Switched Paths (LSPs),2019,/api/v1/doc/document/draft-ietf-pce-stateful-pce-p2mp/,/api/v1/doc/document/draft-palle-pce-stateful-pce-p2mp/,draft-ietf-pce-stateful-pce-p2mp,draft-palle-pce-stateful-pce-p2mp,0.8015564202334631,0.8947368421052632,1.0,1.0,0.8843845996313743,True
8623,Stateful Path Computation Element (PCE) Protocol Extensions for Usage with Point-to-Multipoint TE Label Switched Paths (LSPs),2019,/api/v1/doc/document/draft-ietf-pce-stateful-pce-p2mp/,/api/v1/doc/document/draft-palle-pce-stateful-pce-initiated-p2mp-lsp/,draft-ietf-pce-stateful-pce-p2mp,draft-palle-pce-stateful-pce-initiated-p2mp-lsp,0.47115384615384615,0.6538461538461539,0.6,1.0,0.5954807692307692,False
8623,Stateful Path Computation Element (PCE) Protocol Extensions for Usage with Point-to-Multipoint TE Label Switched Paths (LSPs),2019,/api/v1/doc/document/draft-palle-pce-stateful-pce-p2mp/,/api/v1/doc/document/draft-palle-pce-stateful-pce-initiated-p2mp-lsp/,draft-palle-pce-stateful-pce-p2mp,draft-palle-pce-stateful-pce-initiated-p2mp-lsp,0.5022421524663677,0.75,0.6,-0.5,0.48350896860986553,True
8616,Email Authentication for Internationalized Mail,2019,/api/v1/doc/document/draft-ietf-dmarc-eaiauth/,/api/v1/doc/document/draft-levine-appsarea-eaiauth/,draft-ietf-dmarc-eaiauth,draft-levine-appsarea-eaiauth,0.9894736842105263,0.6086956521739131,0.75,1.0,0.8474370709382151,True
8613,Object Security for Constrained RESTful Environments (OSCORE),2019,/api/v1/doc/document/draft-ietf-core-object-security/,/api/v1/doc/document/draft-selander-ace-object-security/,draft-ietf-core-object-security,draft-selander-ace-object-security,0.5842696629213483,0.8823529411764706,0.6666666666666666,1.0,0.7168429169420577,True
8617,The Authenticated Received Chain (ARC) Protocol,2019,/api/v1/doc/document/draft-ietf-dmarc-arc-protocol/,/api/v1/doc/document/draft-andersen-arc/,draft-ietf-dmarc-arc-protocol,draft-andersen-arc,0.8311688311688312,0.4,1.0,1.0,0.774025974025974,True
8637,Applicability of the Path Computation Element (PCE) to the Abstraction and Control of TE Networks (ACTN),2019,/api/v1/doc/document/draft-ietf-pce-applicability-actn/,/api/v1/doc/document/draft-dhody-pce-applicability-actn/,draft-ietf-pce-applicability-actn,draft-dhody-pce-applicability-actn,0.9430051813471503,0.9,1.0,1.0,0.9493523316062177,True
8620,The JSON Meta Application Protocol (JMAP),2019,/api/v1/doc/document/draft-ietf-jmap-core/,/api/v1/doc/document/draft-jenkins-jmap/,draft-ietf-jmap-core,draft-jenkins-jmap,0.8695652173913043,0.0,0.75,1.0,0.641304347826087,True
8633,Network Time Protocol Best Current Practices,2019,/api/v1/doc/document/draft-ietf-ntp-bcp/,/api/v1/doc/document/draft-reilly-ntp-bcp/,draft-ietf-ntp-bcp,draft-reilly-ntp-bcp,1.0,0.6,1.0,1.0,0.9,True
8636,Public Key Cryptography for Initial Authentication in Kerberos (PKINIT) Algorithm Agility,2019,/api/v1/doc/document/draft-ietf-kitten-pkinit-alg-agility/,/api/v1/doc/document/draft-ietf-krb-wg-pkinit-alg-agility/,draft-ietf-kitten-pkinit-alg-agility,draft-ietf-krb-wg-pkinit-alg-agility,0.43243243243243246,0.9230769230769231,1.0,1.0,0.7253638253638254,True
8629,Dynamic Link Exchange Protocol (DLEP) Multi-Hop Forwarding Extension,2019,/api/v1/doc/document/draft-ietf-manet-dlep-multi-hop-extension/,/api/v1/doc/document/draft-cheng-manet-dlep-multi-hop-extension/,draft-ietf-manet-dlep-multi-hop-extension,draft-cheng-manet-dlep-multi-hop-extension,0.693069306930693,0.8888888888888888,0.8,1.0,0.794103410341034,True
8634,BGPsec Router Certificate Rollover,2019,/api/v1/doc/document/draft-ietf-sidrops-bgpsec-rollover/,/api/v1/doc/document/draft-ietf-sidr-bgpsec-rollover/,draft-ietf-sidrops-bgpsec-rollover,draft-ietf-sidr-bgpsec-rollover,1.0,1.0,1.0,1.0,0.9999999999999999,True
8634,BGPsec Router Certificate Rollover,2019,/api/v1/doc/document/draft-ietf-sidr-bgpsec-rollover/,/api/v1/doc/document/draft-rogaglia-sidr-bgpsec-rollover/,draft-ietf-sidr-bgpsec-rollover,draft-rogaglia-sidr-bgpsec-rollover,0.5274725274725275,0.8571428571428571,0.6666666666666666,1.0,0.684981684981685,True
8635,Router Keying for BGPsec,2019,/api/v1/doc/document/draft-ietf-sidrops-rtr-keying/,/api/v1/doc/document/draft-ietf-sidr-rtr-keying/,draft-ietf-sidrops-rtr-keying,draft-ietf-sidr-rtr-keying,1.0,1.0,1.0,1.0,0.9999999999999999,True
8635,Router Keying for BGPsec,2019,/api/v1/doc/document/draft-ietf-sidr-rtr-keying/,/api/v1/doc/document/draft-ymbk-bgpsec-rtr-rekeying/,draft-ietf-sidr-rtr-keying,draft-ymbk-bgpsec-rtr-rekeying,1.0,0.6896551724137931,1.0,1.0,0.9224137931034483,True
8642,Policy Behavior for Well-Known BGP Communities,2019,/api/v1/doc/document/draft-ietf-grow-wkc-behavior/,/api/v1/doc/document/draft-ymbk-grow-wkc-behavior/,draft-ietf-grow-wkc-behavior,draft-ymbk-grow-wkc-behavior,0.36585365853658536,0.8275862068965517,0.6666666666666666,1.0,0.6048640313989346,True
8621,The JSON Meta Application Protocol (JMAP) for Mail,2019,/api/v1/doc/document/draft-ietf-jmap-mail/,/api/v1/doc/document/draft-jenkins-jmapmail/,draft-ietf-jmap-mail,draft-jenkins-jmapmail,0.4262295081967213,0.6666666666666666,0.4,1.0,0.5384699453551913,True
8630,Resource Public Key Infrastructure (RPKI) Trust Anchor Locator,2019,/api/v1/doc/document/draft-ietf-sidrops-https-tal/,/api/v1/doc/document/draft-tbruijnzeels-sidrops-https-tal/,draft-ietf-sidrops-https-tal,draft-tbruijnzeels-sidrops-https-tal,1.0,0.6923076923076923,1.0,1.0,0.923076923076923,True
8581,Diameter Agent Overload and the Peer Overload Report,2019,/api/v1/doc/document/draft-ietf-dime-agent-overload/,/api/v1/doc/document/draft-donovan-dime-agent-overload/,draft-ietf-dime-agent-overload,draft-donovan-dime-agent-overload,0.6133333333333333,0.8484848484848485,0.6666666666666666,1.0,0.7214545454545453,True
8582,Diameter Overload Rate Control,2019,/api/v1/doc/document/draft-ietf-dime-doic-rate-control/,/api/v1/doc/document/draft-donovan-dime-doc-rate-control/,draft-ietf-dime-doic-rate-control,draft-donovan-dime-doc-rate-control,1.0,0.8421052631578947,1.0,1.0,0.9605263157894736,True
8625,Ethernet Traffic Parameters with Availability Information,2019,/api/v1/doc/document/draft-ietf-ccamp-rsvp-te-bandwidth-availability/,/api/v1/doc/document/draft-long-ccamp-rsvp-te-bandwidth-availability/,draft-ietf-ccamp-rsvp-te-bandwidth-availability,draft-long-ccamp-rsvp-te-bandwidth-availability,0.3937007874015748,0.9090909090909091,0.75,1.0,0.654438081603436,True
8628,OAuth 2.0 Device Authorization Grant,2019,/api/v1/doc/document/draft-ietf-oauth-device-flow/,/api/v1/doc/document/draft-denniss-oauth-device-flow/,draft-ietf-oauth-device-flow,draft-denniss-oauth-device-flow,0.631578947368421,0.7857142857142857,0.6666666666666666,1.0,0.7139724310776941,True
8649,Hash Of Root Key Certificate Extension,2019,/api/v1/doc/document/draft-ietf-lamps-hash-of-root-key-cert-extn/,/api/v1/doc/document/draft-housley-hash-of-root-key-cert-extn/,draft-ietf-lamps-hash-of-root-key-cert-extn,draft-housley-hash-of-root-key-cert-extn,1.0,1.0,1.0,1.0,0.9999999999999999,True
8645,Re-keying Mechanisms for Symmetric Keys,2019,/api/v1/doc/document/draft-irtf-cfrg-re-keying/,/api/v1/doc/document/draft-cfrg-re-keying/,draft-irtf-cfrg-re-keying,draft-cfrg-re-keying,1.0,1.0,1.0,1.0,0.9999999999999999,True
8618,Compacted-DNS (C-DNS): A Format for DNS Packet Capture,2019,/api/v1/doc/document/draft-ietf-dnsop-dns-capture-format/,/api/v1/doc/document/draft-dickinson-dnsop-dns-capture-format/,draft-ietf-dnsop-dns-capture-format,draft-dickinson-dnsop-dns-capture-format,0.6190476190476191,0.8571428571428571,0.8,1.0,0.7528571428571429,True
8638,IPv4 Multicast over an IPv6 Multicast in Softwire Mesh Networks,2019,/api/v1/doc/document/draft-ietf-softwire-mesh-multicast/,/api/v1/doc/document/draft-xu-softwire-mesh-multicast/,draft-ietf-softwire-mesh-multicast,draft-xu-softwire-mesh-multicast,0.37209302325581395,0.7567567567567568,0.6666666666666666,1.0,0.5899643829876388,True
8639,Subscription to YANG Notifications,2019,/api/v1/doc/document/draft-ietf-netconf-subscribed-notifications/,/api/v1/doc/document/draft-ietf-netconf-rfc5277bis/,draft-ietf-netconf-subscribed-notifications,draft-ietf-netconf-rfc5277bis,0.8235294117647058,0.058823529411764705,0.2,1.0,0.5252941176470588,True
8639,Subscription to YANG Notifications,2019,/api/v1/doc/document/draft-ietf-netconf-rfc5277bis/,/api/v1/doc/document/draft-gonzalez-netconf-5277bis/,draft-ietf-netconf-rfc5277bis,draft-gonzalez-netconf-5277bis,0.8395061728395061,0.64,0.6,1.0,0.7577777777777778,True
8640,Dynamic Subscription to YANG Events and Datastores over NETCONF,2019,/api/v1/doc/document/draft-ietf-netconf-netconf-event-notifications/,/api/v1/doc/document/draft-gonzalez-netconf-event-notifications/,draft-ietf-netconf-netconf-event-notifications,draft-gonzalez-netconf-event-notifications,0.13725490196078433,1.0,1.0,1.0,0.6117647058823529,True
8641,Subscription to YANG Notifications for Datastore Updates,2019,/api/v1/doc/document/draft-ietf-netconf-yang-push/,/api/v1/doc/document/draft-clemm-netconf-yang-push/,draft-ietf-netconf-yang-push,draft-clemm-netconf-yang-push,0.7142857142857143,0.6923076923076923,0.6666666666666666,1.0,0.7278388278388278,True
8641,Subscription to YANG Notifications for Datastore Updates,2019,/api/v1/doc/document/draft-clemm-netconf-yang-push/,/api/v1/doc/document/draft-netmod-clemm-datastore-push/,draft-clemm-netconf-yang-push,draft-netmod-clemm-datastore-push,0.9367088607594937,0.43243243243243246,0.8,1.0,0.7896270954498803,True
8632,A YANG Data Model for Alarm Management,2019,/api/v1/doc/document/draft-ietf-ccamp-alarm-module/,/api/v1/doc/document/draft-vallin-ccamp-alarm-module/,draft-ietf-ccamp-alarm-module,draft-vallin-ccamp-alarm-module,0.4727272727272727,0.8,0.6666666666666666,1.0,0.646060606060606,True
8632,A YANG Data Model for Alarm Management,2019,/api/v1/doc/document/draft-vallin-ccamp-alarm-module/,/api/v1/doc/document/draft-vallin-netmod-alarm-module/,draft-vallin-ccamp-alarm-module,draft-vallin-netmod-alarm-module,1.0,0.7567567567567568,1.0,1.0,0.9391891891891891,True
8651,Dynamic Link Exchange Protocol (DLEP) Control-Plane-Based Pause Extension,2019,/api/v1/doc/document/draft-ietf-manet-dlep-pause-extension/,/api/v1/doc/document/draft-cheng-manet-dlep-pause-extension/,draft-ietf-manet-dlep-pause-extension,draft-cheng-manet-dlep-pause-extension,0.7207207207207207,0.8695652173913043,0.75,1.0,0.7917156286721504,True
8655,Deterministic Networking Architecture,2019,/api/v1/doc/document/draft-ietf-detnet-architecture/,/api/v1/doc/document/draft-finn-detnet-architecture/,draft-ietf-detnet-architecture,draft-finn-detnet-architecture,1.0,0.7741935483870968,1.0,1.0,0.9435483870967741,True
8654,Extended Message Support for BGP,2019,/api/v1/doc/document/draft-ietf-idr-bgp-extended-messages/,/api/v1/doc/document/draft-ymbk-bgp-extended-messages/,draft-ietf-idr-bgp-extended-messages,draft-ymbk-bgp-extended-messages,1.0,1.0,1.0,1.0,0.9999999999999999,True
8653,On-Demand Mobility Management,2019,/api/v1/doc/document/draft-ietf-dmm-ondemand-mobility/,/api/v1/doc/document/draft-yegin-dmm-ondemand-mobility/,draft-ietf-dmm-ondemand-mobility,draft-yegin-dmm-ondemand-mobility,1.0,0.8947368421052632,1.0,1.0,0.9736842105263158,True
8652,A YANG Data Model for the Internet Group Management Protocol (IGMP) and Multicast Listener Discovery (MLD),2019,/api/v1/doc/document/draft-ietf-pim-igmp-mld-yang/,/api/v1/doc/document/draft-guo-pim-igmp-mld-yang/,draft-ietf-pim-igmp-mld-yang,draft-guo-pim-igmp-mld-yang,0.98,0.8666666666666667,1.0,1.0,0.9576666666666666,True
8671,Support for Adj-RIB-Out in the BGP Monitoring Protocol (BMP),2019,/api/v1/doc/document/draft-ietf-grow-bmp-adj-rib-out/,/api/v1/doc/document/draft-evens-grow-bmp-adj-rib-out/,draft-ietf-grow-bmp-adj-rib-out,draft-evens-grow-bmp-adj-rib-out,0.9642857142857143,0.8571428571428571,1.0,1.0,0.9482142857142858,True
8658,RADIUS Attributes for Softwire Mechanisms Based on Address plus Port (A+P),2019,/api/v1/doc/document/draft-ietf-softwire-map-radius/,/api/v1/doc/document/draft-jiang-softwire-map-radius/,draft-ietf-softwire-map-radius,draft-jiang-softwire-map-radius,0.5,0.6896551724137931,0.6666666666666666,1.0,0.6307471264367815,True
8676,YANG Modules for IPv4-in-IPv6 Address plus Port (A+P) Softwires,2019,/api/v1/doc/document/draft-ietf-softwire-yang/,/api/v1/doc/document/draft-sun-softwire-yang/,draft-ietf-softwire-yang,draft-sun-softwire-yang,0.6857142857142857,0.47058823529411764,0.5,1.0,0.626218487394958,True
8650,Dynamic Subscription to YANG Events and Datastores over RESTCONF,2019,/api/v1/doc/document/draft-ietf-netconf-restconf-notif/,/api/v1/doc/document/draft-voit-netconf-restconf-notif/,draft-ietf-netconf-restconf-notif,draft-voit-netconf-restconf-notif,0.1391304347826087,0.7777777777777778,0.6666666666666666,1.0,0.4903864734299517,True
8650,Dynamic Subscription to YANG Events and Datastores over RESTCONF,2019,/api/v1/doc/document/draft-voit-netconf-restconf-notif/,/api/v1/doc/document/draft-voit-netconf-restconf-yang-push/,draft-voit-netconf-restconf-notif,draft-voit-netconf-restconf-yang-push,0.7142857142857143,0.75,0.4,1.0,0.6889285714285714,True
8650,Dynamic Subscription to YANG Events and Datastores over RESTCONF,2019,/api/v1/doc/document/draft-voit-netconf-restconf-yang-push/,/api/v1/doc/document/draft-voit-restconf-yang-push/,draft-voit-netconf-restconf-yang-push,draft-voit-restconf-yang-push,0.6274509803921569,0.8181818181818182,0.75,1.0,0.7368983957219252,True
8657,Certification Authority Authorization (CAA) Record Extensions for Account URI and Automatic Certificate Management Environment (ACME) Method Binding,2019,/api/v1/doc/document/draft-ietf-acme-caa/,/api/v1/doc/document/draft-landau-acme-caa/,draft-ietf-acme-caa,draft-landau-acme-caa,0.24175824175824176,0.5454545454545454,0.5,1.0,0.44515484515484516,True
8659,DNS Certification Authority Authorization (CAA) Resource Record,2019,/api/v1/doc/document/draft-ietf-lamps-rfc6844bis/,/api/v1/doc/document/draft-hoffman-andrews-caa-simplification/,draft-ietf-lamps-rfc6844bis,draft-hoffman-andrews-caa-simplification,1.0,0.2222222222222222,1.0,1.0,0.8055555555555555,True
8683,Additional Deployment Guidelines for NAT64/464XLAT in Operator and Enterprise Networks,2019,/api/v1/doc/document/draft-ietf-v6ops-nat64-deployment/,/api/v1/doc/document/draft-palet-v6ops-nat64-deployment/,draft-ietf-v6ops-nat64-deployment,draft-palet-v6ops-nat64-deployment,0.7770700636942676,0.8421052631578947,0.875,1.0,0.8352078444518941,True
8687,OSPF Routing with Cross-Address Family Traffic Engineering Tunnels,2019,/api/v1/doc/document/draft-ietf-ospf-xaf-te/,/api/v1/doc/document/draft-smirnov-ospf-xaf-te/,draft-ietf-ospf-xaf-te,draft-smirnov-ospf-xaf-te,0.9635036496350365,0.7058823529411765,0.8888888888888888,1.0,0.8878250083488384,True
8689,SMTP Require TLS Option,2019,/api/v1/doc/document/draft-ietf-uta-smtp-require-tls/,/api/v1/doc/document/draft-fenton-smtp-require-tls/,draft-ietf-uta-smtp-require-tls,draft-fenton-smtp-require-tls,1.0,1.0,1.0,1.0,0.9999999999999999,True
8688,A Session Initiation Protocol (SIP) Response Code for Rejected Calls,2019,/api/v1/doc/document/draft-ietf-sipcore-rejected/,/api/v1/doc/document/draft-burger-sipcore-rejected/,draft-ietf-sipcore-rejected,draft-burger-sipcore-rejected,1.0,0.6666666666666666,1.0,1.0,0.9166666666666666,True
8660,Segment Routing with the MPLS Data Plane,2019,/api/v1/doc/document/draft-ietf-spring-segment-routing-mpls/,/api/v1/doc/document/draft-filsfils-spring-segment-routing-mpls/,draft-ietf-spring-segment-routing-mpls,draft-filsfils-spring-segment-routing-mpls,0.9473684210526315,0.851063829787234,1.0,1.0,0.9390817469204927,True
8661,Segment Routing MPLS Interworking with LDP,2019,/api/v1/doc/document/draft-ietf-spring-segment-routing-ldp-interop/,/api/v1/doc/document/draft-filsfils-spring-segment-routing-ldp-interop/,draft-ietf-spring-segment-routing-ldp-interop,draft-filsfils-spring-segment-routing-ldp-interop,0.7951807228915663,0.8852459016393442,0.8,1.0,0.8391428007110409,True
8662,Entropy Label for Source Packet Routing in Networking (SPRING) Tunnels,2019,/api/v1/doc/document/draft-ietf-mpls-spring-entropy-label/,/api/v1/doc/document/draft-kini-mpls-spring-entropy-label/,draft-ietf-mpls-spring-entropy-label,draft-kini-mpls-spring-entropy-label,0.6379310344827587,0.8888888888888888,0.75,1.0,0.7592911877394637,True
8663,MPLS Segment Routing over IP,2019,/api/v1/doc/document/draft-ietf-mpls-sr-over-ip/,/api/v1/doc/document/draft-xu-mpls-sr-over-ip/,draft-ietf-mpls-sr-over-ip,draft-xu-mpls-sr-over-ip,0.5581395348837209,0.8,0.5,1.0,0.6511627906976745,True
8663,MPLS Segment Routing over IP,2019,/api/v1/doc/document/draft-xu-mpls-sr-over-ip/,/api/v1/doc/document/draft-bryant-mpls-unified-ip-sr/,draft-xu-mpls-sr-over-ip,draft-bryant-mpls-unified-ip-sr,0.36,0.5454545454545454,0.3333333333333333,1.0,0.465030303030303,True
8663,MPLS Segment Routing over IP,2019,/api/v1/doc/document/draft-xu-mpls-sr-over-ip/,/api/v1/doc/document/draft-xu-mpls-unified-source-routing-instruction/,draft-xu-mpls-sr-over-ip,draft-xu-mpls-unified-source-routing-instruction,0.273972602739726,0.4074074074074074,0.16666666666666666,1.0,0.3584728564180619,False
8664,Path Computation Element Communication Protocol (PCEP) Extensions for Segment Routing,2019,/api/v1/doc/document/draft-ietf-pce-segment-routing/,/api/v1/doc/document/draft-sivabalan-pce-segment-routing/,draft-ietf-pce-segment-routing,draft-sivabalan-pce-segment-routing,0.5932203389830508,0.8823529411764706,0.6666666666666666,1.0,0.7208707211698239,True
8665,OSPF Extensions for Segment Routing,2019,/api/v1/doc/document/draft-ietf-ospf-segment-routing-extensions/,/api/v1/doc/document/draft-psenak-ospf-segment-routing-extensions/,draft-ietf-ospf-segment-routing-extensions,draft-psenak-ospf-segment-routing-extensions,1.0,0.9122807017543859,1.0,1.0,0.9780701754385964,True
8679,MPLS Egress Protection Framework,2019,/api/v1/doc/document/draft-ietf-mpls-egress-protection-framework/,/api/v1/doc/document/draft-shen-mpls-egress-protection-framework/,draft-ietf-mpls-egress-protection-framework,draft-shen-mpls-egress-protection-framework,1.0,0.9152542372881356,1.0,1.0,0.9788135593220338,True
8666,OSPFv3 Extensions for Segment Routing,2019,/api/v1/doc/document/draft-ietf-ospf-ospfv3-segment-routing-extensions/,/api/v1/doc/document/draft-psenak-ospf-segment-routing-ospfv3-extension/,draft-ietf-ospf-ospfv3-segment-routing-extensions,draft-psenak-ospf-segment-routing-ospfv3-extension,1.0,0.8571428571428571,1.0,1.0,0.9642857142857143,True
8667,IS-IS Extensions for Segment Routing,2019,/api/v1/doc/document/draft-ietf-isis-segment-routing-extensions/,/api/v1/doc/document/draft-previdi-isis-segment-routing-extensions/,draft-ietf-isis-segment-routing-extensions,draft-previdi-isis-segment-routing-extensions,1.0,0.9122807017543859,1.0,1.0,0.9780701754385964,True
8668,Advertising Layer 2 Bundle Member Link Attributes in IS-IS,2019,/api/v1/doc/document/draft-ietf-isis-l2bundles/,/api/v1/doc/document/draft-ginsberg-isis-l2bundles/,draft-ietf-isis-l2bundles,draft-ginsberg-isis-l2bundles,0.954954954954955,0.782608695652174,0.8333333333333334,1.0,0.89204857030944,True
8669,Segment Routing Prefix Segment Identifier Extensions for BGP,2019,/api/v1/doc/document/draft-ietf-idr-bgp-prefix-sid/,/api/v1/doc/document/draft-keyupate-idr-bgp-prefix-sid/,draft-ietf-idr-bgp-prefix-sid,draft-keyupate-idr-bgp-prefix-sid,0.8571428571428571,0.875,0.75,1.0,0.8544642857142857,True
8670,BGP Prefix Segment in Large-Scale Data Centers,2019,/api/v1/doc/document/draft-ietf-spring-segment-routing-msdc/,/api/v1/doc/document/draft-filsfils-spring-segment-routing-msdc/,draft-ietf-spring-segment-routing-msdc,draft-filsfils-spring-segment-routing-msdc,1.0,0.851063829787234,1.0,1.0,0.9627659574468085,True
8690,Clarification of Segment ID Sub-TLV Length for RFC 8287,2019,/api/v1/doc/document/draft-ietf-mpls-rfc8287-len-clarification/,/api/v1/doc/document/draft-nainar-mpls-rfc8287-len-clarification/,draft-ietf-mpls-rfc8287-len-clarification,draft-nainar-mpls-rfc8287-len-clarification,0.4175824175824176,0.9090909090909091,0.75,1.0,0.6651848151848152,True
8690,Clarification of Segment ID Sub-TLV Length for RFC 8287,2019,/api/v1/doc/document/draft-nainar-mpls-rfc8287-len-clarification/,/api/v1/doc/document/draft-nainar-mpls-rfc8287-errata/,draft-nainar-mpls-rfc8287-len-clarification,draft-nainar-mpls-rfc8287-errata,1.0,0.6938775510204082,1.0,1.0,0.923469387755102,True
8685,Path Computation Element Communication Protocol (PCEP) Extensions for the Hierarchical Path Computation Element (H-PCE) Architecture,2019,/api/v1/doc/document/draft-ietf-pce-hierarchy-extensions/,/api/v1/doc/document/draft-zhang-pce-hierarchy-extensions/,draft-ietf-pce-hierarchy-extensions,draft-zhang-pce-hierarchy-extensions,0.8132780082987552,0.9090909090909091,0.8,1.0,0.8532478310071672,True
8685,Path Computation Element Communication Protocol (PCEP) Extensions for the Hierarchical Path Computation Element (H-PCE) Architecture,2019,/api/v1/doc/document/draft-ietf-pce-hierarchy-extensions/,/api/v1/doc/document/draft-dwpz-pce-domain-diverse/,draft-ietf-pce-hierarchy-extensions,draft-dwpz-pce-domain-diverse,0.2,0.21052631578947367,0.08333333333333333,-0.5,0.1092982456140351,False
8694,Applicability of the Path Computation Element to Inter-area and Inter-AS MPLS and GMPLS Traffic Engineering,2019,/api/v1/doc/document/draft-ietf-pce-inter-area-as-applicability/,/api/v1/doc/document/draft-king-pce-inter-area-as-applicability/,draft-ietf-pce-inter-area-as-applicability,draft-king-pce-inter-area-as-applicability,1.0,0.9310344827586207,1.0,1.0,0.9827586206896551,True
8696,Using Pre-Shared Key (PSK) in the Cryptographic Message Syntax (CMS),2019,/api/v1/doc/document/draft-ietf-lamps-cms-mix-with-psk/,/api/v1/doc/document/draft-housley-cms-mix-with-psk/,draft-ietf-lamps-cms-mix-with-psk,draft-housley-cms-mix-with-psk,1.0,1.0,1.0,1.0,0.9999999999999999,True
8678,Enterprise Multihoming using Provider-Assigned IPv6 Addresses without Network Prefix Translation: Requirements and Solutions,2019,/api/v1/doc/document/draft-ietf-rtgwg-enterprise-pa-multihoming/,/api/v1/doc/document/draft-bowbakova-rtgwg-enterprise-pa-multihoming/,draft-ietf-rtgwg-enterprise-pa-multihoming,draft-bowbakova-rtgwg-enterprise-pa-multihoming,0.975,0.8928571428571429,0.7857142857142857,1.0,0.9191071428571428,True
8700,Fifty Years of RFCs,2019,/api/v1/doc/document/draft-iab-fiftyyears/,/api/v1/doc/document/draft-flanagan-fiftyyears/,draft-iab-fiftyyears,draft-flanagan-fiftyyears,1.0,1.0,1.0,1.0,0.9999999999999999,True
8691,Basic Support for IPv6 Networks Operating Outside the Context of a Basic Service Set over IEEE Std 802.11,2019,/api/v1/doc/document/draft-ietf-ipwave-ipv6-over-80211ocb/,/api/v1/doc/document/draft-petrescu-ipv6-over-80211p/,draft-ietf-ipwave-ipv6-over-80211ocb,draft-petrescu-ipv6-over-80211p,0.6598984771573604,0.8823529411764706,0.5625,1.0,0.7300425500149298,True
8680,Forward Error Correction (FEC) Framework Extension to Sliding Window Codes,2020,/api/v1/doc/document/draft-ietf-tsvwg-fecframe-ext/,/api/v1/doc/document/draft-roca-tsvwg-fecframev2/,draft-ietf-tsvwg-fecframe-ext,draft-roca-tsvwg-fecframev2,1.0,0.5714285714285714,1.0,1.0,0.8928571428571429,True
8681,Sliding Window Random Linear Code (RLC) Forward Erasure Correction (FEC) Schemes for FECFRAME,2020,/api/v1/doc/document/draft-ietf-tsvwg-rlc-fec-scheme/,/api/v1/doc/document/draft-roca-tsvwg-rlc-fec-scheme/,draft-ietf-tsvwg-rlc-fec-scheme,draft-roca-tsvwg-rlc-fec-scheme,0.9723756906077348,0.8235294117647058,0.8461538461538461,1.0,0.9126821829454265,True
8682,TinyMT32 Pseudorandom Number Generator (PRNG),2020,/api/v1/doc/document/draft-ietf-tsvwg-tinymt32/,/api/v1/doc/document/draft-roca-tsvwg-tinymt32/,draft-ietf-tsvwg-tinymt32,draft-roca-tsvwg-tinymt32,0.9885057471264368,0.7272727272727273,0.5714285714285714,1.0,0.8409314823107926,True
8693,OAuth 2.0 Token Exchange,2020,/api/v1/doc/document/draft-ietf-oauth-token-exchange/,/api/v1/doc/document/draft-jones-oauth-token-exchange/,draft-ietf-oauth-token-exchange,draft-jones-oauth-token-exchange,1.0,0.8235294117647058,1.0,1.0,0.9558823529411765,True
8693,OAuth 2.0 Token Exchange,2020,/api/v1/doc/document/draft-ietf-oauth-token-exchange/,/api/v1/doc/document/draft-campbell-oauth-sts/,draft-ietf-oauth-token-exchange,draft-campbell-oauth-sts,0.6486486486486487,0.17391304347826086,0.6,1.0,0.5553701527614571,False
8701,Applying Generate Random Extensions And Sustain Extensibility (GREASE) to TLS Extensibility,2020,/api/v1/doc/document/draft-ietf-tls-grease/,/api/v1/doc/document/draft-davidben-tls-grease/,draft-ietf-tls-grease,draft-davidben-tls-grease,0.576,0.75,0.5,1.0,0.6466999999999999,True
8699,Coupled Congestion Control for RTP Media,2020,/api/v1/doc/document/draft-ietf-rmcat-coupled-cc/,/api/v1/doc/document/draft-welzl-rmcat-coupled-cc/,draft-ietf-rmcat-coupled-cc,draft-welzl-rmcat-coupled-cc,1.0,0.7692307692307693,1.0,1.0,0.9423076923076924,True
8697,Path Computation Element Communication Protocol (PCEP) Extensions for Establishing Relationships between Sets of Label Switched Paths (LSPs),2020,/api/v1/doc/document/draft-ietf-pce-association-group/,/api/v1/doc/document/draft-minei-pce-association-group/,draft-ietf-pce-association-group,draft-minei-pce-association-group,0.6600985221674877,0.8947368421052632,0.6666666666666666,1.0,0.7540618788350185,True
8702,Use of the SHAKE One-Way Hash Functions in the Cryptographic Message Syntax (CMS),2020,/api/v1/doc/document/draft-ietf-lamps-cms-shakes/,/api/v1/doc/document/draft-dang-lamps-cms-shakes-hash/,draft-ietf-lamps-cms-shakes,draft-dang-lamps-cms-shakes-hash,1.0,0.6451612903225806,1.0,1.0,0.9112903225806451,True
8686,Application-Layer Traffic Optimization (ALTO) Cross-Domain Server Discovery,2020,/api/v1/doc/document/draft-ietf-alto-xdom-disc/,/api/v1/doc/document/draft-kiesel-alto-xdom-disc/,draft-ietf-alto-xdom-disc,draft-kiesel-alto-xdom-disc,1.0,0.782608695652174,1.0,1.0,0.9456521739130436,True
8704,Enhanced Feasible-Path Unicast Reverse Path Forwarding,2020,/api/v1/doc/document/draft-ietf-opsec-urpf-improvements/,/api/v1/doc/document/draft-sriram-opsec-urpf-improvements/,draft-ietf-opsec-urpf-improvements,draft-sriram-opsec-urpf-improvements,0.9158878504672897,0.85,0.7142857142857143,1.0,0.8675066755674232,True
8703,Dynamic Link Exchange Protocol (DLEP) Link Identifier Extension,2020,/api/v1/doc/document/draft-ietf-manet-dlep-lid-extension/,/api/v1/doc/document/draft-dlep-lid/,draft-ietf-manet-dlep-lid-extension,draft-dlep-lid,0.5319148936170213,0.2857142857142857,0.6666666666666666,1.0,0.5441236068895643,True
8703,Dynamic Link Exchange Protocol (DLEP) Link Identifier Extension,2020,/api/v1/doc/document/draft-dlep-lid/,/api/v1/doc/document/draft-taylor-manet-l3-dlep/,draft-dlep-lid,draft-taylor-manet-l3-dlep,0.711864406779661,0.25,0.16666666666666666,1.0,0.5161723163841808,True
8708,Use of the HSS/LMS Hash-Based Signature Algorithm in the Cryptographic Message Syntax (CMS),2020,/api/v1/doc/document/draft-ietf-lamps-cms-hash-sig/,/api/v1/doc/document/draft-housley-cms-mts-hash-sig/,draft-ietf-lamps-cms-hash-sig,draft-housley-cms-mts-hash-sig,0.8709677419354839,0.8571428571428571,0.75,1.0,0.8562211981566821,True
8725,JSON Web Token Best Current Practices,2020,/api/v1/doc/document/draft-ietf-oauth-jwt-bcp/,/api/v1/doc/document/draft-sheffer-oauth-jwt-bcp/,draft-ietf-oauth-jwt-bcp,draft-sheffer-oauth-jwt-bcp,1.0,0.7,1.0,1.0,0.9249999999999999,True
8742,Concise Binary Object Representation (CBOR) Sequences,2020,/api/v1/doc/document/draft-ietf-cbor-sequence/,/api/v1/doc/document/draft-bormann-cbor-sequence/,draft-ietf-cbor-sequence,draft-bormann-cbor-sequence,1.0,0.7619047619047619,1.0,1.0,0.9404761904761904,True
8695,A YANG Data Model for the Routing Information Protocol (RIP),2020,/api/v1/doc/document/draft-ietf-rtgwg-yang-rip/,/api/v1/doc/document/draft-liu-rtgwg-yang-rip/,draft-ietf-rtgwg-yang-rip,draft-liu-rtgwg-yang-rip,0.9642857142857143,0.7272727272727273,1.0,1.0,0.9157467532467533,True
8706,Restart Signaling for IS-IS,2020,/api/v1/doc/document/draft-ietf-lsr-isis-rfc5306bis/,/api/v1/doc/document/draft-ginsberg-isis-rfc5306bis/,draft-ietf-lsr-isis-rfc5306bis,draft-ginsberg-isis-rfc5306bis,1.0,1.0,1.0,1.0,0.9999999999999999,True
8740,Using TLS 1.3 with HTTP/2,2020,/api/v1/doc/document/draft-ietf-httpbis-http2-tls13/,/api/v1/doc/document/draft-davidben-http2-tls13/,draft-ietf-httpbis-http2-tls13,draft-davidben-http2-tls13,1.0,1.0,1.0,1.0,0.9999999999999999,True
8709,Ed25519 and Ed448 Public Key Algorithms for the Secure Shell (SSH) Protocol,2020,/api/v1/doc/document/draft-ietf-curdle-ssh-ed25519-ed448/,/api/v1/doc/document/draft-ietf-curdle-ssh-ed25519/,draft-ietf-curdle-ssh-ed25519-ed448,draft-ietf-curdle-ssh-ed25519,0.9185185185185185,0.7857142857142857,0.6666666666666666,1.0,0.843095238095238,True
8709,Ed25519 and Ed448 Public Key Algorithms for the Secure Shell (SSH) Protocol,2020,/api/v1/doc/document/draft-ietf-curdle-ssh-ed25519/,/api/v1/doc/document/draft-bjh21-ssh-ed25519/,draft-ietf-curdle-ssh-ed25519,draft-bjh21-ssh-ed25519,1.0,1.0,1.0,1.0,0.9999999999999999,True
8733,Path Computation Element Communication Protocol (PCEP) Extensions for MPLS-TE Label Switched Path (LSP) Auto-Bandwidth Adjustment with Stateful PCE,2020,/api/v1/doc/document/draft-ietf-pce-stateful-pce-auto-bandwidth/,/api/v1/doc/document/draft-dhody-pce-stateful-pce-auto-bandwidth/,draft-ietf-pce-stateful-pce-auto-bandwidth,draft-dhody-pce-stateful-pce-auto-bandwidth,0.672645739910314,0.9310344827586207,1.0,1.0,0.8354492036492965,True
8711,"Structure of the IETF Administrative Support Activity, Version 2.0",2020,/api/v1/doc/document/draft-ietf-iasa2-rfc4071bis/,/api/v1/doc/document/draft-ietf-iasa2-struct/,draft-ietf-iasa2-rfc4071bis,draft-ietf-iasa2-struct,0.8441558441558441,0.25,0.625,1.0,0.6673701298701299,True
8711,"Structure of the IETF Administrative Support Activity, Version 2.0",2020,/api/v1/doc/document/draft-ietf-iasa2-struct/,/api/v1/doc/document/draft-hall-iasa2-struct/,draft-ietf-iasa2-struct,draft-hall-iasa2-struct,0.8633879781420765,0.6666666666666666,0.7777777777777778,1.0,0.8107468123861566,True
8714,Update to the Process for Selection of Trustees for the IETF Trust,2020,/api/v1/doc/document/draft-ietf-iasa2-trust-update/,/api/v1/doc/document/draft-arkko-iasa2-trust-update/,draft-ietf-iasa2-trust-update,draft-arkko-iasa2-trust-update,0.9,0.8,0.8333333333333334,1.0,0.8716666666666667,True
8715,IETF Administrative Support Activity 2.0: Update to the Process for Selection of Trustees for the IETF Trust,2020,/api/v1/doc/document/draft-ietf-iasa2-trust-rationale/,/api/v1/doc/document/draft-arkko-iasa2-trust-rationale/,draft-ietf-iasa2-trust-rationale,draft-arkko-iasa2-trust-rationale,0.39080459770114945,0.8333333333333334,0.6666666666666666,1.0,0.6175287356321839,True
8716,Update to the IETF Anti-Harassment Procedures for the Replacement of the IETF Administrative Oversight Committee (IAOC) with the IETF Administration LLC,2020,/api/v1/doc/document/draft-ietf-iasa2-rfc7776bis/,/api/v1/doc/document/draft-farrresnickel-rfc7776bis/,draft-ietf-iasa2-rfc7776bis,draft-farrresnickel-rfc7776bis,0.8461538461538461,1.0,1.0,1.0,0.9307692307692307,True
8717,IETF Administrative Support Activity 2.0: Consolidated Updates to IETF Administrative Terminology,2020,/api/v1/doc/document/draft-ietf-iasa2-consolidated-upd/,/api/v1/doc/document/draft-klensin-iasa2-2418upd-5377upd/,draft-ietf-iasa2-consolidated-upd,draft-klensin-iasa2-2418upd-5377upd,0.3916083916083916,0.32432432432432434,0.2222222222222222,1.0,0.4017493017493018,True
8720,Principles for Operation of Internet Assigned Numbers Authority (IANA) Registries,2020,/api/v1/doc/document/draft-iab-rfc7500-bis/,/api/v1/doc/document/draft-ietf-iasa2-rfc7500-bis/,draft-iab-rfc7500-bis,draft-ietf-iasa2-rfc7500-bis,1.0,1.0,1.0,1.0,0.9999999999999999,True
8728,RFC Editor Model (Version 2),2020,/api/v1/doc/document/draft-ietf-iasa2-rfc6635bis/,/api/v1/doc/document/draft-hinden-iasa2-rfc6635bis/,draft-ietf-iasa2-rfc6635bis,draft-hinden-iasa2-rfc6635bis,1.0,0.7692307692307693,1.0,1.0,0.9423076923076924,True
8710,Multipart Content-Format for the Constrained Application Protocol (CoAP),2020,/api/v1/doc/document/draft-ietf-core-multipart-ct/,/api/v1/doc/document/draft-fossati-core-multipart-ct/,draft-ietf-core-multipart-ct,draft-fossati-core-multipart-ct,0.6407766990291263,0.8275862068965517,0.6666666666666666,1.0,0.728579399620578,True
8710,Multipart Content-Format for the Constrained Application Protocol (CoAP),2020,/api/v1/doc/document/draft-ietf-core-multipart-ct/,/api/v1/doc/document/draft-bormann-core-maybe/,draft-ietf-core-multipart-ct,draft-bormann-core-maybe,0.3333333333333333,0.18181818181818182,0.1111111111111111,1.0,0.31767676767676767,False
8732,Generic Security Service Application Program Interface (GSS-API) Key Exchange with SHA-2,2020,/api/v1/doc/document/draft-ietf-curdle-gss-keyex-sha2/,/api/v1/doc/document/draft-ssorce-gss-keyex-sha2/,draft-ietf-curdle-gss-keyex-sha2,draft-ssorce-gss-keyex-sha2,0.5172413793103449,1.0,1.0,1.0,0.7827586206896552,True
8705,OAuth 2.0 Mutual-TLS Client Authentication and Certificate-Bound Access Tokens,2020,/api/v1/doc/document/draft-ietf-oauth-mtls/,/api/v1/doc/document/draft-campbell-oauth-mtls/,draft-ietf-oauth-mtls,draft-campbell-oauth-mtls,0.3130434782608696,0.5714285714285714,0.5,1.0,0.4837267080745341,True
8705,OAuth 2.0 Mutual-TLS Client Authentication and Certificate-Bound Access Tokens,2020,/api/v1/doc/document/draft-campbell-oauth-mtls/,/api/v1/doc/document/draft-campbell-oauth-tls-client-auth/,draft-campbell-oauth-mtls,draft-campbell-oauth-tls-client-auth,0.5405405405405406,0.5806451612903226,0.4,1.0,0.568404533565824,True
8707,Resource Indicators for OAuth 2.0,2020,/api/v1/doc/document/draft-ietf-oauth-resource-indicators/,/api/v1/doc/document/draft-campbell-oauth-resource-indicators/,draft-ietf-oauth-resource-indicators,draft-campbell-oauth-resource-indicators,1.0,0.8636363636363636,1.0,1.0,0.9659090909090909,True
8735,Scenarios and Simulation Results of PCE in a Native IP Network,2020,/api/v1/doc/document/draft-ietf-teas-native-ip-scenarios/,/api/v1/doc/document/draft-wang-teas-ccdr/,draft-ietf-teas-native-ip-scenarios,draft-wang-teas-ccdr,0.49504950495049505,0.2857142857142857,0.1111111111111111,1.0,0.4164230708785164,True
8746,Concise Binary Object Representation (CBOR) Tags for Typed Arrays,2020,/api/v1/doc/document/draft-ietf-cbor-array-tags/,/api/v1/doc/document/draft-jroatch-cbor-tags/,draft-ietf-cbor-array-tags,draft-jroatch-cbor-tags,1.0,0.631578947368421,1.0,1.0,0.9078947368421052,True
8736,PIM Message Type Space Extension and Reserved Bits,2020,/api/v1/doc/document/draft-ietf-pim-reserved-bits/,/api/v1/doc/document/draft-venaas-pim-reserved-bits/,draft-ietf-pim-reserved-bits,draft-venaas-pim-reserved-bits,0.6304347826086957,0.8666666666666667,0.8571428571428571,1.0,0.7717908902691512,True
8737,Automated Certificate Management Environment (ACME) TLS Application-Layer Protocol Negotiation (ALPN) Challenge Extension,2020,/api/v1/doc/document/draft-ietf-acme-tls-alpn/,/api/v1/doc/document/draft-shoemaker-acme-tls-alpn/,draft-ietf-acme-tls-alpn,draft-shoemaker-acme-tls-alpn,0.44,0.7619047619047619,0.6666666666666666,1.0,0.6218095238095238,True
8738,Automated Certificate Management Environment (ACME) IP Identifier Validation Extension,2020,/api/v1/doc/document/draft-ietf-acme-ip/,/api/v1/doc/document/draft-shoemaker-acme-ip/,draft-ietf-acme-ip,draft-shoemaker-acme-ip,0.6341463414634146,0.4444444444444444,0.5,1.0,0.5964769647696477,True
8741,Ability for a Stateful Path Computation Element (PCE) to Request and Obtain Control of a Label Switched Path (LSP),2020,/api/v1/doc/document/draft-ietf-pce-lsp-control-request/,/api/v1/doc/document/draft-raghu-pce-lsp-control-request/,draft-ietf-pce-lsp-control-request,draft-raghu-pce-lsp-control-request,0.7428571428571429,0.9047619047619048,0.75,1.0,0.8104761904761905,True
8747,Proof-of-Possession Key Semantics for CBOR Web Tokens (CWTs),2020,/api/v1/doc/document/draft-ietf-ace-cwt-proof-of-possession/,/api/v1/doc/document/draft-jones-ace-cwt-proof-of-possession/,draft-ietf-ace-cwt-proof-of-possession,draft-jones-ace-cwt-proof-of-possession,1.0,0.92,1.0,1.0,0.9800000000000001,True
8739,"Support for Short-Term, Automatically Renewed (STAR) Certificates in the Automated Certificate Management Environment (ACME)",2020,/api/v1/doc/document/draft-ietf-acme-star/,/api/v1/doc/document/draft-sheffer-acme-star/,draft-ietf-acme-star,draft-sheffer-acme-star,0.6103286384976526,0.6153846153846154,0.5,1.0,0.6284940411700976,True
8739,"Support for Short-Term, Automatically Renewed (STAR) Certificates in the Automated Certificate Management Environment (ACME)",2020,/api/v1/doc/document/draft-sheffer-acme-star/,/api/v1/doc/document/draft-sheffer-acme-star-lurk/,draft-sheffer-acme-star,draft-sheffer-acme-star-lurk,0.7262569832402235,0.782608695652174,0.6666666666666666,1.0,0.7558011497044773,True
8750,Implicit Initialization Vector (IV) for Counter-Based Ciphers in Encapsulating Security Payload (ESP),2020,/api/v1/doc/document/draft-ietf-ipsecme-implicit-iv/,/api/v1/doc/document/draft-mglt-ipsecme-implicit-iv/,draft-ietf-ipsecme-implicit-iv,draft-mglt-ipsecme-implicit-iv,0.6293706293706294,0.7333333333333333,0.5,1.0,0.6665501165501165,True
8750,Implicit Initialization Vector (IV) for Counter-Based Ciphers in Encapsulating Security Payload (ESP),2020,/api/v1/doc/document/draft-ietf-ipsecme-implicit-iv/,/api/v1/doc/document/draft-mglt-6lo-aes-implicit-iv/,draft-ietf-ipsecme-implicit-iv,draft-mglt-6lo-aes-implicit-iv,0.3783783783783784,0.7333333333333333,0.3333333333333333,1.0,0.5202702702702703,False
8750,Implicit Initialization Vector (IV) for Counter-Based Ciphers in Encapsulating Security Payload (ESP),2020,/api/v1/doc/document/draft-ietf-ipsecme-implicit-iv/,/api/v1/doc/document/draft-mglt-ipsecme-diet-esp-iv-generation/,draft-ietf-ipsecme-implicit-iv,draft-mglt-ipsecme-diet-esp-iv-generation,0.24817518248175183,0.2926829268292683,0.07692307692307693,1.0,0.30023417920872075,False
8752,Report from the IAB Workshop on Exploring Synergy between Content Aggregation and the Publisher Ecosystem (ESCAPE),2020,/api/v1/doc/document/draft-iab-escape-report/,/api/v1/doc/document/draft-thomson-escape-report/,draft-iab-escape-report,draft-thomson-escape-report,1.0,1.0,1.0,1.0,0.9999999999999999,True
8748,Registry Fee Extension for the Extensible Provisioning Protocol (EPP),2020,/api/v1/doc/document/draft-ietf-regext-epp-fees/,/api/v1/doc/document/draft-brown-epp-fees/,draft-ietf-regext-epp-fees,draft-brown-epp-fees,1.0,1.0,1.0,1.0,0.9999999999999999,True
8754,IPv6 Segment Routing Header (SRH),2020,/api/v1/doc/document/draft-ietf-6man-segment-routing-header/,/api/v1/doc/document/draft-previdi-6man-segment-routing-header/,draft-ietf-6man-segment-routing-header,draft-previdi-6man-segment-routing-header,1.0,0.8979591836734694,1.0,1.0,0.9744897959183673,True
8759,RTP Payload for Timed Text Markup Language (TTML),2020,/api/v1/doc/document/draft-ietf-payload-rtp-ttml/,/api/v1/doc/document/draft-sandford-payload-rtp-ttml/,draft-ietf-payload-rtp-ttml,draft-sandford-payload-rtp-ttml,0.6666666666666666,0.6666666666666666,0.7142857142857143,1.0,0.7095238095238096,True
8760,The Session Initiation Protocol (SIP) Digest Access Authentication Scheme,2020,/api/v1/doc/document/draft-ietf-sipcore-digest-scheme/,/api/v1/doc/document/draft-yusef-sipcore-digest-scheme/,draft-ietf-sipcore-digest-scheme,draft-yusef-sipcore-digest-scheme,0.9481481481481482,0.7647058823529411,0.8571428571428571,1.0,0.8892717086834735,True
8762,Simple Two-Way Active Measurement Protocol,2020,/api/v1/doc/document/draft-ietf-ippm-stamp/,/api/v1/doc/document/draft-mirsky-ippm-stamp/,draft-ietf-ippm-stamp,draft-mirsky-ippm-stamp,1.0,0.6666666666666666,1.0,1.0,0.9166666666666666,True
8768,Constrained Application Protocol (CoAP) Hop-Limit Option,2020,/api/v1/doc/document/draft-ietf-core-hop-limit/,/api/v1/doc/document/draft-boucadair-core-hop-limit/,draft-ietf-core-hop-limit,draft-boucadair-core-hop-limit,1.0,0.782608695652174,1.0,1.0,0.9456521739130436,True
8743,Multiple Access Management Services Multi-Access Management Services (MAMS),2020,/api/v1/doc/document/draft-kanugovi-intarea-mams-framework/,/api/v1/doc/document/draft-kanugovi-intarea-mams-protocol/,draft-kanugovi-intarea-mams-framework,draft-kanugovi-intarea-mams-protocol,0.6481481481481481,0.6976744186046512,0.6666666666666666,1.0,0.6994186046511628,True
8743,Multiple Access Management Services Multi-Access Management Services (MAMS),2020,/api/v1/doc/document/draft-kanugovi-intarea-mams-framework/,/api/v1/doc/document/draft-agarwal-intarea-mams-protocol-json/,draft-kanugovi-intarea-mams-framework,draft-agarwal-intarea-mams-protocol-json,0.5194805194805194,0.625,0.5,1.0,0.5900162337662337,False
8743,Multiple Access Management Services Multi-Access Management Services (MAMS),2020,/api/v1/doc/document/draft-kanugovi-intarea-mams-framework/,/api/v1/doc/document/draft-zhu-intarea-mams-control-protocol/,draft-kanugovi-intarea-mams-framework,draft-zhu-intarea-mams-control-protocol,0.46357615894039733,0.6274509803921569,0.5,1.0,0.5654720166212179,False
8749,Moving DNSSEC Lookaside Validation (DLV) to Historic Status,2020,/api/v1/doc/document/draft-ietf-dnsop-obsolete-dlv/,/api/v1/doc/document/draft-mekking-dnsop-obsolete-dlv/,draft-ietf-dnsop-obsolete-dlv,draft-mekking-dnsop-obsolete-dlv,1.0,0.8,1.0,1.0,0.9500000000000001,True
8757,Dynamic Link Exchange Protocol (DLEP) Latency Range Extension,2020,/api/v1/doc/document/draft-ietf-manet-dlep-latency-extension/,/api/v1/doc/document/draft-cheng-manet-dlep-latency-extension/,draft-ietf-manet-dlep-latency-extension,draft-cheng-manet-dlep-latency-extension,0.6363636363636364,0.88,0.75,1.0,0.7563636363636363,True
8745,Path Computation Element Communication Protocol (PCEP) Extensions for Associating Working and Protection Label Switched Paths (LSPs) with Stateful PCE,2020,/api/v1/doc/document/draft-ietf-pce-stateful-path-protection/,/api/v1/doc/document/draft-ananthakrishnan-pce-stateful-path-protection/,draft-ietf-pce-stateful-path-protection,draft-ananthakrishnan-pce-stateful-path-protection,0.5023696682464455,0.9230769230769231,0.75,1.0,0.7068355814801313,True
8773,TLS 1.3 Extension for Certificate-Based Authentication with an External Pre-Shared Key,2020,/api/v1/doc/document/draft-ietf-tls-tls13-cert-with-extern-psk/,/api/v1/doc/document/draft-housley-tls-tls13-cert-with-extern-psk/,draft-ietf-tls-tls13-cert-with-extern-psk,draft-housley-tls-tls13-cert-with-extern-psk,1.0,0.9285714285714286,1.0,1.0,0.9821428571428571,True
8684,TCP Extensions for Multipath Operation with Multiple Addresses,2020,/api/v1/doc/document/draft-ietf-mptcp-rfc6824bis/,/api/v1/doc/document/draft-bonaventure-mptcp-exp-option/,draft-ietf-mptcp-rfc6824bis,draft-bonaventure-mptcp-exp-option,0.4421052631578947,0.15384615384615385,0.25,-0.5,0.2374089068825911,False
8751,Hierarchical Stateful Path Computation Element (PCE),2020,/api/v1/doc/document/draft-ietf-pce-stateful-hpce/,/api/v1/doc/document/draft-dhodylee-pce-stateful-hpce/,draft-ietf-pce-stateful-hpce,draft-dhodylee-pce-stateful-hpce,1.0,0.8666666666666667,1.0,1.0,0.9666666666666667,True
8767,Serving Stale Data to Improve DNS Resiliency,2020,/api/v1/doc/document/draft-ietf-dnsop-serve-stale/,/api/v1/doc/document/draft-tale-dnsop-serve-stale/,draft-ietf-dnsop-serve-stale,draft-tale-dnsop-serve-stale,1.0,0.7857142857142857,1.0,1.0,0.9464285714285715,True
8770,Host Router Support for OSPFv2,2020,/api/v1/doc/document/draft-ietf-ospf-ospfv2-hbit/,/api/v1/doc/document/draft-keyupate-ospf-ospfv2-hbit/,draft-ietf-ospf-ospfv2-hbit,draft-keyupate-ospf-ospfv2-hbit,0.7777777777777778,0.8148148148148148,0.6666666666666666,1.0,0.787037037037037,True
8770,Host Router Support for OSPFv2,2020,/api/v1/doc/document/draft-keyupate-ospf-ospfv2-hbit/,/api/v1/doc/document/draft-pillay-esnault-ospf-rbit/,draft-keyupate-ospf-ospfv2-hbit,draft-pillay-esnault-ospf-rbit,0.23076923076923078,0.48484848484848486,0.2,1.0,0.36505827505827504,True
8778,Use of the HSS/LMS Hash-Based Signature Algorithm with CBOR Object Signing and Encryption (COSE),2020,/api/v1/doc/document/draft-ietf-cose-hash-sig/,/api/v1/doc/document/draft-housley-suit-cose-hash-sig/,draft-ietf-cose-hash-sig,draft-housley-suit-cose-hash-sig,0.9555555555555556,0.6153846153846154,0.8333333333333334,1.0,0.8505128205128206,True
8724,SCHC: Generic Framework for Static Context Header Compression and Fragmentation,2020,/api/v1/doc/document/draft-ietf-lpwan-ipv6-static-context-hc/,/api/v1/doc/document/draft-toutain-lpwan-ipv6-static-context-hc/,draft-ietf-lpwan-ipv6-static-context-hc,draft-toutain-lpwan-ipv6-static-context-hc,0.5755395683453237,0.88,0.75,1.0,0.7289928057553957,True
8761,Video Codec Requirements and Evaluation Methodology,2020,/api/v1/doc/document/draft-ietf-netvc-requirements/,/api/v1/doc/document/draft-filippov-netvc-requirements/,draft-ietf-netvc-requirements,draft-filippov-netvc-requirements,1.0,0.8,1.0,1.0,0.9500000000000001,True
8761,Video Codec Requirements and Evaluation Methodology,2020,/api/v1/doc/document/draft-filippov-netvc-requirements/,/api/v1/doc/document/draft-moffitt-netvc-requirements/,draft-filippov-netvc-requirements,draft-moffitt-netvc-requirements,0.64,1.0,1.0,1.0,0.838,True
8763,Deployment Considerations for Information-Centric Networking (ICN),2020,/api/v1/doc/document/draft-irtf-icnrg-deployment-guidelines/,/api/v1/doc/document/draft-rahman-icnrg-deployment-guidelines/,draft-irtf-icnrg-deployment-guidelines,draft-rahman-icnrg-deployment-guidelines,1.0,0.875,1.0,1.0,0.9687499999999999,True
8775,PIM Designated Router Load Balancing,2020,/api/v1/doc/document/draft-ietf-pim-drlb/,/api/v1/doc/document/draft-hou-pim-drlb/,draft-ietf-pim-drlb,draft-hou-pim-drlb,0.5,0.6666666666666666,0.5,1.0,0.5916666666666667,True
8777,DNS Reverse IP Automatic Multicast Tunneling (AMT) Discovery,2020,/api/v1/doc/document/draft-ietf-mboned-driad-amt-discovery/,/api/v1/doc/document/draft-jholland-mboned-driad-amt-discovery/,draft-ietf-mboned-driad-amt-discovery,draft-jholland-mboned-driad-amt-discovery,0.6511627906976745,0.8444444444444444,0.75,1.0,0.7541343669250646,True
8781,Discovering PREF64 in Router Advertisements,2020,/api/v1/doc/document/draft-ietf-6man-ra-pref64/,/api/v1/doc/document/draft-pref64folks-6man-ra-pref64/,draft-ietf-6man-ra-pref64,draft-pref64folks-6man-ra-pref64,1.0,0.782608695652174,1.0,1.0,0.9456521739130436,True
8758,Deprecating RC4 in Secure Shell (SSH),2020,/api/v1/doc/document/draft-ietf-curdle-rc4-die-die-die/,/api/v1/doc/document/draft-luis140219-curdle-rc4-die-die-die/,draft-ietf-curdle-rc4-die-die-die,draft-luis140219-curdle-rc4-die-die-die,0.6388888888888888,0.8108108108108109,0.6666666666666666,1.0,0.723536036036036,True
8723,Double Encryption Procedures for the Secure Real-Time Transport Protocol (SRTP),2020,/api/v1/doc/document/draft-ietf-perc-double/,/api/v1/doc/document/draft-jennings-perc-double/,draft-ietf-perc-double,draft-jennings-perc-double,0.509090909090909,0.7058823529411765,0.5,1.0,0.6055614973262031,True
8782,Distributed Denial-of-Service Open Threat Signaling (DOTS) Signal Channel Specification,2020,/api/v1/doc/document/draft-ietf-dots-signal-channel/,/api/v1/doc/document/draft-reddy-dots-signal-channel/,draft-ietf-dots-signal-channel,draft-reddy-dots-signal-channel,0.9102564102564102,0.8484848484848485,1.0,1.0,0.9217365967365968,True
8782,Distributed Denial-of-Service Open Threat Signaling (DOTS) Signal Channel Specification,2020,/api/v1/doc/document/draft-reddy-dots-signal-channel/,/api/v1/doc/document/draft-reddy-dots-transport/,draft-reddy-dots-signal-channel,draft-reddy-dots-transport,0.26262626262626265,0.42424242424242425,0.25,1.0,0.37424242424242427,True
8783,Distributed Denial-of-Service Open Threat Signaling (DOTS) Data Channel Specification,2020,/api/v1/doc/document/draft-ietf-dots-data-channel/,/api/v1/doc/document/draft-reddy-dots-data-channel/,draft-ietf-dots-data-channel,draft-reddy-dots-data-channel,0.9078947368421053,0.8275862068965517,1.0,1.0,0.9154491833030852,True
8786,Updated Rules for Processing Stateful PCE Request Parameters Flags,2020,/api/v1/doc/document/draft-ietf-pce-stateful-flags/,/api/v1/doc/document/draft-farrel-pce-stateful-flags/,draft-ietf-pce-stateful-flags,draft-farrel-pce-stateful-flags,1.0,0.875,1.0,1.0,0.9687499999999999,True
8787,Location Source Parameter for the SIP Geolocation Header Field,2020,/api/v1/doc/document/draft-ietf-sipcore-locparam/,/api/v1/doc/document/draft-winterbottom-sipcore-locparam/,draft-ietf-sipcore-locparam,draft-winterbottom-sipcore-locparam,1.0,0.6666666666666666,1.0,1.0,0.9166666666666666,True
8791,YANG Data Structure Extensions,2020,/api/v1/doc/document/draft-ietf-netmod-yang-data-ext/,/api/v1/doc/document/draft-bierman-netmod-yang-data-ext/,draft-ietf-netmod-yang-data-ext,draft-bierman-netmod-yang-data-ext,0.8,0.7878787878787878,0.75,1.0,0.806969696969697,True
8793,Information-Centric Networking (ICN): Content-Centric Networking (CCNx) and Named Data Networking (NDN) Terminology,2020,/api/v1/doc/document/draft-irtf-icnrg-terminology/,/api/v1/doc/document/draft-wissingh-icnrg-terminology/,draft-irtf-icnrg-terminology,draft-wissingh-icnrg-terminology,0.6987951807228916,0.7857142857142857,0.5454545454545454,1.0,0.7199773118447818,True
8806,Running a Root Server Local to a Resolver,2020,/api/v1/doc/document/draft-ietf-dnsop-7706bis/,/api/v1/doc/document/draft-kh-dnsop-7706bis/,draft-ietf-dnsop-7706bis,draft-kh-dnsop-7706bis,0.5132743362831859,0.7,0.5,1.0,0.6059734513274336,True
8766,Discovery Proxy for Multicast DNS-Based Service Discovery,2020,/api/v1/doc/document/draft-ietf-dnssd-hybrid/,/api/v1/doc/document/draft-cheshire-dnssd-hybrid/,draft-ietf-dnssd-hybrid,draft-cheshire-dnssd-hybrid,0.7522935779816514,0.6666666666666666,0.625,1.0,0.7301987767584098,True
8766,Discovery Proxy for Multicast DNS-Based Service Discovery,2020,/api/v1/doc/document/draft-cheshire-dnssd-hybrid/,/api/v1/doc/document/draft-cheshire-mdnsext-hybrid/,draft-cheshire-dnssd-hybrid,draft-cheshire-mdnsext-hybrid,1.0,0.7692307692307693,1.0,1.0,0.9423076923076924,True
8798,Additional Units for Sensor Measurement Lists (SenML),2020,/api/v1/doc/document/draft-ietf-core-senml-more-units/,/api/v1/doc/document/draft-bormann-senml-more-units/,draft-ietf-core-senml-more-units,draft-bormann-senml-more-units,0.6753246753246753,1.0,1.0,1.0,0.8538961038961038,True
8792,Handling Long Lines in Content of Internet-Drafts and RFCs,2020,/api/v1/doc/document/draft-ietf-netmod-artwork-folding/,/api/v1/doc/document/draft-kwatsen-netmod-artwork-folding/,draft-ietf-netmod-artwork-folding,draft-kwatsen-netmod-artwork-folding,0.8620689655172413,0.8108108108108109,0.75,1.0,0.8406337371854613,True
8792,Handling Long Lines in Content of Internet-Drafts and RFCs,2020,/api/v1/doc/document/draft-kwatsen-netmod-artwork-folding/,/api/v1/doc/document/draft-wu-netmod-yang-xml-doc-conventions/,draft-kwatsen-netmod-artwork-folding,draft-wu-netmod-yang-xml-doc-conventions,0.2814814814814815,0.37735849056603776,0.14285714285714285,1.0,0.3495777178796047,True
8784,Mixing Preshared Keys in the Internet Key Exchange Protocol Version 2 (IKEv2) for Post-quantum Security,2020,/api/v1/doc/document/draft-ietf-ipsecme-qr-ikev2/,/api/v1/doc/document/draft-fluhrer-qr-ikev2/,draft-ietf-ipsecme-qr-ikev2,draft-fluhrer-qr-ikev2,0.35036496350364965,1.0,1.0,1.0,0.7076642335766424,True
8790,FETCH and PATCH with Sensor Measurement Lists (SenML),2020,/api/v1/doc/document/draft-ietf-core-senml-etch/,/api/v1/doc/document/draft-keranen-core-senml-fetch/,draft-ietf-core-senml-etch,draft-keranen-core-senml-fetch,0.9591836734693877,0.7692307692307693,1.0,1.0,0.9239403453689169,True
8796,RSVP-TE Summary Fast Reroute Extensions for Label Switched Path (LSP) Tunnels,2020,/api/v1/doc/document/draft-ietf-mpls-summary-frr-rsvpte/,/api/v1/doc/document/draft-mtaillon-mpls-summary-frr-rsvpte/,draft-ietf-mpls-summary-frr-rsvpte,draft-mtaillon-mpls-summary-frr-rsvpte,0.8461538461538461,0.8780487804878049,0.75,1.0,0.8502814258911819,True
8779,Path Computation Element Communication Protocol (PCEP) Extensions for GMPLS,2020,/api/v1/doc/document/draft-ietf-pce-gmpls-pcep-extensions/,/api/v1/doc/document/draft-margaria-pce-gmpls-pcep-extensions/,draft-ietf-pce-gmpls-pcep-extensions,draft-margaria-pce-gmpls-pcep-extensions,0.5102040816326531,0.9130434782608695,0.75,1.0,0.7078527062999113,True
8780,The Path Computation Element Communication Protocol (PCEP) Extension for Wavelength Switched Optical Network (WSON) Routing and Wavelength Assignment (RWA),2020,/api/v1/doc/document/draft-ietf-pce-wson-rwa-ext/,/api/v1/doc/document/draft-lee-pce-wson-rwa-ext/,draft-ietf-pce-wson-rwa-ext,draft-lee-pce-wson-rwa-ext,0.5533980582524272,0.8571428571428571,0.75,1.0,0.7133148404993065,True
8794,Extensible Binary Meta Language,2020,/api/v1/doc/document/draft-ietf-cellar-ebml/,/api/v1/doc/document/draft-lhomme-cellar-ebml/,draft-ietf-cellar-ebml,draft-lhomme-cellar-ebml,1.0,0.5333333333333333,1.0,1.0,0.8833333333333334,True
8744,Issues and Requirements for Server Name Identification (SNI) Encryption in TLS,2020,/api/v1/doc/document/draft-ietf-tls-sni-encryption/,/api/v1/doc/document/draft-huitema-tls-sni-encryption/,draft-ietf-tls-sni-encryption,draft-huitema-tls-sni-encryption,0.3652173913043478,0.875,0.6666666666666666,1.0,0.6164311594202898,True
8800,Path Computation Element Communication Protocol (PCEP) Extension for Label Switched Path (LSP) Diversity Constraint Signaling,2020,/api/v1/doc/document/draft-ietf-pce-association-diversity/,/api/v1/doc/document/draft-litkowski-pce-association-diversity/,draft-ietf-pce-association-diversity,draft-litkowski-pce-association-diversity,0.8202764976958525,0.9130434782608695,0.75,1.0,0.847385293528351,True
8800,Path Computation Element Communication Protocol (PCEP) Extension for Label Switched Path (LSP) Diversity Constraint Signaling,2020,/api/v1/doc/document/draft-ietf-pce-association-diversity/,/api/v1/doc/document/draft-dhody-pce-of-diverse/,draft-ietf-pce-association-diversity,draft-dhody-pce-of-diverse,0.2802547770700637,0.45714285714285713,0.06666666666666667,1.0,0.35373369730057624,False
8803,0-RTT TCP Convert Protocol,2020,/api/v1/doc/document/draft-ietf-tcpm-converters/,/api/v1/doc/document/draft-bonaventure-mptcp-converters/,draft-ietf-tcpm-converters,draft-bonaventure-mptcp-converters,0.8,0.7692307692307693,0.5,1.0,0.7523076923076923,True
8801,Discovering Provisioning Domain Names and Data,2020,/api/v1/doc/document/draft-ietf-intarea-provisioning-domains/,/api/v1/doc/document/draft-bruneau-intarea-provisioning-domains/,draft-ietf-intarea-provisioning-domains,draft-bruneau-intarea-provisioning-domains,1.0,0.8333333333333334,1.0,1.0,0.9583333333333334,True
8801,Discovering Provisioning Domain Names and Data,2020,/api/v1/doc/document/draft-bruneau-intarea-provisioning-domains/,/api/v1/doc/document/draft-bruneau-pvd/,draft-bruneau-intarea-provisioning-domains,draft-bruneau-pvd,0.6590909090909091,0.1935483870967742,0.125,1.0,0.46997800586510263,True
8727,JSON Binding of the Incident Object Description Exchange Format,2020,/api/v1/doc/document/draft-ietf-mile-jsoniodef/,/api/v1/doc/document/draft-takahashi-mile-jsoniodef/,draft-ietf-mile-jsoniodef,draft-takahashi-mile-jsoniodef,0.47619047619047616,0.782608695652174,0.5,1.0,0.6099378881987577,True
8795,YANG Data Model for Traffic Engineering (TE) Topologies,2020,/api/v1/doc/document/draft-ietf-teas-yang-te-topo/,/api/v1/doc/document/draft-liu-teas-yang-te-topo/,draft-ietf-teas-yang-te-topo,draft-liu-teas-yang-te-topo,0.7674418604651163,0.8275862068965517,0.6666666666666666,1.0,0.7855787222667736,True
8807,Login Security Extension for the Extensible Provisioning Protocol (EPP),2020,/api/v1/doc/document/draft-ietf-regext-login-security/,/api/v1/doc/document/draft-gould-regext-login-security/,draft-ietf-regext-login-security,draft-gould-regext-login-security,1.0,0.8,1.0,1.0,0.9500000000000001,True
8813,Clarifications for Elliptic Curve Cryptography Subject Public Key Information,2020,/api/v1/doc/document/draft-ietf-lamps-5480-ku-clarifications/,/api/v1/doc/document/draft-turner-5480-ku-clarifications/,draft-ietf-lamps-5480-ku-clarifications,draft-turner-5480-ku-clarifications,0.987012987012987,1.0,1.0,1.0,0.9941558441558441,True
8814,Signaling Maximum SID Depth (MSD) Using the Border Gateway Protocol - Link State,2020,/api/v1/doc/document/draft-ietf-idr-bgp-ls-segment-routing-msd/,/api/v1/doc/document/draft-tantsura-idr-bgp-ls-segment-routing-msd/,draft-ietf-idr-bgp-ls-segment-routing-msd,draft-tantsura-idr-bgp-ls-segment-routing-msd,0.9444444444444444,0.9285714285714286,0.9,1.0,0.9371428571428572,True
8812,CBOR Object Signing and Encryption (COSE) and JSON Object Signing and Encryption (JOSE) Registrations for Web Authentication (WebAuthn) Algorithms,2020,/api/v1/doc/document/draft-ietf-cose-webauthn-algorithms/,/api/v1/doc/document/draft-jones-cose-additional-algorithms/,draft-ietf-cose-webauthn-algorithms,draft-jones-cose-additional-algorithms,0.3333333333333333,0.6666666666666666,0.25,1.0,0.4666666666666667,True
8812,CBOR Object Signing and Encryption (COSE) and JSON Object Signing and Encryption (JOSE) Registrations for Web Authentication (WebAuthn) Algorithms,2020,/api/v1/doc/document/draft-jones-cose-additional-algorithms/,/api/v1/doc/document/draft-jones-webauthn-cose-algorithms/,draft-jones-cose-additional-algorithms,draft-jones-webauthn-cose-algorithms,0.46464646464646464,0.6,0.5,1.0,0.5590909090909091,True
8812,CBOR Object Signing and Encryption (COSE) and JSON Object Signing and Encryption (JOSE) Registrations for Web Authentication (WebAuthn) Algorithms,2020,/api/v1/doc/document/draft-jones-cose-additional-algorithms/,/api/v1/doc/document/draft-jones-webauthn-secp256k1/,draft-jones-cose-additional-algorithms,draft-jones-webauthn-secp256k1,0.4186046511627907,0.09090909090909091,0.2857142857142857,1.0,0.3682422228933857,False
8810,Revision to Capability Codes Registration Procedures,2020,/api/v1/doc/document/draft-ietf-idr-capabilities-registry-change/,/api/v1/doc/document/draft-scudder-idr-capabilities-registry-change/,draft-ietf-idr-capabilities-registry-change,draft-scudder-idr-capabilities-registry-change,1.0,0.9333333333333333,1.0,1.0,0.9833333333333333,True
8817,RTP Payload Format for Tactical Secure Voice Cryptographic Interoperability Specification (TSVCIS) Codec,2020,/api/v1/doc/document/draft-ietf-payload-tsvcis/,/api/v1/doc/document/draft-demjanenko-payload-tsvcis/,draft-ietf-payload-tsvcis,draft-demjanenko-payload-tsvcis,0.5109489051094891,0.6,0.5,1.0,0.57992700729927,True
8881,Network File System (NFS) Version 4 Minor Version 1 Protocol,2020,/api/v1/doc/document/draft-ietf-nfsv4-rfc5661sesqui-msns/,/api/v1/doc/document/draft-ietf-nfsv4-rfc5661-msns-update/,draft-ietf-nfsv4-rfc5661sesqui-msns,draft-ietf-nfsv4-rfc5661-msns-update,0.42990654205607476,0.6486486486486487,0.25,1.0,0.5056201060873958,True
8881,Network File System (NFS) Version 4 Minor Version 1 Protocol,2020,/api/v1/doc/document/draft-ietf-nfsv4-rfc5661-msns-update/,/api/v1/doc/document/draft-ietf-nfsv4-mv1-msns-update/,draft-ietf-nfsv4-rfc5661-msns-update,draft-ietf-nfsv4-mv1-msns-update,1.0,0.7647058823529411,1.0,1.0,0.9411764705882352,True
8881,Network File System (NFS) Version 4 Minor Version 1 Protocol,2020,/api/v1/doc/document/draft-ietf-nfsv4-mv1-msns-update/,/api/v1/doc/document/draft-dnoveck-nfsv4-mv1-msns-update/,draft-ietf-nfsv4-mv1-msns-update,draft-dnoveck-nfsv4-mv1-msns-update,0.9111111111111111,0.8333333333333334,0.75,1.0,0.8683333333333333,True
8811,DDoS Open Threat Signaling (DOTS) Architecture,2020,/api/v1/doc/document/draft-ietf-dots-architecture/,/api/v1/doc/document/draft-mortensen-dots-architecture/,draft-ietf-dots-architecture,draft-mortensen-dots-architecture,0.6902654867256637,0.8275862068965517,0.5555555555555556,1.0,0.7286271318617977,True
8889,Multipoint Alternate-Marking Method for Passive and Hybrid Performance Monitoring,2020,/api/v1/doc/document/draft-ietf-ippm-multipoint-alt-mark/,/api/v1/doc/document/draft-fioccola-ippm-multipoint-alt-mark/,draft-ietf-ippm-multipoint-alt-mark,draft-fioccola-ippm-multipoint-alt-mark,1.0,0.8837209302325582,1.0,1.0,0.9709302325581396,True
8815,Deprecating Any-Source Multicast (ASM) for Interdomain Multicast,2020,/api/v1/doc/document/draft-ietf-mboned-deprecate-interdomain-asm/,/api/v1/doc/document/draft-acg-mboned-deprecate-interdomain-asm/,draft-ietf-mboned-deprecate-interdomain-asm,draft-acg-mboned-deprecate-interdomain-asm,0.7961165048543689,0.8771929824561403,0.75,1.0,0.8275506727985011,True
8815,Deprecating Any-Source Multicast (ASM) for Interdomain Multicast,2020,/api/v1/doc/document/draft-acg-mboned-deprecate-interdomain-asm/,/api/v1/doc/document/draft-acg-mboned-multicast-models/,draft-acg-mboned-deprecate-interdomain-asm,draft-acg-mboned-multicast-models,1.0,0.36363636363636365,1.0,1.0,0.8409090909090909,True
8887,A JSON Meta Application Protocol (JMAP) Subprotocol for WebSocket,2020,/api/v1/doc/document/draft-ietf-jmap-websocket/,/api/v1/doc/document/draft-murchison-jmap-websocket/,draft-ietf-jmap-websocket,draft-murchison-jmap-websocket,1.0,0.782608695652174,1.0,1.0,0.9456521739130436,True
8890,The Internet is for End Users,2020,/api/v1/doc/document/draft-iab-for-the-users/,/api/v1/doc/document/draft-nottingham-for-the-users/,draft-iab-for-the-users,draft-nottingham-for-the-users,1.0,1.0,1.0,1.0,0.9999999999999999,True
8874,Working Group GitHub Usage Guidance,2020,/api/v1/doc/document/draft-ietf-git-using-github/,/api/v1/doc/document/draft-thomson-git-using-github/,draft-ietf-git-using-github,draft-thomson-git-using-github,0.5423728813559322,0.8571428571428571,0.6666666666666666,1.0,0.6916868442292171,True
8875,Working Group GitHub Administration,2020,/api/v1/doc/document/draft-ietf-git-github-wg-configuration/,/api/v1/doc/document/draft-cooper-wugh-github-wg-configuration/,draft-ietf-git-github-wg-configuration,draft-cooper-wugh-github-wg-configuration,0.35443037974683544,0.9019607843137255,0.6666666666666666,1.0,0.6183172002978407,True
8808,A YANG Data Model for Factory Default Settings,2020,/api/v1/doc/document/draft-ietf-netmod-factory-default/,/api/v1/doc/document/draft-wu-netmod-factory-default/,draft-ietf-netmod-factory-default,draft-wu-netmod-factory-default,0.6666666666666666,0.8108108108108109,0.6666666666666666,1.0,0.736036036036036,True
8897,Requirements for Resource Public Key Infrastructure (RPKI) Relying Parties,2020,/api/v1/doc/document/draft-ietf-sidrops-rp/,/api/v1/doc/document/draft-madi-sidrops-rp/,draft-ietf-sidrops-rp,draft-madi-sidrops-rp,1.0,0.3333333333333333,1.0,1.0,0.8333333333333334,True
8897,Requirements for Resource Public Key Infrastructure (RPKI) Relying Parties,2020,/api/v1/doc/document/draft-madi-sidrops-rp/,/api/v1/doc/document/draft-madi-sidr-rp/,draft-madi-sidrops-rp,draft-madi-sidr-rp,1.0,0.8235294117647058,1.0,1.0,0.9558823529411765,True
8882,DNS-Based Service Discovery (DNS-SD) Privacy and Security Requirements,2020,/api/v1/doc/document/draft-ietf-dnssd-prireq/,/api/v1/doc/document/draft-huitema-dnssd-prireq/,draft-ietf-dnssd-prireq,draft-huitema-dnssd-prireq,0.7407407407407407,0.6666666666666666,0.5714285714285714,1.0,0.7142857142857143,True
8894,Simple Certificate Enrolment Protocol,2020,/api/v1/doc/document/draft-gutmann-scep/,/api/v1/doc/document/draft-nourse-scep/,draft-gutmann-scep,draft-nourse-scep,0.9866666666666667,1.0,1.0,1.0,0.9939999999999999,True
8898,Third-Party Token-Based Authentication and Authorization for Session Initiation Protocol (SIP),2020,/api/v1/doc/document/draft-ietf-sipcore-sip-token-authnz/,/api/v1/doc/document/draft-ietf-sipcore-sip-authn/,draft-ietf-sipcore-sip-token-authnz,draft-ietf-sipcore-sip-authn,0.8051948051948052,0.72,0.6666666666666666,1.0,0.7756709956709956,True
8898,Third-Party Token-Based Authentication and Authorization for Session Initiation Protocol (SIP),2020,/api/v1/doc/document/draft-ietf-sipcore-sip-authn/,/api/v1/doc/document/draft-yusef-sipcore-sip-authn/,draft-ietf-sipcore-sip-authn,draft-yusef-sipcore-sip-authn,1.0,0.6923076923076923,1.0,1.0,0.923076923076923,True
8899,Packetization Layer Path MTU Discovery for Datagram Transports,2020,/api/v1/doc/document/draft-ietf-tsvwg-datagram-plpmtud/,/api/v1/doc/document/draft-fairhurst-tsvwg-datagram-plpmtud/,draft-ietf-tsvwg-datagram-plpmtud,draft-fairhurst-tsvwg-datagram-plpmtud,1.0,0.8421052631578947,1.0,1.0,0.9605263157894736,True
8900,IP Fragmentation Considered Fragile,2020,/api/v1/doc/document/draft-ietf-intarea-frag-fragile/,/api/v1/doc/document/draft-bonica-intarea-frag-fragile/,draft-ietf-intarea-frag-fragile,draft-bonica-intarea-frag-fragile,1.0,0.75,1.0,1.0,0.9374999999999999,True
8910,Captive-Portal Identification in DHCP and Router Advertisements (RAs),2020,/api/v1/doc/document/draft-ietf-capport-rfc7710bis/,/api/v1/doc/document/draft-ekwk-capport-rfc7710bis/,draft-ietf-capport-rfc7710bis,draft-ekwk-capport-rfc7710bis,0.7476635514018691,0.7142857142857143,0.5714285714285714,1.0,0.729305740987984,True
8876,Non-interactive Emergency Calls,2020,/api/v1/doc/document/draft-ietf-ecrit-data-only-ea/,/api/v1/doc/document/draft-rosen-ecrit-data-only-ea/,draft-ietf-ecrit-data-only-ea,draft-rosen-ecrit-data-only-ea,0.3582089552238806,0.8,0.6666666666666666,1.0,0.5945273631840796,True
8906,A Common Operational Problem in DNS Servers: Failure to Communicate,2020,/api/v1/doc/document/draft-ietf-dnsop-no-response-issue/,/api/v1/doc/document/draft-andrews-dns-no-response-issue/,draft-ietf-dnsop-no-response-issue,draft-andrews-dns-no-response-issue,0.890625,0.8947368421052632,0.75,1.0,0.8744654605263158,True
8804,Content Delivery Network Interconnection (CDNI) Request Routing Extensions,2020,/api/v1/doc/document/draft-ietf-cdni-request-routing-extensions/,/api/v1/doc/document/draft-finkelman-cdni-rr-sva-extensions/,draft-ietf-cdni-request-routing-extensions,draft-finkelman-cdni-rr-sva-extensions,0.5794392523364486,0.5416666666666666,0.4444444444444444,1.0,0.5850532191069574,True
8804,Content Delivery Network Interconnection (CDNI) Request Routing Extensions,2020,/api/v1/doc/document/draft-finkelman-cdni-rr-sva-extensions/,/api/v1/doc/document/draft-finkelman-cdni-sva-extensions/,draft-finkelman-cdni-rr-sva-extensions,draft-finkelman-cdni-sva-extensions,0.7037037037037037,0.926829268292683,1.0,1.0,0.8483739837398375,True
8877,Guidelines for Defining Packet Timestamps,2020,/api/v1/doc/document/draft-ietf-ntp-packet-timestamps/,/api/v1/doc/document/draft-mizrahi-intarea-packet-timestamps/,draft-ietf-ntp-packet-timestamps,draft-mizrahi-intarea-packet-timestamps,1.0,0.8095238095238095,1.0,1.0,0.9523809523809524,True
8886,Secure Device Install,2020,/api/v1/doc/document/draft-ietf-opsawg-sdi/,/api/v1/doc/document/draft-wkumari-opsawg-sdi/,draft-ietf-opsawg-sdi,draft-wkumari-opsawg-sdi,1.0,0.46153846153846156,1.0,1.0,0.8653846153846153,True
8901,Multi-Signer DNSSEC Models,2020,/api/v1/doc/document/draft-ietf-dnsop-multi-provider-dnssec/,/api/v1/doc/document/draft-huque-dnsop-multi-provider-dnssec/,draft-ietf-dnsop-multi-provider-dnssec,draft-huque-dnsop-multi-provider-dnssec,0.8518518518518519,0.875,0.75,1.0,0.8520833333333333,True
8918,Invalid TLV Handling in IS-IS,2020,/api/v1/doc/document/draft-ietf-lsr-isis-invalid-tlv/,/api/v1/doc/document/draft-ginsberg-lsr-isis-invalid-tlv/,draft-ietf-lsr-isis-invalid-tlv,draft-ginsberg-lsr-isis-invalid-tlv,1.0,0.8888888888888888,1.0,1.0,0.9722222222222222,True
8883,ICMPv6 Errors for Discarding Packets Due to Processing Limits,2020,/api/v1/doc/document/draft-ietf-6man-icmp-limits/,/api/v1/doc/document/draft-herbert-6man-icmp-limits/,draft-ietf-6man-icmp-limits,draft-herbert-6man-icmp-limits,1.0,0.8148148148148148,1.0,1.0,0.9537037037037036,True
8893,Resource Public Key Infrastructure (RPKI) Origin Validation for BGP Export,2020,/api/v1/doc/document/draft-ietf-sidrops-ov-egress/,/api/v1/doc/document/draft-ymbk-sidrops-ov-egress/,draft-ietf-sidrops-ov-egress,draft-ymbk-sidrops-ov-egress,0.5789473684210527,0.6923076923076923,0.5,1.0,0.6336032388663968,True
8902,TLS Authentication Using Intelligent Transport System (ITS) Certificates,2020,/api/v1/doc/document/draft-msahli-ise-ieee1609/,/api/v1/doc/document/draft-msahli-ipwave-extension-ieee1609/,draft-msahli-ise-ieee1609,draft-msahli-ipwave-extension-ieee1609,0.7226890756302521,0.5945945945945946,0.4,1.0,0.6538587326822621,True
8902,TLS Authentication Using Intelligent Transport System (ITS) Certificates,2020,/api/v1/doc/document/draft-msahli-ipwave-extension-ieee1609/,/api/v1/doc/document/draft-tls-certieee1609/,draft-msahli-ipwave-extension-ieee1609,draft-tls-certieee1609,0.8305084745762712,0.5405405405405406,0.6666666666666666,1.0,0.7421972820277905,True
8902,TLS Authentication Using Intelligent Transport System (ITS) Certificates,2020,/api/v1/doc/document/draft-tls-certieee1609/,/api/v1/doc/document/draft-serhrouchni-tls-certieee1609/,draft-tls-certieee1609,draft-serhrouchni-tls-certieee1609,0.6845637583892618,0.8571428571428571,0.5,1.0,0.722339405560882,True
8902,TLS Authentication Using Intelligent Transport System (ITS) Certificates,2020,/api/v1/doc/document/draft-serhrouchni-tls-certieee1609/,/api/v1/doc/document/draft-lonc-tls-certieee1609/,draft-serhrouchni-tls-certieee1609,draft-lonc-tls-certieee1609,1.0,1.0,1.0,1.0,0.9999999999999999,True
8907,The Terminal Access Controller Access-Control System Plus (TACACS+) Protocol,2020,/api/v1/doc/document/draft-ietf-opsawg-tacacs/,/api/v1/doc/document/draft-dahm-opsawg-tacacs/,draft-ietf-opsawg-tacacs,draft-dahm-opsawg-tacacs,0.41304347826086957,0.631578947368421,0.5,1.0,0.5437643020594966,True
8885,Proxy Mobile IPv6 Extensions for Distributed Mobility Management,2020,/api/v1/doc/document/draft-ietf-dmm-pmipv6-dlif/,/api/v1/doc/document/draft-bernardos-dmm-pmipv6-dlif/,draft-ietf-dmm-pmipv6-dlif,draft-bernardos-dmm-pmipv6-dlif,1.0,0.8461538461538461,1.0,1.0,0.9615384615384616,True
8885,Proxy Mobile IPv6 Extensions for Distributed Mobility Management,2020,/api/v1/doc/document/draft-bernardos-dmm-pmipv6-dlif/,/api/v1/doc/document/draft-bernardos-dmm-pmip/,draft-bernardos-dmm-pmipv6-dlif,draft-bernardos-dmm-pmip,0.7804878048780488,0.6956521739130435,0.3,1.0,0.6851325556733828,True
8885,Proxy Mobile IPv6 Extensions for Distributed Mobility Management,2020,/api/v1/doc/document/draft-bernardos-dmm-pmipv6-dlif/,/api/v1/doc/document/draft-bernardos-dmm-distributed-anchoring/,draft-bernardos-dmm-pmipv6-dlif,draft-bernardos-dmm-distributed-anchoring,0.4897959183673469,0.35,0.2,1.0,0.44790816326530614,False
8933,Update to the Cryptographic Message Syntax (CMS) for Algorithm Identifier Protection,2020,/api/v1/doc/document/draft-ietf-lamps-cms-update-alg-id-protect/,/api/v1/doc/document/draft-housley-lamps-cms-update-alg-id-protect/,draft-ietf-lamps-cms-update-alg-id-protect,draft-housley-lamps-cms-update-alg-id-protect,1.0,0.8928571428571429,1.0,1.0,0.9732142857142857,True
8924,"Service Function Chaining (SFC) Operations, Administration, and Maintenance (OAM) Framework",2020,/api/v1/doc/document/draft-ietf-sfc-oam-framework/,/api/v1/doc/document/draft-aldrin-sfc-oam-framework/,draft-ietf-sfc-oam-framework,draft-aldrin-sfc-oam-framework,0.9440993788819876,0.8666666666666667,0.6666666666666666,1.0,0.8748447204968944,True
8925,IPv6-Only Preferred Option for DHCPv4,2020,/api/v1/doc/document/draft-ietf-dhc-v6only/,/api/v1/doc/document/draft-link-dhc-v6only/,draft-ietf-dhc-v6only,draft-link-dhc-v6only,0.9722222222222222,0.75,0.6666666666666666,1.0,0.8583333333333333,True
8937,Randomness Improvements for Security Protocols,2020,/api/v1/doc/document/draft-irtf-cfrg-randomness-improvements/,/api/v1/doc/document/draft-sullivan-randomness-improvements/,draft-irtf-cfrg-randomness-improvements,draft-sullivan-randomness-improvements,1.0,1.0,1.0,1.0,0.9999999999999999,True
8937,Randomness Improvements for Security Protocols,2020,/api/v1/doc/document/draft-irtf-cfrg-randomness-improvements/,/api/v1/doc/document/draft-cremers-cfrg-randomness-improvements/,draft-irtf-cfrg-randomness-improvements,draft-cremers-cfrg-randomness-improvements,1.0,0.9019607843137255,1.0,1.0,0.9754901960784313,False
8818,Distributed Mobility Anchoring,2020,/api/v1/doc/document/draft-ietf-dmm-distributed-mobility-anchoring/,/api/v1/doc/document/draft-chan-dmm-distributed-mobility-anchoring/,draft-ietf-dmm-distributed-mobility-anchoring,draft-chan-dmm-distributed-mobility-anchoring,1.0,0.9375,1.0,1.0,0.9843749999999999,True
8922,A Survey of the Interaction between Security Protocols and Transport Services,2020,/api/v1/doc/document/draft-ietf-taps-transport-security/,/api/v1/doc/document/draft-pauly-taps-transport-security/,draft-ietf-taps-transport-security,draft-pauly-taps-transport-security,0.5982905982905983,0.8780487804878049,0.6666666666666666,1.0,0.7220762976860537,True
8923,A Minimal Set of Transport Services for End Systems,2020,/api/v1/doc/document/draft-ietf-taps-minset/,/api/v1/doc/document/draft-gjessing-taps-minset/,draft-ietf-taps-minset,draft-gjessing-taps-minset,0.9320388349514563,0.7058823529411765,0.7142857142857143,1.0,0.8387452068205924,True
8919,IS-IS Application-Specific Link Attributes,2020,/api/v1/doc/document/draft-ietf-isis-te-app/,/api/v1/doc/document/draft-ginsberg-isis-te-app/,draft-ietf-isis-te-app,draft-ginsberg-isis-te-app,0.44155844155844154,0.7058823529411765,0.5,1.0,0.5751718869365928,True
8920,OSPF Application-Specific Link Attributes,2020,/api/v1/doc/document/draft-ietf-ospf-te-link-attr-reuse/,/api/v1/doc/document/draft-ppsenak-ospf-te-link-attr-reuse/,draft-ietf-ospf-te-link-attr-reuse,draft-ppsenak-ospf-te-link-attr-reuse,0.43956043956043955,0.8780487804878049,0.75,1.0,0.6673143929241491,True
8914,Extended DNS Errors,2020,/api/v1/doc/document/draft-ietf-dnsop-extended-error/,/api/v1/doc/document/draft-wkumari-dnsop-extended-error/,draft-ietf-dnsop-extended-error,draft-wkumari-dnsop-extended-error,1.0,0.8235294117647058,1.0,1.0,0.9558823529411765,True
8932,Recommendations for DNS Privacy Service Operators,2020,/api/v1/doc/document/draft-ietf-dprive-bcp-op/,/api/v1/doc/document/draft-dickinson-dprive-bcp-op/,draft-ietf-dprive-bcp-op,draft-dickinson-dprive-bcp-op,1.0,0.631578947368421,1.0,1.0,0.9078947368421052,True
8940,"Extensible Authentication Protocol (EAP) Session-Id Derivation for EAP Subscriber Identity Module (EAP-SIM), EAP Authentication and Key Agreement (EAP-AKA), and Protected EAP (PEAP)",2020,/api/v1/doc/document/draft-ietf-emu-eap-session-id/,/api/v1/doc/document/draft-dekok-emu-eap-session-id/,draft-ietf-emu-eap-session-id,draft-dekok-emu-eap-session-id,0.25510204081632654,0.875,0.6666666666666666,1.0,0.5668792517006802,True
8916,A YANG Data Model for the Multicast Source Discovery Protocol (MSDP),2020,/api/v1/doc/document/draft-ietf-pim-msdp-yang/,/api/v1/doc/document/draft-zhang-pim-msdp-yang/,draft-ietf-pim-msdp-yang,draft-zhang-pim-msdp-yang,0.2716049382716049,0.8181818181818182,0.6666666666666666,1.0,0.5601010101010101,True
8934,PCE Communication Protocol (PCEP) Extensions for Label Switched Path (LSP) Scheduling with Stateful PCE,2020,/api/v1/doc/document/draft-ietf-pce-stateful-pce-lsp-scheduling/,/api/v1/doc/document/draft-zhuang-pce-stateful-pce-lsp-scheduling/,draft-ietf-pce-stateful-pce-lsp-scheduling,draft-zhuang-pce-stateful-pce-lsp-scheduling,0.6887417218543046,0.9310344827586207,1.0,1.0,0.8426923955240923,True
8895,Application-Layer Traffic Optimization (ALTO) Incremental Updates Using Server-Sent Events (SSE),2020,/api/v1/doc/document/draft-ietf-alto-incr-update-sse/,/api/v1/doc/document/draft-roome-alto-incr-update-sse/,draft-ietf-alto-incr-update-sse,draft-roome-alto-incr-update-sse,0.7310344827586207,0.8571428571428571,0.75,1.0,0.7932512315270936,True
8896,Application-Layer Traffic Optimization (ALTO) Cost Calendar,2020,/api/v1/doc/document/draft-ietf-alto-cost-calendar/,/api/v1/doc/document/draft-randriamasy-alto-cost-calendar/,draft-ietf-alto-cost-calendar,draft-randriamasy-alto-cost-calendar,0.48,0.8387096774193549,0.6666666666666666,1.0,0.659010752688172,True
8926,Geneve: Generic Network Virtualization Encapsulation,2020,/api/v1/doc/document/draft-ietf-nvo3-geneve/,/api/v1/doc/document/draft-gross-geneve/,draft-ietf-nvo3-geneve,draft-gross-geneve,1.0,1.0,1.0,1.0,0.9999999999999999,True
8927,JSON Type Definition,2020,/api/v1/doc/document/draft-ucarion-json-type-definition/,/api/v1/doc/document/draft-ucarion-jddf/,draft-ucarion-json-type-definition,draft-ucarion-jddf,0.6538461538461539,0.25,0.3333333333333333,1.0,0.5233974358974359,True
8909,Registry Data Escrow Specification,2020,/api/v1/doc/document/draft-ietf-regext-data-escrow/,/api/v1/doc/document/draft-arias-noguchi-registry-data-escrow/,draft-ietf-regext-data-escrow,draft-arias-noguchi-registry-data-escrow,1.0,0.5641025641025641,1.0,1.0,0.8910256410256411,True
8944,A YANG Data Model for Layer 2 Network Topologies,2020,/api/v1/doc/document/draft-ietf-i2rs-yang-l2-network-topology/,/api/v1/doc/document/draft-dong-i2rs-l2-network-topology/,draft-ietf-i2rs-yang-l2-network-topology,draft-dong-i2rs-l2-network-topology,1.0,0.8333333333333334,1.0,1.0,0.9583333333333334,True
8950,Advertising IPv4 Network Layer Reachability Information (NLRI) with an IPv6 Next Hop,2020,/api/v1/doc/document/draft-ietf-bess-rfc5549revision/,/api/v1/doc/document/draft-litkowski-bess-rfc5549revision/,draft-ietf-bess-rfc5549revision,draft-litkowski-bess-rfc5549revision,0.9685534591194969,0.8571428571428571,0.9,1.0,0.9301347708894879,True
8950,Advertising IPv4 Network Layer Reachability Information (NLRI) with an IPv6 Next Hop,2020,/api/v1/doc/document/draft-litkowski-bess-rfc5549revision/,/api/v1/doc/document/draft-litkowski-bess-vpnv4-ipv6-nh-handling/,draft-litkowski-bess-rfc5549revision,draft-litkowski-bess-vpnv4-ipv6-nh-handling,0.38848920863309355,0.3829787234042553,0.2,1.0,0.4105648247359559,True
8951,Clarification of Enrollment over Secure Transport (EST): Transfer Encodings and ASN.1,2020,/api/v1/doc/document/draft-ietf-lamps-rfc7030est-clarify/,/api/v1/doc/document/draft-richardson-lamps-rfc7030est-clarify/,draft-ietf-lamps-rfc7030est-clarify,draft-richardson-lamps-rfc7030est-clarify,1.0,0.8571428571428571,1.0,1.0,0.9642857142857143,True
8954,Online Certificate Status Protocol (OCSP) Nonce Extension,2020,/api/v1/doc/document/draft-ietf-lamps-ocsp-nonce/,/api/v1/doc/document/draft-msahni-lamps-ocsp-nonce/,draft-ietf-lamps-ocsp-nonce,draft-msahni-lamps-ocsp-nonce,0.5333333333333333,0.7692307692307693,0.6666666666666666,1.0,0.6656410256410256,True
8943,Concise Binary Object Representation (CBOR) Tags for Date,2020,/api/v1/doc/document/draft-ietf-cbor-date-tag/,/api/v1/doc/document/draft-jones-cbor-date-tag/,draft-ietf-cbor-date-tag,draft-jones-cbor-date-tag,1.0,0.7619047619047619,1.0,1.0,0.9404761904761904,True
8928,Address-Protected Neighbor Discovery for Low-Power and Lossy Networks,2020,/api/v1/doc/document/draft-ietf-6lo-ap-nd/,/api/v1/doc/document/draft-sarikaya-6lo-ap-nd/,draft-ietf-6lo-ap-nd,draft-sarikaya-6lo-ap-nd,1.0,0.7142857142857143,1.0,1.0,0.9285714285714285,True
8929,IPv6 Backbone Router,2020,/api/v1/doc/document/draft-ietf-6lo-backbone-router/,/api/v1/doc/document/draft-thubert-6lo-backbone-router/,draft-ietf-6lo-backbone-router,draft-thubert-6lo-backbone-router,1.0,0.8823529411764706,1.0,1.0,0.9705882352941176,True
8930,On Forwarding 6LoWPAN Fragments over a Multi-Hop IPv6 Network,2020,/api/v1/doc/document/draft-ietf-6lo-minimal-fragment/,/api/v1/doc/document/draft-watteyne-6lo-minimal-fragment/,draft-ietf-6lo-minimal-fragment,draft-watteyne-6lo-minimal-fragment,0.2608695652173913,0.8888888888888888,0.6666666666666666,1.0,0.5729468599033816,True
8931,IPv6 over Low-Power Wireless Personal Area Network (6LoWPAN) Selective Fragment Recovery,2020,/api/v1/doc/document/draft-ietf-6lo-fragment-recovery/,/api/v1/doc/document/draft-thubert-6lo-fragment-recovery/,draft-ietf-6lo-fragment-recovery,draft-thubert-6lo-fragment-recovery,0.5785123966942148,0.8947368421052632,0.6666666666666666,1.0,0.7173481223720457,True
8931,IPv6 over Low-Power Wireless Personal Area Network (6LoWPAN) Selective Fragment Recovery,2020,/api/v1/doc/document/draft-thubert-6lo-fragment-recovery/,/api/v1/doc/document/draft-thubert-6lo-forwarding-fragments/,draft-thubert-6lo-fragment-recovery,draft-thubert-6lo-forwarding-fragments,0.5633802816901409,0.5333333333333333,0.3333333333333333,1.0,0.5535211267605633,True
8961,Requirements for Time-Based Loss Detection,2020,/api/v1/doc/document/draft-ietf-tcpm-rto-consider/,/api/v1/doc/document/draft-allman-tcpm-rto-consider/,draft-ietf-tcpm-rto-consider,draft-allman-tcpm-rto-consider,0.43037974683544306,0.8275862068965517,0.6666666666666666,1.0,0.6339007711334206,True
8938,Deterministic Networking (DetNet) Data Plane Framework,2020,/api/v1/doc/document/draft-ietf-detnet-data-plane-framework/,/api/v1/doc/document/draft-ietf-detnet-dp-sol-ip/,draft-ietf-detnet-data-plane-framework,draft-ietf-detnet-dp-sol-ip,0.46511627906976744,0.20689655172413793,0.42857142857142855,1.0,0.4467407492267156,True
8938,Deterministic Networking (DetNet) Data Plane Framework,2020,/api/v1/doc/document/draft-ietf-detnet-data-plane-framework/,/api/v1/doc/document/draft-ietf-detnet-dp-sol-mpls/,draft-ietf-detnet-data-plane-framework,draft-ietf-detnet-dp-sol-mpls,0.45454545454545453,0.25806451612903225,0.375,1.0,0.44406158357771264,False
8938,Deterministic Networking (DetNet) Data Plane Framework,2020,/api/v1/doc/document/draft-ietf-detnet-dp-sol-ip/,/api/v1/doc/document/draft-ietf-detnet-dp-sol/,draft-ietf-detnet-dp-sol-ip,draft-ietf-detnet-dp-sol,0.9538461538461539,0.8,1.0,1.0,0.9292307692307692,True
8938,Deterministic Networking (DetNet) Data Plane Framework,2020,/api/v1/doc/document/draft-ietf-detnet-dp-sol/,/api/v1/doc/document/draft-dt-detnet-dp-sol/,draft-ietf-detnet-dp-sol,draft-dt-detnet-dp-sol,1.0,0.631578947368421,1.0,1.0,0.9078947368421052,True
8939,Deterministic Networking (DetNet) Data Plane: IP,2020,/api/v1/doc/document/draft-ietf-detnet-ip/,/api/v1/doc/document/draft-ietf-detnet-dp-sol-ip/,draft-ietf-detnet-ip,draft-ietf-detnet-dp-sol-ip,0.4810126582278481,0.36363636363636365,0.5,1.0,0.5073647871116226,True
8939,Deterministic Networking (DetNet) Data Plane: IP,2020,/api/v1/doc/document/draft-ietf-detnet-dp-sol-ip/,/api/v1/doc/document/draft-ietf-detnet-dp-sol/,draft-ietf-detnet-dp-sol-ip,draft-ietf-detnet-dp-sol,0.9538461538461539,0.8,1.0,1.0,0.9292307692307692,True
8939,Deterministic Networking (DetNet) Data Plane: IP,2020,/api/v1/doc/document/draft-ietf-detnet-dp-sol/,/api/v1/doc/document/draft-dt-detnet-dp-sol/,draft-ietf-detnet-dp-sol,draft-dt-detnet-dp-sol,1.0,0.631578947368421,1.0,1.0,0.9078947368421052,True
8945,Secret Key Transaction Authentication for DNS (TSIG),2020,/api/v1/doc/document/draft-ietf-dnsop-rfc2845bis/,/api/v1/doc/document/draft-dupont-dnsop-rfc2845bis/,draft-ietf-dnsop-rfc2845bis,draft-dupont-dnsop-rfc2845bis,1.0,0.7692307692307693,1.0,1.0,0.9423076923076924,True
8935,Push-Based Security Event Token (SET) Delivery Using HTTP,2020,/api/v1/doc/document/draft-ietf-secevent-http-push/,/api/v1/doc/document/draft-ietf-secevent-delivery/,draft-ietf-secevent-http-push,draft-ietf-secevent-delivery,0.6904761904761905,0.0,0.5555555555555556,1.0,0.5218253968253969,True
8935,Push-Based Security Event Token (SET) Delivery Using HTTP,2020,/api/v1/doc/document/draft-ietf-secevent-delivery/,/api/v1/doc/document/draft-hunt-secevent-delivery/,draft-ietf-secevent-delivery,draft-hunt-secevent-delivery,1.0,0.64,1.0,1.0,0.91,True
8935,Push-Based Security Event Token (SET) Delivery Using HTTP,2020,/api/v1/doc/document/draft-ietf-secevent-delivery/,/api/v1/doc/document/draft-hunt-secevent-distribution/,draft-ietf-secevent-delivery,draft-hunt-secevent-distribution,1.0,0.27586206896551724,1.0,1.0,0.8189655172413793,False
8936,Poll-Based Security Event Token (SET) Delivery Using HTTP,2020,/api/v1/doc/document/draft-ietf-secevent-http-poll/,/api/v1/doc/document/draft-ietf-secevent-delivery/,draft-ietf-secevent-http-poll,draft-ietf-secevent-delivery,0.6904761904761905,0.11764705882352941,0.5555555555555556,1.0,0.5512371615312792,True
8936,Poll-Based Security Event Token (SET) Delivery Using HTTP,2020,/api/v1/doc/document/draft-ietf-secevent-delivery/,/api/v1/doc/document/draft-hunt-secevent-delivery/,draft-ietf-secevent-delivery,draft-hunt-secevent-delivery,1.0,0.64,1.0,1.0,0.91,True
8936,Poll-Based Security Event Token (SET) Delivery Using HTTP,2020,/api/v1/doc/document/draft-ietf-secevent-delivery/,/api/v1/doc/document/draft-hunt-secevent-distribution/,draft-ietf-secevent-delivery,draft-hunt-secevent-distribution,1.0,0.27586206896551724,1.0,1.0,0.8189655172413793,False
8952,Captive Portal Architecture,2020,/api/v1/doc/document/draft-ietf-capport-architecture/,/api/v1/doc/document/draft-larose-capport-architecture/,draft-ietf-capport-architecture,draft-larose-capport-architecture,0.851063829787234,0.75,0.5,1.0,0.7704787234042553,True
8947,Link-Layer Address Assignment Mechanism for DHCPv6,2020,/api/v1/doc/document/draft-ietf-dhc-mac-assign/,/api/v1/doc/document/draft-bvtm-dhc-mac-assign/,draft-ietf-dhc-mac-assign,draft-bvtm-dhc-mac-assign,0.9803921568627451,0.8333333333333334,0.7142857142857143,1.0,0.8923669467787115,True
8948,Structured Local Address Plan (SLAP) Quadrant Selection Option for DHCPv6,2020,/api/v1/doc/document/draft-ietf-dhc-slap-quadrant/,/api/v1/doc/document/draft-bernardos-dhc-slap-quadrant/,draft-ietf-dhc-slap-quadrant,draft-bernardos-dhc-slap-quadrant,0.7256637168141593,0.8666666666666667,0.6666666666666666,1.0,0.7765486725663716,True
8879,TLS Certificate Compression,2020,/api/v1/doc/document/draft-ietf-tls-certificate-compression/,/api/v1/doc/document/draft-ghedini-tls-certificate-compression/,draft-ietf-tls-certificate-compression,draft-ghedini-tls-certificate-compression,0.6835443037974683,0.92,0.6666666666666666,1.0,0.770928270042194,True
8971,Bidirectional Forwarding Detection (BFD) for Virtual eXtensible Local Area Network (VXLAN),2020,/api/v1/doc/document/draft-ietf-bfd-vxlan/,/api/v1/doc/document/draft-spallagatti-bfd-vxlan/,draft-ietf-bfd-vxlan,draft-spallagatti-bfd-vxlan,0.26262626262626265,0.7142857142857143,0.5,1.0,0.4967532467532467,True
8960,A YANG Data Model for MPLS Base,2020,/api/v1/doc/document/draft-ietf-mpls-base-yang/,/api/v1/doc/document/draft-saad-mpls-base-yang/,draft-ietf-mpls-base-yang,draft-saad-mpls-base-yang,1.0,0.782608695652174,1.0,1.0,0.9456521739130436,True
8970,IMAP4 Extension: Message Preview Generation,2020,/api/v1/doc/document/draft-ietf-extra-imap-fetch-preview/,/api/v1/doc/document/draft-ietf-extra-imap-fetch-snippet/,draft-ietf-extra-imap-fetch-preview,draft-ietf-extra-imap-fetch-snippet,0.8809523809523809,0.7222222222222222,0.6666666666666666,1.0,0.8103174603174602,True
8970,IMAP4 Extension: Message Preview Generation,2020,/api/v1/doc/document/draft-ietf-extra-imap-fetch-snippet/,/api/v1/doc/document/draft-slusarz-imap-fetch-snippet/,draft-ietf-extra-imap-fetch-snippet,draft-slusarz-imap-fetch-snippet,1.0,1.0,1.0,1.0,0.9999999999999999,True
8955,Dissemination of Flow Specification Rules,2020,/api/v1/doc/document/draft-ietf-idr-rfc5575bis/,/api/v1/doc/document/draft-hr-idr-rfc5575bis/,draft-ietf-idr-rfc5575bis,draft-hr-idr-rfc5575bis,1.0,0.8333333333333334,1.0,1.0,0.9583333333333334,True
8955,Dissemination of Flow Specification Rules,2020,/api/v1/doc/document/draft-hr-idr-rfc5575bis/,/api/v1/doc/document/draft-hares-idr-rfc5575bis/,draft-hr-idr-rfc5575bis,draft-hares-idr-rfc5575bis,1.0,1.0,1.0,1.0,0.9999999999999999,True
8955,Dissemination of Flow Specification Rules,2020,/api/v1/doc/document/draft-hr-idr-rfc5575bis/,/api/v1/doc/document/draft-raszuk-idr-rfc5575bis/,draft-hr-idr-rfc5575bis,draft-raszuk-idr-rfc5575bis,1.0,1.0,1.0,1.0,0.9999999999999999,False
8955,Dissemination of Flow Specification Rules,2020,/api/v1/doc/document/draft-hr-idr-rfc5575bis/,/api/v1/doc/document/draft-ietf-idr-flowspec-packet-rate/,draft-hr-idr-rfc5575bis,draft-ietf-idr-flowspec-packet-rate,0.5365853658536586,0.11764705882352941,0.14285714285714285,1.0,0.39944660791145725,False
8955,Dissemination of Flow Specification Rules,2020,/api/v1/doc/document/draft-hr-idr-rfc5575bis/,/api/v1/doc/document/draft-loibl-bacher-idr-flowspec-clarification/,draft-hr-idr-rfc5575bis,draft-loibl-bacher-idr-flowspec-clarification,0.5396825396825397,0.3404255319148936,0.2,-0.5,0.31796352583586623,False
8956,Dissemination of Flow Specification Rules for IPv6,2020,/api/v1/doc/document/draft-ietf-idr-flow-spec-v6/,/api/v1/doc/document/draft-raszuk-idr-flow-spec-v6/,draft-ietf-idr-flow-spec-v6,draft-raszuk-idr-flow-spec-v6,1.0,0.8571428571428571,1.0,1.0,0.9642857142857143,True
8819,YANG Module Tags,2021,/api/v1/doc/document/draft-ietf-netmod-module-tags/,/api/v1/doc/document/draft-rtgyangdt-netmod-module-tags/,draft-ietf-netmod-module-tags,draft-rtgyangdt-netmod-module-tags,1.0,0.7586206896551724,1.0,1.0,0.939655172413793,True
8974,Extended Tokens and Stateless Clients in the Constrained Application Protocol (CoAP),2021,/api/v1/doc/document/draft-ietf-core-stateless/,/api/v1/doc/document/draft-hartke-core-stateless/,draft-ietf-core-stateless,draft-hartke-core-stateless,1.0,0.782608695652174,1.0,1.0,0.9456521739130436,True
9003,Extended BGP Administrative Shutdown Communication,2021,/api/v1/doc/document/draft-ietf-idr-rfc8203bis/,/api/v1/doc/document/draft-snijders-idr-rfc8203bis/,draft-ietf-idr-rfc8203bis,draft-snijders-idr-rfc8203bis,1.0,0.8333333333333334,1.0,1.0,0.9583333333333334,True
8965,Applicability of the Babel Routing Protocol,2021,/api/v1/doc/document/draft-ietf-babel-applicability/,/api/v1/doc/document/draft-chroboczek-babel-applicability/,draft-ietf-babel-applicability,draft-chroboczek-babel-applicability,1.0,0.8125,1.0,1.0,0.9531249999999999,True
8966,The Babel Routing Protocol,2021,/api/v1/doc/document/draft-ietf-babel-rfc6126bis/,/api/v1/doc/document/draft-chroboczek-babel-rfc6126bis/,draft-ietf-babel-rfc6126bis,draft-chroboczek-babel-rfc6126bis,1.0,0.7692307692307693,1.0,1.0,0.9423076923076924,True
8967,MAC Authentication for the Babel Routing Protocol,2021,/api/v1/doc/document/draft-ietf-babel-hmac/,/api/v1/doc/document/draft-do-babel-hmac/,draft-ietf-babel-hmac,draft-do-babel-hmac,0.4,0.5714285714285714,0.5,1.0,0.5228571428571428,True
8968,Babel Routing Protocol over Datagram Transport Layer Security,2021,/api/v1/doc/document/draft-ietf-babel-dtls/,/api/v1/doc/document/draft-decimo-babel-dtls/,draft-ietf-babel-dtls,draft-decimo-babel-dtls,1.0,0.5714285714285714,1.0,1.0,0.8928571428571429,True
8973,DDoS Open Threat Signaling (DOTS) Agent Discovery,2021,/api/v1/doc/document/draft-ietf-dots-server-discovery/,/api/v1/doc/document/draft-boucadair-dots-server-discovery/,draft-ietf-dots-server-discovery,draft-boucadair-dots-server-discovery,0.7166666666666667,0.8648648648648649,0.6666666666666666,1.0,0.7720495495495495,True
8973,DDoS Open Threat Signaling (DOTS) Agent Discovery,2021,/api/v1/doc/document/draft-boucadair-dots-server-discovery/,/api/v1/doc/document/draft-boucadair-dots-dhcp/,draft-boucadair-dots-server-discovery,draft-boucadair-dots-dhcp,0.7671232876712328,0.4666666666666667,0.6363636363636364,1.0,0.6891448733914487,True
8838,Trickle ICE: Incremental Provisioning of Candidates for the Interactive Connectivity Establishment (ICE) Protocol,2021,/api/v1/doc/document/draft-ietf-ice-trickle/,/api/v1/doc/document/draft-ietf-mmusic-trickle-ice/,draft-ietf-ice-trickle,draft-ietf-mmusic-trickle-ice,1.0,0.7777777777777778,1.0,1.0,0.9444444444444445,True
8838,Trickle ICE: Incremental Provisioning of Candidates for the Interactive Connectivity Establishment (ICE) Protocol,2021,/api/v1/doc/document/draft-ietf-mmusic-trickle-ice/,/api/v1/doc/document/draft-ivov-mmusic-trickle-ice/,draft-ietf-mmusic-trickle-ice,draft-ivov-mmusic-trickle-ice,1.0,0.7586206896551724,1.0,1.0,0.939655172413793,True
8838,Trickle ICE: Incremental Provisioning of Candidates for the Interactive Connectivity Establishment (ICE) Protocol,2021,/api/v1/doc/document/draft-ivov-mmusic-trickle-ice/,/api/v1/doc/document/draft-rescorla-mmusic-ice-trickle/,draft-ivov-mmusic-trickle-ice,draft-rescorla-mmusic-ice-trickle,1.0,0.7777777777777778,1.0,1.0,0.9444444444444445,True
8839,Session Description Protocol (SDP) Offer/Answer Procedures for Interactive Connectivity Establishment (ICE),2021,/api/v1/doc/document/draft-ietf-mmusic-ice-sip-sdp/,/api/v1/doc/document/draft-petithuguenin-mmusic-ice-sip-sdp/,draft-ietf-mmusic-ice-sip-sdp,draft-petithuguenin-mmusic-ice-sip-sdp,0.44537815126050423,0.7586206896551724,0.75,1.0,0.64007534048102,True
8841,Session Description Protocol (SDP) Offer/Answer Procedures for Stream Control Transmission Protocol (SCTP) over Datagram Transport Layer Security (DTLS) Transport,2021,/api/v1/doc/document/draft-ietf-mmusic-sctp-sdp/,/api/v1/doc/document/draft-loreto-mmusic-sctp-sdp/,draft-ietf-mmusic-sctp-sdp,draft-loreto-mmusic-sctp-sdp,0.525096525096525,0.6956521739130435,0.6666666666666666,1.0,0.6435398131050304,True
8842,Session Description Protocol (SDP) Offer/Answer Considerations for Datagram Transport Layer Security (DTLS) and Transport Layer Security (TLS),2021,/api/v1/doc/document/draft-ietf-mmusic-dtls-sdp/,/api/v1/doc/document/draft-holmberg-mmusic-sdp-dtls/,draft-ietf-mmusic-dtls-sdp,draft-holmberg-mmusic-sdp-dtls,0.3867403314917127,0.34782608695652173,0.6666666666666666,1.0,0.49432300424373443,True
8844,Unknown Key-Share Attacks on Uses of TLS with the Session Description Protocol (SDP),2021,/api/v1/doc/document/draft-ietf-mmusic-sdp-uks/,/api/v1/doc/document/draft-thomson-mmusic-sdp-uks/,draft-ietf-mmusic-sdp-uks,draft-thomson-mmusic-sdp-uks,0.8864864864864865,0.6666666666666666,0.6666666666666666,1.0,0.7989189189189189,True
8844,Unknown Key-Share Attacks on Uses of TLS with the Session Description Protocol (SDP),2021,/api/v1/doc/document/draft-thomson-mmusic-sdp-uks/,/api/v1/doc/document/draft-thomson-avtcore-sdp-uks/,draft-thomson-mmusic-sdp-uks,draft-thomson-avtcore-sdp-uks,1.0,0.6206896551724138,1.0,1.0,0.9051724137931035,True
8845,Framework for Telepresence Multi-Streams,2021,/api/v1/doc/document/draft-ietf-clue-framework/,/api/v1/doc/document/draft-romanow-clue-framework/,draft-ietf-clue-framework,draft-romanow-clue-framework,1.0,0.782608695652174,1.0,1.0,0.9456521739130436,True
8846,An XML Schema for the Controlling Multiple Streams for Telepresence (CLUE) Data Model,2021,/api/v1/doc/document/draft-ietf-clue-data-model-schema/,/api/v1/doc/document/draft-presta-clue-data-model-schema/,draft-ietf-clue-data-model-schema,draft-presta-clue-data-model-schema,0.6166666666666667,0.8717948717948718,0.75,1.0,0.745448717948718,True
8847,Protocol for Controlling Multiple Streams for Telepresence (CLUE),2021,/api/v1/doc/document/draft-ietf-clue-protocol/,/api/v1/doc/document/draft-presta-clue-protocol/,draft-ietf-clue-protocol,draft-presta-clue-protocol,0.21052631578947367,0.7619047619047619,0.2,1.0,0.4252130325814536,True
8848,Session Signaling for Controlling Multiple Streams for Telepresence (CLUE),2021,/api/v1/doc/document/draft-ietf-clue-signaling/,/api/v1/doc/document/draft-kyzivat-clue-signaling/,draft-ietf-clue-signaling,draft-kyzivat-clue-signaling,0.2558139534883721,0.782608695652174,0.5,1.0,0.5107684529828109,True
8850,Controlling Multiple Streams for Telepresence (CLUE) Protocol Data Channel,2021,/api/v1/doc/document/draft-ietf-clue-datachannel/,/api/v1/doc/document/draft-holmberg-clue-datachannel/,draft-ietf-clue-datachannel,draft-holmberg-clue-datachannel,0.5306122448979592,0.8148148148148148,0.5,1.0,0.6424792139077853,True
8825,Overview: Real-Time Protocols for Browser-Based Applications,2021,/api/v1/doc/document/draft-ietf-rtcweb-overview/,/api/v1/doc/document/draft-alvestrand-rtcweb-overview/,draft-ietf-rtcweb-overview,draft-alvestrand-rtcweb-overview,0.9914529914529915,0.6956521739130435,0.75,1.0,0.8700668896321071,True
8826,Security Considerations for WebRTC,2021,/api/v1/doc/document/draft-ietf-rtcweb-security/,/api/v1/doc/document/draft-rescorla-rtcweb-security/,draft-ietf-rtcweb-security,draft-rescorla-rtcweb-security,0.8985507246376812,0.6956521739130435,0.5,1.0,0.7782608695652173,True
8828,WebRTC IP Address Handling Requirements,2021,/api/v1/doc/document/draft-ietf-rtcweb-ip-handling/,/api/v1/doc/document/draft-shieh-rtcweb-ip-handling/,draft-ietf-rtcweb-ip-handling,draft-shieh-rtcweb-ip-handling,0.8395061728395061,0.7586206896551724,0.6,1.0,0.7874329501915709,True
8830,WebRTC MediaStream Identification in the Session Description Protocol,2021,/api/v1/doc/document/draft-ietf-mmusic-msid/,/api/v1/doc/document/draft-alvestrand-mmusic-msid/,draft-ietf-mmusic-msid,draft-alvestrand-mmusic-msid,0.8428571428571429,0.5333333333333333,0.5,1.0,0.7126190476190476,True
8830,WebRTC MediaStream Identification in the Session Description Protocol,2021,/api/v1/doc/document/draft-alvestrand-mmusic-msid/,/api/v1/doc/document/draft-alvestrand-rtcweb-msid/,draft-alvestrand-mmusic-msid,draft-alvestrand-rtcweb-msid,1.0,0.5454545454545454,1.0,1.0,0.8863636363636364,True
8831,WebRTC Data Channels,2021,/api/v1/doc/document/draft-ietf-rtcweb-data-channel/,/api/v1/doc/document/draft-jesup-rtcweb-data/,draft-ietf-rtcweb-data-channel,draft-jesup-rtcweb-data,0.5652173913043478,0.34782608695652173,0.3333333333333333,1.0,0.5079710144927536,True
8832,WebRTC Data Channel Establishment Protocol,2021,/api/v1/doc/document/draft-ietf-rtcweb-data-protocol/,/api/v1/doc/document/draft-jesup-rtcweb-data-protocol/,draft-ietf-rtcweb-data-protocol,draft-jesup-rtcweb-data-protocol,0.8,0.7878787878787878,0.75,1.0,0.806969696969697,True
8833,Application-Layer Protocol Negotiation (ALPN) for WebRTC,2021,/api/v1/doc/document/draft-ietf-rtcweb-alpn/,/api/v1/doc/document/draft-thomson-rtcweb-alpn/,draft-ietf-rtcweb-alpn,draft-thomson-rtcweb-alpn,0.7424242424242424,0.5333333333333333,0.5,1.0,0.6674242424242424,True
8834,Media Transport and Use of RTP in WebRTC,2021,/api/v1/doc/document/draft-ietf-rtcweb-rtp-usage/,/api/v1/doc/document/draft-perkins-rtcweb-rtp-usage/,draft-ietf-rtcweb-rtp-usage,draft-perkins-rtcweb-rtp-usage,0.29411764705882354,0.72,0.6666666666666666,1.0,0.5456862745098039,True
8836,Congestion Control Requirements for Interactive Real-Time Media,2021,/api/v1/doc/document/draft-ietf-rmcat-cc-requirements/,/api/v1/doc/document/draft-jesup-rmcat-reqs/,draft-ietf-rmcat-cc-requirements,draft-jesup-rmcat-reqs,0.7115384615384616,0.48,0.375,1.0,0.6151923076923077,True
8837,Differentiated Services Code Point (DSCP) Packet Markings for WebRTC QoS,2021,/api/v1/doc/document/draft-ietf-tsvwg-rtcweb-qos/,/api/v1/doc/document/draft-dhesikan-tsvwg-rtcweb-qos/,draft-ietf-tsvwg-rtcweb-qos,draft-dhesikan-tsvwg-rtcweb-qos,0.5565217391304348,0.7692307692307693,0.6666666666666666,1.0,0.6760758082497212,True
8837,Differentiated Services Code Point (DSCP) Packet Markings for WebRTC QoS,2021,/api/v1/doc/document/draft-dhesikan-tsvwg-rtcweb-qos/,/api/v1/doc/document/draft-ietf-rtcweb-qos/,draft-dhesikan-tsvwg-rtcweb-qos,draft-ietf-rtcweb-qos,1.0,0.3157894736842105,1.0,1.0,0.8289473684210525,True
8837,Differentiated Services Code Point (DSCP) Packet Markings for WebRTC QoS,2021,/api/v1/doc/document/draft-ietf-rtcweb-qos/,/api/v1/doc/document/draft-jennings-rtcweb-qos/,draft-ietf-rtcweb-qos,draft-jennings-rtcweb-qos,1.0,0.46153846153846156,1.0,1.0,0.8653846153846153,True
8858,Indicating Exclusive Support of RTP and RTP Control Protocol (RTCP) Multiplexing Using the Session Description Protocol (SDP),2021,/api/v1/doc/document/draft-ietf-mmusic-mux-exclusive/,/api/v1/doc/document/draft-holmberg-mmusic-mux-exclusive/,draft-ietf-mmusic-mux-exclusive,draft-holmberg-mmusic-mux-exclusive,0.6847826086956522,0.7878787878787878,0.7272727272727273,1.0,0.750576416337286,True
8858,Indicating Exclusive Support of RTP and RTP Control Protocol (RTCP) Multiplexing Using the Session Description Protocol (SDP),2021,/api/v1/doc/document/draft-holmberg-mmusic-mux-exclusive/,/api/v1/doc/document/draft-holmberg-mmusic-mux-exlusive/,draft-holmberg-mmusic-mux-exclusive,draft-holmberg-mmusic-mux-exlusive,1.0,0.9743589743589743,1.0,1.0,0.9935897435897435,True
8859,A Framework for Session Description Protocol (SDP) Attributes When Multiplexing,2021,/api/v1/doc/document/draft-ietf-mmusic-sdp-mux-attributes/,/api/v1/doc/document/draft-nandakumar-mmusic-sdp-mux-attributes/,draft-ietf-mmusic-sdp-mux-attributes,draft-nandakumar-mmusic-sdp-mux-attributes,0.768,0.8372093023255814,0.75,1.0,0.8049023255813954,True
8860,Sending Multiple Types of Media in a Single RTP Session,2021,/api/v1/doc/document/draft-ietf-avtcore-multi-media-rtp-session/,/api/v1/doc/document/draft-westerlund-avtcore-multi-media-rtp-session/,draft-ietf-avtcore-multi-media-rtp-session,draft-westerlund-avtcore-multi-media-rtp-session,0.6881720430107527,0.8518518518518519,0.8,1.0,0.7826403823178016,True
8862,Best Practices for Securing RTP Media Signaled with SIP,2021,/api/v1/doc/document/draft-ietf-sipbrandy-rtpsec/,/api/v1/doc/document/draft-peterson-sipbrandy-rtpsec/,draft-ietf-sipbrandy-rtpsec,draft-peterson-sipbrandy-rtpsec,1.0,0.5454545454545454,1.0,1.0,0.8863636363636364,True
8862,Best Practices for Securing RTP Media Signaled with SIP,2021,/api/v1/doc/document/draft-peterson-sipbrandy-rtpsec/,/api/v1/doc/document/draft-peterson-dispatch-rtpsec/,draft-peterson-sipbrandy-rtpsec,draft-peterson-dispatch-rtpsec,1.0,0.6451612903225806,1.0,1.0,0.9112903225806451,True
8863,Interactive Connectivity Establishment Patiently Awaiting Connectivity (ICE PAC),2021,/api/v1/doc/document/draft-ietf-ice-pac/,/api/v1/doc/document/draft-holmberg-ice-pac/,draft-ietf-ice-pac,draft-holmberg-ice-pac,1.0,0.6,1.0,1.0,0.9,True
8869,Evaluation Test Cases for Interactive Real-Time Media over Wireless Networks,2021,/api/v1/doc/document/draft-ietf-rmcat-wireless-tests/,/api/v1/doc/document/draft-sarker-rmcat-cellular-eval-test-cases/,draft-ietf-rmcat-wireless-tests,draft-sarker-rmcat-cellular-eval-test-cases,0.9210526315789473,0.45454545454545453,0.8181818181818182,1.0,0.7917464114832536,True
8869,Evaluation Test Cases for Interactive Real-Time Media over Wireless Networks,2021,/api/v1/doc/document/draft-ietf-rmcat-wireless-tests/,/api/v1/doc/document/draft-fu-rmcat-wifi-test-case/,draft-ietf-rmcat-wireless-tests,draft-fu-rmcat-wifi-test-case,0.9395973154362416,0.47058823529411764,0.9,-0.5,0.6704658507698381,False
8870,Encrypted Key Transport for DTLS and Secure RTP,2021,/api/v1/doc/document/draft-ietf-perc-srtp-ekt-diet/,/api/v1/doc/document/draft-jennings-perc-srtp-ekt-diet/,draft-ietf-perc-srtp-ekt-diet,draft-jennings-perc-srtp-ekt-diet,0.8941176470588236,0.8387096774193549,0.8333333333333334,1.0,0.878697027197976,True
8871,A Solution Framework for Private Media in Privacy-Enhanced RTP Conferencing (PERC),2021,/api/v1/doc/document/draft-ietf-perc-private-media-framework/,/api/v1/doc/document/draft-jones-perc-private-media-framework/,draft-ietf-perc-private-media-framework,draft-jones-perc-private-media-framework,0.967741935483871,0.9019607843137255,0.8888888888888888,1.0,0.9387518448239511,True
8872,Guidelines for Using the Multiplexing Features of RTP to Support Multiple Media Streams,2021,/api/v1/doc/document/draft-ietf-avtcore-multiplex-guidelines/,/api/v1/doc/document/draft-westerlund-avtcore-multiplex-architecture/,draft-ietf-avtcore-multiplex-guidelines,draft-westerlund-avtcore-multiplex-architecture,0.7571428571428571,0.48,0.5555555555555556,1.0,0.6718253968253968,True
8873,Message Session Relay Protocol (MSRP) over Data Channels,2021,/api/v1/doc/document/draft-ietf-mmusic-msrp-usage-data-channel/,/api/v1/doc/document/draft-ejzak-mmusic-msrp-usage-data-channel/,draft-ietf-mmusic-msrp-usage-data-channel,draft-ejzak-mmusic-msrp-usage-data-channel,0.5287356321839081,0.8679245283018868,0.8,1.0,0.7149121665582303,True
8851,RTP Payload Format Restrictions,2021,/api/v1/doc/document/draft-ietf-mmusic-rid/,/api/v1/doc/document/draft-pthatcher-mmusic-rid/,draft-ietf-mmusic-rid,draft-pthatcher-mmusic-rid,0.819672131147541,0.46153846153846156,0.6,1.0,0.7042370744010088,True
8852,RTP Stream Identifier Source Description (SDES),2021,/api/v1/doc/document/draft-ietf-avtext-rid/,/api/v1/doc/document/draft-roach-avtext-rid/,draft-ietf-avtext-rid,draft-roach-avtext-rid,0.9574468085106383,0.46153846153846156,0.8571428571428571,1.0,0.817664250642974,True
8853,Using Simulcast in Session Description Protocol (SDP) and RTP Sessions,2021,/api/v1/doc/document/draft-ietf-mmusic-sdp-simulcast/,/api/v1/doc/document/draft-burman-mmusic-sdp-simulcast/,draft-ietf-mmusic-sdp-simulcast,draft-burman-mmusic-sdp-simulcast,0.7289719626168224,0.7878787878787878,0.7142857142857143,1.0,0.7678642230044099,True
8854,WebRTC Forward Error Correction Requirements,2021,/api/v1/doc/document/draft-ietf-rtcweb-fec/,/api/v1/doc/document/draft-uberti-rtcweb-fec/,draft-ietf-rtcweb-fec,draft-uberti-rtcweb-fec,1.0,0.46153846153846156,1.0,1.0,0.8653846153846153,True
8855,The Binary Floor Control Protocol (BFCP),2021,/api/v1/doc/document/draft-ietf-bfcpbis-rfc4582bis/,/api/v1/doc/document/draft-sandbakken-dispatch-bfcp-udp/,draft-ietf-bfcpbis-rfc4582bis,draft-sandbakken-dispatch-bfcp-udp,0.608,0.14814814814814814,0.4444444444444444,1.0,0.49952592592592593,True
8855,The Binary Floor Control Protocol (BFCP),2021,/api/v1/doc/document/draft-sandbakken-dispatch-bfcp-udp/,/api/v1/doc/document/draft-sandbakken-xcon-bfcp-udp/,draft-sandbakken-dispatch-bfcp-udp,draft-sandbakken-xcon-bfcp-udp,1.0,0.6666666666666666,1.0,1.0,0.9166666666666666,True
8857,The WebSocket Protocol as a Transport for the Binary Floor Control Protocol (BFCP),2021,/api/v1/doc/document/draft-ietf-bfcpbis-bfcp-websocket/,/api/v1/doc/document/draft-pascual-bfcpbis-bfcp-websocket/,draft-ietf-bfcpbis-bfcp-websocket,draft-pascual-bfcpbis-bfcp-websocket,1.0,0.7777777777777778,1.0,1.0,0.9444444444444445,True
8857,The WebSocket Protocol as a Transport for the Binary Floor Control Protocol (BFCP),2021,/api/v1/doc/document/draft-pascual-bfcpbis-bfcp-websocket/,/api/v1/doc/document/draft-pascual-dispatch-bfcp-websocket/,draft-pascual-bfcpbis-bfcp-websocket,draft-pascual-dispatch-bfcp-websocket,1.0,0.7555555555555555,1.0,1.0,0.9388888888888888,True
8864,Negotiation Data Channels Using the Session Description Protocol (SDP),2021,/api/v1/doc/document/draft-ietf-mmusic-data-channel-sdpneg/,/api/v1/doc/document/draft-ejzak-mmusic-data-channel-sdpneg/,draft-ietf-mmusic-data-channel-sdpneg,draft-ejzak-mmusic-data-channel-sdpneg,0.37606837606837606,0.8444444444444444,0.75,1.0,0.6303418803418803,True
8864,Negotiation Data Channels Using the Session Description Protocol (SDP),2021,/api/v1/doc/document/draft-ejzak-mmusic-data-channel-sdpneg/,/api/v1/doc/document/draft-ejzak-dispatch-webrtc-data-channel-sdpneg/,draft-ejzak-mmusic-data-channel-sdpneg,draft-ejzak-dispatch-webrtc-data-channel-sdpneg,0.8,0.7213114754098361,0.5555555555555556,1.0,0.7514389799635702,True
8865,T.140 Real-Time Text Conversation over WebRTC Data Channels,2021,/api/v1/doc/document/draft-ietf-mmusic-t140-usage-data-channel/,/api/v1/doc/document/draft-holmberg-mmusic-t140-usage-data-channel/,draft-ietf-mmusic-t140-usage-data-channel,draft-holmberg-mmusic-t140-usage-data-channel,1.0,0.8679245283018868,1.0,1.0,0.9669811320754716,True
8867,Test Cases for Evaluating Congestion Control for Interactive Real-Time Media,2021,/api/v1/doc/document/draft-ietf-rmcat-eval-test/,/api/v1/doc/document/draft-sarker-rmcat-eval-test/,draft-ietf-rmcat-eval-test,draft-sarker-rmcat-eval-test,0.5811965811965812,0.75,0.6666666666666666,1.0,0.6823717948717949,True
8868,Evaluating Congestion Control for Interactive Real-Time Media,2021,/api/v1/doc/document/draft-ietf-rmcat-eval-criteria/,/api/v1/doc/document/draft-singh-rmcat-cc-eval/,draft-ietf-rmcat-eval-criteria,draft-singh-rmcat-cc-eval,1.0,0.3076923076923077,1.0,1.0,0.826923076923077,True
8888,RTP Control Protocol (RTCP) Feedback for Congestion Control,2021,/api/v1/doc/document/draft-ietf-avtcore-cc-feedback-message/,/api/v1/doc/document/draft-dt-rmcat-feedback-message/,draft-ietf-avtcore-cc-feedback-message,draft-dt-rmcat-feedback-message,1.0,0.8780487804878049,1.0,1.0,0.9695121951219513,True
8829,JavaScript Session Establishment Protocol (JSEP),2021,/api/v1/doc/document/draft-ietf-rtcweb-jsep/,/api/v1/doc/document/draft-uberti-rtcweb-jsep/,draft-ietf-rtcweb-jsep,draft-uberti-rtcweb-jsep,0.9425287356321839,0.5333333333333333,0.75,1.0,0.8074712643678161,True
8843,Negotiating Media Multiplexing Using the Session Description Protocol (SDP),2021,/api/v1/doc/document/draft-ietf-mmusic-sdp-bundle-negotiation/,/api/v1/doc/document/draft-holmberg-mmusic-sdp-bundle-negotiation/,draft-ietf-mmusic-sdp-bundle-negotiation,draft-holmberg-mmusic-sdp-bundle-negotiation,0.6845637583892618,0.8627450980392157,0.75,1.0,0.7737399657849717,True
8972,Simple Two-Way Active Measurement Protocol Optional Extensions,2021,/api/v1/doc/document/draft-ietf-ippm-stamp-option-tlv/,/api/v1/doc/document/draft-mirsky-ippm-stamp-option-tlv/,draft-ietf-ippm-stamp-option-tlv,draft-mirsky-ippm-stamp-option-tlv,1.0,0.8648648648648649,1.0,1.0,0.9662162162162161,True
8957,Synonymous Flow Label Framework,2021,/api/v1/doc/document/draft-ietf-mpls-sfl-framework/,/api/v1/doc/document/draft-bryant-mpls-sfl-framework/,draft-ietf-mpls-sfl-framework,draft-bryant-mpls-sfl-framework,1.0,0.8387096774193549,1.0,1.0,0.9596774193548386,True
8957,Synonymous Flow Label Framework,2021,/api/v1/doc/document/draft-bryant-mpls-sfl-framework/,/api/v1/doc/document/draft-bryant-mpls-synonymous-flow-labels/,draft-bryant-mpls-sfl-framework,draft-bryant-mpls-synonymous-flow-labels,0.6885245901639344,0.4888888888888889,0.3333333333333333,1.0,0.5987249544626594,True
8975,Network Coding for Satellite Systems,2021,/api/v1/doc/document/draft-irtf-nwcrg-network-coding-satellites/,/api/v1/doc/document/draft-kuhn-nwcrg-network-coding-satellites/,draft-irtf-nwcrg-network-coding-satellites,draft-kuhn-nwcrg-network-coding-satellites,0.8,0.8928571428571429,0.75,1.0,0.8332142857142858,True
8964,Deterministic Networking (DetNet) Data Plane: MPLS,2021,/api/v1/doc/document/draft-ietf-detnet-mpls/,/api/v1/doc/document/draft-ietf-detnet-dp-sol-mpls/,draft-ietf-detnet-mpls,draft-ietf-detnet-dp-sol-mpls,0.4819277108433735,0.5333333333333333,0.5714285714285714,1.0,0.5644865174985657,True
8964,Deterministic Networking (DetNet) Data Plane: MPLS,2021,/api/v1/doc/document/draft-ietf-detnet-dp-sol-mpls/,/api/v1/doc/document/draft-ietf-detnet-dp-sol/,draft-ietf-detnet-dp-sol-mpls,draft-ietf-detnet-dp-sol,0.9253731343283582,0.7058823529411765,0.8,1.0,0.8528884986830554,True
8964,Deterministic Networking (DetNet) Data Plane: MPLS,2021,/api/v1/doc/document/draft-ietf-detnet-dp-sol/,/api/v1/doc/document/draft-dt-detnet-dp-sol/,draft-ietf-detnet-dp-sol,draft-dt-detnet-dp-sol,1.0,0.631578947368421,1.0,1.0,0.9078947368421052,True
8969,A Framework for Automating Service and Network Management with YANG,2021,/api/v1/doc/document/draft-ietf-opsawg-model-automation-framework/,/api/v1/doc/document/draft-wu-model-driven-management-virtualization/,draft-ietf-opsawg-model-automation-framework,draft-wu-model-driven-management-virtualization,1.0,0.40625,1.0,1.0,0.8515624999999999,True
8977,Registration Data Access Protocol (RDAP) Query Parameters for Result Sorting and Paging,2021,/api/v1/doc/document/draft-ietf-regext-rdap-sorting-and-paging/,/api/v1/doc/document/draft-loffredo-regext-rdap-sorting-and-paging/,draft-ietf-regext-rdap-sorting-and-paging,draft-loffredo-regext-rdap-sorting-and-paging,1.0,0.8679245283018868,1.0,1.0,0.9669811320754716,True
8979,Subscriber and Performance Policy Identifier Context Headers in the Network Service Header (NSH),2021,/api/v1/doc/document/draft-ietf-sfc-serviceid-header/,/api/v1/doc/document/draft-sfc-serviceid-header/,draft-ietf-sfc-serviceid-header,draft-sfc-serviceid-header,0.6139534883720931,1.0,1.0,1.0,0.8262790697674419,True
8979,Subscriber and Performance Policy Identifier Context Headers in the Network Service Header (NSH),2021,/api/v1/doc/document/draft-sfc-serviceid-header/,/api/v1/doc/document/draft-sarikaya-sfc-hostid-serviceheader/,draft-sfc-serviceid-header,draft-sarikaya-sfc-hostid-serviceheader,0.8034188034188035,0.65,0.6666666666666666,1.0,0.7573717948717948,True
8941,Structured Field Values for HTTP,2021,/api/v1/doc/document/draft-ietf-httpbis-header-structure/,/api/v1/doc/document/draft-nottingham-structured-headers/,draft-ietf-httpbis-header-structure,draft-nottingham-structured-headers,0.8135593220338984,0.5294117647058824,0.4,-0.5,0.5284546360917248,True
8941,Structured Field Values for HTTP,2021,/api/v1/doc/document/draft-ietf-httpbis-header-structure/,/api/v1/doc/document/draft-kamp-httpbis-structure/,draft-ietf-httpbis-header-structure,draft-kamp-httpbis-structure,0.3,0.6666666666666666,0.3333333333333333,1.0,0.46833333333333327,False
8941,Structured Field Values for HTTP,2021,/api/v1/doc/document/draft-ietf-httpbis-header-structure/,/api/v1/doc/document/draft-ietf-httpbis-jfv/,draft-ietf-httpbis-header-structure,draft-ietf-httpbis-jfv,0.42105263157894735,0.0,0.42857142857142855,1.0,0.37518796992481207,False
8942,HTTP Client Hints,2021,/api/v1/doc/document/draft-ietf-httpbis-client-hints/,/api/v1/doc/document/draft-grigorik-http-client-hints/,draft-ietf-httpbis-client-hints,draft-grigorik-http-client-hints,1.0,0.8275862068965517,1.0,1.0,0.956896551724138,True
8976,Message Digest for DNS Zones,2021,/api/v1/doc/document/draft-ietf-dnsop-dns-zone-digest/,/api/v1/doc/document/draft-wessels-dns-zone-digest/,draft-ietf-dnsop-dns-zone-digest,draft-wessels-dns-zone-digest,1.0,1.0,1.0,1.0,0.9999999999999999,True
8982,Registration Data Access Protocol (RDAP) Partial Response,2021,/api/v1/doc/document/draft-ietf-regext-rdap-partial-response/,/api/v1/doc/document/draft-loffredo-regext-rdap-partial-response/,draft-ietf-regext-rdap-partial-response,draft-loffredo-regext-rdap-partial-response,1.0,0.8571428571428571,1.0,1.0,0.9642857142857143,True
8816,Secure Telephone Identity Revisited (STIR) Out-of-Band Architecture and Use Cases,2021,/api/v1/doc/document/draft-ietf-stir-oob/,/api/v1/doc/document/draft-rescorla-stir-fallback/,draft-ietf-stir-oob,draft-rescorla-stir-fallback,0.7049180327868853,0.125,0.6,1.0,0.5684631147540984,True
8983,Internet Key Exchange Protocol Version 2 (IKEv2) Notification Status Types for IPv4/IPv6 Coexistence,2021,/api/v1/doc/document/draft-ietf-ipsecme-ipv6-ipv4-codes/,/api/v1/doc/document/draft-boucadair-ipsecme-ipv6-ipv4-codes/,draft-ietf-ipsecme-ipv6-ipv4-codes,draft-boucadair-ipsecme-ipv6-ipv4-codes,0.6351351351351351,0.7894736842105263,0.75,1.0,0.7331792318634424,True
8946,Personal Assertion Token (PASSporT) Extension for Diverted Calls,2021,/api/v1/doc/document/draft-ietf-stir-passport-divert/,/api/v1/doc/document/draft-peterson-passport-divert/,draft-ietf-stir-passport-divert,draft-peterson-passport-divert,0.7474747474747475,1.0,1.0,1.0,0.8863636363636364,True
8980,Report from the IAB Workshop on Design Expectations vs. Deployment Reality in Protocol Development,2021,/api/v1/doc/document/draft-iab-dedr-report/,/api/v1/doc/document/draft-arkko-arch-dedr-report/,draft-iab-dedr-report,draft-arkko-arch-dedr-report,1.0,0.8148148148148148,1.0,1.0,0.9537037037037036,True
8985,The RACK-TLP Loss Detection Algorithm for TCP,2021,/api/v1/doc/document/draft-ietf-tcpm-rack/,/api/v1/doc/document/draft-cheng-tcpm-rack/,draft-ietf-tcpm-rack,draft-cheng-tcpm-rack,0.78,0.6153846153846154,0.5555555555555556,1.0,0.7159572649572651,True
8986,Segment Routing over IPv6 (SRv6) Network Programming,2021,/api/v1/doc/document/draft-ietf-spring-srv6-network-programming/,/api/v1/doc/document/draft-filsfils-spring-srv6-network-programming/,draft-ietf-spring-srv6-network-programming,draft-filsfils-spring-srv6-network-programming,0.6486486486486487,0.8727272727272727,0.75,1.0,0.76007371007371,True
8981,Temporary Address Extensions for Stateless Address Autoconfiguration in IPv6,2021,/api/v1/doc/document/draft-ietf-6man-rfc4941bis/,/api/v1/doc/document/draft-fgont-6man-rfc4941bis/,draft-ietf-6man-rfc4941bis,draft-fgont-6man-rfc4941bis,0.8873239436619719,0.8,0.7142857142857143,1.0,0.8421529175050302,True
8981,Temporary Address Extensions for Stateless Address Autoconfiguration in IPv6,2021,/api/v1/doc/document/draft-fgont-6man-rfc4941bis/,/api/v1/doc/document/draft-gont-6man-rfc4941bis/,draft-fgont-6man-rfc4941bis,draft-gont-6man-rfc4941bis,1.0,1.0,1.0,1.0,0.9999999999999999,True
8987,DHCPv6 Prefix Delegating Relay Requirements,2021,/api/v1/doc/document/draft-ietf-dhc-dhcpv6-pd-relay-requirements/,/api/v1/doc/document/draft-fkhp-dhc-dhcpv6-pd-relay-requirements/,draft-ietf-dhc-dhcpv6-pd-relay-requirements,draft-fkhp-dhc-dhcpv6-pd-relay-requirements,0.821917808219178,0.9333333333333333,0.8,1.0,0.8631963470319635,True
8978,Reaction of IPv6 Stateless Address Autoconfiguration (SLAAC) to Flash-Renumbering Events,2021,/api/v1/doc/document/draft-ietf-v6ops-slaac-renum/,/api/v1/doc/document/draft-gont-v6ops-slaac-renum/,draft-ietf-v6ops-slaac-renum,draft-gont-v6ops-slaac-renum,0.9700598802395209,0.7857142857142857,0.8888888888888888,1.0,0.9107332953141336,True
8996,Deprecating TLS 1.0 and TLS 1.1,2021,/api/v1/doc/document/draft-ietf-tls-oldversions-deprecate/,/api/v1/doc/document/draft-moriarty-tls-oldversions-diediedie/,draft-ietf-tls-oldversions-deprecate,draft-moriarty-tls-oldversions-diediedie,0.9354838709677419,0.6956521739130435,0.3333333333333333,1.0,0.7615474520804114,True
8997,Deprecation of TLS 1.1 for Email Submission and Access,2021,/api/v1/doc/document/draft-ietf-uta-tls-for-email/,/api/v1/doc/document/draft-lvelvindron-tls-for-email/,draft-ietf-uta-tls-for-email,draft-lvelvindron-tls-for-email,0.8333333333333334,1.0,1.0,1.0,0.9249999999999999,True
9006,TCP Usage Guidance in the Internet of Things (IoT),2021,/api/v1/doc/document/draft-ietf-lwig-tcp-constrained-node-networks/,/api/v1/doc/document/draft-gomez-lwig-tcp-constrained-node-networks/,draft-ietf-lwig-tcp-constrained-node-networks,draft-gomez-lwig-tcp-constrained-node-networks,0.3170731707317073,0.9206349206349206,0.8,1.0,0.6328416569879984,True
9005,Path Computation Element Communication Protocol (PCEP) Extension for Associating Policies and Label Switched Paths (LSPs),2021,/api/v1/doc/document/draft-ietf-pce-association-policy/,/api/v1/doc/document/draft-dhody-pce-association-policy/,draft-ietf-pce-association-policy,draft-dhody-pce-association-policy,0.875,0.9,0.6666666666666666,1.0,0.8520833333333333,True
9005,Path Computation Element Communication Protocol (PCEP) Extension for Associating Policies and Label Switched Paths (LSPs),2021,/api/v1/doc/document/draft-dhody-pce-association-policy/,/api/v1/doc/document/draft-sivabalan-pce-policy-identifier/,draft-dhody-pce-association-policy,draft-sivabalan-pce-policy-identifier,0.27218934911242604,0.46511627906976744,0.5,1.0,0.43876427686803354,True
9016,Flow and Service Information Model for Deterministic Networking (DetNet),2021,/api/v1/doc/document/draft-ietf-detnet-flow-information-model/,/api/v1/doc/document/draft-farkas-detnet-flow-information-model/,draft-ietf-detnet-flow-information-model,draft-farkas-detnet-flow-information-model,0.4444444444444444,0.8627450980392157,0.75,1.0,0.6656862745098039,True
8821,PCE-Based Traffic Engineering (TE) in Native IP Networks,2021,/api/v1/doc/document/draft-ietf-teas-pce-native-ip/,/api/v1/doc/document/draft-wang-teas-pce-native-ip/,draft-ietf-teas-pce-native-ip,draft-wang-teas-pce-native-ip,0.6153846153846154,0.8387096774193549,0.6666666666666666,1.0,0.719933829611249,True
9018,Interoperable Domain Name System (DNS) Server Cookies,2021,/api/v1/doc/document/draft-ietf-dnsop-server-cookies/,/api/v1/doc/document/draft-eastlake-dnsop-server-cookies/,draft-ietf-dnsop-server-cookies,draft-eastlake-dnsop-server-cookies,1.0,0.8235294117647058,1.0,1.0,0.9558823529411765,True
9018,Interoperable Domain Name System (DNS) Server Cookies,2021,/api/v1/doc/document/draft-ietf-dnsop-server-cookies/,/api/v1/doc/document/draft-sury-toorop-dnsop-server-cookies/,draft-ietf-dnsop-server-cookies,draft-sury-toorop-dnsop-server-cookies,1.0,0.6829268292682927,1.0,1.0,0.9207317073170732,False
9008,"Using RPI Option Type, Routing Header for Source Routes, and IPv6-in-IPv6 Encapsulation in the RPL Data Plane",2021,/api/v1/doc/document/draft-ietf-roll-useofrplinfo/,/api/v1/doc/document/draft-robles-roll-useofrplinfo/,draft-ietf-roll-useofrplinfo,draft-robles-roll-useofrplinfo,0.33557046979865773,0.8275862068965517,0.5,1.0,0.5579032631335339,True
9009,Efficient Route Invalidation,2021,/api/v1/doc/document/draft-ietf-roll-efficient-npdao/,/api/v1/doc/document/draft-jadhav-roll-efficient-npdao/,draft-ietf-roll-efficient-npdao,draft-jadhav-roll-efficient-npdao,0.3018867924528302,0.8571428571428571,0.6666666666666666,1.0,0.5834681042228211,True
9009,Efficient Route Invalidation,2021,/api/v1/doc/document/draft-jadhav-roll-efficient-npdao/,/api/v1/doc/document/draft-jadhav-roll-no-path-dao-ps/,draft-jadhav-roll-efficient-npdao,draft-jadhav-roll-no-path-dao-ps,0.5925925925925926,0.5641025641025641,0.4,1.0,0.5876923076923077,True
9010,Routing for RPL (Routing Protocol for Low-Power and Lossy Networks) Leaves,2021,/api/v1/doc/document/draft-ietf-roll-unaware-leaves/,/api/v1/doc/document/draft-thubert-roll-unaware-leaves/,draft-ietf-roll-unaware-leaves,draft-thubert-roll-unaware-leaves,0.46808510638297873,0.8484848484848485,0.6666666666666666,1.0,0.6560928433268859,True
9017,Special-Purpose Label Terminology,2021,/api/v1/doc/document/draft-ietf-mpls-spl-terminology/,/api/v1/doc/document/draft-andersson-mpls-spl-terminology/,draft-ietf-mpls-spl-terminology,draft-andersson-mpls-spl-terminology,1.0,0.8571428571428571,1.0,1.0,0.9642857142857143,True
9026,Multicast VPN Fast Upstream Failover,2021,/api/v1/doc/document/draft-ietf-bess-mvpn-fast-failover/,/api/v1/doc/document/draft-morin-bess-mvpn-fast-failover/,draft-ietf-bess-mvpn-fast-failover,draft-morin-bess-mvpn-fast-failover,1.0,0.8780487804878049,1.0,1.0,0.9695121951219513,True
9026,Multicast VPN Fast Upstream Failover,2021,/api/v1/doc/document/draft-morin-bess-mvpn-fast-failover/,/api/v1/doc/document/draft-morin-l3vpn-mvpn-fast-failover/,draft-morin-bess-mvpn-fast-failover,draft-morin-l3vpn-mvpn-fast-failover,1.0,0.8085106382978723,1.0,1.0,0.952127659574468,True
9026,Multicast VPN Fast Upstream Failover,2021,/api/v1/doc/document/draft-morin-bess-mvpn-fast-failover/,/api/v1/doc/document/draft-jain-mvpn-bfd-fast-upstream-failover/,draft-morin-bess-mvpn-fast-failover,draft-jain-mvpn-bfd-fast-upstream-failover,0.7912087912087912,0.6666666666666666,0.7142857142857143,1.0,0.7655677655677656,False
8823,Extensions to Automatic Certificate Management Environment for End-User S/MIME Certificates,2021,/api/v1/doc/document/draft-ietf-acme-email-smime/,/api/v1/doc/document/draft-melnikov-acme-email-smime/,draft-ietf-acme-email-smime,draft-melnikov-acme-email-smime,1.0,0.8148148148148148,1.0,1.0,0.9537037037037036,True
9011,Static Context Header Compression and Fragmentation (SCHC) over LoRaWAN,2021,/api/v1/doc/document/draft-ietf-lpwan-schc-over-lorawan/,/api/v1/doc/document/draft-petrov-lpwan-ipv6-schc-over-lorawan/,draft-ietf-lpwan-schc-over-lorawan,draft-petrov-lpwan-ipv6-schc-over-lorawan,0.85,0.7555555555555555,0.875,1.0,0.846388888888889,True
9012,The BGP Tunnel Encapsulation Attribute,2021,/api/v1/doc/document/draft-ietf-idr-tunnel-encaps/,/api/v1/doc/document/draft-rosen-idr-tunnel-encaps/,draft-ietf-idr-tunnel-encaps,draft-rosen-idr-tunnel-encaps,0.6495726495726496,0.8666666666666667,0.6666666666666666,1.0,0.7423076923076922,True
9012,The BGP Tunnel Encapsulation Attribute,2021,/api/v1/doc/document/draft-ietf-idr-tunnel-encaps/,/api/v1/doc/document/draft-vandevelde-idr-remote-next-hop/,draft-ietf-idr-tunnel-encaps,draft-vandevelde-idr-remote-next-hop,0.3157894736842105,0.3125,0.14285714285714285,1.0,0.3488016917293233,False
9013,OSPF Advertisement of Tunnel Encapsulations,2021,/api/v1/doc/document/draft-ietf-ospf-encapsulation-cap/,/api/v1/doc/document/draft-xu-ospf-encapsulation-cap/,draft-ietf-ospf-encapsulation-cap,draft-xu-ospf-encapsulation-cap,0.5,0.8717948717948718,0.6666666666666666,1.0,0.6762820512820512,True
9019,A Firmware Update Architecture for Internet of Things,2021,/api/v1/doc/document/draft-ietf-suit-architecture/,/api/v1/doc/document/draft-moran-suit-architecture/,draft-ietf-suit-architecture,draft-moran-suit-architecture,0.9298245614035088,0.8275862068965517,0.8333333333333334,1.0,0.8919842710223836,True
9019,A Firmware Update Architecture for Internet of Things,2021,/api/v1/doc/document/draft-moran-suit-architecture/,/api/v1/doc/document/draft-moran-fud-architecture/,draft-moran-suit-architecture,draft-moran-fud-architecture,1.0,0.8484848484848485,1.0,1.0,0.962121212121212,True
9035,A Routing Protocol for Low-Power and Lossy Networks (RPL) Destination-Oriented Directed Acyclic Graph (DODAG) Configuration Option for the 6LoWPAN Routing Header,2021,/api/v1/doc/document/draft-ietf-roll-turnon-rfc8138/,/api/v1/doc/document/draft-thubert-roll-turnon-rfc8138/,draft-ietf-roll-turnon-rfc8138,draft-thubert-roll-turnon-rfc8138,0.2736842105263158,0.8484848484848485,0.6666666666666666,1.0,0.5686124401913876,True
8990,GeneRic Autonomic Signaling Protocol (GRASP),2021,/api/v1/doc/document/draft-ietf-anima-grasp/,/api/v1/doc/document/draft-carpenter-anima-gdn-protocol/,draft-ietf-anima-grasp,draft-carpenter-anima-gdn-protocol,0.3963963963963964,0.17391304347826086,0.2857142857142857,1.0,0.37899949639080077,True
8991,GeneRic Autonomic Signaling Protocol Application Program Interface (GRASP API),2021,/api/v1/doc/document/draft-ietf-anima-grasp-api/,/api/v1/doc/document/draft-liu-anima-grasp-api/,draft-ietf-anima-grasp-api,draft-liu-anima-grasp-api,1.0,0.75,1.0,1.0,0.9374999999999999,True
8992,Autonomic IPv6 Edge Prefix Management in Large-Scale Networks,2021,/api/v1/doc/document/draft-ietf-anima-prefix-management/,/api/v1/doc/document/draft-jiang-anima-prefix-management/,draft-ietf-anima-prefix-management,draft-jiang-anima-prefix-management,0.9107142857142857,0.85,0.75,1.0,0.8723214285714286,True
8993,A Reference Model for Autonomic Networking,2021,/api/v1/doc/document/draft-ietf-anima-reference-model/,/api/v1/doc/document/draft-behringer-anima-reference-model/,draft-ietf-anima-reference-model,draft-behringer-anima-reference-model,1.0,0.8333333333333334,1.0,1.0,0.9583333333333334,True
8994,An Autonomic Control Plane (ACP),2021,/api/v1/doc/document/draft-ietf-anima-autonomic-control-plane/,/api/v1/doc/document/draft-behringer-anima-autonomic-control-plane/,draft-ietf-anima-autonomic-control-plane,draft-behringer-anima-autonomic-control-plane,0.9285714285714286,0.8846153846153846,0.75,1.0,0.889010989010989,True
8994,An Autonomic Control Plane (ACP),2021,/api/v1/doc/document/draft-behringer-anima-autonomic-control-plane/,/api/v1/doc/document/draft-behringer-autonomic-control-plane/,draft-behringer-anima-autonomic-control-plane,draft-behringer-autonomic-control-plane,1.0,0.8846153846153846,1.0,1.0,0.9711538461538461,True
8995,Bootstrapping Remote Secure Key Infrastructure (BRSKI),2021,/api/v1/doc/document/draft-ietf-anima-bootstrapping-keyinfra/,/api/v1/doc/document/draft-pritikin-anima-bootstrapping-keyinfra/,draft-ietf-anima-bootstrapping-keyinfra,draft-pritikin-anima-bootstrapping-keyinfra,0.7764705882352941,0.88,0.6666666666666666,1.0,0.8027450980392157,True
8995,Bootstrapping Remote Secure Key Infrastructure (BRSKI),2021,/api/v1/doc/document/draft-pritikin-anima-bootstrapping-keyinfra/,/api/v1/doc/document/draft-pritikin-bootstrapping-keyinfrastructures/,draft-pritikin-anima-bootstrapping-keyinfra,draft-pritikin-bootstrapping-keyinfrastructures,1.0,0.7333333333333333,1.0,1.0,0.9333333333333332,True
9014,Interconnect Solution for Ethernet VPN (EVPN) Overlay Networks,2021,/api/v1/doc/document/draft-ietf-bess-dci-evpn-overlay/,/api/v1/doc/document/draft-rabadan-bess-dci-evpn-overlay/,draft-ietf-bess-dci-evpn-overlay,draft-rabadan-bess-dci-evpn-overlay,0.8785046728971962,0.8648648648648649,0.75,1.0,0.8615433190199546,True
9014,Interconnect Solution for Ethernet VPN (EVPN) Overlay Networks,2021,/api/v1/doc/document/draft-rabadan-bess-dci-evpn-overlay/,/api/v1/doc/document/draft-rabadan-l2vpn-dci-evpn-overlay/,draft-rabadan-bess-dci-evpn-overlay,draft-rabadan-l2vpn-dci-evpn-overlay,0.8867924528301887,0.7906976744186046,0.7142857142857143,1.0,0.8395881652353789,True
9020,YANG Data Model for Segment Routing,2021,/api/v1/doc/document/draft-ietf-spring-sr-yang/,/api/v1/doc/document/draft-litkowski-spring-sr-yang/,draft-ietf-spring-sr-yang,draft-litkowski-spring-sr-yang,1.0,0.6666666666666666,1.0,1.0,0.9166666666666666,True
9004,Updates for the Back-to-Back Frame Benchmark in RFC 2544,2021,/api/v1/doc/document/draft-ietf-bmwg-b2b-frame/,/api/v1/doc/document/draft-morton-bmwg-b2b-frame/,draft-ietf-bmwg-b2b-frame,draft-morton-bmwg-b2b-frame,1.0,0.782608695652174,1.0,1.0,0.9456521739130436,True
8903,Use Cases for DDoS Open Threat Signaling,2021,/api/v1/doc/document/draft-ietf-dots-use-cases/,/api/v1/doc/document/draft-mglt-dots-use-cases/,draft-ietf-dots-use-cases,draft-mglt-dots-use-cases,0.6842105263157895,0.782608695652174,1.0,1.0,0.8035469107551488,True
8999,Version-Independent Properties of QUIC,2021,/api/v1/doc/document/draft-ietf-quic-invariants/,/api/v1/doc/document/draft-thomson-quic-invariants/,draft-ietf-quic-invariants,draft-thomson-quic-invariants,1.0,0.8,1.0,1.0,0.9500000000000001,True
9000,QUIC: A UDP-Based Multiplexed and Secure Transport,2021,/api/v1/doc/document/draft-ietf-quic-transport/,/api/v1/doc/document/draft-hamilton-quic-transport-protocol/,draft-ietf-quic-transport,draft-hamilton-quic-transport-protocol,1.0,0.5625,1.0,1.0,0.8906249999999999,True
9000,QUIC: A UDP-Based Multiplexed and Secure Transport,2021,/api/v1/doc/document/draft-ietf-quic-transport/,/api/v1/doc/document/draft-ietf-quic-spin-exp/,draft-ietf-quic-transport,draft-ietf-quic-spin-exp,0.2972972972972973,0.23529411764705882,0.1111111111111111,-0.5,0.16482953541777073,False
9001,Using TLS to Secure QUIC,2021,/api/v1/doc/document/draft-ietf-quic-tls/,/api/v1/doc/document/draft-thomson-quic-tls/,draft-ietf-quic-tls,draft-thomson-quic-tls,0.6575342465753424,0.5454545454545454,0.5714285714285714,1.0,0.6465397616082548,True
9002,QUIC Loss Detection and Congestion Control,2021,/api/v1/doc/document/draft-ietf-quic-recovery/,/api/v1/doc/document/draft-iyengar-quic-loss-recovery/,draft-ietf-quic-recovery,draft-iyengar-quic-loss-recovery,0.5542168674698795,0.6153846153846154,0.6666666666666666,1.0,0.636577077540933,True
9022,Domain Name Registration Data (DNRD) Objects Mapping,2021,/api/v1/doc/document/draft-ietf-regext-dnrd-objects-mapping/,/api/v1/doc/document/draft-arias-noguchi-dnrd-objects-mapping/,draft-ietf-regext-dnrd-objects-mapping,draft-arias-noguchi-dnrd-objects-mapping,1.0,0.8333333333333334,1.0,1.0,0.9583333333333334,True
9030,An Architecture for IPv6 over the Time-Slotted Channel Hopping Mode of IEEE 802.15.4 (6TiSCH),2021,/api/v1/doc/document/draft-ietf-6tisch-architecture/,/api/v1/doc/document/draft-thubert-6tisch-architecture/,draft-ietf-6tisch-architecture,draft-thubert-6tisch-architecture,0.7894736842105263,0.7741935483870968,0.5,1.0,0.7488115449915109,True
9031,Constrained Join Protocol (CoJP) for 6TiSCH,2021,/api/v1/doc/document/draft-ietf-6tisch-minimal-security/,/api/v1/doc/document/draft-vucinic-6tisch-minimal-security/,draft-ietf-6tisch-minimal-security,draft-vucinic-6tisch-minimal-security,0.46153846153846156,0.8205128205128205,0.6666666666666666,1.0,0.6461538461538461,True
9032,Encapsulation of 6TiSCH Join and Enrollment Information Elements,2021,/api/v1/doc/document/draft-ietf-6tisch-enrollment-enhanced-beacon/,/api/v1/doc/document/draft-richardson-6tisch-enrollment-enhanced-beacon/,draft-ietf-6tisch-enrollment-enhanced-beacon,draft-richardson-6tisch-enrollment-enhanced-beacon,0.7142857142857143,0.8813559322033898,0.75,1.0,0.7917675544794189,True
9032,Encapsulation of 6TiSCH Join and Enrollment Information Elements,2021,/api/v1/doc/document/draft-richardson-6tisch-enrollment-enhanced-beacon/,/api/v1/doc/document/draft-richardson-6tisch-join-enhanced-beacon/,draft-richardson-6tisch-enrollment-enhanced-beacon,draft-richardson-6tisch-join-enhanced-beacon,0.9090909090909091,0.8,0.875,1.0,0.8840909090909091,True
9032,Encapsulation of 6TiSCH Join and Enrollment Information Elements,2021,/api/v1/doc/document/draft-richardson-6tisch-join-enhanced-beacon/,/api/v1/doc/document/draft-richardson-6lo-ra-in-ie/,draft-richardson-6tisch-join-enhanced-beacon,draft-richardson-6lo-ra-in-ie,0.7152317880794702,0.3076923076923077,0.2727272727272727,1.0,0.5533228361042931,True
9038,Extensible Provisioning Protocol (EPP) Unhandled Namespaces,2021,/api/v1/doc/document/draft-ietf-regext-unhandled-namespaces/,/api/v1/doc/document/draft-gould-casanova-regext-unhandled-namespaces/,draft-ietf-regext-unhandled-namespaces,draft-gould-casanova-regext-unhandled-namespaces,1.0,0.7142857142857143,1.0,1.0,0.9285714285714285,True
9027,Assertion Values for Resource Priority Header and SIP Priority Header Claims in Support of Emergency Services Networks,2021,/api/v1/doc/document/draft-ietf-stir-rph-emergency-services/,/api/v1/doc/document/draft-dolly-stir-rph-emergency-services/,draft-ietf-stir-rph-emergency-services,draft-dolly-stir-rph-emergency-services,0.8732394366197183,0.8979591836734694,0.75,1.0,0.8674475423972405,True
9036,Changing the Location-to-Service Translation (LoST) Location Profiles Registry Policy,2021,/api/v1/doc/document/draft-ietf-ecrit-location-profile-registry-policy/,/api/v1/doc/document/draft-ecrit-location-profile-registry-policy/,draft-ietf-ecrit-location-profile-registry-policy,draft-ecrit-location-profile-registry-policy,0.7518796992481203,1.0,1.0,1.0,0.8883458646616541,True
9029,Updates to the Allocation Policy for the Border Gateway Protocol - Link State (BGP-LS) Parameters Registries,2021,/api/v1/doc/document/draft-ietf-idr-bgp-ls-registry/,/api/v1/doc/document/draft-farrel-idr-bgp-ls-registry/,draft-ietf-idr-bgp-ls-registry,draft-farrel-idr-bgp-ls-registry,1.0,0.8823529411764706,1.0,1.0,0.9705882352941176,True
9044,Using the AES-GMAC Algorithm with the Cryptographic Message Syntax (CMS),2021,/api/v1/doc/document/draft-ietf-lamps-cms-aes-gmac-alg/,/api/v1/doc/document/draft-housley-lamps-cms-aes-mac-alg/,draft-ietf-lamps-cms-aes-gmac-alg,draft-housley-lamps-cms-aes-mac-alg,1.0,0.8108108108108109,1.0,1.0,0.9527027027027027,True
9045,Algorithm Requirements Update to the Internet X.509 Public Key Infrastructure Certificate Request Message Format (CRMF),2021,/api/v1/doc/document/draft-ietf-lamps-crmf-update-algs/,/api/v1/doc/document/draft-housley-lamps-crmf-update-algs/,draft-ietf-lamps-crmf-update-algs,draft-housley-lamps-crmf-update-algs,1.0,0.8421052631578947,1.0,1.0,0.9605263157894736,True
9015,BGP Control Plane for the Network Service Header in Service Function Chaining,2021,/api/v1/doc/document/draft-ietf-bess-nsh-bgp-control-plane/,/api/v1/doc/document/draft-mackie-bess-nsh-bgp-control-plane/,draft-ietf-bess-nsh-bgp-control-plane,draft-mackie-bess-nsh-bgp-control-plane,0.49056603773584906,0.8936170212765957,0.8,1.0,0.704158972300281,True
9034,Packet Delivery Deadline Time in the Routing Header for IPv6 over Low-Power Wireless Personal Area Networks (6LoWPANs),2021,/api/v1/doc/document/draft-ietf-6lo-deadline-time/,/api/v1/doc/document/draft-lijo-6lo-expiration-time/,draft-ietf-6lo-deadline-time,draft-lijo-6lo-expiration-time,0.5614035087719298,0.5625,0.375,1.0,0.5682565789473685,True
9082,Registration Data Access Protocol (RDAP) Query Format,2021,/api/v1/doc/document/draft-ietf-regext-rfc7482bis/,/api/v1/doc/document/draft-hollenbeck-regext-rfc7482bis/,draft-ietf-regext-rfc7482bis,draft-hollenbeck-regext-rfc7482bis,1.0,0.7407407407407407,1.0,1.0,0.9351851851851852,True
9083,JSON Responses for the Registration Data Access Protocol (RDAP),2021,/api/v1/doc/document/draft-ietf-regext-rfc7483bis/,/api/v1/doc/document/draft-hollenbeck-regext-rfc7483bis/,draft-ietf-regext-rfc7483bis,draft-hollenbeck-regext-rfc7483bis,1.0,0.7407407407407407,1.0,1.0,0.9351851851851852,True
9047,Propagation of ARP/ND Flags in an Ethernet Virtual Private Network (EVPN),2021,/api/v1/doc/document/draft-ietf-bess-evpn-na-flags/,/api/v1/doc/document/draft-snr-bess-evpn-na-flags/,draft-ietf-bess-evpn-na-flags,draft-snr-bess-evpn-na-flags,0.5196850393700787,0.8387096774193549,0.6666666666666666,1.0,0.6768690204047074,True
9059,Path Computation Element Communication Protocol (PCEP) Extensions for Associated Bidirectional Label Switched Paths (LSPs),2021,/api/v1/doc/document/draft-ietf-pce-association-bidir/,/api/v1/doc/document/draft-barth-pce-association-bidir/,draft-ietf-pce-association-bidir,draft-barth-pce-association-bidir,0.7446808510638298,0.8947368421052632,0.6666666666666666,1.0,0.7921239268383725,True
9049,Path Aware Networking: Obstacles to Deployment (A Bestiary of Roads Not Taken),2021,/api/v1/doc/document/draft-irtf-panrg-what-not-to-do/,/api/v1/doc/document/draft-dawkins-panrg-what-not-to-do/,draft-irtf-panrg-what-not-to-do,draft-dawkins-panrg-what-not-to-do,0.8095238095238095,0.8235294117647058,0.7777777777777778,1.0,0.8257236227824463,True
9055,Deterministic Networking (DetNet) Security Considerations,2021,/api/v1/doc/document/draft-ietf-detnet-security/,/api/v1/doc/document/draft-sdt-detnet-security/,draft-ietf-detnet-security,draft-sdt-detnet-security,1.0,0.6956521739130435,1.0,1.0,0.9239130434782609,True
8824,Static Context Header Compression (SCHC) for the Constrained Application Protocol (CoAP),2021,/api/v1/doc/document/draft-ietf-lpwan-coap-static-context-hc/,/api/v1/doc/document/draft-toutain-lpwan-coap-static-context-hc/,draft-ietf-lpwan-coap-static-context-hc,draft-toutain-lpwan-coap-static-context-hc,0.6861313868613139,0.88,0.75,1.0,0.7787591240875913,True
9039,Uniform Resource Names for Device Identifiers,2021,/api/v1/doc/document/draft-ietf-core-dev-urn/,/api/v1/doc/document/draft-arkko-core-dev-urn/,draft-ietf-core-dev-urn,draft-arkko-core-dev-urn,1.0,0.7368421052631579,1.0,1.0,0.9342105263157895,True
9046,Babel Information Model,2021,/api/v1/doc/document/draft-ietf-babel-information-model/,/api/v1/doc/document/draft-stark-babel-information-model/,draft-ietf-babel-information-model,draft-stark-babel-information-model,1.0,0.85,1.0,1.0,0.9625,True
9062,"Framework and Requirements for Ethernet VPN (EVPN) Operations, Administration, and Maintenance (OAM)",2021,/api/v1/doc/document/draft-ietf-bess-evpn-oam-req-frmwk/,/api/v1/doc/document/draft-salam-bess-evpn-oam-req-frmwk/,draft-ietf-bess-evpn-oam-req-frmwk,draft-salam-bess-evpn-oam-req-frmwk,0.5868263473053892,0.8780487804878049,0.8,1.0,0.7435840514093763,True
9062,"Framework and Requirements for Ethernet VPN (EVPN) Operations, Administration, and Maintenance (OAM)",2021,/api/v1/doc/document/draft-salam-bess-evpn-oam-req-frmwk/,/api/v1/doc/document/draft-salam-l2vpn-evpn-oam-req-frmwk/,draft-salam-bess-evpn-oam-req-frmwk,draft-salam-l2vpn-evpn-oam-req-frmwk,0.9931972789115646,0.8085106382978723,0.7142857142857143,1.0,0.8919235779418151,True
9042,Sieve Email Filtering: Delivery by MAILBOXID,2021,/api/v1/doc/document/draft-ietf-extra-sieve-mailboxid/,/api/v1/doc/document/draft-gondwana-sieve-mailboxid/,draft-ietf-extra-sieve-mailboxid,draft-gondwana-sieve-mailboxid,1.0,1.0,1.0,1.0,0.9999999999999999,True
9071,RTP-Mixer Formatting of Multiparty Real-Time Text,2021,/api/v1/doc/document/draft-ietf-avtcore-multi-party-rtt-mix/,/api/v1/doc/document/draft-hellstrom-avtcore-multi-party-rtt-source/,draft-ietf-avtcore-multi-party-rtt-mix,draft-hellstrom-avtcore-multi-party-rtt-source,0.98989898989899,0.6530612244897959,0.6666666666666666,1.0,0.8420531849103278,True
9061,A YANG Data Model for IPsec Flow Protection Based on Software-Defined Networking (SDN),2021,/api/v1/doc/document/draft-ietf-i2nsf-sdn-ipsec-flow-protection/,/api/v1/doc/document/draft-abad-i2nsf-sdn-ipsec-flow-protection/,draft-ietf-i2nsf-sdn-ipsec-flow-protection,draft-abad-i2nsf-sdn-ipsec-flow-protection,0.43356643356643354,0.8928571428571429,0.8,1.0,0.6783191808191809,True
9065,"Considerations around Transport Header Confidentiality, Network Operations, and the Evolution of Internet Transport Protocols",2021,/api/v1/doc/document/draft-ietf-tsvwg-transport-encrypt/,/api/v1/doc/document/draft-fairhurst-tsvwg-transport-encrypt/,draft-ietf-tsvwg-transport-encrypt,draft-fairhurst-tsvwg-transport-encrypt,0.7181818181818181,0.85,0.6666666666666666,1.0,0.7690151515151514,True
9028,Native NAT Traversal Mode for the Host Identity Protocol,2021,/api/v1/doc/document/draft-ietf-hip-native-nat-traversal/,/api/v1/doc/document/draft-keranen-hip-native-nat-traversal/,draft-ietf-hip-native-nat-traversal,draft-keranen-hip-native-nat-traversal,1.0,0.9090909090909091,1.0,1.0,0.9772727272727272,True
9050,Path Computation Element Communication Protocol (PCEP) Procedures and Extensions for Using the PCE as a Central Controller (PCECC) of LSPs,2021,/api/v1/doc/document/draft-ietf-pce-pcep-extension-for-pce-controller/,/api/v1/doc/document/draft-zhao-pce-pcep-extension-for-pce-controller/,draft-ietf-pce-pcep-extension-for-pce-controller,draft-zhao-pce-pcep-extension-for-pce-controller,0.7288888888888889,0.9428571428571428,1.0,1.0,0.8637142857142858,True
9072,Extended Optional Parameters Length for BGP OPEN Message,2021,/api/v1/doc/document/draft-ietf-idr-ext-opt-param/,/api/v1/doc/document/draft-chen-bgp-ext-opt-param/,draft-ietf-idr-ext-opt-param,draft-chen-bgp-ext-opt-param,1.0,0.8666666666666667,1.0,1.0,0.9666666666666667,True
9090,Concise Binary Object Representation (CBOR) Tags for Object Identifiers,2021,/api/v1/doc/document/draft-ietf-cbor-tags-oid/,/api/v1/doc/document/draft-bormann-cbor-tags-oid/,draft-ietf-cbor-tags-oid,draft-bormann-cbor-tags-oid,1.0,0.7619047619047619,1.0,1.0,0.9404761904761904,True
8984,JSCalendar: A JSON Representation of Calendar Data,2021,/api/v1/doc/document/draft-ietf-calext-jscalendar/,/api/v1/doc/document/draft-jenkins-jscalendar/,draft-ietf-calext-jscalendar,draft-jenkins-jscalendar,1.0,1.0,1.0,1.0,0.9999999999999999,True
9076,DNS Privacy Considerations,2021,/api/v1/doc/document/draft-ietf-dprive-rfc7626-bis/,/api/v1/doc/document/draft-bortzmeyer-dprive-rfc7626-bis/,draft-ietf-dprive-rfc7626-bis,draft-bortzmeyer-dprive-rfc7626-bis,1.0,0.7586206896551724,1.0,1.0,0.939655172413793,True
9077,NSEC and NSEC3: TTLs and Aggressive Use,2021,/api/v1/doc/document/draft-ietf-dnsop-nsec-ttl/,/api/v1/doc/document/draft-vandijk-dnsop-nsec-ttl/,draft-ietf-dnsop-nsec-ttl,draft-vandijk-dnsop-nsec-ttl,0.821917808219178,0.7272727272727273,0.8,1.0,0.811681195516812,True
9081,Interoperation between Multicast Virtual Private Network (MVPN) and Multicast Source Directory Protocol (MSDP) Source-Active Routes,2021,/api/v1/doc/document/draft-ietf-bess-mvpn-msdp-sa-interoperation/,/api/v1/doc/document/draft-zzhang-bess-mvpn-msdp-sa-interoperation/,draft-ietf-bess-mvpn-msdp-sa-interoperation,draft-zzhang-bess-mvpn-msdp-sa-interoperation,0.17721518987341772,0.9152542372881356,0.75,1.0,0.5585603947650719,True
9041,Updating the MPLS Label Switched Paths (LSPs) Ping Parameters IANA Registry,2021,/api/v1/doc/document/draft-ietf-mpls-lsp-ping-registries-update/,/api/v1/doc/document/draft-andersson-mpls-lsp-ping-registries-update/,draft-ietf-mpls-lsp-ping-registries-update,draft-andersson-mpls-lsp-ping-registries-update,0.6434782608695652,0.9122807017543859,0.8,1.0,0.7776353928299008,True
9041,Updating the MPLS Label Switched Paths (LSPs) Ping Parameters IANA Registry,2021,/api/v1/doc/document/draft-andersson-mpls-lsp-ping-registries-update/,/api/v1/doc/document/draft-andersson-lsp-ping-registries-update/,draft-andersson-mpls-lsp-ping-registries-update,draft-andersson-lsp-ping-registries-update,0.7088607594936709,0.9122807017543859,0.8,1.0,0.8070575172107484,True
9091,"Experimental Domain-Based Message Authentication, Reporting, and Conformance (DMARC) Extension for Public Suffix Domains",2021,/api/v1/doc/document/draft-ietf-dmarc-psd/,/api/v1/doc/document/draft-kitterman-dmarc-psd/,draft-ietf-dmarc-psd,draft-kitterman-dmarc-psd,0.8839285714285714,0.5,0.8461538461538461,1.0,0.7919986263736264,True
9092,Finding and Using Geofeed Data,2021,/api/v1/doc/document/draft-ietf-opsawg-finding-geofeeds/,/api/v1/doc/document/draft-ymbk-opsawg-finding-geofeeds/,draft-ietf-opsawg-finding-geofeeds,draft-ymbk-opsawg-finding-geofeeds,1.0,0.8205128205128205,1.0,1.0,0.9551282051282052,True
9040,TCP Control Block Interdependence,2021,/api/v1/doc/document/draft-ietf-tcpm-2140bis/,/api/v1/doc/document/draft-touch-tcpm-2140bis/,draft-ietf-tcpm-2140bis,draft-touch-tcpm-2140bis,1.0,0.7368421052631579,1.0,1.0,0.9342105263157895,True
9040,TCP Control Block Interdependence,2021,/api/v1/doc/document/draft-ietf-tcpm-2140bis/,/api/v1/doc/document/draft-touch-tcpm-automatic-iw/,draft-ietf-tcpm-2140bis,draft-touch-tcpm-automatic-iw,0.08695652173913043,0.08333333333333333,0.14285714285714285,1.0,0.18853519668737062,False
9040,TCP Control Block Interdependence,2021,/api/v1/doc/document/draft-touch-tcpm-2140bis/,/api/v1/doc/document/draft-welzl-tcpm-tcb-sharing/,draft-touch-tcpm-2140bis,draft-welzl-tcpm-tcb-sharing,0.6804123711340206,0.5,0.6666666666666666,1.0,0.6645189003436426,True
9095,Extensible Provisioning Protocol (EPP) Domain Name Mapping Extension for Strict Bundling Registration,2021,/api/v1/doc/document/draft-yao-regext-bundling-registration/,/api/v1/doc/document/draft-ietf-regext-bundling-registration/,draft-yao-regext-bundling-registration,draft-ietf-regext-bundling-registration,1.0,0.8571428571428571,1.0,1.0,0.9642857142857143,True
9095,Extensible Provisioning Protocol (EPP) Domain Name Mapping Extension for Strict Bundling Registration,2021,/api/v1/doc/document/draft-ietf-regext-bundling-registration/,/api/v1/doc/document/draft-kong-eppext-bundling-registration/,draft-ietf-regext-bundling-registration,draft-kong-eppext-bundling-registration,0.9633507853403142,0.8571428571428571,0.9,1.0,0.9277935676888557,True
9073,Event Publishing Extensions to iCalendar,2021,/api/v1/doc/document/draft-ietf-calext-eventpub-extensions/,/api/v1/doc/document/draft-douglass-calendar-extension/,draft-ietf-calext-eventpub-extensions,draft-douglass-calendar-extension,1.0,0.6486486486486487,1.0,1.0,0.9121621621621622,True
9074,"""VALARM"" Extensions for iCalendar",2021,/api/v1/doc/document/draft-ietf-calext-valarm-extensions/,/api/v1/doc/document/draft-daboo-valarm-extensions/,draft-ietf-calext-valarm-extensions,draft-daboo-valarm-extensions,1.0,1.0,1.0,1.0,0.9999999999999999,True
9105,A YANG Data Model for Terminal Access Controller Access-Control System Plus (TACACS+),2021,/api/v1/doc/document/draft-ietf-opsawg-tacacs-yang/,/api/v1/doc/document/draft-zheng-opsawg-tacacs-yang/,draft-ietf-opsawg-tacacs-yang,draft-zheng-opsawg-tacacs-yang,0.48148148148148145,0.7586206896551724,0.6666666666666666,1.0,0.639655172413793,True
9105,A YANG Data Model for Terminal Access Controller Access-Control System Plus (TACACS+),2021,/api/v1/doc/document/draft-zheng-opsawg-tacacs-yang/,/api/v1/doc/document/draft-zheng-netmod-tacacs-yang/,draft-zheng-opsawg-tacacs-yang,draft-zheng-netmod-tacacs-yang,0.5252525252525253,0.7222222222222222,0.5,1.0,0.6169191919191919,True
9102,TLS DNSSEC Chain Extension,2021,/api/v1/doc/document/draft-dukhovni-tls-dnssec-chain/,/api/v1/doc/document/draft-ietf-tls-dnssec-chain-extension/,draft-dukhovni-tls-dnssec-chain,draft-ietf-tls-dnssec-chain-extension,0.5168539325842697,0.631578947368421,0.5714285714285714,1.0,0.604764720790741,True
9102,TLS DNSSEC Chain Extension,2021,/api/v1/doc/document/draft-ietf-tls-dnssec-chain-extension/,/api/v1/doc/document/draft-shore-tls-dnssec-chain-extension/,draft-ietf-tls-dnssec-chain-extension,draft-shore-tls-dnssec-chain-extension,1.0,0.9166666666666666,1.0,1.0,0.9791666666666666,True
9104,Distribution of Traffic Engineering Extended Administrative Groups Using the Border Gateway Protocol - Link State (BGP-LS),2021,/api/v1/doc/document/draft-ietf-idr-eag-distribution/,/api/v1/doc/document/draft-wang-idr-eag-distribution/,draft-ietf-idr-eag-distribution,draft-wang-idr-eag-distribution,0.5697674418604651,0.8888888888888888,0.6666666666666666,1.0,0.7119509043927649,True
9099,Operational Security Considerations for IPv6 Networks,2021,/api/v1/doc/document/draft-ietf-opsec-v6/,/api/v1/doc/document/draft-vyncke-opsec-v6/,draft-ietf-opsec-v6,draft-vyncke-opsec-v6,1.0,0.4,1.0,1.0,0.85,True
9094,A YANG Data Model for Wavelength Switched Optical Networks (WSONs),2021,/api/v1/doc/document/draft-ietf-ccamp-wson-yang/,/api/v1/doc/document/draft-lee-ccamp-wson-yang/,draft-ietf-ccamp-wson-yang,draft-lee-ccamp-wson-yang,0.7663551401869159,0.75,0.6666666666666666,1.0,0.7656931464174453,True
9084,OSPF Prefix Originator Extensions,2021,/api/v1/doc/document/draft-ietf-lsr-ospf-prefix-originator/,/api/v1/doc/document/draft-wang-lsr-ospf-prefix-originator-ext/,draft-ietf-lsr-ospf-prefix-originator,draft-wang-lsr-ospf-prefix-originator-ext,0.6376811594202898,0.8461538461538461,0.6,1.0,0.718494983277592,True
9085,Border Gateway Protocol - Link State (BGP-LS) Extensions for Segment Routing,2021,/api/v1/doc/document/draft-ietf-idr-bgp-ls-segment-routing-ext/,/api/v1/doc/document/draft-gredler-idr-bgp-ls-segment-routing-ext/,draft-ietf-idr-bgp-ls-segment-routing-ext,draft-gredler-idr-bgp-ls-segment-routing-ext,0.7692307692307693,0.9285714285714286,0.8,1.0,0.8382967032967034,True
9085,Border Gateway Protocol - Link State (BGP-LS) Extensions for Segment Routing,2021,/api/v1/doc/document/draft-gredler-idr-bgp-ls-segment-routing-ext/,/api/v1/doc/document/draft-gredler-idr-bgp-ls-segment-routing-extension/,draft-gredler-idr-bgp-ls-segment-routing-ext,draft-gredler-idr-bgp-ls-segment-routing-extension,1.0,0.9090909090909091,1.0,1.0,0.9772727272727272,True
9085,Border Gateway Protocol - Link State (BGP-LS) Extensions for Segment Routing,2021,/api/v1/doc/document/draft-gredler-idr-bgp-ls-segment-routing-extension/,/api/v1/doc/document/draft-gredler-bgp-ls-segment-routing-extensions/,draft-gredler-idr-bgp-ls-segment-routing-extension,draft-gredler-bgp-ls-segment-routing-extensions,1.0,0.927536231884058,1.0,1.0,0.9818840579710145,True
9086,Border Gateway Protocol - Link State (BGP-LS) Extensions for Segment Routing BGP Egress Peer Engineering,2021,/api/v1/doc/document/draft-ietf-idr-bgpls-segment-routing-epe/,/api/v1/doc/document/draft-previdi-idr-bgpls-segment-routing-epe/,draft-ietf-idr-bgpls-segment-routing-epe,draft-previdi-idr-bgpls-segment-routing-epe,0.4968152866242038,0.9259259259259259,0.8,1.0,0.7150483604623732,True
9087,Segment Routing Centralized BGP Egress Peer Engineering,2021,/api/v1/doc/document/draft-ietf-spring-segment-routing-central-epe/,/api/v1/doc/document/draft-filsfils-spring-segment-routing-central-epe/,draft-ietf-spring-segment-routing-central-epe,draft-filsfils-spring-segment-routing-central-epe,0.9622641509433962,0.8852459016393442,0.8571428571428571,1.0,0.9257589147629358,True
9088,Signaling Entropy Label Capability and Entropy Readable Label Depth Using IS-IS,2021,/api/v1/doc/document/draft-ietf-isis-mpls-elc/,/api/v1/doc/document/draft-xu-isis-mpls-elc/,draft-ietf-isis-mpls-elc,draft-xu-isis-mpls-elc,0.736,0.7619047619047619,0.7142857142857143,1.0,0.7645333333333333,True
9088,Signaling Entropy Label Capability and Entropy Readable Label Depth Using IS-IS,2021,/api/v1/doc/document/draft-ietf-isis-mpls-elc/,/api/v1/doc/document/draft-ietf-idr-bgp-ls-segment-routing-rld/,draft-ietf-isis-mpls-elc,draft-ietf-idr-bgp-ls-segment-routing-rld,0.411214953271028,0.35294117647058826,0.1,-0.5,0.24328202308960972,False
9089,Signaling Entropy Label Capability and Entropy Readable Label Depth Using OSPF,2021,/api/v1/doc/document/draft-ietf-ospf-mpls-elc/,/api/v1/doc/document/draft-xu-ospf-mpls-elc/,draft-ietf-ospf-mpls-elc,draft-xu-ospf-mpls-elc,0.7317073170731707,0.7619047619047619,0.75,1.0,0.7697444831591174,True
9089,Signaling Entropy Label Capability and Entropy Readable Label Depth Using OSPF,2021,/api/v1/doc/document/draft-ietf-ospf-mpls-elc/,/api/v1/doc/document/draft-ietf-idr-bgp-ls-segment-routing-rld/,draft-ietf-ospf-mpls-elc,draft-ietf-idr-bgp-ls-segment-routing-rld,0.41509433962264153,0.35294117647058826,0.09090909090909091,-0.5,0.24320956512965397,False
9100,Sensor Measurement Lists (SenML) Features and Versions,2021,/api/v1/doc/document/draft-ietf-core-senml-versions/,/api/v1/doc/document/draft-bormann-core-senml-versions/,draft-ietf-core-senml-versions,draft-bormann-core-senml-versions,0.6835443037974683,0.8484848484848485,0.6666666666666666,1.0,0.7530494821634062,True
9101,The OAuth 2.0 Authorization Framework: JWT-Secured Authorization Request (JAR),2021,/api/v1/doc/document/draft-ietf-oauth-jwsreq/,/api/v1/doc/document/draft-sakimura-oauth-requrl/,draft-ietf-oauth-jwsreq,draft-sakimura-oauth-requrl,0.21621621621621623,0.3333333333333333,0.2222222222222222,1.0,0.32507507507507505,True
9043,"FFV1 Video Coding Format Versions 0, 1, and 3",2021,/api/v1/doc/document/draft-ietf-cellar-ffv1/,/api/v1/doc/document/draft-niedermayer-cellar-ffv1/,draft-ietf-cellar-ffv1,draft-niedermayer-cellar-ffv1,0.5084745762711864,0.5333333333333333,0.5,1.0,0.5621468926553672,True
9051,Internet Message Access Protocol (IMAP) - Version 4rev2,2021,/api/v1/doc/document/draft-ietf-extra-imap4rev2/,/api/v1/doc/document/draft-melnikov-imap4rev2/,draft-ietf-extra-imap4rev2,draft-melnikov-imap4rev2,0.9484536082474226,1.0,1.0,1.0,0.9768041237113402,True
9103,DNS Zone Transfer over TLS,2021,/api/v1/doc/document/draft-ietf-dprive-xfr-over-tls/,/api/v1/doc/document/draft-hzpa-dprive-xfr-over-tls/,draft-ietf-dprive-xfr-over-tls,draft-hzpa-dprive-xfr-over-tls,1.0,0.7741935483870968,1.0,1.0,0.9435483870967741,True
9109,Network Time Protocol Version 4: Port Randomization,2021,/api/v1/doc/document/draft-ietf-ntp-port-randomization/,/api/v1/doc/document/draft-gont-ntp-port-randomization/,draft-ietf-ntp-port-randomization,draft-gont-ntp-port-randomization,0.5794392523364486,0.9,1.0,1.0,0.7857476635514019,True
9107,BGP Optimal Route Reflection (BGP ORR),2021,/api/v1/doc/document/draft-ietf-idr-bgp-optimal-route-reflection/,/api/v1/doc/document/draft-raszuk-bgp-optimal-route-reflection/,draft-ietf-idr-bgp-optimal-route-reflection,draft-raszuk-bgp-optimal-route-reflection,1.0,1.0,1.0,1.0,0.9999999999999999,True
9117,Revised Validation Procedure for BGP Flow Specifications,2021,/api/v1/doc/document/draft-ietf-idr-bgp-flowspec-oid/,/api/v1/doc/document/draft-djsmith-bgp-flowspec-oid/,draft-ietf-idr-bgp-flowspec-oid,draft-djsmith-bgp-flowspec-oid,1.0,1.0,1.0,1.0,0.9999999999999999,True
9118,Enhanced JSON Web Token (JWT) Claim Constraints for Secure Telephone Identity Revisited (STIR) Certificates,2021,/api/v1/doc/document/draft-ietf-stir-enhance-rfc8226/,/api/v1/doc/document/draft-housley-stir-enhance-rfc8226/,draft-ietf-stir-enhance-rfc8226,draft-housley-stir-enhance-rfc8226,0.6709677419354839,0.8571428571428571,0.6666666666666666,1.0,0.7495545314900153,True
9079,Source-Specific Routing in the Babel Routing Protocol,2021,/api/v1/doc/document/draft-ietf-babel-source-specific/,/api/v1/doc/document/draft-boutier-babel-source-specific/,draft-ietf-babel-source-specific,draft-boutier-babel-source-specific,0.7529411764705882,0.8333333333333334,1.0,1.0,0.8471568627450979,True
9080,Homenet Profile of the Babel Routing Protocol,2021,/api/v1/doc/document/draft-ietf-homenet-babel-profile/,/api/v1/doc/document/draft-chroboczek-homenet-babel-profile/,draft-ietf-homenet-babel-profile,draft-chroboczek-homenet-babel-profile,1.0,0.7647058823529411,1.0,1.0,0.9411764705882352,True
9125,Gateway Auto-Discovery and Route Advertisement for Site Interconnection Using Segment Routing,2021,/api/v1/doc/document/draft-ietf-bess-datacenter-gateway/,/api/v1/doc/document/draft-drake-bess-datacenter-gateway/,draft-ietf-bess-datacenter-gateway,draft-drake-bess-datacenter-gateway,0.7368421052631579,0.8780487804878049,0.6666666666666666,1.0,0.7844244758237056,True
9096,Improving the Reaction of Customer Edge Routers to IPv6 Renumbering Events,2021,/api/v1/doc/document/draft-ietf-v6ops-cpe-slaac-renum/,/api/v1/doc/document/draft-gont-v6ops-cpe-slaac-renum/,draft-ietf-v6ops-cpe-slaac-renum,draft-gont-v6ops-cpe-slaac-renum,0.965034965034965,0.8333333333333334,0.875,1.0,0.9175990675990676,True
9132,Distributed Denial-of-Service Open Threat Signaling (DOTS) Signal Channel Specification,2021,/api/v1/doc/document/draft-ietf-dots-rfc8782-bis/,/api/v1/doc/document/draft-boucadair-dots-rfc8782-bis/,draft-ietf-dots-rfc8782-bis,draft-boucadair-dots-rfc8782-bis,1.0,0.8148148148148148,1.0,1.0,0.9537037037037036,True
9132,Distributed Denial-of-Service Open Threat Signaling (DOTS) Signal Channel Specification,2021,/api/v1/doc/document/draft-boucadair-dots-rfc8782-bis/,/api/v1/doc/document/draft-boucadair-dots-rfc8782-yang-update/,draft-boucadair-dots-rfc8782-bis,draft-boucadair-dots-rfc8782-yang-update,0.797752808988764,0.65,0.75,1.0,0.7714887640449438,True
9133,Controlling Filtering Rules Using Distributed Denial-of-Service Open Threat Signaling (DOTS) Signal Channel,2021,/api/v1/doc/document/draft-ietf-dots-signal-filter-control/,/api/v1/doc/document/draft-nishizuka-dots-signal-control-filtering/,draft-ietf-dots-signal-filter-control,draft-nishizuka-dots-signal-control-filtering,1.0,0.56,1.0,1.0,0.89,True
9106,Argon2 Memory-Hard Function for Password Hashing and Proof-of-Work Applications,2021,/api/v1/doc/document/draft-irtf-cfrg-argon2/,/api/v1/doc/document/draft-josefsson-argon2/,draft-irtf-cfrg-argon2,draft-josefsson-argon2,0.5645161290322581,1.0,1.0,1.0,0.8040322580645162,True
9108,YANG Types for DNS Classes and Resource Record Types,2021,/api/v1/doc/document/draft-ietf-dnsop-iana-class-type-yang/,/api/v1/doc/document/draft-lhotka-dnsop-iana-class-type-yang/,draft-ietf-dnsop-iana-class-type-yang,draft-lhotka-dnsop-iana-class-type-yang,1.0,0.8695652173913043,1.0,1.0,0.967391304347826,True
9098,Operational Implications of IPv6 Packets with Extension Headers,2021,/api/v1/doc/document/draft-ietf-v6ops-ipv6-ehs-packet-drops/,/api/v1/doc/document/draft-gont-v6ops-ipv6-ehs-packet-drops/,draft-ietf-v6ops-ipv6-ehs-packet-drops,draft-gont-v6ops-ipv6-ehs-packet-drops,1.0,0.875,1.0,1.0,0.9687499999999999,True
9126,OAuth 2.0 Pushed Authorization Requests,2021,/api/v1/doc/document/draft-ietf-oauth-par/,/api/v1/doc/document/draft-lodderstedt-oauth-par/,draft-ietf-oauth-par,draft-lodderstedt-oauth-par,1.0,0.5,1.0,1.0,0.8749999999999999,True
9060,Secure Telephone Identity Revisited (STIR) Certificate Delegation,2021,/api/v1/doc/document/draft-ietf-stir-cert-delegation/,/api/v1/doc/document/draft-peterson-stir-cert-delegation/,draft-ietf-stir-cert-delegation,draft-peterson-stir-cert-delegation,0.6,0.8571428571428571,0.6666666666666666,1.0,0.7176190476190476,True
9115,An Automatic Certificate Management Environment (ACME) Profile for Generating Delegated Certificates,2021,/api/v1/doc/document/draft-ietf-acme-star-delegation/,/api/v1/doc/document/draft-sheffer-acme-star-delegation/,draft-ietf-acme-star-delegation,draft-sheffer-acme-star-delegation,0.6794871794871795,0.8571428571428571,0.6666666666666666,1.0,0.7533882783882784,True
9131,Gratuitous Neighbor Discovery: Creating Neighbor Cache Entries on First-Hop Routers,2021,/api/v1/doc/document/draft-ietf-6man-grand/,/api/v1/doc/document/draft-linkova-6man-grand/,draft-ietf-6man-grand,draft-linkova-6man-grand,1.0,0.6666666666666666,1.0,1.0,0.9166666666666666,True
9131,Gratuitous Neighbor Discovery: Creating Neighbor Cache Entries on First-Hop Routers,2021,/api/v1/doc/document/draft-ietf-6man-grand/,/api/v1/doc/document/draft-ietf-v6ops-nd-cache-init/,draft-ietf-6man-grand,draft-ietf-v6ops-nd-cache-init,0.5657894736842105,0.2222222222222222,0.5454545454545454,1.0,0.5192517278043594,False
9119,Multicast Considerations over IEEE 802 Wireless Media,2021,/api/v1/doc/document/draft-ietf-mboned-ieee802-mcast-problems/,/api/v1/doc/document/draft-perkins-intarea-multicast-ieee802/,draft-ietf-mboned-ieee802-mcast-problems,draft-perkins-intarea-multicast-ieee802,1.0,0.2978723404255319,1.0,1.0,0.8244680851063829,True
9119,Multicast Considerations over IEEE 802 Wireless Media,2021,/api/v1/doc/document/draft-ietf-mboned-ieee802-mcast-problems/,/api/v1/doc/document/draft-mcbride-mboned-wifi-mcast-problem-statement/,draft-ietf-mboned-ieee802-mcast-problems,draft-mcbride-mboned-wifi-mcast-problem-statement,0.4,0.5614035087719298,0.14285714285714285,1.0,0.44892230576441106,False
9067,A YANG Data Model for Routing Policy,2021,/api/v1/doc/document/draft-ietf-rtgwg-policy-model/,/api/v1/doc/document/draft-shaikh-rtgwg-policy-model/,draft-ietf-rtgwg-policy-model,draft-shaikh-rtgwg-policy-model,0.28,0.8,0.6666666666666666,1.0,0.5593333333333333,True
9137,Considerations for Cancellation of IETF Meetings,2021,/api/v1/doc/document/draft-ietf-shmoo-cancel-meeting/,/api/v1/doc/document/draft-duke-shmoo-cancel-meeting/,draft-ietf-shmoo-cancel-meeting,draft-duke-shmoo-cancel-meeting,1.0,0.8235294117647058,1.0,1.0,0.9558823529411765,True
9137,Considerations for Cancellation of IETF Meetings,2021,/api/v1/doc/document/draft-duke-shmoo-cancel-meeting/,/api/v1/doc/document/draft-duke-shmoo-remote-meetings/,draft-duke-shmoo-cancel-meeting,draft-duke-shmoo-remote-meetings,0.9320388349514563,0.7317073170731707,0.8,1.0,0.8623443049964481,True
9135,Integrated Routing and Bridging in Ethernet VPN (EVPN),2021,/api/v1/doc/document/draft-ietf-bess-evpn-inter-subnet-forwarding/,/api/v1/doc/document/draft-sajassi-l2vpn-evpn-inter-subnet-forwarding/,draft-ietf-bess-evpn-inter-subnet-forwarding,draft-sajassi-l2vpn-evpn-inter-subnet-forwarding,0.8571428571428571,0.9032258064516129,0.8,1.0,0.8715207373271889,True
9136,IP Prefix Advertisement in Ethernet VPN (EVPN),2021,/api/v1/doc/document/draft-ietf-bess-evpn-prefix-advertisement/,/api/v1/doc/document/draft-rabadan-l2vpn-evpn-prefix-advertisement/,draft-ietf-bess-evpn-prefix-advertisement,draft-rabadan-l2vpn-evpn-prefix-advertisement,0.8266666666666667,0.8928571428571429,0.75,1.0,0.8452142857142857,True
9068,JSON Web Token (JWT) Profile for OAuth 2.0 Access Tokens,2021,/api/v1/doc/document/draft-ietf-oauth-access-token-jwt/,/api/v1/doc/document/draft-bertocci-oauth-access-token-jwt/,draft-ietf-oauth-access-token-jwt,draft-bertocci-oauth-access-token-jwt,1.0,0.8421052631578947,1.0,1.0,0.9605263157894736,True
9127,YANG Data Model for Bidirectional Forwarding Detection (BFD),2021,/api/v1/doc/document/draft-ietf-bfd-yang/,/api/v1/doc/document/draft-zheng-bfd-yang/,draft-ietf-bfd-yang,draft-zheng-bfd-yang,1.0,0.6666666666666666,1.0,1.0,0.9166666666666666,True
9134,RTP Payload Format for ISO/IEC 21122 (JPEG XS),2021,/api/v1/doc/document/draft-ietf-payload-rtp-jpegxs/,/api/v1/doc/document/draft-lugan-payload-rtp-jpegxs/,draft-ietf-payload-rtp-jpegxs,draft-lugan-payload-rtp-jpegxs,1.0,0.7142857142857143,1.0,1.0,0.9285714285714285,True
9134,RTP Payload Format for ISO/IEC 21122 (JPEG XS),2021,/api/v1/doc/document/draft-lugan-payload-rtp-jpegxs/,/api/v1/doc/document/draft-lugan-rtp-jpegxs/,draft-lugan-payload-rtp-jpegxs,draft-lugan-rtp-jpegxs,1.0,0.7142857142857143,1.0,1.0,0.9285714285714285,True
9048,Improved Extensible Authentication Protocol Method for 3GPP Mobile Network Authentication and Key Agreement (EAP-AKA'),2021,/api/v1/doc/document/draft-ietf-emu-rfc5448bis/,/api/v1/doc/document/draft-arkko-eap-rfc5448bis/,draft-ietf-emu-rfc5448bis,draft-arkko-eap-rfc5448bis,0.9155555555555556,0.8333333333333334,0.6153846153846154,1.0,0.8434102564102565,True
9120,"Nameservers for the Address and Routing Parameter Area (""arpa"") Domain",2021,/api/v1/doc/document/draft-iab-arpa-authoritative-servers/,/api/v1/doc/document/draft-iana-arpa-authoritative-servers/,draft-iab-arpa-authoritative-servers,draft-iana-arpa-authoritative-servers,1.0,1.0,1.0,1.0,0.9999999999999999,True
9097,Metrics and Methods for One-Way IP Capacity,2021,/api/v1/doc/document/draft-ietf-ippm-capacity-metric-method/,/api/v1/doc/document/draft-morton-ippm-capacity-metric-method/,draft-ietf-ippm-capacity-metric-method,draft-morton-ippm-capacity-metric-method,0.8974358974358975,0.8979591836734694,0.75,1.0,0.8783359497645212,True
9097,Metrics and Methods for One-Way IP Capacity,2021,/api/v1/doc/document/draft-morton-ippm-capacity-metric-method/,/api/v1/doc/document/draft-morton-ippm-capcity-metric-method/,draft-morton-ippm-capacity-metric-method,draft-morton-ippm-capcity-metric-method,1.0,0.9811320754716981,1.0,1.0,0.9952830188679246,True
8911,Registry for Performance Metrics,2021,/api/v1/doc/document/draft-ietf-ippm-metric-registry/,/api/v1/doc/document/draft-manyfolks-ippm-metric-registry/,draft-ietf-ippm-metric-registry,draft-manyfolks-ippm-metric-registry,1.0,0.8571428571428571,1.0,1.0,0.9642857142857143,True
8911,Registry for Performance Metrics,2021,/api/v1/doc/document/draft-ietf-ippm-metric-registry/,/api/v1/doc/document/draft-ietf-ippm-registry-passive/,draft-ietf-ippm-metric-registry,draft-ietf-ippm-registry-passive,0.5833333333333334,0.5161290322580645,0.6,1.0,0.611532258064516,False
8911,Registry for Performance Metrics,2021,/api/v1/doc/document/draft-ietf-ippm-metric-registry/,/api/v1/doc/document/draft-ietf-ippm-registry-active/,draft-ietf-ippm-metric-registry,draft-ietf-ippm-registry-active,0.6,0.5333333333333333,0.3333333333333333,1.0,0.57,False
8912,Initial Performance Metrics Registry Entries,2021,/api/v1/doc/document/draft-ietf-ippm-initial-registry/,/api/v1/doc/document/draft-morton-ippm-initial-registry/,draft-ietf-ippm-initial-registry,draft-morton-ippm-initial-registry,0.9885057471264368,0.8648648648648649,0.6666666666666666,1.0,0.8943771357564461,True
8913,Two-Way Active Measurement Protocol (TWAMP) YANG Data Model,2021,/api/v1/doc/document/draft-ietf-ippm-twamp-yang/,/api/v1/doc/document/draft-cmzrjp-ippm-twamp-yang/,draft-ietf-ippm-twamp-yang,draft-cmzrjp-ippm-twamp-yang,0.9541284403669725,0.8,0.875,1.0,0.9043577981651377,True
9156,DNS Query Name Minimisation to Improve Privacy,2021,/api/v1/doc/document/draft-ietf-dnsop-rfc7816bis/,/api/v1/doc/document/draft-bortzmeyer-rfc7816bis/,draft-ietf-dnsop-rfc7816bis,draft-bortzmeyer-rfc7816bis,1.0,1.0,1.0,1.0,0.9999999999999999,True
9139,Information-Centric Networking (ICN) Adaptation to Low-Power Wireless Personal Area Networks (LoWPANs),2021,/api/v1/doc/document/draft-irtf-icnrg-icnlowpan/,/api/v1/doc/document/draft-gundogan-icnrg-ccnlowpan/,draft-irtf-icnrg-icnlowpan,draft-gundogan-icnrg-ccnlowpan,0.5492957746478874,0.75,0.23076923076923078,1.0,0.5808369447453955,True
9138,Design Considerations for Name Resolution Service in Information-Centric Networking (ICN),2021,/api/v1/doc/document/draft-irtf-icnrg-nrs-requirements/,/api/v1/doc/document/draft-hong-icnrg-nrs-requirements/,draft-irtf-icnrg-nrs-requirements,draft-hong-icnrg-nrs-requirements,0.5970149253731343,0.8421052631578947,0.6666666666666666,1.0,0.7125163655407174,True
9138,Design Considerations for Name Resolution Service in Information-Centric Networking (ICN),2021,/api/v1/doc/document/draft-irtf-icnrg-nrs-requirements/,/api/v1/doc/document/draft-dong-icnrg-nrs-requirement/,draft-irtf-icnrg-nrs-requirements,draft-dong-icnrg-nrs-requirement,0.5714285714285714,0.8108108108108109,0.4,1.0,0.6398455598455598,False
9157,Revised IANA Considerations for DNSSEC,2021,/api/v1/doc/document/draft-ietf-dnsop-dnssec-iana-cons/,/api/v1/doc/document/draft-hoffman-dnssec-iana-cons/,draft-ietf-dnsop-dnssec-iana-cons,draft-hoffman-dnssec-iana-cons,1.0,1.0,1.0,1.0,0.9999999999999999,True
9066,Distributed Denial-of-Service Open Threat Signaling (DOTS) Signal Channel Call Home,2021,/api/v1/doc/document/draft-ietf-dots-signal-call-home/,/api/v1/doc/document/draft-reddy-dots-home-network/,draft-ietf-dots-signal-call-home,draft-reddy-dots-home-network,1.0,0.36363636363636365,1.0,1.0,0.8409090909090909,True
9144,Comparison of Network Management Datastore Architecture (NMDA) Datastores,2021,/api/v1/doc/document/draft-ietf-netmod-nmda-diff/,/api/v1/doc/document/draft-clemm-netmod-nmda-diff/,draft-ietf-netmod-nmda-diff,draft-clemm-netmod-nmda-diff,0.58,0.72,0.6666666666666666,1.0,0.6743333333333333,True
9144,Comparison of Network Management Datastore Architecture (NMDA) Datastores,2021,/api/v1/doc/document/draft-clemm-netmod-nmda-diff/,/api/v1/doc/document/draft-clemm-netconf-nmda-diff/,draft-clemm-netmod-nmda-diff,draft-clemm-netconf-nmda-diff,1.0,0.8484848484848485,1.0,1.0,0.962121212121212,True
9145,Integrity Protection for the Network Service Header (NSH) and Encryption of Sensitive Context Headers,2021,/api/v1/doc/document/draft-ietf-sfc-nsh-integrity/,/api/v1/doc/document/draft-rebo-sfc-nsh-integrity/,draft-ietf-sfc-nsh-integrity,draft-rebo-sfc-nsh-integrity,0.979381443298969,0.8666666666666667,1.0,1.0,0.9573883161512028,True
9159,IPv6 Mesh over BLUETOOTH(R) Low Energy Using the Internet Protocol Support Profile (IPSP),2021,/api/v1/doc/document/draft-ietf-6lo-blemesh/,/api/v1/doc/document/draft-gomez-6lo-blemesh/,draft-ietf-6lo-blemesh,draft-gomez-6lo-blemesh,0.7164179104477612,0.7777777777777778,0.7272727272727273,1.0,0.7622870496004824,True
9164,Concise Binary Object Representation (CBOR) Tags for IPv4 and IPv6 Addresses and Prefixes,2021,/api/v1/doc/document/draft-ietf-cbor-network-addresses/,/api/v1/doc/document/draft-richardson-cbor-network-addresses/,draft-ietf-cbor-network-addresses,draft-richardson-cbor-network-addresses,0.7299270072992701,0.8717948717948718,0.6666666666666666,1.0,0.7797492045667228,True
9160,Export of MPLS Segment Routing Label Type Information in IP Flow Information Export (IPFIX),2021,/api/v1/doc/document/draft-ietf-opsawg-ipfix-mpls-sr-label-type/,/api/v1/doc/document/draft-tgraf-ipfix-mpls-sr-label-type/,draft-ietf-opsawg-ipfix-mpls-sr-label-type,draft-tgraf-ipfix-mpls-sr-label-type,1.0,1.0,1.0,1.0,0.9999999999999999,True
9155,Deprecating MD5 and SHA-1 Signature Hashes in TLS 1.2 and DTLS 1.2,2021,/api/v1/doc/document/draft-ietf-tls-md5-sha1-deprecate/,/api/v1/doc/document/draft-lvelvindron-tls-md5-sha1-deprecate/,draft-ietf-tls-md5-sha1-deprecate,draft-lvelvindron-tls-md5-sha1-deprecate,0.8907563025210085,0.9,0.8571428571428571,1.0,0.8972689075630252,True
9165,Additional Control Operators for the Concise Data Definition Language (CDDL),2021,/api/v1/doc/document/draft-ietf-cbor-cddl-control/,/api/v1/doc/document/draft-bormann-cbor-cddl-control/,draft-ietf-cbor-cddl-control,draft-bormann-cbor-cddl-control,0.6666666666666666,0.8275862068965517,0.6666666666666666,1.0,0.7402298850574712,True
9167,Registry Maintenance Notification for the Extensible Provisioning Protocol (EPP),2021,/api/v1/doc/document/draft-ietf-regext-epp-registry-maintenance/,/api/v1/doc/document/draft-sattler-epp-registry-maintenance/,draft-ietf-regext-epp-registry-maintenance,draft-sattler-epp-registry-maintenance,0.9936305732484076,1.0,1.0,1.0,0.9971337579617835,True
9167,Registry Maintenance Notification for the Extensible Provisioning Protocol (EPP),2021,/api/v1/doc/document/draft-sattler-epp-registry-maintenance/,/api/v1/doc/document/draft-sattler-epp-poll-maintenance-response/,draft-sattler-epp-registry-maintenance,draft-sattler-epp-poll-maintenance-response,0.7437185929648241,0.6037735849056604,0.5454545454545454,1.0,0.6947076721514951,True
9154,Extensible Provisioning Protocol (EPP) Secure Authorization Information for Transfer,2021,/api/v1/doc/document/draft-ietf-regext-secure-authinfo-transfer/,/api/v1/doc/document/draft-gould-regext-secure-authinfo-transfer/,draft-ietf-regext-secure-authinfo-transfer,draft-gould-regext-secure-authinfo-transfer,1.0,0.8727272727272727,1.0,1.0,0.9681818181818181,True
9170,Long-Term Viability of Protocol Extension Mechanisms,2021,/api/v1/doc/document/draft-iab-use-it-or-lose-it/,/api/v1/doc/document/draft-thomson-use-it-or-lose-it/,draft-iab-use-it-or-lose-it,draft-thomson-use-it-or-lose-it,1.0,1.0,1.0,1.0,0.9999999999999999,True
9170,Long-Term Viability of Protocol Extension Mechanisms,2021,/api/v1/doc/document/draft-thomson-use-it-or-lose-it/,/api/v1/doc/document/draft-thomson-protocol-freedom/,draft-thomson-use-it-or-lose-it,draft-thomson-protocol-freedom,0.3883495145631068,0.12121212121212122,0.0,1.0,0.30506031185642835,True
9140,Nimble Out-of-Band Authentication for EAP (EAP-NOOB),2021,/api/v1/doc/document/draft-ietf-emu-eap-noob/,/api/v1/doc/document/draft-aura-eap-noob/,draft-ietf-emu-eap-noob,draft-aura-eap-noob,1.0,1.0,1.0,1.0,0.9999999999999999,True
9142,Key Exchange (KEX) Method Updates and Recommendations for Secure Shell (SSH),2022,/api/v1/doc/document/draft-ietf-curdle-ssh-kex-sha2/,/api/v1/doc/document/draft-baushke-ssh-dh-group-sha2/,draft-ietf-curdle-ssh-kex-sha2,draft-baushke-ssh-dh-group-sha2,0.4840764331210191,0.6206896551724138,0.5,1.0,0.573006808697562,True
9161,Operational Aspects of Proxy ARP/ND in Ethernet Virtual Private Networks,2022,/api/v1/doc/document/draft-ietf-bess-evpn-proxy-arp-nd/,/api/v1/doc/document/draft-snr-bess-evpn-proxy-arp-nd/,draft-ietf-bess-evpn-proxy-arp-nd,draft-snr-bess-evpn-proxy-arp-nd,0.8064516129032258,0.8717948717948718,0.75,1.0,0.8308519437551696,True
9124,A Manifest Information Model for Firmware Updates in Internet of Things (IoT) Devices,2022,/api/v1/doc/document/draft-ietf-suit-information-model/,/api/v1/doc/document/draft-moran-suit-architecture/,draft-ietf-suit-information-model,draft-moran-suit-architecture,0.6388888888888888,0.23529411764705882,0.36363636363636365,1.0,0.5190508021390374,True
9124,A Manifest Information Model for Firmware Updates in Internet of Things (IoT) Devices,2022,/api/v1/doc/document/draft-moran-suit-architecture/,/api/v1/doc/document/draft-moran-fud-architecture/,draft-moran-suit-architecture,draft-moran-fud-architecture,1.0,0.8484848484848485,1.0,1.0,0.962121212121212,True
9168,Path Computation Element Communication Protocol (PCEP) Extension for Flow Specification,2022,/api/v1/doc/document/draft-ietf-pce-pcep-flowspec/,/api/v1/doc/document/draft-li-pce-pcep-flowspec/,draft-ietf-pce-pcep-flowspec,draft-li-pce-pcep-flowspec,0.6065573770491803,0.8666666666666667,0.6666666666666666,1.0,0.7229508196721312,True
9184,BGP Extended Community Registries Update,2022,/api/v1/doc/document/draft-ietf-idr-bgp-ext-com-registry/,/api/v1/doc/document/draft-cl-idr-bgp-ext-com-registry-update/,draft-ietf-idr-bgp-ext-com-registry,draft-cl-idr-bgp-ext-com-registry-update,1.0,0.7843137254901961,1.0,1.0,0.9460784313725491,True
9186,Fast Failover in Protocol Independent Multicast - Sparse Mode (PIM-SM) Using Bidirectional Forwarding Detection (BFD) for Multipoint Networks,2022,/api/v1/doc/document/draft-ietf-pim-bfd-p2mp-use-case/,/api/v1/doc/document/draft-mirsky-pim-bfd-p2mp-use-case/,draft-ietf-pim-bfd-p2mp-use-case,draft-mirsky-pim-bfd-p2mp-use-case,0.4674329501915709,0.8947368421052632,0.8,1.0,0.6940290381125227,True
9171,Bundle Protocol Version 7,2022,/api/v1/doc/document/draft-ietf-dtn-bpbis/,/api/v1/doc/document/draft-dtnwg-bp/,draft-ietf-dtn-bpbis,draft-dtnwg-bp,0.75,0.5714285714285714,1.0,1.0,0.7803571428571429,True
9172,Bundle Protocol Security (BPSec),2022,/api/v1/doc/document/draft-ietf-dtn-bpsec/,/api/v1/doc/document/draft-birrane-dtn-sbsp/,draft-ietf-dtn-bpsec,draft-birrane-dtn-sbsp,0.525,0.3076923076923077,0.5,1.0,0.5131730769230769,True
9173,Default Security Contexts for Bundle Protocol Security (BPSec),2022,/api/v1/doc/document/draft-ietf-dtn-bpsec-default-sc/,/api/v1/doc/document/draft-ietf-dtn-bpsec-interop-sc/,draft-ietf-dtn-bpsec-default-sc,draft-ietf-dtn-bpsec-interop-sc,0.5494505494505495,0.625,0.8,1.0,0.6635027472527473,True
9173,Default Security Contexts for Bundle Protocol Security (BPSec),2022,/api/v1/doc/document/draft-ietf-dtn-bpsec-interop-sc/,/api/v1/doc/document/draft-birrane-dtn-bpsec-interop-cs/,draft-ietf-dtn-bpsec-interop-sc,draft-birrane-dtn-bpsec-interop-cs,0.7887323943661971,0.8333333333333334,0.6666666666666666,1.0,0.7965962441314554,True
9174,Delay-Tolerant Networking TCP Convergence-Layer Protocol Version 4,2022,/api/v1/doc/document/draft-ietf-dtn-tcpclv4/,/api/v1/doc/document/draft-sipos-dtn-tcpclv4/,draft-ietf-dtn-tcpclv4,draft-sipos-dtn-tcpclv4,1.0,0.7777777777777778,1.0,1.0,0.9444444444444445,True
9166,A YANG Data Model for Internet Group Management Protocol (IGMP) and Multicast Listener Discovery (MLD) Snooping,2022,/api/v1/doc/document/draft-ietf-pim-igmp-mld-snooping-yang/,/api/v1/doc/document/draft-zhao-pim-igmp-mld-snooping-yang/,draft-ietf-pim-igmp-mld-snooping-yang,draft-zhao-pim-igmp-mld-snooping-yang,0.5733333333333334,0.9166666666666666,0.8,1.0,0.7471666666666666,True
9166,A YANG Data Model for Internet Group Management Protocol (IGMP) and Multicast Listener Discovery (MLD) Snooping,2022,/api/v1/doc/document/draft-zhao-pim-igmp-mld-snooping-yang/,/api/v1/doc/document/draft-zhao-igmp-mld-snooping-yang/,draft-zhao-pim-igmp-mld-snooping-yang,draft-zhao-igmp-mld-snooping-yang,1.0,0.9166666666666666,1.0,1.0,0.9791666666666666,True
9153,Drone Remote Identification Protocol (DRIP) Requirements and Terminology,2022,/api/v1/doc/document/draft-ietf-drip-reqs/,/api/v1/doc/document/draft-card-drip-reqs/,draft-ietf-drip-reqs,draft-card-drip-reqs,0.8709677419354839,0.6153846153846154,0.8333333333333334,1.0,0.8124483043837883,True
9153,Drone Remote Identification Protocol (DRIP) Requirements and Terminology,2022,/api/v1/doc/document/draft-card-drip-reqs/,/api/v1/doc/document/draft-card-tmrid-uas-reqs/,draft-card-drip-reqs,draft-card-tmrid-uas-reqs,0.6548672566371682,0.6086956521739131,0.375,1.0,0.6218641785302039,True
9153,Drone Remote Identification Protocol (DRIP) Requirements and Terminology,2022,/api/v1/doc/document/draft-card-drip-reqs/,/api/v1/doc/document/draft-card-tmrid-uas/,draft-card-drip-reqs,draft-card-tmrid-uas,0.29850746268656714,0.4444444444444444,0.16666666666666666,1.0,0.37877280265339963,False
9183,Single Nickname for an Area Border RBridge in Multilevel Transparent Interconnection of Lots of Links (TRILL),2022,/api/v1/doc/document/draft-ietf-trill-multilevel-single-nickname/,/api/v1/doc/document/draft-zhang-trill-multilevel-single-nickname/,draft-ietf-trill-multilevel-single-nickname,draft-zhang-trill-multilevel-single-nickname,0.49079754601226994,0.896551724137931,0.75,1.0,0.6949968267400043,True
9179,A YANG Grouping for Geographic Locations,2022,/api/v1/doc/document/draft-ietf-netmod-geo-location/,/api/v1/doc/document/draft-chopps-netmod-geo-location/,draft-ietf-netmod-geo-location,draft-chopps-netmod-geo-location,0.5964912280701754,0.7741935483870968,0.6666666666666666,1.0,0.6953027730616864,True
9190,EAP-TLS 1.3: Using the Extensible Authentication Protocol with TLS 1.3,2022,/api/v1/doc/document/draft-ietf-emu-eap-tls13/,/api/v1/doc/document/draft-mattsson-eap-tls13/,draft-ietf-emu-eap-tls13,draft-mattsson-eap-tls13,0.42105263157894735,1.0,1.0,1.0,0.7394736842105264,True
9191,Handling Large Certificates and Long Certificate Chains in TLS-Based EAP Methods,2022,/api/v1/doc/document/draft-ietf-emu-eaptlscert/,/api/v1/doc/document/draft-ms-emu-eaptlscert/,draft-ietf-emu-eaptlscert,draft-ms-emu-eaptlscert,1.0,0.8333333333333334,1.0,1.0,0.9583333333333334,True
9181,A Common YANG Data Model for Layer 2 and Layer 3 VPNs,2022,/api/v1/doc/document/draft-ietf-opsawg-vpn-common/,/api/v1/doc/document/draft-bgbw-opsawg-vpn-common/,draft-ietf-opsawg-vpn-common,draft-bgbw-opsawg-vpn-common,0.4418604651162791,0.7407407407407407,0.6666666666666666,1.0,0.617355727820844,True
9182,A YANG Network Data Model for Layer 3 VPNs,2022,/api/v1/doc/document/draft-ietf-opsawg-l3sm-l3nm/,/api/v1/doc/document/draft-aguado-opsawg-l3sm-l3nm/,draft-ietf-opsawg-l3sm-l3nm,draft-aguado-opsawg-l3sm-l3nm,0.3283582089552239,0.72,0.6666666666666666,1.0,0.561094527363184,True
9069,Support for Local RIB in the BGP Monitoring Protocol (BMP),2022,/api/v1/doc/document/draft-ietf-grow-bmp-local-rib/,/api/v1/doc/document/draft-evens-grow-bmp-local-rib/,draft-ietf-grow-bmp-local-rib,draft-evens-grow-bmp-local-rib,0.9629629629629629,0.8387096774193549,1.0,1.0,0.943010752688172,True
9143,Negotiating Media Multiplexing Using the Session Description Protocol (SDP),2022,/api/v1/doc/document/draft-ietf-mmusic-rfc8843bis/,/api/v1/doc/document/draft-holmberg-mmusic-rfc8843bis/,draft-ietf-mmusic-rfc8843bis,draft-holmberg-mmusic-rfc8843bis,1.0,0.7407407407407407,1.0,1.0,0.9351851851851852,True
9195,A File Format for YANG Instance Data,2022,/api/v1/doc/document/draft-ietf-netmod-yang-instance-file-format/,/api/v1/doc/document/draft-lengyel-netmod-yang-instance-data/,draft-ietf-netmod-yang-instance-file-format,draft-lengyel-netmod-yang-instance-data,0.4931506849315068,0.64,0.5714285714285714,1.0,0.5962035225048924,True
9196,YANG Modules Describing Capabilities for Systems and Datastore Update Notifications,2022,/api/v1/doc/document/draft-ietf-netconf-notification-capabilities/,/api/v1/doc/document/draft-lengyel-netconf-notification-capabilities/,draft-ietf-netconf-notification-capabilities,draft-lengyel-netconf-notification-capabilities,0.37606837606837606,0.8620689655172413,0.6666666666666666,1.0,0.6180813439434129,True
9175,"Constrained Application Protocol (CoAP): Echo, Request-Tag, and Token Processing",2022,/api/v1/doc/document/draft-ietf-core-echo-request-tag/,/api/v1/doc/document/draft-amsuess-core-repeat-request-tag/,draft-ietf-core-echo-request-tag,draft-amsuess-core-repeat-request-tag,0.32989690721649484,0.6666666666666666,0.4,1.0,0.4951202749140894,True
9175,"Constrained Application Protocol (CoAP): Echo, Request-Tag, and Token Processing",2022,/api/v1/doc/document/draft-amsuess-core-repeat-request-tag/,/api/v1/doc/document/draft-amsuess-core-request-tag/,draft-amsuess-core-repeat-request-tag,draft-amsuess-core-request-tag,0.55,0.8205128205128205,0.75,1.0,0.7026282051282051,True
9180,Hybrid Public Key Encryption,2022,/api/v1/doc/document/draft-irtf-cfrg-hpke/,/api/v1/doc/document/draft-barnes-cfrg-hpke/,draft-irtf-cfrg-hpke,draft-barnes-cfrg-hpke,1.0,0.6153846153846154,1.0,1.0,0.9038461538461539,True
9070,YANG Data Model for MPLS LDP,2022,/api/v1/doc/document/draft-ietf-mpls-ldp-yang/,/api/v1/doc/document/draft-ietf-mpls-ldp-mldp-yang/,draft-ietf-mpls-ldp-yang,draft-ietf-mpls-ldp-mldp-yang,0.8615384615384616,0.7619047619047619,0.8333333333333334,1.0,0.844835164835165,True
9070,YANG Data Model for MPLS LDP,2022,/api/v1/doc/document/draft-ietf-mpls-ldp-mldp-yang/,/api/v1/doc/document/draft-raza-mpls-ldp-mldp-yang/,draft-ietf-mpls-ldp-mldp-yang,draft-raza-mpls-ldp-mldp-yang,1.0,0.8387096774193549,1.0,1.0,0.9596774193548386,True
9217,Current Open Questions in Path-Aware Networking,2022,/api/v1/doc/document/draft-irtf-panrg-questions/,/api/v1/doc/document/draft-trammell-panrg-questions/,draft-irtf-panrg-questions,draft-trammell-panrg-questions,0.9069767441860465,0.75,0.8333333333333334,1.0,0.8623062015503876,True
9146,Connection Identifier for DTLS 1.2,2022,/api/v1/doc/document/draft-ietf-tls-dtls-connection-id/,/api/v1/doc/document/draft-rescorla-tls-dtls-connection-id/,draft-ietf-tls-dtls-connection-id,draft-rescorla-tls-dtls-connection-id,0.42857142857142855,0.9,0.6666666666666666,1.0,0.6511904761904761,True
9207,OAuth 2.0 Authorization Server Issuer Identification,2022,/api/v1/doc/document/draft-ietf-oauth-iss-auth-resp/,/api/v1/doc/document/draft-meyerzuselhausen-oauth-iss-auth-resp/,draft-ietf-oauth-iss-auth-resp,draft-meyerzuselhausen-oauth-iss-auth-resp,0.8095238095238095,0.8125,0.75,1.0,0.8174107142857143,True
9177,Constrained Application Protocol (CoAP) Block-Wise Transfer Options Supporting Robust Transmission,2022,/api/v1/doc/document/draft-ietf-core-new-block/,/api/v1/doc/document/draft-bosh-core-new-block/,draft-ietf-core-new-block,draft-bosh-core-new-block,0.9081081081081082,0.782608695652174,0.7272727272727273,1.0,0.8497553680162376,True
9210,DNS Transport over TCP - Operational Requirements,2022,/api/v1/doc/document/draft-ietf-dnsop-dns-tcp-requirements/,/api/v1/doc/document/draft-kristoff-dnsop-dns-tcp-requirements/,draft-ietf-dnsop-dns-tcp-requirements,draft-kristoff-dnsop-dns-tcp-requirements,1.0,0.8695652173913043,1.0,1.0,0.967391304347826,True
9208,IMAP QUOTA Extension,2022,/api/v1/doc/document/draft-ietf-extra-quota/,/api/v1/doc/document/draft-melnikov-extra-quota/,draft-ietf-extra-quota,draft-melnikov-extra-quota,1.0,0.625,1.0,1.0,0.9062499999999999,True
9221,An Unreliable Datagram Extension to QUIC,2022,/api/v1/doc/document/draft-ietf-quic-datagram/,/api/v1/doc/document/draft-pauly-quic-datagram/,draft-ietf-quic-datagram,draft-pauly-quic-datagram,1.0,0.7619047619047619,1.0,1.0,0.9404761904761904,True
9222,Guidelines for Autonomic Service Agents,2022,/api/v1/doc/document/draft-ietf-anima-asa-guidelines/,/api/v1/doc/document/draft-carpenter-anima-asa-guidelines/,draft-ietf-anima-asa-guidelines,draft-carpenter-anima-asa-guidelines,1.0,0.8235294117647058,1.0,1.0,0.9558823529411765,True
9224,Finding the Authoritative Registration Data Access Protocol (RDAP) Service,2022,/api/v1/doc/document/draft-ietf-regext-rfc7484bis/,/api/v1/doc/document/draft-blanchet-regext-rfc7484bis/,draft-ietf-regext-rfc7484bis,draft-blanchet-regext-rfc7484bis,0.875,0.7407407407407407,0.8571428571428571,1.0,0.8503637566137566,True
9233,Internationalized Domain Names for Applications 2008 (IDNA2008) and Unicode 12.0.0,2022,/api/v1/doc/document/draft-faltstrom-unicode12/,/api/v1/doc/document/draft-faltstrom-unicode11/,draft-faltstrom-unicode12,draft-faltstrom-unicode11,0.48598130841121495,0.8888888888888888,0.2857142857142857,1.0,0.5980566681501261,True
9214,OSPFv3 Code Point for MPLS LSP Ping,2022,/api/v1/doc/document/draft-ietf-mpls-lsp-ping-ospfv3-codepoint/,/api/v1/doc/document/draft-nainar-mpls-lsp-ping-ospfv3-codepoint/,draft-ietf-mpls-lsp-ping-ospfv3-codepoint,draft-nainar-mpls-lsp-ping-ospfv3-codepoint,0.9855072463768116,0.9090909090909091,0.8,1.0,0.9307509881422925,True
9216,S/MIME Example Keys and Certificates,2022,/api/v1/doc/document/draft-ietf-lamps-samples/,/api/v1/doc/document/draft-dkg-lamps-samples/,draft-ietf-lamps-samples,draft-dkg-lamps-samples,1.0,0.7,1.0,1.0,0.9249999999999999,True
9147,The Datagram Transport Layer Security (DTLS) Protocol Version 1.3,2022,/api/v1/doc/document/draft-ietf-tls-dtls13/,/api/v1/doc/document/draft-rescorla-tls-dtls13/,draft-ietf-tls-dtls13,draft-rescorla-tls-dtls13,1.0,0.75,1.0,1.0,0.9374999999999999,True
9236,Architectural Considerations of Information-Centric Networking (ICN) Using a Name Resolution Service,2022,/api/v1/doc/document/draft-irtf-icnrg-nrsarch-considerations/,/api/v1/doc/document/draft-hong-icnrg-nrs-requirements/,draft-irtf-icnrg-nrsarch-considerations,draft-hong-icnrg-nrs-requirements,0.4413793103448276,0.2727272727272727,0.36363636363636365,1.0,0.4395297805642633,True
9176,Constrained RESTful Environments (CoRE) Resource Directory,2022,/api/v1/doc/document/draft-ietf-core-resource-directory/,/api/v1/doc/document/draft-shelby-core-resource-directory/,draft-ietf-core-resource-directory,draft-shelby-core-resource-directory,0.5822784810126582,0.8780487804878049,0.6666666666666666,1.0,0.7148708449109807,True
9176,Constrained RESTful Environments (CoRE) Resource Directory,2022,/api/v1/doc/document/draft-shelby-core-resource-directory/,/api/v1/doc/document/draft-bormann-core-simple-server-discovery/,draft-shelby-core-resource-directory,draft-bormann-core-simple-server-discovery,0.5490196078431373,0.5490196078431373,0.16666666666666666,-0.5,0.3676470588235295,True
9148,EST-coaps: Enrollment over Secure Transport with the Secure Constrained Application Protocol,2022,/api/v1/doc/document/draft-ietf-ace-coap-est/,/api/v1/doc/document/draft-vanderstok-ace-coap-est/,draft-ietf-ace-coap-est,draft-vanderstok-ace-coap-est,0.36363636363636365,0.8,0.6666666666666666,1.0,0.5969696969696969,True
9149,TLS Ticket Requests,2022,/api/v1/doc/document/draft-ietf-tls-ticketrequests/,/api/v1/doc/document/draft-wood-tls-ticketrequests/,draft-ietf-tls-ticketrequests,draft-wood-tls-ticketrequests,1.0,0.875,1.0,1.0,0.9687499999999999,True
9185,DTLS Tunnel between a Media Distributor and Key Distributor to Facilitate Key Exchange,2022,/api/v1/doc/document/draft-ietf-perc-dtls-tunnel/,/api/v1/doc/document/draft-jones-perc-dtls-tunnel/,draft-ietf-perc-dtls-tunnel,draft-jones-perc-dtls-tunnel,1.0,0.8148148148148148,1.0,1.0,0.9537037037037036,True
9229,IPv4 Routes with an IPv6 Next Hop in the Babel Routing Protocol,2022,/api/v1/doc/document/draft-ietf-babel-v4viav6/,/api/v1/doc/document/draft-bastian-babel-v4ov6/,draft-ietf-babel-v4viav6,draft-bastian-babel-v4ov6,0.9197080291970803,0.4444444444444444,0.875,1.0,0.7999797242497972,True
9239,Updates to ECMAScript Media Types,2022,/api/v1/doc/document/draft-ietf-dispatch-javascript-mjs/,/api/v1/doc/document/draft-bfarias-javascript-mjs/,draft-ietf-dispatch-javascript-mjs,draft-bfarias-javascript-mjs,0.6984126984126984,1.0,1.0,1.0,0.8642857142857142,True
9234,Route Leak Prevention and Detection Using Roles in UPDATE and OPEN Messages,2022,/api/v1/doc/document/draft-ietf-idr-bgp-open-policy/,/api/v1/doc/document/draft-ymbk-idr-bgp-open-policy/,draft-ietf-idr-bgp-open-policy,draft-ymbk-idr-bgp-open-policy,0.8970588235294118,0.8823529411764706,0.8888888888888888,1.0,0.9020424836601307,True
9250,DNS over Dedicated QUIC Connections,2022,/api/v1/doc/document/draft-ietf-dprive-dnsoquic/,/api/v1/doc/document/draft-huitema-dprive-dnsoquic/,draft-ietf-dprive-dnsoquic,draft-huitema-dprive-dnsoquic,0.8045977011494253,0.6956521739130435,1.0,1.0,0.8359820089955022,True
9250,DNS over Dedicated QUIC Connections,2022,/api/v1/doc/document/draft-huitema-dprive-dnsoquic/,/api/v1/doc/document/draft-huitema-quic-dnsoquic/,draft-huitema-dprive-dnsoquic,draft-huitema-quic-dnsoquic,1.0,0.7142857142857143,1.0,1.0,0.9285714285714285,True
9235,TCP Authentication Option (TCP-AO) Test Vectors,2022,/api/v1/doc/document/draft-ietf-tcpm-ao-test-vectors/,/api/v1/doc/document/draft-touch-tcpm-ao-test-vectors/,draft-ietf-tcpm-ao-test-vectors,draft-touch-tcpm-ao-test-vectors,0.59375,0.8571428571428571,0.6666666666666666,1.0,0.7148065476190476,True
9238,Loading Manufacturer Usage Description (MUD) URLs from QR Codes,2022,/api/v1/doc/document/draft-richardson-mud-qrcode/,/api/v1/doc/document/draft-richardson-opsawg-securehomegateway-mud/,draft-richardson-mud-qrcode,draft-richardson-opsawg-securehomegateway-mud,0.6382978723404256,0.15789473684210525,0.625,1.0,0.5517077267637178,True
9197,"Data Fields for In Situ Operations, Administration, and Maintenance (IOAM)",2022,/api/v1/doc/document/draft-ietf-ippm-ioam-data/,/api/v1/doc/document/draft-ippm-ioam-data/,draft-ietf-ippm-ioam-data,draft-ippm-ioam-data,0.5567010309278351,1.0,1.0,1.0,0.8005154639175257,True
9197,"Data Fields for In Situ Operations, Administration, and Maintenance (IOAM)",2022,/api/v1/doc/document/draft-ietf-ippm-ioam-data/,/api/v1/doc/document/draft-brockners-inband-oam-data/,draft-ietf-ippm-ioam-data,draft-brockners-inband-oam-data,0.5567010309278351,0.75,0.375,1.0,0.6130154639175257,False
9197,"Data Fields for In Situ Operations, Administration, and Maintenance (IOAM)",2022,/api/v1/doc/document/draft-ippm-ioam-data/,/api/v1/doc/document/draft-brockners-inband-oam-data/,draft-ippm-ioam-data,draft-brockners-inband-oam-data,1.0,0.75,1.0,1.0,0.9374999999999999,True
9198,Advanced Unidirectional Route Assessment (AURA),2022,/api/v1/doc/document/draft-ietf-ippm-route/,/api/v1/doc/document/draft-amf-ippm-route/,draft-ietf-ippm-route,draft-amf-ippm-route,0.9411764705882353,0.6666666666666666,0.8,1.0,0.8501960784313726,True
9232,Network Telemetry Framework,2022,/api/v1/doc/document/draft-ietf-opsawg-ntf/,/api/v1/doc/document/draft-opsawg-ntf/,draft-ietf-opsawg-ntf,draft-opsawg-ntf,1.0,1.0,1.0,1.0,0.9999999999999999,True
9232,Network Telemetry Framework,2022,/api/v1/doc/document/draft-opsawg-ntf/,/api/v1/doc/document/draft-song-opsawg-ntf/,draft-opsawg-ntf,draft-song-opsawg-ntf,1.0,0.46153846153846156,1.0,1.0,0.8653846153846153,True
9232,Network Telemetry Framework,2022,/api/v1/doc/document/draft-song-opsawg-ntf/,/api/v1/doc/document/draft-song-ntf/,draft-song-opsawg-ntf,draft-song-ntf,0.8571428571428571,0.46153846153846156,0.75,1.0,0.7510989010989011,True
9242,Intermediate Exchange in the Internet Key Exchange Protocol Version 2 (IKEv2),2022,/api/v1/doc/document/draft-ietf-ipsecme-ikev2-intermediate/,/api/v1/doc/document/draft-smyslov-ipsecme-ikev2-aux/,draft-ietf-ipsecme-ikev2-intermediate,draft-smyslov-ipsecme-ikev2-aux,0.6949152542372882,0.4,0.6,1.0,0.6327118644067796,True
9110,HTTP Semantics,2022,/api/v1/doc/document/draft-ietf-httpbis-semantics/,/api/v1/doc/document/draft-ietf-httpbis-auth/,draft-ietf-httpbis-semantics,draft-ietf-httpbis-auth,0.6060606060606061,0.3076923076923077,0.3333333333333333,1.0,0.5163170163170163,True
9110,HTTP Semantics,2022,/api/v1/doc/document/draft-ietf-httpbis-semantics/,/api/v1/doc/document/draft-fielding-httpbis-http-semantics/,draft-ietf-httpbis-semantics,draft-fielding-httpbis-http-semantics,0.4444444444444444,0.5806451612903226,0.3333333333333333,1.0,0.5118279569892473,False
9110,HTTP Semantics,2022,/api/v1/doc/document/draft-ietf-httpbis-semantics/,/api/v1/doc/document/draft-ietf-httpbis-range/,draft-ietf-httpbis-semantics,draft-ietf-httpbis-range,0.5454545454545454,0.2857142857142857,0.25,1.0,0.4668831168831169,False
9110,HTTP Semantics,2022,/api/v1/doc/document/draft-ietf-httpbis-semantics/,/api/v1/doc/document/draft-ietf-httpbis-conditional/,draft-ietf-httpbis-semantics,draft-ietf-httpbis-conditional,0.46153846153846156,0.3,0.25,1.0,0.4326923076923077,False
9110,HTTP Semantics,2022,/api/v1/doc/document/draft-ietf-httpbis-semantics/,/api/v1/doc/document/draft-nottingham-thanks-larry/,draft-ietf-httpbis-semantics,draft-nottingham-thanks-larry,0.2916666666666667,0.2857142857142857,0.16666666666666666,1.0,0.3360119047619048,False
9110,HTTP Semantics,2022,/api/v1/doc/document/draft-ietf-httpbis-semantics/,/api/v1/doc/document/draft-nottingham-httpbis-header-registry/,draft-ietf-httpbis-semantics,draft-nottingham-httpbis-header-registry,0.2553191489361702,0.25,0.2,-0.5,0.1673936170212766,False
9110,HTTP Semantics,2022,/api/v1/doc/document/draft-ietf-httpbis-auth/,/api/v1/doc/document/draft-fielding-httpbis-http-auth/,draft-ietf-httpbis-auth,draft-fielding-httpbis-http-auth,0.5757575757575758,0.38095238095238093,0.5,1.0,0.5543290043290043,True
9111,HTTP Caching,2022,/api/v1/doc/document/draft-ietf-httpbis-cache/,/api/v1/doc/document/draft-fielding-httpbis-http-cache/,draft-ietf-httpbis-cache,draft-fielding-httpbis-http-cache,0.46153846153846156,0.43478260869565216,0.5,1.0,0.5163879598662208,True
9112,HTTP/1.1,2022,/api/v1/doc/document/draft-ietf-httpbis-messaging/,/api/v1/doc/document/draft-fielding-httpbis-http-messaging/,draft-ietf-httpbis-messaging,draft-fielding-httpbis-http-messaging,0.22535211267605634,0.5806451612903226,0.3333333333333333,1.0,0.4132364076934727,True
9113,HTTP/2,2022,/api/v1/doc/document/draft-ietf-httpbis-http2bis/,/api/v1/doc/document/draft-thomson-httpbis-http2bis/,draft-ietf-httpbis-http2bis,draft-thomson-httpbis-http2bis,0.24,0.6666666666666666,0.5,1.0,0.4746666666666667,True
9114,HTTP/3,2022,/api/v1/doc/document/draft-ietf-quic-http/,/api/v1/doc/document/draft-shade-quic-http2-mapping/,draft-ietf-quic-http,draft-shade-quic-http2-mapping,0.17857142857142858,0.36363636363636365,0.2,1.0,0.3112662337662338,True
9204,QPACK: Field Compression for HTTP/3,2022,/api/v1/doc/document/draft-ietf-quic-qpack/,/api/v1/doc/document/draft-bishop-quic-http-and-qpack/,draft-ietf-quic-qpack,draft-bishop-quic-http-and-qpack,0.7272727272727273,0.4166666666666667,0.3333333333333333,1.0,0.5981060606060606,True
9204,QPACK: Field Compression for HTTP/3,2022,/api/v1/doc/document/draft-ietf-quic-qpack/,/api/v1/doc/document/draft-ietf-quic-qcram/,draft-ietf-quic-qpack,draft-ietf-quic-qcram,0.676056338028169,0.4,0.2857142857142857,1.0,0.5613682092555332,False
9218,Extensible Prioritization Scheme for HTTP,2022,/api/v1/doc/document/draft-ietf-httpbis-priority/,/api/v1/doc/document/draft-kazuho-httpbis-priority/,draft-ietf-httpbis-priority,draft-kazuho-httpbis-priority,1.0,0.6666666666666666,1.0,1.0,0.9166666666666666,True
9163,Expect-CT Extension for HTTP,2022,/api/v1/doc/document/draft-ietf-httpbis-expect-ct/,/api/v1/doc/document/draft-stark-expect-ct/,draft-ietf-httpbis-expect-ct,draft-stark-expect-ct,1.0,1.0,1.0,1.0,0.9999999999999999,True
9193,Sensor Measurement Lists (SenML) Fields for Indicating Data Value Content-Format,2022,/api/v1/doc/document/draft-ietf-core-senml-data-ct/,/api/v1/doc/document/draft-keranen-core-senml-data-ct/,draft-ietf-core-senml-data-ct,draft-keranen-core-senml-data-ct,0.5166666666666667,0.8387096774193549,0.6666666666666666,1.0,0.6755107526881721,True
9205,Building Protocols with HTTP,2022,/api/v1/doc/document/draft-ietf-httpbis-bcp56bis/,/api/v1/doc/document/draft-nottingham-bcp56bis/,draft-ietf-httpbis-bcp56bis,draft-nottingham-bcp56bis,0.29508196721311475,1.0,1.0,1.0,0.6827868852459017,True
9211,The Cache-Status HTTP Response Header Field,2022,/api/v1/doc/document/draft-ietf-httpbis-cache-header/,/api/v1/doc/document/draft-nottingham-cache-header/,draft-ietf-httpbis-cache-header,draft-nottingham-cache-header,0.821917808219178,1.0,1.0,1.0,0.91986301369863,True
9209,The Proxy-Status HTTP Response Header Field,2022,/api/v1/doc/document/draft-ietf-httpbis-proxy-status/,/api/v1/doc/document/draft-nottingham-proxy-status/,draft-ietf-httpbis-proxy-status,draft-nottingham-proxy-status,0.8831168831168831,1.0,1.0,1.0,0.9474025974025974,True
9213,Targeted HTTP Cache Control,2022,/api/v1/doc/document/draft-ietf-httpbis-targeted-cache-control/,/api/v1/doc/document/draft-cdn-control-header/,draft-ietf-httpbis-targeted-cache-control,draft-cdn-control-header,0.6666666666666666,0.3888888888888889,0.5714285714285714,1.0,0.6115079365079364,True
9220,Bootstrapping WebSockets with HTTP/3,2022,/api/v1/doc/document/draft-ietf-httpbis-h3-websockets/,/api/v1/doc/document/draft-hamilton-httpbis-h3-websockets/,draft-ietf-httpbis-h3-websockets,draft-hamilton-httpbis-h3-websockets,1.0,0.7647058823529411,1.0,1.0,0.9411764705882352,True
9255,The 'I' in RPKI Does Not Stand for Identity,2022,/api/v1/doc/document/draft-ietf-sidrops-rpki-has-no-identity/,/api/v1/doc/document/draft-ymbk-sidrops-rpki-has-no-identity/,draft-ietf-sidrops-rpki-has-no-identity,draft-ymbk-sidrops-rpki-has-no-identity,1.0,0.8333333333333334,1.0,1.0,0.9583333333333334,True
9248,Interoperability Profile for Relay User Equipment,2022,/api/v1/doc/document/draft-ietf-rum-rue/,/api/v1/doc/document/draft-rosen-rue/,draft-ietf-rum-rue,draft-rosen-rue,1.0,1.0,1.0,1.0,0.9999999999999999,True
9246,URI Signing for Content Delivery Network Interconnection (CDNI),2022,/api/v1/doc/document/draft-ietf-cdni-uri-signing/,/api/v1/doc/document/draft-leung-cdni-uri-signing/,draft-ietf-cdni-uri-signing,draft-leung-cdni-uri-signing,0.7722772277227723,0.8148148148148148,0.6666666666666666,1.0,0.7845617895122845,True
9244,Distributed Denial-of-Service Open Threat Signaling (DOTS) Telemetry,2022,/api/v1/doc/document/draft-ietf-dots-telemetry/,/api/v1/doc/document/draft-reddy-dots-telemetry/,draft-ietf-dots-telemetry,draft-reddy-dots-telemetry,1.0,0.782608695652174,1.0,1.0,0.9456521739130436,True
9243,A YANG Data Model for DHCPv6 Configuration,2022,/api/v1/doc/document/draft-ietf-dhc-dhcpv6-yang/,/api/v1/doc/document/draft-cui-dhc-dhcpv6-yang/,draft-ietf-dhc-dhcpv6-yang,draft-cui-dhc-dhcpv6-yang,0.975609756097561,0.8461538461538461,1.0,1.0,0.950562851782364,True
9251,Internet Group Management Protocol (IGMP) and Multicast Listener Discovery (MLD) Proxies for Ethernet VPN (EVPN),2022,/api/v1/doc/document/draft-ietf-bess-evpn-igmp-mld-proxy/,/api/v1/doc/document/draft-sajassi-bess-evpn-igmp-mld-proxy/,draft-ietf-bess-evpn-igmp-mld-proxy,draft-sajassi-bess-evpn-igmp-mld-proxy,0.39097744360902253,0.8837209302325582,0.8,1.0,0.6568700821821997,True
9247,BGP - Link State (BGP-LS) Extensions for Seamless Bidirectional Forwarding Detection (S-BFD),2022,/api/v1/doc/document/draft-ietf-idr-bgp-ls-sbfd-extensions/,/api/v1/doc/document/draft-li-idr-bgp-ls-sbfd-extensions/,draft-ietf-idr-bgp-ls-sbfd-extensions,draft-li-idr-bgp-ls-sbfd-extensions,0.65625,0.9166666666666666,0.75,1.0,0.7744791666666667,True
9247,BGP - Link State (BGP-LS) Extensions for Seamless Bidirectional Forwarding Detection (S-BFD),2022,/api/v1/doc/document/draft-li-idr-bgp-ls-sbfd-extensions/,/api/v1/doc/document/draft-zhuang-idr-bgp-ls-sbfd-extensions/,draft-li-idr-bgp-ls-sbfd-extensions,draft-zhuang-idr-bgp-ls-sbfd-extensions,1.0,1.0,1.0,1.0,0.9999999999999999,True
9259,"Operations, Administration, and Maintenance (OAM) in Segment Routing over IPv6 (SRv6)",2022,/api/v1/doc/document/draft-ietf-6man-spring-srv6-oam/,/api/v1/doc/document/draft-ali-6man-spring-srv6-oam/,draft-ietf-6man-spring-srv6-oam,draft-ali-6man-spring-srv6-oam,0.8651685393258427,0.8571428571428571,0.75,1.0,0.8536115569823435,True
9259,"Operations, Administration, and Maintenance (OAM) in Segment Routing over IPv6 (SRv6)",2022,/api/v1/doc/document/draft-ali-6man-spring-srv6-oam/,/api/v1/doc/document/draft-ali-spring-srv6-oam/,draft-ali-6man-spring-srv6-oam,draft-ali-spring-srv6-oam,1.0,0.8571428571428571,1.0,1.0,0.9642857142857143,True
9259,"Operations, Administration, and Maintenance (OAM) in Segment Routing over IPv6 (SRv6)",2022,/api/v1/doc/document/draft-ali-spring-srv6-oam/,/api/v1/doc/document/draft-ali-6man-srv6-oam/,draft-ali-spring-srv6-oam,draft-ali-6man-srv6-oam,0.9949238578680203,0.7142857142857143,0.75,1.0,0.8762871646120377,True
9259,"Operations, Administration, and Maintenance (OAM) in Segment Routing over IPv6 (SRv6)",2022,/api/v1/doc/document/draft-ali-spring-srv6-oam/,/api/v1/doc/document/draft-spring-srv6-oam/,draft-ali-spring-srv6-oam,draft-spring-srv6-oam,0.9949238578680203,0.6956521739130435,0.75,1.0,0.87162877951887,False
9280,RFC Editor Model (Version 3),2022,/api/v1/doc/document/draft-iab-rfcefdp-rfced-model/,/api/v1/doc/document/draft-saintandre-rfced-model/,draft-iab-rfcefdp-rfced-model,draft-saintandre-rfced-model,1.0,0.7333333333333333,1.0,1.0,0.9333333333333332,True
9249,A YANG Data Model for NTP,2022,/api/v1/doc/document/draft-ietf-ntp-yang-data-model/,/api/v1/doc/document/draft-wu-ntp-ntp-cfg/,draft-ietf-ntp-yang-data-model,draft-wu-ntp-ntp-cfg,1.0,0.15384615384615385,1.0,1.0,0.7884615384615384,True
9261,Exported Authenticators in TLS,2022,/api/v1/doc/document/draft-ietf-tls-exported-authenticator/,/api/v1/doc/document/draft-sullivan-tls-exported-authenticator/,draft-ietf-tls-exported-authenticator,draft-sullivan-tls-exported-authenticator,1.0,0.9166666666666666,1.0,1.0,0.9791666666666666,True
9240,An Extension for Application-Layer Traffic Optimization (ALTO): Entity Property Maps,2022,/api/v1/doc/document/draft-ietf-alto-unified-props-new/,/api/v1/doc/document/draft-roome-alto-unified-props-new/,draft-ietf-alto-unified-props-new,draft-roome-alto-unified-props-new,0.36220472440944884,0.8717948717948718,0.75,1.0,0.6309408439329699,True
9241,Content Delivery Network Interconnection (CDNI) Footprint and Capabilities Advertisement Using Application-Layer Traffic Optimization (ALTO),2022,/api/v1/doc/document/draft-ietf-alto-cdni-request-routing-alto/,/api/v1/doc/document/draft-seedorf-cdni-request-routing-alto/,draft-ietf-alto-cdni-request-routing-alto,draft-seedorf-cdni-request-routing-alto,0.7637795275590551,1.0,1.0,1.0,0.8937007874015747,True
9252,BGP Overlay Services Based on Segment Routing over IPv6 (SRv6),2022,/api/v1/doc/document/draft-ietf-bess-srv6-services/,/api/v1/doc/document/draft-dawra-bess-srv6-services/,draft-ietf-bess-srv6-services,draft-dawra-bess-srv6-services,0.43956043956043955,0.8387096774193549,0.6666666666666666,1.0,0.6408129504903698,True
9252,BGP Overlay Services Based on Segment Routing over IPv6 (SRv6),2022,/api/v1/doc/document/draft-dawra-bess-srv6-services/,/api/v1/doc/document/draft-dawra-idr-srv6-vpn/,draft-dawra-bess-srv6-services,draft-dawra-idr-srv6-vpn,0.5588235294117647,0.4666666666666667,0.6666666666666666,1.0,0.6014705882352941,True
9252,BGP Overlay Services Based on Segment Routing over IPv6 (SRv6),2022,/api/v1/doc/document/draft-dawra-idr-srv6-vpn/,/api/v1/doc/document/draft-dawra-bgp-srv6-vpn/,draft-dawra-idr-srv6-vpn,draft-dawra-bgp-srv6-vpn,0.5591397849462365,0.75,0.5,1.0,0.6391129032258064,True
9254,Encoding of Data Modeled with YANG in the Concise Binary Object Representation (CBOR),2022,/api/v1/doc/document/draft-ietf-core-yang-cbor/,/api/v1/doc/document/draft-veillette-core-yang-cbor-mapping/,draft-ietf-core-yang-cbor,draft-veillette-core-yang-cbor-mapping,0.5573770491803278,0.5806451612903226,0.5555555555555556,1.0,0.6070920735648393,True
9256,Segment Routing Policy Architecture,2022,/api/v1/doc/document/draft-ietf-spring-segment-routing-policy/,/api/v1/doc/document/draft-filsfils-spring-segment-routing-policy/,draft-ietf-spring-segment-routing-policy,draft-filsfils-spring-segment-routing-policy,1.0,0.8627450980392157,1.0,1.0,0.9656862745098039,True
9257,Guidance for External Pre-Shared Key (PSK) Usage in TLS,2022,/api/v1/doc/document/draft-ietf-tls-external-psk-guidance/,/api/v1/doc/document/draft-dt-tls-external-psk-guidance/,draft-ietf-tls-external-psk-guidance,draft-dt-tls-external-psk-guidance,0.8351648351648352,0.9130434782608695,0.75,1.0,0.8540850453893932,True
9258,Importing External Pre-Shared Keys (PSKs) for TLS 1.3,2022,/api/v1/doc/document/draft-ietf-tls-external-psk-importer/,/api/v1/doc/document/draft-wood-tls-external-psk-importer/,draft-ietf-tls-external-psk-importer,draft-wood-tls-external-psk-importer,0.7560975609756098,0.9130434782608695,0.75,1.0,0.8185047720042418,True
9264,Linkset: Media Types and a Link Relation Type for Link Sets,2022,/api/v1/doc/document/draft-ietf-httpapi-linkset/,/api/v1/doc/document/draft-wilde-linkset/,draft-ietf-httpapi-linkset,draft-wilde-linkset,1.0,1.0,1.0,1.0,0.9999999999999999,True
9264,Linkset: Media Types and a Link Relation Type for Link Sets,2022,/api/v1/doc/document/draft-wilde-linkset/,/api/v1/doc/document/draft-wilde-linkset-link-rel/,draft-wilde-linkset,draft-wilde-linkset-link-rel,0.84,0.6086956521739131,0.7142857142857143,1.0,0.7730310559006212,True
9265,Forward Erasure Correction (FEC) Coding and Congestion Control in Transport,2022,/api/v1/doc/document/draft-irtf-nwcrg-coding-and-congestion/,/api/v1/doc/document/draft-kuhn-coding-congestion-transport/,draft-irtf-nwcrg-coding-and-congestion,draft-kuhn-coding-congestion-transport,0.7304347826086957,0.7083333333333334,0.6666666666666666,1.0,0.7391123188405797,True
9266,Channel Bindings for TLS 1.3,2022,/api/v1/doc/document/draft-ietf-kitten-tls-channel-bindings-for-tls13/,/api/v1/doc/document/draft-whited-tls-channel-bindings-for-tls13/,draft-ietf-kitten-tls-channel-bindings-for-tls13,draft-whited-tls-channel-bindings-for-tls13,0.835820895522388,1.0,1.0,1.0,0.9261194029850747,True
9274,A Cost Mode Registry for the Application-Layer Traffic Optimization (ALTO) Protocol,2022,/api/v1/doc/document/draft-ietf-alto-cost-mode/,/api/v1/doc/document/draft-bw-alto-cost-mode/,draft-ietf-alto-cost-mode,draft-bw-alto-cost-mode,1.0,0.782608695652174,1.0,1.0,0.9456521739130436,True
9279,Internet Group Management Protocol Version 3 (IGMPv3) and Multicast Listener Discovery Version 2 (MLDv2) Message Extension,2022,/api/v1/doc/document/draft-ietf-pim-igmp-mld-extension/,/api/v1/doc/document/draft-venaas-pim-igmp-mld-extension/,draft-ietf-pim-igmp-mld-extension,draft-venaas-pim-igmp-mld-extension,0.40540540540540543,0.9,0.75,1.0,0.6574324324324324,True
9278,JWK Thumbprint URI,2022,/api/v1/doc/document/draft-ietf-oauth-jwk-thumbprint-uri/,/api/v1/doc/document/draft-jones-oauth-jwk-thumbprint-uri/,draft-ietf-oauth-jwk-thumbprint-uri,draft-jones-oauth-jwk-thumbprint-uri,1.0,0.8571428571428571,1.0,1.0,0.9642857142857143,True
9270,GMPLS Signaling Extensions for Shared Mesh Protection,2022,/api/v1/doc/document/draft-ietf-teas-gmpls-signaling-smp/,/api/v1/doc/document/draft-he-teas-gmpls-signaling-smp/,draft-ietf-teas-gmpls-signaling-smp,draft-he-teas-gmpls-signaling-smp,1.0,0.8837209302325582,1.0,1.0,0.9709302325581396,True
9276,Guidance for NSEC3 Parameter Settings,2022,/api/v1/doc/document/draft-ietf-dnsop-nsec3-guidance/,/api/v1/doc/document/draft-hardaker-dnsop-nsec3-guidance/,draft-ietf-dnsop-nsec3-guidance,draft-hardaker-dnsop-nsec3-guidance,1.0,0.8235294117647058,1.0,1.0,0.9558823529411765,True
9273,Network Coding for Content-Centric Networking / Named Data Networking: Considerations and Challenges,2022,/api/v1/doc/document/draft-irtf-nwcrg-nwc-ccn-reqs/,/api/v1/doc/document/draft-matsuzono-nwcrg-nwc-ccn-reqs/,draft-irtf-nwcrg-nwc-ccn-reqs,draft-matsuzono-nwcrg-nwc-ccn-reqs,0.8958333333333334,0.8,0.8,1.0,0.863125,True
9293,Transmission Control Protocol (TCP),2022,/api/v1/doc/document/draft-ietf-tcpm-rfc793bis/,/api/v1/doc/document/draft-eddy-rfc793bis/,draft-ietf-tcpm-rfc793bis,draft-eddy-rfc793bis,0.8157894736842105,1.0,1.0,1.0,0.9171052631578948,True
9253,Support for iCalendar Relationships,2022,/api/v1/doc/document/draft-ietf-calext-ical-relations/,/api/v1/doc/document/draft-douglass-ical-relations/,draft-ietf-calext-ical-relations,draft-douglass-ical-relations,1.0,1.0,1.0,1.0,0.9999999999999999,True
9288,Recommendations on the Filtering of IPv6 Packets Containing IPv6 Extension Headers at Transit Routers,2022,/api/v1/doc/document/draft-ietf-opsec-ipv6-eh-filtering/,/api/v1/doc/document/draft-gont-opsec-ipv6-eh-filtering/,draft-ietf-opsec-ipv6-eh-filtering,draft-gont-opsec-ipv6-eh-filtering,0.8715083798882681,0.85,0.7777777777777778,1.0,0.8602343265052762,True
9294,Application-Specific Link Attributes Advertisement Using the Border Gateway Protocol - Link State (BGP-LS),2022,/api/v1/doc/document/draft-ietf-idr-bgp-ls-app-specific-attr/,/api/v1/doc/document/draft-ketant-idr-bgp-ls-app-specific-attr/,draft-ietf-idr-bgp-ls-app-specific-attr,draft-ketant-idr-bgp-ls-app-specific-attr,0.7664670658682635,0.9230769230769231,0.8,1.0,0.8356794104099494,True
9287,Greasing the QUIC Bit,2022,/api/v1/doc/document/draft-ietf-quic-bit-grease/,/api/v1/doc/document/draft-thomson-quic-bit-grease/,draft-ietf-quic-bit-grease,draft-thomson-quic-bit-grease,1.0,0.8,1.0,1.0,0.9500000000000001,True
9269,Experimental Scenarios of Information-Centric Networking (ICN) Integration in 4G Mobile Networks,2022,/api/v1/doc/document/draft-irtf-icnrg-icn-lte-4g/,/api/v1/doc/document/draft-suthar-icnrg-icn-lte-4g/,draft-irtf-icnrg-icn-lte-4g,draft-suthar-icnrg-icn-lte-4g,0.5138888888888888,0.7692307692307693,0.6666666666666666,1.0,0.6568910256410256,True
9297,HTTP Datagrams and the Capsule Protocol,2022,/api/v1/doc/document/draft-ietf-masque-h3-datagram/,/api/v1/doc/document/draft-schinazi-masque-h3-datagram/,draft-ietf-masque-h3-datagram,draft-schinazi-masque-h3-datagram,0.4507042253521127,0.7586206896551724,0.5,1.0,0.5924720738222438,True
9297,HTTP Datagrams and the Capsule Protocol,2022,/api/v1/doc/document/draft-schinazi-masque-h3-datagram/,/api/v1/doc/document/draft-schinazi-quic-h3-datagram/,draft-schinazi-masque-h3-datagram,draft-schinazi-quic-h3-datagram,1.0,0.8235294117647058,1.0,1.0,0.9558823529411765,True
9298,Proxying UDP in HTTP,2022,/api/v1/doc/document/draft-ietf-masque-connect-udp/,/api/v1/doc/document/draft-schinazi-masque-connect-udp/,draft-ietf-masque-connect-udp,draft-schinazi-masque-connect-udp,0.46808510638297873,0.7586206896551724,0.6666666666666666,1.0,0.6336268036194668,True
9268,IPv6 Minimum Path MTU Hop-by-Hop Option,2022,/api/v1/doc/document/draft-ietf-6man-mtu-option/,/api/v1/doc/document/draft-hinden-6man-mtu-option/,draft-ietf-6man-mtu-option,draft-hinden-6man-mtu-option,1.0,0.8,1.0,1.0,0.9500000000000001,True
9052,CBOR Object Signing and Encryption (COSE): Structures and Process,2022,/api/v1/doc/document/draft-ietf-cose-rfc8152bis-struct/,/api/v1/doc/document/draft-schaad-cose-rfc8152bis-struct/,draft-ietf-cose-rfc8152bis-struct,draft-schaad-cose-rfc8152bis-struct,1.0,0.8717948717948718,1.0,1.0,0.967948717948718,True
9053,CBOR Object Signing and Encryption (COSE): Initial Algorithms,2022,/api/v1/doc/document/draft-ietf-cose-rfc8152bis-algs/,/api/v1/doc/document/draft-schaad-cose-rfc8152bis-algs/,draft-ietf-cose-rfc8152bis-algs,draft-schaad-cose-rfc8152bis-algs,0.7027027027027027,0.8571428571428571,0.6666666666666666,1.0,0.7638352638352638,True
9054,CBOR Object Signing and Encryption (COSE): Hash Algorithms,2022,/api/v1/doc/document/draft-ietf-cose-hash-algs/,/api/v1/doc/document/draft-schaad-cose-hash-algs/,draft-ietf-cose-hash-algs,draft-schaad-cose-hash-algs,1.0,0.782608695652174,1.0,1.0,0.9456521739130436,True
9292,Binary Representation of HTTP Messages,2022,/api/v1/doc/document/draft-ietf-httpbis-binary-message/,/api/v1/doc/document/draft-thomson-http-binary-message/,draft-ietf-httpbis-binary-message,draft-thomson-http-binary-message,1.0,0.8484848484848485,1.0,1.0,0.962121212121212,True
9277,On Stable Storage for Items in Concise Binary Object Representation (CBOR),2022,/api/v1/doc/document/draft-ietf-cbor-file-magic/,/api/v1/doc/document/draft-richardson-cbor-file-magic/,draft-ietf-cbor-file-magic,draft-richardson-cbor-file-magic,0.2857142857142857,0.8,0.6666666666666666,1.0,0.5619047619047619,True
9277,On Stable Storage for Items in Concise Binary Object Representation (CBOR),2022,/api/v1/doc/document/draft-ietf-cbor-file-magic/,/api/v1/doc/document/draft-bormann-cbor-tag-coap-content-format/,draft-ietf-cbor-file-magic,draft-bormann-cbor-tag-coap-content-format,0.37735849056603776,0.15789473684210525,0.08333333333333333,-0.5,0.17595167163191,False
9284,Multihoming Deployment Considerations for DDoS Open Threat Signaling (DOTS),2022,/api/v1/doc/document/draft-ietf-dots-multihoming/,/api/v1/doc/document/draft-boucadair-dots-multihoming/,draft-ietf-dots-multihoming,draft-boucadair-dots-multihoming,0.8488372093023255,0.8148148148148148,0.5,1.0,0.7856804478897501,True
9200,Authentication and Authorization for Constrained Environments Using the OAuth 2.0 Framework (ACE-OAuth),2022,/api/v1/doc/document/draft-ietf-ace-oauth-authz/,/api/v1/doc/document/draft-seitz-ace-oauth-authz/,draft-ietf-ace-oauth-authz,draft-seitz-ace-oauth-authz,0.5222929936305732,0.8461538461538461,0.6666666666666666,1.0,0.6799036420055528,True
9200,Authentication and Authorization for Constrained Environments Using the OAuth 2.0 Framework (ACE-OAuth),2022,/api/v1/doc/document/draft-ietf-ace-oauth-authz/,/api/v1/doc/document/draft-tschofenig-ace-oauth-bt/,draft-ietf-ace-oauth-authz,draft-tschofenig-ace-oauth-bt,0.23333333333333334,0.6086956521739131,0.3333333333333333,1.0,0.4238405797101449,False
9200,Authentication and Authorization for Constrained Environments Using the OAuth 2.0 Framework (ACE-OAuth),2022,/api/v1/doc/document/draft-ietf-ace-oauth-authz/,/api/v1/doc/document/draft-tschofenig-ace-oauth-iot/,draft-ietf-ace-oauth-authz,draft-tschofenig-ace-oauth-iot,0.2222222222222222,0.5833333333333334,0.25,1.0,0.39583333333333337,False
9202,Datagram Transport Layer Security (DTLS) Profile for Authentication and Authorization for Constrained Environments (ACE),2022,/api/v1/doc/document/draft-ietf-ace-dtls-authorize/,/api/v1/doc/document/draft-gerdes-ace-dtls-authorize/,draft-ietf-ace-dtls-authorize,draft-gerdes-ace-dtls-authorize,1.0,0.875,1.0,1.0,0.9687499999999999,True
9203,The Object Security for Constrained RESTful Environments (OSCORE) Profile of the Authentication and Authorization for Constrained Environments (ACE) Framework,2022,/api/v1/doc/document/draft-ietf-ace-oscore-profile/,/api/v1/doc/document/draft-seitz-ace-oscoap-profile/,draft-ietf-ace-oscore-profile,draft-seitz-ace-oscoap-profile,0.7530364372469636,0.75,0.6363636363636364,1.0,0.7536391240338609,True
9203,The Object Security for Constrained RESTful Environments (OSCORE) Profile of the Authentication and Authorization for Constrained Environments (ACE) Framework,2022,/api/v1/doc/document/draft-seitz-ace-oscoap-profile/,/api/v1/doc/document/draft-seitz-ace-ocsoap-profile/,draft-seitz-ace-oscoap-profile,draft-seitz-ace-ocsoap-profile,0.2982456140350877,0.9444444444444444,0.5,1.0,0.5703216374269006,True
9237,An Authorization Information Format (AIF) for Authentication and Authorization for Constrained Environments (ACE),2022,/api/v1/doc/document/draft-ietf-ace-aif/,/api/v1/doc/document/draft-bormann-core-ace-aif/,draft-ietf-ace-aif,draft-bormann-core-ace-aif,0.6025641025641025,0.4,0.625,1.0,0.5961538461538461,True
9272,Underlay Path Calculation Algorithm and Constraints for Bit Index Explicit Replication (BIER),2022,/api/v1/doc/document/draft-ietf-bier-bar-ipa/,/api/v1/doc/document/draft-zzhang-bier-bar-ipa/,draft-ietf-bier-bar-ipa,draft-zzhang-bier-bar-ipa,0.684931506849315,0.7368421052631579,0.6666666666666666,1.0,0.7257630377313146,True
9309,Robots Exclusion Protocol,2022,/api/v1/doc/document/draft-koster-rep/,/api/v1/doc/document/draft-rep-wg-topic/,draft-koster-rep,draft-rep-wg-topic,1.0,0.18181818181818182,1.0,1.0,0.7954545454545455,True
9311,Running an IETF Hackathon,2022,/api/v1/doc/document/draft-ietf-shmoo-hackathon/,/api/v1/doc/document/draft-eckel-shmoo-ietf-hackathon/,draft-ietf-shmoo-hackathon,draft-eckel-shmoo-ietf-hackathon,1.0,0.6206896551724138,1.0,1.0,0.9051724137931035,True
9295,"Clarifications for Ed25519, Ed448, X25519, and X448 Algorithm Identifiers",2022,/api/v1/doc/document/draft-ietf-lamps-8410-ku-clarifications/,/api/v1/doc/document/draft-mtis-lamps-8410-ku-clarifications/,draft-ietf-lamps-8410-ku-clarifications,draft-mtis-lamps-8410-ku-clarifications,1.0,0.88,1.0,1.0,0.9700000000000001,True
9289,Towards Remote Procedure Call Encryption by Default,2022,/api/v1/doc/document/draft-ietf-nfsv4-rpc-tls/,/api/v1/doc/document/draft-cel-nfsv4-rpc-tls/,draft-ietf-nfsv4-rpc-tls,draft-cel-nfsv4-rpc-tls,0.9148936170212766,0.7,0.8333333333333334,1.0,0.8533687943262412,True
9291,A YANG Network Data Model for Layer 2 VPNs,2022,/api/v1/doc/document/draft-ietf-opsawg-l2nm/,/api/v1/doc/document/draft-barguil-opsawg-l2sm-l2nm/,draft-ietf-opsawg-l2nm,draft-barguil-opsawg-l2sm-l2nm,0.35135135135135137,0.4,0.5714285714285714,1.0,0.47239382239382244,True
9275,An Extension for Application-Layer Traffic Optimization (ALTO): Path Vector,2022,/api/v1/doc/document/draft-ietf-alto-path-vector/,/api/v1/doc/document/draft-yang-alto-path-vector/,draft-ietf-alto-path-vector,draft-yang-alto-path-vector,0.42592592592592593,0.8148148148148148,0.6666666666666666,1.0,0.6287037037037037,True
9308,Applicability of the QUIC Transport Protocol,2022,/api/v1/doc/document/draft-ietf-quic-applicability/,/api/v1/doc/document/draft-kuehlewind-quic-applicability/,draft-ietf-quic-applicability,draft-kuehlewind-quic-applicability,1.0,0.8387096774193549,1.0,1.0,0.9596774193548386,True
9308,Applicability of the QUIC Transport Protocol,2022,/api/v1/doc/document/draft-kuehlewind-quic-applicability/,/api/v1/doc/document/draft-kuehlewind-quic-appman/,draft-kuehlewind-quic-applicability,draft-kuehlewind-quic-appman,0.8543689320388349,0.6206896551724138,0.75,1.0,0.7896384332105791,True
9312,Manageability of the QUIC Transport Protocol,2022,/api/v1/doc/document/draft-ietf-quic-manageability/,/api/v1/doc/document/draft-kuehlewind-quic-manageability/,draft-ietf-quic-manageability,draft-kuehlewind-quic-manageability,1.0,0.8387096774193549,1.0,1.0,0.9596774193548386,True
9312,Manageability of the QUIC Transport Protocol,2022,/api/v1/doc/document/draft-kuehlewind-quic-manageability/,/api/v1/doc/document/draft-kuehlewind-quic-appman/,draft-kuehlewind-quic-manageability,draft-kuehlewind-quic-appman,0.7572815533980582,0.5517241379310345,0.4,1.0,0.6587077335118848,True
9315,Intent-Based Networking - Concepts and Definitions,2022,/api/v1/doc/document/draft-irtf-nmrg-ibn-concepts-definitions/,/api/v1/doc/document/draft-clemm-nmrg-dist-intent/,draft-irtf-nmrg-ibn-concepts-definitions,draft-clemm-nmrg-dist-intent,0.8387096774193549,0.35,0.6666666666666666,1.0,0.698252688172043,True
9313,Pros and Cons of IPv6 Transition Technologies for IPv4-as-a-Service (IPv4aaS),2022,/api/v1/doc/document/draft-ietf-v6ops-transition-comparison/,/api/v1/doc/document/draft-lmhp-v6ops-transition-comparison/,draft-ietf-v6ops-transition-comparison,draft-lmhp-v6ops-transition-comparison,0.8636363636363636,0.875,0.75,1.0,0.8573863636363637,True
9262,Tree Engineering for Bit Index Explicit Replication (BIER-TE),2022,/api/v1/doc/document/draft-ietf-bier-te-arch/,/api/v1/doc/document/draft-eckert-bier-te-arch/,draft-ietf-bier-te-arch,draft-eckert-bier-te-arch,0.9421487603305785,0.7368421052631579,0.75,1.0,0.8581774684645498,True
9321,Signature Validation Token,2022,/api/v1/doc/document/draft-santesson-svt/,/api/v1/doc/document/draft-santesson-svt-jws/,draft-santesson-svt,draft-santesson-svt-jws,0.9285714285714286,0.6,0.75,-0.5,0.6678571428571428,True
9321,Signature Validation Token,2022,/api/v1/doc/document/draft-santesson-svt/,/api/v1/doc/document/draft-santesson-svt-pdf/,draft-santesson-svt,draft-santesson-svt-pdf,0.9285714285714286,0.6,0.75,-0.5,0.6678571428571428,False
9321,Signature Validation Token,2022,/api/v1/doc/document/draft-santesson-svt/,/api/v1/doc/document/draft-santesson-svt-xml/,draft-santesson-svt,draft-santesson-svt-xml,0.9285714285714286,0.6,0.75,-0.5,0.6678571428571428,False
9290,Concise Problem Details for Constrained Application Protocol (CoAP) APIs,2022,/api/v1/doc/document/draft-ietf-core-problem-details/,/api/v1/doc/document/draft-fossati-core-coap-problem/,draft-ietf-core-problem-details,draft-fossati-core-coap-problem,0.5858585858585859,0.4375,0.5714285714285714,1.0,0.587297077922078,True
9128,YANG Data Model for Protocol Independent Multicast (PIM),2022,/api/v1/doc/document/draft-ietf-pim-yang/,/api/v1/doc/document/draft-mcallister-pim-yang/,draft-ietf-pim-yang,draft-mcallister-pim-yang,0.9818181818181818,0.6666666666666666,1.0,1.0,0.9084848484848486,True
9129,YANG Data Model for the OSPF Protocol,2022,/api/v1/doc/document/draft-ietf-ospf-yang/,/api/v1/doc/document/draft-yeung-netmod-ospf/,draft-ietf-ospf-yang,draft-yeung-netmod-ospf,0.9428571428571428,0.13333333333333333,1.0,1.0,0.7576190476190475,True
9130,YANG Data Model for the IS-IS Protocol,2022,/api/v1/doc/document/draft-ietf-isis-yang-isis-cfg/,/api/v1/doc/document/draft-litkowski-isis-yang-isis-cfg/,draft-ietf-isis-yang-isis-cfg,draft-litkowski-isis-yang-isis-cfg,0.9295774647887324,0.8387096774193549,1.0,1.0,0.9279872785097684,True
9194,A YANG Module for IS-IS Reverse Metric,2022,/api/v1/doc/document/draft-ietf-lsr-yang-isis-reverse-metric/,/api/v1/doc/document/draft-hopps-lsr-yang-isis-reverse-metric/,draft-ietf-lsr-yang-isis-reverse-metric,draft-hopps-lsr-yang-isis-reverse-metric,0.972972972972973,0.9230769230769231,1.0,1.0,0.9686070686070686,True
9299,An Architectural Introduction to the Locator/ID Separation Protocol (LISP),2022,/api/v1/doc/document/draft-ietf-lisp-introduction/,/api/v1/doc/document/draft-chiappa-lisp-introduction/,draft-ietf-lisp-introduction,draft-chiappa-lisp-introduction,0.6666666666666666,0.8275862068965517,0.5,1.0,0.7068965517241379,True
9300,The Locator/ID Separation Protocol (LISP),2022,/api/v1/doc/document/draft-ietf-lisp-rfc6830bis/,/api/v1/doc/document/draft-farinacci-lisp-rfc6830bis/,draft-ietf-lisp-rfc6830bis,draft-farinacci-lisp-rfc6830bis,1.0,0.8,1.0,1.0,0.9500000000000001,True
9301,Locator/ID Separation Protocol (LISP) Control Plane,2022,/api/v1/doc/document/draft-ietf-lisp-rfc6833bis/,/api/v1/doc/document/draft-farinacci-lisp-rfc6833bis/,draft-ietf-lisp-rfc6833bis,draft-farinacci-lisp-rfc6833bis,1.0,0.8,1.0,1.0,0.9500000000000001,True
9302,Locator/ID Separation Protocol (LISP) Map-Versioning,2022,/api/v1/doc/document/draft-ietf-lisp-6834bis/,/api/v1/doc/document/draft-iannone-6834bis/,draft-ietf-lisp-6834bis,draft-iannone-6834bis,1.0,1.0,1.0,1.0,0.9999999999999999,True
9303,Locator/ID Separation Protocol Security (LISP-SEC),2022,/api/v1/doc/document/draft-ietf-lisp-sec/,/api/v1/doc/document/draft-maino-lisp-sec/,draft-ietf-lisp-sec,draft-maino-lisp-sec,0.6285714285714286,0.5454545454545454,0.6,1.0,0.6392207792207792,True
9304,Locator/ID Separation Protocol (LISP): Shared Extension Message and IANA Registry for Packet Type Allocations,2022,/api/v1/doc/document/draft-ietf-lisp-rfc8113bis/,/api/v1/doc/document/draft-boucadair-lisp-rfc8113bis/,draft-ietf-lisp-rfc8113bis,draft-boucadair-lisp-rfc8113bis,0.9807692307692307,0.8,1.0,1.0,0.9413461538461537,True
9305,Locator/ID Separation Protocol (LISP) Generic Protocol Extension,2022,/api/v1/doc/document/draft-ietf-lisp-gpe/,/api/v1/doc/document/draft-lewis-lisp-gpe/,draft-ietf-lisp-gpe,draft-lewis-lisp-gpe,0.6666666666666666,0.5454545454545454,0.6,1.0,0.6563636363636364,True
9306,Vendor-Specific LISP Canonical Address Format (LCAF),2022,/api/v1/doc/document/draft-ietf-lisp-vendor-lcaf/,/api/v1/doc/document/draft-rodrigueznatal-lisp-vendor-lcaf/,draft-ietf-lisp-vendor-lcaf,draft-rodrigueznatal-lisp-vendor-lcaf,0.5714285714285714,0.8148148148148148,0.6666666666666666,1.0,0.6941798941798941,True
9316,Intent Classification,2022,/api/v1/doc/document/draft-irtf-nmrg-ibn-intent-classification/,/api/v1/doc/document/draft-li-nmrg-intent-classification/,draft-irtf-nmrg-ibn-intent-classification,draft-li-nmrg-intent-classification,1.0,0.9019607843137255,1.0,1.0,0.9754901960784313,True
9316,Intent Classification,2022,/api/v1/doc/document/draft-li-nmrg-intent-classification/,/api/v1/doc/document/draft-draft-li-intent-classification/,draft-li-nmrg-intent-classification,draft-draft-li-intent-classification,1.0,0.88,1.0,1.0,0.9700000000000001,True
9319,The Use of maxLength in the Resource Public Key Infrastructure (RPKI),2022,/api/v1/doc/document/draft-ietf-sidrops-rpkimaxlen/,/api/v1/doc/document/draft-yossigi-rpkimaxlen/,draft-ietf-sidrops-rpkimaxlen,draft-yossigi-rpkimaxlen,0.6464646464646465,1.0,1.0,1.0,0.8409090909090909,True
9317,Operational Considerations for Streaming Media,2022,/api/v1/doc/document/draft-ietf-mops-streaming-opcons/,/api/v1/doc/document/draft-jholland-mops-taxonomy/,draft-ietf-mops-streaming-opcons,draft-jholland-mops-taxonomy,1.0,0.3448275862068966,1.0,1.0,0.8362068965517241,True
9327,Control Messages Protocol for Use with Network Time Protocol Version 4,2022,/api/v1/doc/document/draft-ietf-ntp-mode-6-cmds/,/api/v1/doc/document/draft-haberman-ntpwg-mode-6-cmds/,draft-ietf-ntp-mode-6-cmds,draft-haberman-ntpwg-mode-6-cmds,1.0,0.7857142857142857,1.0,1.0,0.9464285714285715,True
9322,"In Situ Operations, Administration, and Maintenance (IOAM) Loopback and Active Flags",2022,/api/v1/doc/document/draft-ietf-ippm-ioam-flags/,/api/v1/doc/document/draft-mizrahi-ippm-ioam-flags/,draft-ietf-ippm-ioam-flags,draft-mizrahi-ippm-ioam-flags,0.35051546391752575,0.8,0.6666666666666666,1.0,0.5910652920962199,True
9326,"In Situ Operations, Administration, and Maintenance (IOAM) Direct Exporting",2022,/api/v1/doc/document/draft-ietf-ippm-ioam-direct-export/,/api/v1/doc/document/draft-ioamteam-ippm-ioam-direct-export/,draft-ietf-ippm-ioam-direct-export,draft-ioamteam-ippm-ioam-direct-export,0.5656565656565656,0.8780487804878049,0.75,1.0,0.7240576496674057,True
9323,A Profile for RPKI Signed Checklists (RSCs),2022,/api/v1/doc/document/draft-ietf-sidrops-rpki-rsc/,/api/v1/doc/document/draft-spaghetti-sidrops-rpki-rsc/,draft-ietf-sidrops-rpki-rsc,draft-spaghetti-sidrops-rpki-rsc,0.6984126984126984,0.6666666666666666,0.6666666666666666,1.0,0.7142857142857142,True
9323,A Profile for RPKI Signed Checklists (RSCs),2022,/api/v1/doc/document/draft-ietf-sidrops-rpki-rsc/,/api/v1/doc/document/draft-ietf-sidrops-rpki-rta/,draft-ietf-sidrops-rpki-rsc,draft-ietf-sidrops-rpki-rta,0.6136363636363636,0.75,0.3333333333333333,1.0,0.6303030303030303,False
9325,Recommendations for Secure Use of Transport Layer Security (TLS) and Datagram Transport Layer Security (DTLS),2022,/api/v1/doc/document/draft-ietf-uta-rfc7525bis/,/api/v1/doc/document/draft-sheffer-uta-rfc7525bis/,draft-ietf-uta-rfc7525bis,draft-sheffer-uta-rfc7525bis,1.0,0.8333333333333334,1.0,1.0,0.9583333333333334,True
9325,Recommendations for Secure Use of Transport Layer Security (TLS) and Datagram Transport Layer Security (DTLS),2022,/api/v1/doc/document/draft-ietf-uta-rfc7525bis/,/api/v1/doc/document/draft-sheffer-uta-bcp195bis/,draft-ietf-uta-rfc7525bis,draft-sheffer-uta-bcp195bis,1.0,0.43478260869565216,1.0,1.0,0.858695652173913,False
9329,TCP Encapsulation of Internet Key Exchange Protocol (IKE) and IPsec Packets,2022,/api/v1/doc/document/draft-ietf-ipsecme-rfc8229bis/,/api/v1/doc/document/draft-smyslov-ipsecme-rfc8229bis/,draft-ietf-ipsecme-rfc8229bis,draft-smyslov-ipsecme-rfc8229bis,0.7304347826086957,0.7142857142857143,0.625,1.0,0.7322670807453416,True
9320,Deterministic Networking (DetNet) Bounded Latency,2022,/api/v1/doc/document/draft-ietf-detnet-bounded-latency/,/api/v1/doc/document/draft-finn-detnet-bounded-latency/,draft-ietf-detnet-bounded-latency,draft-finn-detnet-bounded-latency,0.6376811594202898,0.8108108108108109,0.6666666666666666,1.0,0.7229925577751665,True
9341,Alternate-Marking Method,2022,/api/v1/doc/document/draft-ietf-ippm-rfc8321bis/,/api/v1/doc/document/draft-fioccola-rfc8321bis/,draft-ietf-ippm-rfc8321bis,draft-fioccola-rfc8321bis,1.0,1.0,1.0,1.0,0.9999999999999999,True
9342,Clustered Alternate-Marking Method,2022,/api/v1/doc/document/draft-ietf-ippm-rfc8889bis/,/api/v1/doc/document/draft-fioccola-rfc8889bis/,draft-ietf-ippm-rfc8889bis,draft-fioccola-rfc8889bis,0.782608695652174,1.0,1.0,1.0,0.9021739130434782,True
9328,RTP Payload Format for Versatile Video Coding (VVC),2022,/api/v1/doc/document/draft-ietf-avtcore-rtp-vvc/,/api/v1/doc/document/draft-zhao-avtcore-rtp-vvc/,draft-ietf-avtcore-rtp-vvc,draft-zhao-avtcore-rtp-vvc,1.0,0.6363636363636364,1.0,1.0,0.9090909090909091,True
9328,RTP Payload Format for Versatile Video Coding (VVC),2022,/api/v1/doc/document/draft-zhao-avtcore-rtp-vvc/,/api/v1/doc/document/draft-zhao-payload-rtp-vvc/,draft-zhao-avtcore-rtp-vvc,draft-zhao-payload-rtp-vvc,1.0,0.6666666666666666,1.0,1.0,0.9166666666666666,True
9343,IPv6 Application of the Alternate-Marking Method,2022,/api/v1/doc/document/draft-ietf-6man-ipv6-alt-mark/,/api/v1/doc/document/draft-fz-6man-ipv6-alt-mark/,draft-ietf-6man-ipv6-alt-mark,draft-fz-6man-ipv6-alt-mark,1.0,0.8387096774193549,1.0,1.0,0.9596774193548386,True
9343,IPv6 Application of the Alternate-Marking Method,2022,/api/v1/doc/document/draft-fz-6man-ipv6-alt-mark/,/api/v1/doc/document/draft-fioccola-v6ops-ipv6-alt-mark/,draft-fz-6man-ipv6-alt-mark,draft-fioccola-v6ops-ipv6-alt-mark,0.6415094339622641,0.8108108108108109,0.6,1.0,0.7113819479857215,True
9336,X.509 Certificate General-Purpose Extended Key Usage (EKU) for Document Signing,2022,/api/v1/doc/document/draft-ietf-lamps-documentsigning-eku/,/api/v1/doc/document/draft-ito-documentsigning-eku/,draft-ietf-lamps-documentsigning-eku,draft-ito-documentsigning-eku,0.7612903225806451,1.0,1.0,1.0,0.8925806451612902,True
9339,OSPF Reverse Metric,2022,/api/v1/doc/document/draft-ietf-lsr-ospf-reverse-metric/,/api/v1/doc/document/draft-ketant-lsr-ospf-reverse-metric/,draft-ietf-lsr-ospf-reverse-metric,draft-ketant-lsr-ospf-reverse-metric,1.0,0.9047619047619048,1.0,1.0,0.9761904761904762,True
9339,OSPF Reverse Metric,2022,/api/v1/doc/document/draft-ketant-lsr-ospf-reverse-metric/,/api/v1/doc/document/draft-ketant-ospf-reverse-metric/,draft-ketant-lsr-ospf-reverse-metric,draft-ketant-ospf-reverse-metric,1.0,0.9047619047619048,1.0,1.0,0.9761904761904762,True
9310,X.509 Certificate Extension for 5G Network Function Types,2023,/api/v1/doc/document/draft-ietf-lamps-5g-nftypes/,/api/v1/doc/document/draft-housley-lamps-3g-nftypes/,draft-ietf-lamps-5g-nftypes,draft-housley-lamps-3g-nftypes,1.0,0.6923076923076923,1.0,1.0,0.923076923076923,True
9333,Minimal IP Encapsulating Security Payload (ESP),2023,/api/v1/doc/document/draft-ietf-lwig-minimal-esp/,/api/v1/doc/document/draft-mglt-lwig-minimal-esp/,draft-ietf-lwig-minimal-esp,draft-mglt-lwig-minimal-esp,0.39285714285714285,0.8148148148148148,0.6666666666666666,1.0,0.6138227513227513,True
9334,Remote ATtestation procedureS (RATS) Architecture,2023,/api/v1/doc/document/draft-ietf-rats-architecture/,/api/v1/doc/document/draft-birkholz-rats-architecture/,draft-ietf-rats-architecture,draft-birkholz-rats-architecture,0.9438202247191011,0.8275862068965517,0.8,1.0,0.8916156528477335,True
9334,Remote ATtestation procedureS (RATS) Architecture,2023,/api/v1/doc/document/draft-ietf-rats-architecture/,/api/v1/doc/document/draft-thaler-rats-architecture/,draft-ietf-rats-architecture,draft-thaler-rats-architecture,0.7948717948717948,0.8275862068965517,0.6,1.0,0.7845888594164456,False
9334,Remote ATtestation procedureS (RATS) Architecture,2023,/api/v1/doc/document/draft-birkholz-rats-architecture/,/api/v1/doc/document/draft-birkholz-attestation-terminology/,draft-birkholz-rats-architecture,draft-birkholz-attestation-terminology,0.5979381443298969,0.3,0.5,1.0,0.5440721649484536,True
9353,IGP Extension for Path Computation Element Communication Protocol (PCEP) Security Capability Support in PCE Discovery (PCED),2023,/api/v1/doc/document/draft-ietf-lsr-pce-discovery-security-support/,/api/v1/doc/document/draft-wu-lsr-pce-discovery-security-support/,draft-ietf-lsr-pce-discovery-security-support,draft-wu-lsr-pce-discovery-security-support,0.7015706806282722,0.9375,0.8,1.0,0.8100818062827225,True
9354,Transmission of IPv6 Packets over Power Line Communication (PLC) Networks,2023,/api/v1/doc/document/draft-ietf-6lo-plc/,/api/v1/doc/document/draft-hou-6lo-plc/,draft-ietf-6lo-plc,draft-hou-6lo-plc,0.7863247863247863,0.6,0.6666666666666666,1.0,0.7371794871794871,True
9330,"Low Latency, Low Loss, and Scalable Throughput (L4S) Internet Service: Architecture",2023,/api/v1/doc/document/draft-ietf-tsvwg-l4s-arch/,/api/v1/doc/document/draft-briscoe-tsvwg-l4s-arch/,draft-ietf-tsvwg-l4s-arch,draft-briscoe-tsvwg-l4s-arch,0.9736842105263158,0.7272727272727273,1.0,1.0,0.9199760765550239,True
9330,"Low Latency, Low Loss, and Scalable Throughput (L4S) Internet Service: Architecture",2023,/api/v1/doc/document/draft-briscoe-tsvwg-l4s-arch/,/api/v1/doc/document/draft-briscoe-tsvwg-aqm-tcpm-rmcat-l4s-problem/,draft-briscoe-tsvwg-l4s-arch,draft-briscoe-tsvwg-aqm-tcpm-rmcat-l4s-problem,0.8627450980392157,0.4782608695652174,0.7272727272727273,1.0,0.7532550569634969,True
9331,"The Explicit Congestion Notification (ECN) Protocol for Low Latency, Low Loss, and Scalable Throughput (L4S)",2023,/api/v1/doc/document/draft-ietf-tsvwg-ecn-l4s-id/,/api/v1/doc/document/draft-briscoe-tsvwg-ecn-l4s-id/,draft-ietf-tsvwg-ecn-l4s-id,draft-briscoe-tsvwg-ecn-l4s-id,0.5888324873096447,0.7692307692307693,0.6666666666666666,1.0,0.6906156449303658,True
9332,"Dual-Queue Coupled Active Queue Management (AQM) for Low Latency, Low Loss, and Scalable Throughput (L4S)",2023,/api/v1/doc/document/draft-ietf-tsvwg-aqm-dualq-coupled/,/api/v1/doc/document/draft-briscoe-tsvwg-aqm-dualq-coupled/,draft-ietf-tsvwg-aqm-dualq-coupled,draft-briscoe-tsvwg-aqm-dualq-coupled,0.8,0.85,0.75,1.0,0.8225,True
9332,"Dual-Queue Coupled Active Queue Management (AQM) for Low Latency, Low Loss, and Scalable Throughput (L4S)",2023,/api/v1/doc/document/draft-briscoe-tsvwg-aqm-dualq-coupled/,/api/v1/doc/document/draft-briscoe-aqm-dualq-coupled/,draft-briscoe-tsvwg-aqm-dualq-coupled,draft-briscoe-aqm-dualq-coupled,1.0,0.85,1.0,1.0,0.9625,True
9335,Completely Encrypting RTP Header Extensions and Contributing Sources,2023,/api/v1/doc/document/draft-ietf-avtcore-cryptex/,/api/v1/doc/document/draft-uberti-avtcore-cryptex/,draft-ietf-avtcore-cryptex,draft-uberti-avtcore-cryptex,1.0,0.6363636363636364,1.0,1.0,0.9090909090909091,True
9356,Advertising Layer 2 Bundle Member Link Attributes in OSPF,2023,/api/v1/doc/document/draft-ietf-lsr-ospf-l2bundles/,/api/v1/doc/document/draft-ketant-lsr-ospf-l2bundles/,draft-ietf-lsr-ospf-l2bundles,draft-ketant-lsr-ospf-l2bundles,0.9541284403669725,0.875,0.8571428571428571,1.0,0.919536369593709,True
9347,Aggregation and Fragmentation Mode for Encapsulating Security Payload (ESP) and Its Use for IP Traffic Flow Security (IP-TFS),2023,/api/v1/doc/document/draft-ietf-ipsecme-iptfs/,/api/v1/doc/document/draft-hopps-ipsecme-iptfs/,draft-ietf-ipsecme-iptfs,draft-hopps-ipsecme-iptfs,0.3310344827586207,0.5555555555555556,0.5,1.0,0.4878544061302682,True
9348,A YANG Data Model for IP Traffic Flow Security,2023,/api/v1/doc/document/draft-ietf-ipsecme-yang-iptfs/,/api/v1/doc/document/draft-fedyk-ipsecme-yang-iptfs/,draft-ietf-ipsecme-yang-iptfs,draft-fedyk-ipsecme-yang-iptfs,0.5853658536585366,0.7142857142857143,0.6666666666666666,1.0,0.6753193960511034,True
9349,Definitions of Managed Objects for IP Traffic Flow Security,2023,/api/v1/doc/document/draft-ietf-ipsecme-mib-iptfs/,/api/v1/doc/document/draft-fedyk-ipsecme-mib-iptfs/,draft-ietf-ipsecme-mib-iptfs,draft-fedyk-ipsecme-mib-iptfs,1.0,0.6923076923076923,1.0,1.0,0.923076923076923,True
9346,IS-IS Extensions in Support of Inter-Autonomous System (AS) MPLS and GMPLS Traffic Engineering,2023,/api/v1/doc/document/draft-ietf-lsr-isis-rfc5316bis/,/api/v1/doc/document/draft-chen-lsr-isis-rfc5316bis/,draft-ietf-lsr-isis-rfc5316bis,draft-chen-lsr-isis-rfc5316bis,0.994535519125683,0.8823529411764706,0.9,1.0,0.948129218900675,True
9346,IS-IS Extensions in Support of Inter-Autonomous System (AS) MPLS and GMPLS Traffic Engineering,2023,/api/v1/doc/document/draft-chen-lsr-isis-rfc5316bis/,/api/v1/doc/document/draft-chen-isis-rfc5316bis/,draft-chen-lsr-isis-rfc5316bis,draft-chen-isis-rfc5316bis,1.0,0.8823529411764706,1.0,1.0,0.9705882352941176,True
9357,Label Switched Path (LSP) Object Flag Extension for Stateful PCE,2023,/api/v1/doc/document/draft-ietf-pce-lsp-extended-flags/,/api/v1/doc/document/draft-xiong-pce-lsp-flag/,draft-ietf-pce-lsp-extended-flags,draft-xiong-pce-lsp-flag,0.7766990291262136,0.5333333333333333,0.6666666666666666,1.0,0.7161812297734628,True
9358,Path Computation Element Communication Protocol (PCEP) Extensions for Establishing Relationships between Sets of Label Switched Paths and Virtual Networks,2023,/api/v1/doc/document/draft-ietf-pce-vn-association/,/api/v1/doc/document/draft-leedhody-pce-vn-association/,draft-ietf-pce-vn-association,draft-leedhody-pce-vn-association,0.9444444444444444,0.875,0.75,1.0,0.89375,True
9364,DNS Security Extensions (DNSSEC),2023,/api/v1/doc/document/draft-ietf-dnsop-dnssec-bcp/,/api/v1/doc/document/draft-hoffman-dnssec/,draft-ietf-dnsop-dnssec-bcp,draft-hoffman-dnssec,1.0,0.75,1.0,1.0,0.9374999999999999,True
9360,CBOR Object Signing and Encryption (COSE): Header Parameters for Carrying and Referencing X.509 Certificates,2023,/api/v1/doc/document/draft-ietf-cose-x509/,/api/v1/doc/document/draft-schaad-cose-x509/,draft-ietf-cose-x509,draft-schaad-cose-x509,0.95,0.6153846153846154,0.75,1.0,0.8313461538461538,True
9344,CCNinfo: Discovering Content and Network Information in Content-Centric Networks,2023,/api/v1/doc/document/draft-irtf-icnrg-ccninfo/,/api/v1/doc/document/draft-asaeda-icnrg-ccninfo/,draft-irtf-icnrg-ccninfo,draft-asaeda-icnrg-ccninfo,1.0,0.7,1.0,1.0,0.9249999999999999,True
9355,OSPF Bidirectional Forwarding Detection (BFD) Strict-Mode,2023,/api/v1/doc/document/draft-ietf-lsr-ospf-bfd-strict-mode/,/api/v1/doc/document/draft-ketant-lsr-ospf-bfd-strict-mode/,draft-ietf-lsr-ospf-bfd-strict-mode,draft-ketant-lsr-ospf-bfd-strict-mode,0.4050632911392405,0.9090909090909091,0.8,1.0,0.6695512082853855,True
9350,IGP Flexible Algorithm,2023,/api/v1/doc/document/draft-ietf-lsr-flex-algo/,/api/v1/doc/document/draft-hegdeppsenak-isis-sr-flex-algo/,draft-ietf-lsr-flex-algo,draft-hegdeppsenak-isis-sr-flex-algo,0.6885245901639344,0.6923076923076923,0.6666666666666666,1.0,0.7162463219840268,True
9350,IGP Flexible Algorithm,2023,/api/v1/doc/document/draft-ietf-lsr-flex-algo/,/api/v1/doc/document/draft-ppsenak-ospf-sr-flex-algo/,draft-ietf-lsr-flex-algo,draft-ppsenak-ospf-sr-flex-algo,0.6885245901639344,0.6923076923076923,0.6666666666666666,1.0,0.7162463219840268,False
9351,Border Gateway Protocol - Link State (BGP-LS) Extensions for Flexible Algorithm Advertisement,2023,/api/v1/doc/document/draft-ietf-idr-bgp-ls-flex-algo/,/api/v1/doc/document/draft-ketant-idr-bgp-ls-flex-algo/,draft-ietf-idr-bgp-ls-flex-algo,draft-ketant-idr-bgp-ls-flex-algo,0.42105263157894735,0.8888888888888888,0.75,1.0,0.6616959064327486,True
9352,IS-IS Extensions to Support Segment Routing over the IPv6 Data Plane,2023,/api/v1/doc/document/draft-ietf-lsr-isis-srv6-extensions/,/api/v1/doc/document/draft-bashandy-isis-srv6-extensions/,draft-ietf-lsr-isis-srv6-extensions,draft-bashandy-isis-srv6-extensions,0.8943089430894309,1.0,1.0,1.0,0.952439024390244,True
9352,IS-IS Extensions to Support Segment Routing over the IPv6 Data Plane,2023,/api/v1/doc/document/draft-bashandy-isis-srv6-extensions/,/api/v1/doc/document/draft-previdi-isis-ipv6-prefix-sid/,draft-bashandy-isis-srv6-extensions,draft-previdi-isis-ipv6-prefix-sid,0.46511627906976744,0.6,0.2222222222222222,1.0,0.5037467700258398,True
9362,Distributed Denial-of-Service Open Threat Signaling (DOTS) Signal Channel Configuration Attributes for Robust Block Transmission,2023,/api/v1/doc/document/draft-ietf-dots-robust-blocks/,/api/v1/doc/document/draft-bosh-dots-quick-blocks/,draft-ietf-dots-robust-blocks,draft-bosh-dots-quick-blocks,1.0,0.6,1.0,1.0,0.9,True
9363,A YANG Data Model for Static Context Header Compression (SCHC),2023,/api/v1/doc/document/draft-ietf-lpwan-schc-yang-data-model/,/api/v1/doc/document/draft-toutain-lpwan-schc-yang-data-model/,draft-ietf-lpwan-schc-yang-data-model,draft-toutain-lpwan-schc-yang-data-model,0.9380530973451328,0.8695652173913043,0.875,1.0,0.9145151981531359,True
9366,Multiple SIP Reason Header Field Values,2023,/api/v1/doc/document/draft-ietf-sipcore-multiple-reasons/,/api/v1/doc/document/draft-sparks-sipcore-multiple-reasons/,draft-ietf-sipcore-multiple-reasons,draft-sparks-sipcore-multiple-reasons,1.0,0.8,1.0,1.0,0.9500000000000001,True
9361,ICANN Trademark Clearinghouse (TMCH) Functional Specifications,2023,/api/v1/doc/document/draft-ietf-regext-tmch-func-spec/,/api/v1/doc/document/draft-ietf-eppext-tmch-func-spec/,draft-ietf-regext-tmch-func-spec,draft-ietf-eppext-tmch-func-spec,0.75,1.0,1.0,1.0,0.8875000000000001,True
9361,ICANN Trademark Clearinghouse (TMCH) Functional Specifications,2023,/api/v1/doc/document/draft-ietf-eppext-tmch-func-spec/,/api/v1/doc/document/draft-lozano-tmch-func-spec/,draft-ietf-eppext-tmch-func-spec,draft-lozano-tmch-func-spec,0.9090909090909091,1.0,1.0,1.0,0.9590909090909091,True
9411,Benchmarking Methodology for Network Security Device Performance,2023,/api/v1/doc/document/draft-ietf-bmwg-ngfw-performance/,/api/v1/doc/document/draft-balarajah-bmwg-ngfw-performance/,draft-ietf-bmwg-ngfw-performance,draft-balarajah-bmwg-ngfw-performance,1.0,0.8648648648648649,1.0,1.0,0.9662162162162161,True
9365,IPv6 Wireless Access in Vehicular Environments (IPWAVE): Problem Statement and Use Cases,2023,/api/v1/doc/document/draft-ietf-ipwave-vehicular-networking/,/api/v1/doc/document/draft-ietf-ipwave-vehicular-networking-survey/,draft-ietf-ipwave-vehicular-networking,draft-ietf-ipwave-vehicular-networking-survey,0.3803680981595092,0.851063829787234,0.6666666666666666,1.0,0.6172649349519209,True
9365,IPv6 Wireless Access in Vehicular Environments (IPWAVE): Problem Statement and Use Cases,2023,/api/v1/doc/document/draft-ietf-ipwave-vehicular-networking/,/api/v1/doc/document/draft-ietf-ipwave-problem-statement/,draft-ietf-ipwave-vehicular-networking,draft-ietf-ipwave-problem-statement,0.5827814569536424,0.21621621621621623,0.6,1.0,0.5363057096831931,False
9365,IPv6 Wireless Access in Vehicular Environments (IPWAVE): Problem Statement and Use Cases,2023,/api/v1/doc/document/draft-ietf-ipwave-vehicular-networking-survey/,/api/v1/doc/document/draft-jeong-ipwave-vehicular-networking-survey/,draft-ietf-ipwave-vehicular-networking-survey,draft-jeong-ipwave-vehicular-networking-survey,1.0,0.8852459016393442,1.0,1.0,0.9713114754098361,True
9374,DRIP Entity Tag (DET) for Unmanned Aircraft System Remote ID (UAS RID),2023,/api/v1/doc/document/draft-ietf-drip-rid/,/api/v1/doc/document/draft-ietf-drip-uas-rid/,draft-ietf-drip-rid,draft-ietf-drip-uas-rid,0.3037974683544304,0.6,0.5,1.0,0.4867088607594936,True
9374,DRIP Entity Tag (DET) for Unmanned Aircraft System Remote ID (UAS RID),2023,/api/v1/doc/document/draft-ietf-drip-uas-rid/,/api/v1/doc/document/draft-moskowitz-drip-uas-rid/,draft-ietf-drip-uas-rid,draft-moskowitz-drip-uas-rid,1.0,0.7368421052631579,1.0,1.0,0.9342105263157895,True
9372,L-Band Digital Aeronautical Communications System (LDACS),2023,/api/v1/doc/document/draft-ietf-raw-ldacs/,/api/v1/doc/document/draft-maeurer-raw-ldacs/,draft-ietf-raw-ldacs,draft-maeurer-raw-ldacs,1.0,0.7142857142857143,1.0,1.0,0.9285714285714285,True
9384,A BGP Cease NOTIFICATION Subcode for Bidirectional Forwarding Detection (BFD),2023,/api/v1/doc/document/draft-ietf-idr-bfd-subcode/,/api/v1/doc/document/draft-haas-idr-bfd-subcode/,draft-ietf-idr-bfd-subcode,draft-haas-idr-bfd-subcode,0.672566371681416,0.8461538461538461,0.6666666666666666,1.0,0.747526662128432,True
9377,IS-IS Flood Reflection,2023,/api/v1/doc/document/draft-ietf-lsr-isis-flood-reflection/,/api/v1/doc/document/draft-lsr-isis-flood-reflection/,draft-ietf-lsr-isis-flood-reflection,draft-lsr-isis-flood-reflection,1.0,1.0,1.0,1.0,0.9999999999999999,True
9377,IS-IS Flood Reflection,2023,/api/v1/doc/document/draft-lsr-isis-flood-reflection/,/api/v1/doc/document/draft-przygienda-lsr-flood-reflection/,draft-lsr-isis-flood-reflection,draft-przygienda-lsr-flood-reflection,1.0,0.8780487804878049,1.0,1.0,0.9695121951219513,True
9377,IS-IS Flood Reflection,2023,/api/v1/doc/document/draft-przygienda-lsr-flood-reflection/,/api/v1/doc/document/draft-przygienda-flood-reflector/,draft-przygienda-lsr-flood-reflection,draft-przygienda-flood-reflector,0.7368421052631579,0.8,0.3333333333333333,1.0,0.6982456140350877,True
9359,Echo Request/Reply for Enabled In Situ OAM (IOAM) Capabilities,2023,/api/v1/doc/document/draft-ietf-ippm-ioam-conf-state/,/api/v1/doc/document/draft-xiao-ippm-ioam-conf-state/,draft-ietf-ippm-ioam-conf-state,draft-xiao-ippm-ioam-conf-state,0.9565217391304348,0.8571428571428571,0.875,1.0,0.9197204968944099,True
9386,IPv6 Deployment Status,2023,/api/v1/doc/document/draft-ietf-v6ops-ipv6-deployment/,/api/v1/doc/document/draft-vf-v6ops-ipv6-deployment/,draft-ietf-v6ops-ipv6-deployment,draft-vf-v6ops-ipv6-deployment,1.0,0.8333333333333334,1.0,1.0,0.9583333333333334,True
9391,Static Context Header Compression over Narrowband Internet of Things,2023,/api/v1/doc/document/draft-ietf-lpwan-schc-over-nbiot/,/api/v1/doc/document/draft-minaburo-lpwan-nbiot-hc/,draft-ietf-lpwan-schc-over-nbiot,draft-minaburo-lpwan-nbiot-hc,0.7096774193548387,0.41379310344827586,0.45454545454545453,1.0,0.6137122054808373,True
9387,Use Cases for DDoS Open Threat Signaling (DOTS) Telemetry,2023,/api/v1/doc/document/draft-ietf-dots-telemetry-use-cases/,/api/v1/doc/document/draft-hayashi-dots-telemetry-use-cases/,draft-ietf-dots-telemetry-use-cases,draft-hayashi-dots-telemetry-use-cases,1.0,0.8837209302325582,1.0,1.0,0.9709302325581396,True
9395,Deprecation of the Internet Key Exchange Version 1 (IKEv1) Protocol and Obsoleted Algorithms,2023,/api/v1/doc/document/draft-ietf-ipsecme-ikev1-algo-to-historic/,/api/v1/doc/document/draft-pwouters-ikev1-ipsec-graveyard/,draft-ietf-ipsecme-ikev1-algo-to-historic,draft-pwouters-ikev1-ipsec-graveyard,0.6666666666666666,0.37209302325581395,0.5714285714285714,1.0,0.6073089700996678,True
9390,Diameter Group Signaling,2023,/api/v1/doc/document/draft-ietf-dime-group-signaling/,/api/v1/doc/document/draft-jones-diameter-group-signaling/,draft-ietf-dime-group-signaling,draft-jones-diameter-group-signaling,1.0,0.7692307692307693,1.0,1.0,0.9423076923076924,True
9392,Sending RTP Control Protocol (RTCP) Feedback for Congestion Control in Interactive Multimedia Conferences,2023,/api/v1/doc/document/draft-ietf-rmcat-rtp-cc-feedback/,/api/v1/doc/document/draft-perkins-rmcat-rtp-cc-feedback/,draft-ietf-rmcat-rtp-cc-feedback,draft-perkins-rmcat-rtp-cc-feedback,0.6702702702702703,0.8333333333333334,0.6666666666666666,1.0,0.7432882882882883,True
9375,A YANG Data Model for Network and VPN Service Performance Monitoring,2023,/api/v1/doc/document/draft-ietf-opsawg-yang-vpn-service-pm/,/api/v1/doc/document/draft-www-opsawg-yang-vpn-service-pm/,draft-ietf-opsawg-yang-vpn-service-pm,draft-www-opsawg-yang-vpn-service-pm,0.9618320610687023,0.8444444444444444,0.875,1.0,0.9189355385920271,True
9375,A YANG Data Model for Network and VPN Service Performance Monitoring,2023,/api/v1/doc/document/draft-www-opsawg-yang-vpn-service-pm/,/api/v1/doc/document/draft-www-bess-yang-vpn-service-pm/,draft-www-opsawg-yang-vpn-service-pm,draft-www-bess-yang-vpn-service-pm,1.0,0.84,1.0,1.0,0.9600000000000001,True
9378,"In Situ Operations, Administration, and Maintenance (IOAM) Deployment",2023,/api/v1/doc/document/draft-ietf-ippm-ioam-deployment/,/api/v1/doc/document/draft-brockners-opsawg-ioam-deployment/,draft-ietf-ippm-ioam-deployment,draft-brockners-opsawg-ioam-deployment,0.5057471264367817,0.8108108108108109,0.6666666666666666,1.0,0.6636222429325878,True
9389,Nominating Committee Eligibility,2023,/api/v1/doc/document/draft-ietf-elegy-rfc8989bis/,/api/v1/doc/document/draft-duke-elegy-rfc8989bis/,draft-ietf-elegy-rfc8989bis,draft-duke-elegy-rfc8989bis,0.72,0.7692307692307693,0.5,1.0,0.7163076923076923,True
9389,Nominating Committee Eligibility,2023,/api/v1/doc/document/draft-duke-elegy-rfc8989bis/,/api/v1/doc/document/draft-duke-gendispatch-rfc8989bis/,draft-duke-elegy-rfc8989bis,draft-duke-gendispatch-rfc8989bis,1.0,0.631578947368421,1.0,1.0,0.9078947368421052,True
9399,Internet X.509 Public Key Infrastructure: Logotypes in X.509 Certificates,2023,/api/v1/doc/document/draft-ietf-lamps-rfc3709bis/,/api/v1/doc/document/draft-housley-lamps-rfc3709bis/,draft-ietf-lamps-rfc3709bis,draft-housley-lamps-rfc3709bis,1.0,0.7692307692307693,1.0,1.0,0.9423076923076924,True
9406,HyStart++: Modified Slow Start for TCP,2023,/api/v1/doc/document/draft-ietf-tcpm-hystartplusplus/,/api/v1/doc/document/draft-balasubramanian-tcpm-hystartplusplus/,draft-ietf-tcpm-hystartplusplus,draft-balasubramanian-tcpm-hystartplusplus,1.0,0.8571428571428571,1.0,1.0,0.9642857142857143,True
9370,Multiple Key Exchanges in the Internet Key Exchange Protocol Version 2 (IKEv2),2023,/api/v1/doc/document/draft-ietf-ipsecme-ikev2-multiple-ke/,/api/v1/doc/document/draft-tjhai-ipsecme-hybrid-qske-ikev2/,draft-ietf-ipsecme-ikev2-multiple-ke,draft-tjhai-ipsecme-hybrid-qske-ikev2,0.768361581920904,0.23809523809523808,0.45454545454545453,1.0,0.5961956122973072,True
9396,OAuth 2.0 Rich Authorization Requests,2023,/api/v1/doc/document/draft-ietf-oauth-rar/,/api/v1/doc/document/draft-lodderstedt-oauth-rar/,draft-ietf-oauth-rar,draft-lodderstedt-oauth-rar,1.0,0.5,1.0,1.0,0.8749999999999999,True
9398,A YANG Data Model for Internet Group Management Protocol (IGMP) and Multicast Listener Discovery (MLD) Proxy Devices,2023,/api/v1/doc/document/draft-ietf-pim-igmp-mld-proxy-yang/,/api/v1/doc/document/draft-zhao-pim-igmp-mld-proxy-yang/,draft-ietf-pim-igmp-mld-proxy-yang,draft-zhao-pim-igmp-mld-proxy-yang,0.4864864864864865,0.9047619047619048,0.8,1.0,0.7051093951093951,True
9368,Compatible Version Negotiation for QUIC,2023,/api/v1/doc/document/draft-ietf-quic-version-negotiation/,/api/v1/doc/document/draft-schinazi-quic-version-negotiation/,draft-ietf-quic-version-negotiation,draft-schinazi-quic-version-negotiation,1.0,0.8837209302325582,1.0,1.0,0.9709302325581396,True
9369,QUIC Version 2,2023,/api/v1/doc/document/draft-ietf-quic-v2/,/api/v1/doc/document/draft-duke-quic-v2/,draft-ietf-quic-v2,draft-duke-quic-v2,1.0,0.4444444444444444,1.0,1.0,0.861111111111111,True
9394,IMAP PARTIAL Extension for Paged SEARCH and FETCH,2023,/api/v1/doc/document/draft-ietf-extra-imap-partial/,/api/v1/doc/document/draft-melnikov-imap-partial/,draft-ietf-extra-imap-partial,draft-melnikov-imap-partial,0.5609756097560976,1.0,1.0,1.0,0.8024390243902438,True
9400,Guidelines for the Organization of Fully Online Meetings,2023,/api/v1/doc/document/draft-ietf-shmoo-online-meeting/,/api/v1/doc/document/draft-kuehlewind-shmoo-online-meeting/,draft-ietf-shmoo-online-meeting,draft-kuehlewind-shmoo-online-meeting,1.0,0.8235294117647058,1.0,1.0,0.9558823529411765,True
9407,Tetrys: An On-the-Fly Network Coding Protocol,2023,/api/v1/doc/document/draft-irtf-nwcrg-tetrys/,/api/v1/doc/document/draft-detchart-nwcrg-tetrys/,draft-irtf-nwcrg-tetrys,draft-detchart-nwcrg-tetrys,1.0,0.6666666666666666,1.0,1.0,0.9166666666666666,True
9412,The ORIGIN Extension in HTTP/3,2023,/api/v1/doc/document/draft-ietf-httpbis-origin-h3/,/api/v1/doc/document/draft-bishop-httpbis-origin-h3/,draft-ietf-httpbis-origin-h3,draft-bishop-httpbis-origin-h3,1.0,0.6923076923076923,1.0,1.0,0.923076923076923,True
9412,The ORIGIN Extension in HTTP/3,2023,/api/v1/doc/document/draft-bishop-httpbis-origin-h3/,/api/v1/doc/document/draft-bishop-httpbis-altsvc-quic/,draft-bishop-httpbis-origin-h3,draft-bishop-httpbis-altsvc-quic,0.4,0.5,0.25,1.0,0.45500000000000007,True
9408,A YANG Network Data Model for Service Attachment Points (SAPs),2023,/api/v1/doc/document/draft-ietf-opsawg-sap/,/api/v1/doc/document/draft-dbwb-opsawg-sap/,draft-ietf-opsawg-sap,draft-dbwb-opsawg-sap,0.8545454545454545,0.46153846153846156,0.75,1.0,0.7499300699300699,True
9408,A YANG Network Data Model for Service Attachment Points (SAPs),2023,/api/v1/doc/document/draft-dbwb-opsawg-sap/,/api/v1/doc/document/draft-ogondio-opsawg-uni-topology/,draft-dbwb-opsawg-sap,draft-ogondio-opsawg-uni-topology,0.5576923076923077,0.5517241379310345,0.3,1.0,0.548892572944297,True
9413,Maintaining Robust Protocols,2023,/api/v1/doc/document/draft-iab-protocol-maintenance/,/api/v1/doc/document/draft-thomson-postel-was-wrong/,draft-iab-protocol-maintenance,draft-thomson-postel-was-wrong,0.375,0.2222222222222222,0.0,1.0,0.32430555555555557,True
9122,IANA Registry for Sieve Actions,2023,/api/v1/doc/document/draft-ietf-extra-sieve-action-registry/,/api/v1/doc/document/draft-melnikov-extra-sieve-action-registry/,draft-ietf-extra-sieve-action-registry,draft-melnikov-extra-sieve-action-registry,1.0,0.875,1.0,1.0,0.9687499999999999,True
9427,TLS-Based Extensible Authentication Protocol (EAP) Types for Use with TLS 1.3,2023,/api/v1/doc/document/draft-ietf-emu-tls-eap-types/,/api/v1/doc/document/draft-dekok-emu-tls-eap-types/,draft-ietf-emu-tls-eap-types,draft-dekok-emu-tls-eap-types,0.5283018867924528,0.8666666666666667,0.75,1.0,0.7044025157232704,True
9393,Concise Software Identification Tags,2023,/api/v1/doc/document/draft-ietf-sacm-coswid/,/api/v1/doc/document/draft-birkholz-sacm-coswid/,draft-ietf-sacm-coswid,draft-birkholz-sacm-coswid,0.8125,0.7058823529411765,0.5,1.0,0.7420955882352941,True
9419,Considerations on Application - Network Collaboration Using Path Signals,2023,/api/v1/doc/document/draft-iab-path-signals-collaboration/,/api/v1/doc/document/draft-arkko-iab-path-signals-collaboration/,draft-iab-path-signals-collaboration,draft-arkko-iab-path-signals-collaboration,1.0,0.9285714285714286,1.0,1.0,0.9821428571428571,True
9432,DNS Catalog Zones,2023,/api/v1/doc/document/draft-ietf-dnsop-dns-catalog-zones/,/api/v1/doc/document/draft-toorop-dnsop-dns-catalog-zones/,draft-ietf-dnsop-dns-catalog-zones,draft-toorop-dnsop-dns-catalog-zones,1.0,0.85,1.0,1.0,0.9625,True
9432,DNS Catalog Zones,2023,/api/v1/doc/document/draft-toorop-dnsop-dns-catalog-zones/,/api/v1/doc/document/draft-muks-dnsop-dns-catalog-zones/,draft-toorop-dnsop-dns-catalog-zones,draft-muks-dnsop-dns-catalog-zones,1.0,1.0,1.0,1.0,0.9999999999999999,True
9430,Extension of the Datagram Transport Layer Security (DTLS) Profile for Authentication and Authorization for Constrained Environments (ACE) to Transport Layer Security (TLS),2023,/api/v1/doc/document/draft-ietf-ace-extend-dtls-authorize/,/api/v1/doc/document/draft-bergmann-ace-extend-dtls-authorize/,draft-ietf-ace-extend-dtls-authorize,draft-bergmann-ace-extend-dtls-authorize,0.38095238095238093,0.9130434782608695,0.75,1.0,0.6496894409937888,True
9431,Message Queuing Telemetry Transport (MQTT) and Transport Layer Security (TLS) Profile of Authentication and Authorization for Constrained Environments (ACE) Framework,2023,/api/v1/doc/document/draft-ietf-ace-mqtt-tls-profile/,/api/v1/doc/document/draft-sengul-ace-mqtt-tls-profile/,draft-ietf-ace-mqtt-tls-profile,draft-sengul-ace-mqtt-tls-profile,0.25136612021857924,0.8888888888888888,0.75,1.0,0.5853369763205829,True
9431,Message Queuing Telemetry Transport (MQTT) and Transport Layer Security (TLS) Profile of Authentication and Authorization for Constrained Environments (ACE) Framework,2023,/api/v1/doc/document/draft-sengul-ace-mqtt-tls-profile/,/api/v1/doc/document/draft-sengul-kirby-ace-mqtt-tls-profile/,draft-sengul-ace-mqtt-tls-profile,draft-sengul-kirby-ace-mqtt-tls-profile,1.0,0.8695652173913043,1.0,1.0,0.967391304347826,True
9417,Service Assurance for Intent-Based Networking Architecture,2023,/api/v1/doc/document/draft-ietf-opsawg-service-assurance-architecture/,/api/v1/doc/document/draft-claise-opsawg-service-assurance-architecture/,draft-ietf-opsawg-service-assurance-architecture,draft-claise-opsawg-service-assurance-architecture,1.0,0.8955223880597015,1.0,1.0,0.9738805970149255,True
9418,A YANG Data Model for Service Assurance,2023,/api/v1/doc/document/draft-ietf-opsawg-service-assurance-yang/,/api/v1/doc/document/draft-claise-opsawg-service-assurance-yang/,draft-ietf-opsawg-service-assurance-yang,draft-claise-opsawg-service-assurance-yang,0.8493150684931506,0.8627450980392157,0.75,1.0,0.8478780553317218,True
9443,Multiplexing Scheme Updates for QUIC,2023,/api/v1/doc/document/draft-ietf-avtcore-rfc7983bis/,/api/v1/doc/document/draft-aboba-avtcore-rfc7983bis/,draft-ietf-avtcore-rfc7983bis,draft-aboba-avtcore-rfc7983bis,1.0,0.7142857142857143,1.0,1.0,0.9285714285714285,True
9345,Delegated Credentials for TLS and DTLS,2023,/api/v1/doc/document/draft-ietf-tls-subcerts/,/api/v1/doc/document/draft-rescorla-tls-subcerts/,draft-ietf-tls-subcerts,draft-rescorla-tls-subcerts,0.8656716417910447,0.8,0.75,1.0,0.8395522388059702,True
9409,The 'sip-trunking-capability' Link Relation Type,2023,/api/v1/doc/document/draft-ietf-asap-siptrunkingcapability-link/,/api/v1/doc/document/draft-asap-siptrunkingcapability-link/,draft-ietf-asap-siptrunkingcapability-link,draft-asap-siptrunkingcapability-link,0.9777777777777777,1.0,1.0,1.0,0.9899999999999999,True
9409,The 'sip-trunking-capability' Link Relation Type,2023,/api/v1/doc/document/draft-ietf-asap-siptrunkingcapability-link/,/api/v1/doc/document/draft-engi-siptrunkingcapability-link/,draft-ietf-asap-siptrunkingcapability-link,draft-engi-siptrunkingcapability-link,0.9777777777777777,1.0,1.0,1.0,0.9899999999999999,False
9434,Drone Remote Identification Protocol (DRIP) Architecture,2023,/api/v1/doc/document/draft-ietf-drip-arch/,/api/v1/doc/document/draft-card-drip-arch/,draft-ietf-drip-arch,draft-card-drip-arch,1.0,0.6153846153846154,1.0,1.0,0.9038461538461539,True
9434,Drone Remote Identification Protocol (DRIP) Architecture,2023,/api/v1/doc/document/draft-card-drip-arch/,/api/v1/doc/document/draft-card-tmrid-uas-arch/,draft-card-drip-arch,draft-card-tmrid-uas-arch,0.6548672566371682,0.6086956521739131,0.375,1.0,0.6218641785302039,True
9420,The Messaging Layer Security (MLS) Protocol,2023,/api/v1/doc/document/draft-ietf-mls-protocol/,/api/v1/doc/document/draft-barnes-mls-protocol/,draft-ietf-mls-protocol,draft-barnes-mls-protocol,1.0,0.8,1.0,1.0,0.9500000000000001,True
9435,Considerations for Assigning a New Recommended Differentiated Services Code Point (DSCP),2023,/api/v1/doc/document/draft-ietf-tsvwg-dscp-considerations/,/api/v1/doc/document/draft-custura-tsvwg-dscp-considerations/,draft-ietf-tsvwg-dscp-considerations,draft-custura-tsvwg-dscp-considerations,0.8974358974358975,0.8636363636363636,0.6666666666666666,1.0,0.8530885780885781,True
9428,Transmission of IPv6 Packets over Near Field Communication,2023,/api/v1/doc/document/draft-ietf-6lo-nfc/,/api/v1/doc/document/draft-hong-6lo-ipv6-over-nfc/,draft-ietf-6lo-nfc,draft-hong-6lo-ipv6-over-nfc,1.0,0.3,1.0,1.0,0.8250000000000001,True
9388,Content Delivery Network Interconnection (CDNI) Footprint Types: Country Subdivision Code and Footprint Union,2023,/api/v1/doc/document/draft-ietf-cdni-additional-footprint-types/,/api/v1/doc/document/draft-sopher-cdni-footprint-types-extensions/,draft-ietf-cdni-additional-footprint-types,draft-sopher-cdni-footprint-types-extensions,0.9072164948453608,0.631578947368421,0.9090909090909091,1.0,0.8479603413406994,True
9433,Segment Routing over IPv6 for the Mobile User Plane,2023,/api/v1/doc/document/draft-ietf-dmm-srv6-mobile-uplane/,/api/v1/doc/document/draft-matsushima-spring-dmm-srv6-mobile-uplane/,draft-ietf-dmm-srv6-mobile-uplane,draft-matsushima-spring-dmm-srv6-mobile-uplane,0.9032258064516129,0.7659574468085106,0.8571428571428571,1.0,0.8693695460339249,True
9414,Unfortunate History of Transient Numeric Identifiers,2023,/api/v1/doc/document/draft-irtf-pearg-numeric-ids-history/,/api/v1/doc/document/draft-gont-numeric-ids-history/,draft-irtf-pearg-numeric-ids-history,draft-gont-numeric-ids-history,1.0,1.0,1.0,1.0,0.9999999999999999,True
9414,Unfortunate History of Transient Numeric Identifiers,2023,/api/v1/doc/document/draft-irtf-pearg-numeric-ids-history/,/api/v1/doc/document/draft-gont-predictable-numeric-ids/,draft-irtf-pearg-numeric-ids-history,draft-gont-predictable-numeric-ids,0.43478260869565216,0.5238095238095238,0.5,1.0,0.5266045548654245,False
9415,On the Generation of Transient Numeric Identifiers,2023,/api/v1/doc/document/draft-irtf-pearg-numeric-ids-generation/,/api/v1/doc/document/draft-gont-numeric-ids-generation/,draft-irtf-pearg-numeric-ids-generation,draft-gont-numeric-ids-generation,1.0,1.0,1.0,1.0,0.9999999999999999,True
9415,On the Generation of Transient Numeric Identifiers,2023,/api/v1/doc/document/draft-irtf-pearg-numeric-ids-generation/,/api/v1/doc/document/draft-gont-predictable-protocol-ids/,draft-irtf-pearg-numeric-ids-generation,draft-gont-predictable-protocol-ids,0.45588235294117646,0.30434782608695654,0.25,1.0,0.4312340153452685,False
9426,BATched Sparse (BATS) Coding Scheme for Multi-hop Data Transport,2023,/api/v1/doc/document/draft-irtf-nwcrg-bats/,/api/v1/doc/document/draft-yang-nwcrg-bats/,draft-irtf-nwcrg-bats,draft-yang-nwcrg-bats,0.8623853211009175,0.5714285714285714,0.7777777777777778,1.0,0.7864860929081112,True
9426,BATched Sparse (BATS) Coding Scheme for Multi-hop Data Transport,2023,/api/v1/doc/document/draft-yang-nwcrg-bats/,/api/v1/doc/document/draft-yang-nwcrg-bats-code/,draft-yang-nwcrg-bats,draft-yang-nwcrg-bats-code,0.7032967032967034,0.8,0.6666666666666666,1.0,0.7498168498168498,True
9440,Client-Cert HTTP Header Field,2023,/api/v1/doc/document/draft-ietf-httpbis-client-cert-field/,/api/v1/doc/document/draft-bdc-something-something-certificate/,draft-ietf-httpbis-client-cert-field,draft-bdc-something-something-certificate,0.35,0.4583333333333333,0.25,1.0,0.42208333333333337,True
9442,Static Context Header Compression (SCHC) over Sigfox Low-Power Wide Area Network (LPWAN),2023,/api/v1/doc/document/draft-ietf-lpwan-schc-over-sigfox/,/api/v1/doc/document/draft-zuniga-lpwan-schc-over-sigfox/,draft-ietf-lpwan-schc-over-sigfox,draft-zuniga-lpwan-schc-over-sigfox,0.41509433962264153,0.8421052631578947,0.75,1.0,0.6473187686196623,True
9410,Handling of Identity Header Errors for Secure Telephone Identity Revisited (STIR),2023,/api/v1/doc/document/draft-ietf-stir-identity-header-errors-handling/,/api/v1/doc/document/draft-wendt-stir-identity-header-errors-handling/,draft-ietf-stir-identity-header-errors-handling,draft-wendt-stir-identity-header-errors-handling,0.44036697247706424,0.9253731343283582,0.8,1.0,0.6895084211967685,True
9437,Publish/Subscribe Functionality for the Locator/ID Separation Protocol (LISP),2023,/api/v1/doc/document/draft-ietf-lisp-pubsub/,/api/v1/doc/document/draft-rodrigueznatal-lisp-pubsub/,draft-ietf-lisp-pubsub,draft-rodrigueznatal-lisp-pubsub,0.6956521739130435,0.7058823529411765,0.6666666666666666,1.0,0.722847399829497,True
9437,Publish/Subscribe Functionality for the Locator/ID Separation Protocol (LISP),2023,/api/v1/doc/document/draft-rodrigueznatal-lisp-pubsub/,/api/v1/doc/document/draft-boucadair-lisp-subscribe/,draft-rodrigueznatal-lisp-pubsub,draft-boucadair-lisp-subscribe,0.5263157894736842,0.72,0.3333333333333333,1.0,0.5835087719298245,True
9380,Hashing to Elliptic Curves,2023,/api/v1/doc/document/draft-irtf-cfrg-hash-to-curve/,/api/v1/doc/document/draft-sullivan-cfrg-hash-to-curve/,draft-irtf-cfrg-hash-to-curve,draft-sullivan-cfrg-hash-to-curve,1.0,0.8387096774193549,1.0,1.0,0.9596774193548386,True
9451,"Operations, Administration, and Maintenance (OAM) Packet and Behavior in the Network Service Header (NSH)",2023,/api/v1/doc/document/draft-ietf-sfc-oam-packet/,/api/v1/doc/document/draft-boucadair-sfc-oam-packet/,draft-ietf-sfc-oam-packet,draft-boucadair-sfc-oam-packet,0.6666666666666666,0.8333333333333334,0.6666666666666666,1.0,0.7416666666666666,True
9424,Indicators of Compromise (IoCs) and Their Role in Attack Defence,2023,/api/v1/doc/document/draft-ietf-opsec-indicators-of-compromise/,/api/v1/doc/document/draft-paine-smart-indicators-of-compromise/,draft-ietf-opsec-indicators-of-compromise,draft-paine-smart-indicators-of-compromise,1.0,0.8888888888888888,1.0,1.0,0.9722222222222222,True
9438,CUBIC for Fast and Long-Distance Networks,2023,/api/v1/doc/document/draft-ietf-tcpm-rfc8312bis/,/api/v1/doc/document/draft-eggert-tcpm-rfc8312bis/,draft-ietf-tcpm-rfc8312bis,draft-eggert-tcpm-rfc8312bis,1.0,0.8,1.0,1.0,0.9500000000000001,True
9439,Application-Layer Traffic Optimization (ALTO) Performance Cost Metrics,2023,/api/v1/doc/document/draft-ietf-alto-performance-metrics/,/api/v1/doc/document/draft-wu-alto-te-metrics/,draft-ietf-alto-performance-metrics,draft-wu-alto-te-metrics,0.5979381443298969,0.5882352941176471,0.5,1.0,0.6161309884778653,True
9404,JSON Meta Application Protocol (JMAP) Blob Management Extension,2023,/api/v1/doc/document/draft-ietf-jmap-blob/,/api/v1/doc/document/draft-gondwana-jmap-blob/,draft-ietf-jmap-blob,draft-gondwana-jmap-blob,0.6593406593406593,0.6153846153846154,0.5714285714285714,1.0,0.6648351648351648,True
9454,Update to OSPF Terminology,2023,/api/v1/doc/document/draft-ietf-lsr-ospf-terminology/,/api/v1/doc/document/draft-fox-lsr-ospf-terminology/,draft-ietf-lsr-ospf-terminology,draft-fox-lsr-ospf-terminology,1.0,0.8888888888888888,1.0,1.0,0.9722222222222222,True
9445,RADIUS Extensions for DHCP-Configured Services,2023,/api/v1/doc/document/draft-ietf-opsawg-add-encrypted-dns/,/api/v1/doc/document/draft-boucadair-opsawg-add-encrypted-dns/,draft-ietf-opsawg-add-encrypted-dns,draft-boucadair-opsawg-add-encrypted-dns,0.691358024691358,0.8292682926829268,0.75,1.0,0.7684281842818428,True
9445,RADIUS Extensions for DHCP-Configured Services,2023,/api/v1/doc/document/draft-ietf-opsawg-add-encrypted-dns/,/api/v1/doc/document/draft-boucadair-dhcwg-rfc4014-update/,draft-ietf-opsawg-add-encrypted-dns,draft-boucadair-dhcwg-rfc4014-update,0.3669724770642202,0.16216216216216217,0.25,-0.5,0.20567815521943966,False
9381,Verifiable Random Functions (VRFs),2023,/api/v1/doc/document/draft-irtf-cfrg-vrf/,/api/v1/doc/document/draft-goldbe-vrf/,draft-irtf-cfrg-vrf,draft-goldbe-vrf,1.0,1.0,1.0,1.0,0.9999999999999999,True
9444,Automated Certificate Management Environment (ACME) for Subdomains,2023,/api/v1/doc/document/draft-ietf-acme-subdomains/,/api/v1/doc/document/draft-friel-acme-subdomains/,draft-ietf-acme-subdomains,draft-friel-acme-subdomains,0.4578313253012048,0.8,0.5,1.0,0.6060240963855421,True
9450,Reliable and Available Wireless (RAW) Use Cases,2023,/api/v1/doc/document/draft-ietf-raw-use-cases/,/api/v1/doc/document/draft-bernardos-raw-use-cases/,draft-ietf-raw-use-cases,draft-bernardos-raw-use-cases,0.4482758620689655,0.8181818181818182,0.6666666666666666,1.0,0.6396029258098224,True
9450,Reliable and Available Wireless (RAW) Use Cases,2023,/api/v1/doc/document/draft-bernardos-raw-use-cases/,/api/v1/doc/document/draft-bernardos-spawn-use-cases/,draft-bernardos-raw-use-cases,draft-bernardos-spawn-use-cases,0.8571428571428571,0.8571428571428571,0.5,1.0,0.7999999999999999,True
9452,Network Service Header (NSH) Encapsulation for In Situ OAM (IOAM) Data,2023,/api/v1/doc/document/draft-ietf-sfc-ioam-nsh/,/api/v1/doc/document/draft-brockners-sfc-ioam-nsh/,draft-ietf-sfc-ioam-nsh,draft-brockners-sfc-ioam-nsh,0.7307692307692307,0.8,0.6666666666666666,1.0,0.7621794871794871,True
9455,Avoiding Route Origin Authorizations (ROAs) Containing Multiple IP Prefixes,2023,/api/v1/doc/document/draft-ietf-sidrops-roa-considerations/,/api/v1/doc/document/draft-yan-sidrops-roa-considerations/,draft-ietf-sidrops-roa-considerations,draft-yan-sidrops-roa-considerations,0.4864864864864865,0.8181818181818182,0.6666666666666666,1.0,0.6567977067977068,True
9436,PIM Message Type Space Extension and Reserved Bits,2023,/api/v1/doc/document/draft-ietf-pim-rfc8736bis/,/api/v1/doc/document/draft-venaas-pim-rfc8736bis/,draft-ietf-pim-rfc8736bis,draft-venaas-pim-rfc8736bis,1.0,0.8333333333333334,1.0,1.0,0.9583333333333334,True
9436,PIM Message Type Space Extension and Reserved Bits,2023,/api/v1/doc/document/draft-venaas-pim-rfc8736bis/,/api/v1/doc/document/draft-venaas-rfc8736bis/,draft-venaas-pim-rfc8736bis,draft-venaas-rfc8736bis,1.0,0.8333333333333334,1.0,1.0,0.9583333333333334,True
9468,Unsolicited Bidirectional Forwarding Detection (BFD) for Sessionless Applications,2023,/api/v1/doc/document/draft-ietf-bfd-unsolicited/,/api/v1/doc/document/draft-chen-bfd-unsolicited/,draft-ietf-bfd-unsolicited,draft-chen-bfd-unsolicited,0.7154471544715447,0.8461538461538461,0.5714285714285714,1.0,0.7477753953363709,True
9449,OAuth 2.0 Demonstrating Proof of Possession (DPoP),2023,/api/v1/doc/document/draft-ietf-oauth-dpop/,/api/v1/doc/document/draft-fett-oauth-dpop/,draft-ietf-oauth-dpop,draft-fett-oauth-dpop,0.7580645161290323,0.5714285714285714,0.5,1.0,0.6839861751152073,True
9470,OAuth 2.0 Step Up Authentication Challenge Protocol,2023,/api/v1/doc/document/draft-ietf-oauth-step-up-authn-challenge/,/api/v1/doc/document/draft-bertocci-oauth-step-up-authn-challenge/,draft-ietf-oauth-step-up-authn-challenge,draft-bertocci-oauth-step-up-authn-challenge,1.0,0.8846153846153846,1.0,1.0,0.9711538461538461,True
9448,TNAuthList Profile of Automated Certificate Management Environment (ACME) Authority Token,2023,/api/v1/doc/document/draft-ietf-acme-authority-token-tnauthlist/,/api/v1/doc/document/draft-wendt-acme-authority-token-tnauthlist/,draft-ietf-acme-authority-token-tnauthlist,draft-wendt-acme-authority-token-tnauthlist,0.6511627906976745,0.9122807017543859,0.75,1.0,0.7710934312525499,True
9473,A Vocabulary of Path Properties,2023,/api/v1/doc/document/draft-irtf-panrg-path-properties/,/api/v1/doc/document/draft-enghardt-panrg-path-properties/,draft-irtf-panrg-path-properties,draft-enghardt-panrg-path-properties,1.0,0.8333333333333334,1.0,1.0,0.9583333333333334,True
9459,CBOR Object Signing and Encryption (COSE): AES-CTR and AES-CBC,2023,/api/v1/doc/document/draft-ietf-cose-aes-ctr-and-cbc/,/api/v1/doc/document/draft-housley-cose-aes-ctr-and-cbc/,draft-ietf-cose-aes-ctr-and-cbc,draft-housley-cose-aes-ctr-and-cbc,1.0,0.8571428571428571,1.0,1.0,0.9642857142857143,True
9476,The .alt Special-Use Top-Level Domain,2023,/api/v1/doc/document/draft-ietf-dnsop-alt-tld/,/api/v1/doc/document/draft-wkumari-dnsop-alt-tld/,draft-ietf-dnsop-alt-tld,draft-wkumari-dnsop-alt-tld,1.0,0.7,1.0,1.0,0.9249999999999999,True
9469,Applicability of Ethernet Virtual Private Network (EVPN) to Network Virtualization over Layer 3 (NVO3) Networks,2023,/api/v1/doc/document/draft-ietf-nvo3-evpn-applicability/,/api/v1/doc/document/draft-rabadan-nvo3-evpn-applicability/,draft-ietf-nvo3-evpn-applicability,draft-rabadan-nvo3-evpn-applicability,0.5241379310344828,0.8780487804878049,0.6666666666666666,1.0,0.6887075974208018,True
9465,PIM Null-Register Packing,2023,/api/v1/doc/document/draft-ietf-pim-null-register-packing/,/api/v1/doc/document/draft-ramki-pim-null-register-packing/,draft-ietf-pim-null-register-packing,draft-ramki-pim-null-register-packing,1.0,0.9130434782608695,1.0,1.0,0.9782608695652174,True
9486,"IPv6 Options for In Situ Operations, Administration, and Maintenance (IOAM)",2023,/api/v1/doc/document/draft-ietf-ippm-ioam-ipv6-options/,/api/v1/doc/document/draft-ioametal-ippm-6man-ioam-ipv6-options/,draft-ietf-ippm-ioam-ipv6-options,draft-ioametal-ippm-6man-ioam-ipv6-options,0.25263157894736843,0.7727272727272727,0.6,1.0,0.5268660287081339,True
9471,DNS Glue Requirements in Referral Responses,2023,/api/v1/doc/document/draft-ietf-dnsop-glue-is-not-optional/,/api/v1/doc/document/draft-andrews-dnsop-glue-is-not-optional/,draft-ietf-dnsop-glue-is-not-optional,draft-andrews-dnsop-glue-is-not-optional,0.5842696629213483,0.8695652173913043,0.75,1.0,0.7303126526624328,True
9382,"SPAKE2, a Password-Authenticated Key Exchange",2023,/api/v1/doc/document/draft-irtf-cfrg-spake2/,/api/v1/doc/document/draft-ladd-spake2/,draft-irtf-cfrg-spake2,draft-ladd-spake2,0.45614035087719296,1.0,1.0,1.0,0.7552631578947367,True
9472,A YANG Data Model for Reporting Software Bills of Materials (SBOMs) and Vulnerability Information,2023,/api/v1/doc/document/draft-ietf-opsawg-sbom-access/,/api/v1/doc/document/draft-lear-opsawg-sbom-access/,draft-ietf-opsawg-sbom-access,draft-lear-opsawg-sbom-access,0.5,0.7586206896551724,0.6666666666666666,1.0,0.6479885057471264,True
9472,A YANG Data Model for Reporting Software Bills of Materials (SBOMs) and Vulnerability Information,2023,/api/v1/doc/document/draft-lear-opsawg-sbom-access/,/api/v1/doc/document/draft-lear-opsawg-mud-sbom/,draft-lear-opsawg-sbom-access,draft-lear-opsawg-mud-sbom,0.32,0.6666666666666666,0.5,1.0,0.5106666666666666,True
9479,IS-IS Application-Specific Link Attributes,2023,/api/v1/doc/document/draft-ietf-lsr-rfc8919bis/,/api/v1/doc/document/draft-ginsberg-lsr-rfc8919bis/,draft-ietf-lsr-rfc8919bis,draft-ginsberg-lsr-rfc8919bis,1.0,0.8333333333333334,1.0,1.0,0.9583333333333334,True
9492,OSPF Application-Specific Link Attributes,2023,/api/v1/doc/document/draft-ietf-lsr-rfc8920bis/,/api/v1/doc/document/draft-ppsenak-lsr-rfc8920bis/,draft-ietf-lsr-rfc8920bis,draft-ppsenak-lsr-rfc8920bis,1.0,0.8333333333333334,1.0,1.0,0.9583333333333334,True
9474,RSA Blind Signatures,2023,/api/v1/doc/document/draft-irtf-cfrg-rsa-blind-signatures/,/api/v1/doc/document/draft-wood-cfrg-rsa-blind-signatures/,draft-irtf-cfrg-rsa-blind-signatures,draft-wood-cfrg-rsa-blind-signatures,1.0,0.8888888888888888,1.0,1.0,0.9722222222222222,True
9485,I-Regexp: An Interoperable Regular Expression Format,2023,/api/v1/doc/document/draft-ietf-jsonpath-iregexp/,/api/v1/doc/document/draft-bormann-jsonpath-iregexp/,draft-ietf-jsonpath-iregexp,draft-bormann-jsonpath-iregexp,0.8666666666666667,0.6086956521739131,0.6,1.0,0.7621739130434783,True
9495,Certification Authority Authorization (CAA) Processing for Email Addresses,2023,/api/v1/doc/document/draft-ietf-lamps-caa-issuemail/,/api/v1/doc/document/draft-bonnell-caa-issuemail/,draft-ietf-lamps-caa-issuemail,draft-bonnell-caa-issuemail,1.0,1.0,1.0,1.0,0.9999999999999999,True
9466,PIM Assert Message Packing,2023,/api/v1/doc/document/draft-ietf-pim-assert-packing/,/api/v1/doc/document/draft-liu-pim-assert-packing/,draft-ietf-pim-assert-packing,draft-liu-pim-assert-packing,1.0,0.875,1.0,1.0,0.9687499999999999,True
9488,Local Protection Enforcement in the Path Computation Element Communication Protocol (PCEP),2023,/api/v1/doc/document/draft-ietf-pce-local-protection-enforcement/,/api/v1/doc/document/draft-stone-pce-local-protection-enforcement/,draft-ietf-pce-local-protection-enforcement,draft-stone-pce-local-protection-enforcement,0.5806451612903226,0.9333333333333333,0.75,1.0,0.7446236559139785,True
9488,Local Protection Enforcement in the Path Computation Element Communication Protocol (PCEP),2023,/api/v1/doc/document/draft-stone-pce-local-protection-enforcement/,/api/v1/doc/document/draft-stone-pce-path-protection-enforcement/,draft-stone-pce-local-protection-enforcement,draft-stone-pce-path-protection-enforcement,0.9014084507042254,0.8888888888888888,0.6,1.0,0.8478560250391236,True
9484,Proxying IP in HTTP,2023,/api/v1/doc/document/draft-ietf-masque-connect-ip/,/api/v1/doc/document/draft-age-masque-connect-ip/,draft-ietf-masque-connect-ip,draft-age-masque-connect-ip,0.6808510638297872,0.7407407407407407,0.6666666666666666,1.0,0.7249014972419228,True
9484,Proxying IP in HTTP,2023,/api/v1/doc/document/draft-age-masque-connect-ip/,/api/v1/doc/document/draft-kuehlewind-masque-connect-ip/,draft-age-masque-connect-ip,draft-kuehlewind-masque-connect-ip,0.38461538461538464,1.0,1.0,1.0,0.7230769230769231,True
9484,Proxying IP in HTTP,2023,/api/v1/doc/document/draft-age-masque-connect-ip/,/api/v1/doc/document/draft-cms-masque-connect-ip/,draft-age-masque-connect-ip,draft-cms-masque-connect-ip,0.25925925925925924,1.0,1.0,1.0,0.6666666666666666,False
9484,Proxying IP in HTTP,2023,/api/v1/doc/document/draft-age-masque-connect-ip/,/api/v1/doc/document/draft-cms-masque-connect-ip-ext-routes/,draft-age-masque-connect-ip,draft-cms-masque-connect-ip-ext-routes,0.39344262295081966,0.7555555555555555,0.5,1.0,0.5659380692167577,False
9484,Proxying IP in HTTP,2023,/api/v1/doc/document/draft-age-masque-connect-ip/,/api/v1/doc/document/draft-tbd-masque-connect-ip-ext-flow/,draft-age-masque-connect-ip,draft-tbd-masque-connect-ip-ext-flow,0.2972972972972973,0.7906976744186046,0.5,1.0,0.5314582023884349,False
9506,Explicit Host-to-Network Flow Measurements Techniques,2023,/api/v1/doc/document/draft-ietf-ippm-explicit-flow-measurements/,/api/v1/doc/document/draft-mdt-ippm-explicit-flow-measurements/,draft-ietf-ippm-explicit-flow-measurements,draft-mdt-ippm-explicit-flow-measurements,0.8222222222222222,0.9122807017543859,0.75,1.0,0.8480701754385964,True
9506,Explicit Host-to-Network Flow Measurements Techniques,2023,/api/v1/doc/document/draft-mdt-ippm-explicit-flow-measurements/,/api/v1/doc/document/draft-cfb-ippm-spinbit-measurements/,draft-mdt-ippm-explicit-flow-measurements,draft-cfb-ippm-spinbit-measurements,0.5714285714285714,0.7857142857142857,0.4,1.0,0.6335714285714286,True
9506,Explicit Host-to-Network Flow Measurements Techniques,2023,/api/v1/doc/document/draft-mdt-ippm-explicit-flow-measurements/,/api/v1/doc/document/draft-ferrieuxhamchaoui-tsvwg-lossbits/,draft-mdt-ippm-explicit-flow-measurements,draft-ferrieuxhamchaoui-tsvwg-lossbits,0.3170731707317073,0.2222222222222222,0.0,1.0,0.29823848238482387,False
9506,Explicit Host-to-Network Flow Measurements Techniques,2023,/api/v1/doc/document/draft-cfb-ippm-spinbit-measurements/,/api/v1/doc/document/draft-cfb-tsvwg-spinbit-new-measurements/,draft-cfb-ippm-spinbit-measurements,draft-cfb-tsvwg-spinbit-new-measurements,0.4339622641509434,0.7636363636363637,0.4,1.0,0.5661921097770155,True
9506,Explicit Host-to-Network Flow Measurements Techniques,2023,/api/v1/doc/document/draft-cfb-tsvwg-spinbit-new-measurements/,/api/v1/doc/document/draft-cfb-ippm-spinbit-new-measurements/,draft-cfb-tsvwg-spinbit-new-measurements,draft-cfb-ippm-spinbit-new-measurements,1.0,0.847457627118644,1.0,1.0,0.961864406779661,True
9503,Simple Two-Way Active Measurement Protocol (STAMP) Extensions for Segment Routing Networks,2023,/api/v1/doc/document/draft-ietf-ippm-stamp-srpm/,/api/v1/doc/document/draft-gandhi-ippm-stamp-srpm/,draft-ietf-ippm-stamp-srpm,draft-gandhi-ippm-stamp-srpm,0.7945205479452054,0.8,0.6666666666666666,1.0,0.7908675799086757,True
9503,Simple Two-Way Active Measurement Protocol (STAMP) Extensions for Segment Routing Networks,2023,/api/v1/doc/document/draft-gandhi-ippm-stamp-srpm/,/api/v1/doc/document/draft-gandhi-ippm-twamp-srpm/,draft-gandhi-ippm-stamp-srpm,draft-gandhi-ippm-twamp-srpm,0.8623853211009175,0.9333333333333333,0.625,1.0,0.8464067278287463,True
9480,Certificate Management Protocol (CMP) Updates,2023,/api/v1/doc/document/draft-ietf-lamps-cmp-updates/,/api/v1/doc/document/draft-brockhaus-lamps-cmp-updates/,draft-ietf-lamps-cmp-updates,draft-brockhaus-lamps-cmp-updates,0.4074074074074074,0.7857142857142857,0.6666666666666666,1.0,0.613095238095238,True
9482,Constrained Application Protocol (CoAP) Transfer for the Certificate Management Protocol,2023,/api/v1/doc/document/draft-ietf-ace-cmpv2-coap-transport/,/api/v1/doc/document/draft-msahni-ace-cmpv2-coap-transport/,draft-ietf-ace-cmpv2-coap-transport,draft-msahni-ace-cmpv2-coap-transport,0.34545454545454546,0.9090909090909091,0.75,1.0,0.6327272727272727,True
9482,Constrained Application Protocol (CoAP) Transfer for the Certificate Management Protocol,2023,/api/v1/doc/document/draft-msahni-ace-cmpv2-coap-transport/,/api/v1/doc/document/draft-msahni-tbd-cmpv2-coap-transport/,draft-msahni-ace-cmpv2-coap-transport,draft-msahni-tbd-cmpv2-coap-transport,1.0,0.875,1.0,1.0,0.9687499999999999,True
9483,Lightweight Certificate Management Protocol (CMP) Profile,2023,/api/v1/doc/document/draft-ietf-lamps-lightweight-cmp-profile/,/api/v1/doc/document/draft-brockhaus-lamps-lightweight-cmp-profile/,draft-ietf-lamps-lightweight-cmp-profile,draft-brockhaus-lamps-lightweight-cmp-profile,0.5897435897435898,0.8846153846153846,0.75,1.0,0.7365384615384615,True
9483,Lightweight Certificate Management Protocol (CMP) Profile,2023,/api/v1/doc/document/draft-brockhaus-lamps-lightweight-cmp-profile/,/api/v1/doc/document/draft-brockhaus-lamps-industrial-cmp-profile/,draft-brockhaus-lamps-lightweight-cmp-profile,draft-brockhaus-lamps-industrial-cmp-profile,0.8070175438596491,0.6666666666666666,0.75,1.0,0.7798245614035088,True
9460,Service Binding and Parameter Specification via the DNS (SVCB and HTTPS Resource Records),2023,/api/v1/doc/document/draft-ietf-dnsop-svcb-https/,/api/v1/doc/document/draft-ietf-dnsop-svcb-httpssvc/,draft-ietf-dnsop-svcb-https,draft-ietf-dnsop-svcb-httpssvc,0.8780487804878049,0.8695652173913043,0.6,1.0,0.8325132555673382,True
9460,Service Binding and Parameter Specification via the DNS (SVCB and HTTPS Resource Records),2023,/api/v1/doc/document/draft-ietf-dnsop-svcb-httpssvc/,/api/v1/doc/document/draft-nygren-dnsop-svcb-httpssvc/,draft-ietf-dnsop-svcb-httpssvc,draft-nygren-dnsop-svcb-httpssvc,1.0,0.8125,1.0,1.0,0.9531249999999999,True
9460,Service Binding and Parameter Specification via the DNS (SVCB and HTTPS Resource Records),2023,/api/v1/doc/document/draft-nygren-dnsop-svcb-httpssvc/,/api/v1/doc/document/draft-nygren-httpbis-httpssvc/,draft-nygren-dnsop-svcb-httpssvc,draft-nygren-httpbis-httpssvc,0.8129032258064516,0.5714285714285714,0.625,1.0,0.733663594470046,True
9460,Service Binding and Parameter Specification via the DNS (SVCB and HTTPS Resource Records),2023,/api/v1/doc/document/draft-nygren-dnsop-svcb-httpssvc/,/api/v1/doc/document/draft-schwartz-httpbis-dns-alt-svc/,draft-nygren-dnsop-svcb-httpssvc,draft-schwartz-httpbis-dns-alt-svc,0.36231884057971014,0.3684210526315789,0.15384615384615385,1.0,0.38591797218799506,False
9461,Service Binding Mapping for DNS Servers,2023,/api/v1/doc/document/draft-ietf-add-svcb-dns/,/api/v1/doc/document/draft-schwartz-svcb-dns/,draft-ietf-add-svcb-dns,draft-schwartz-svcb-dns,1.0,1.0,1.0,1.0,0.9999999999999999,True
9462,Discovery of Designated Resolvers,2023,/api/v1/doc/document/draft-ietf-add-ddr/,/api/v1/doc/document/draft-pauly-add-deer/,draft-ietf-add-ddr,draft-pauly-add-deer,0.7631578947368421,0.5454545454545454,0.4,1.0,0.6597846889952154,True
9463,DHCP and Router Advertisement Options for the Discovery of Network-designated Resolvers (DNR),2023,/api/v1/doc/document/draft-ietf-add-dnr/,/api/v1/doc/document/draft-btw-add-home/,draft-ietf-add-dnr,draft-btw-add-home,0.6923076923076923,0.18181818181818182,0.45454545454545453,1.0,0.5479020979020979,True
9464,Internet Key Exchange Protocol Version 2 (IKEv2) Configuration for Encrypted DNS,2023,/api/v1/doc/document/draft-ietf-ipsecme-add-ike/,/api/v1/doc/document/draft-btw-add-ipsecme-ike/,draft-ietf-ipsecme-add-ike,draft-btw-add-ipsecme-ike,1.0,0.6363636363636364,1.0,1.0,0.9090909090909091,True
9491,Integration of the Network Service Header (NSH) and Segment Routing for Service Function Chaining (SFC),2023,/api/v1/doc/document/draft-ietf-spring-nsh-sr/,/api/v1/doc/document/draft-guichard-spring-nsh-sr/,draft-ietf-spring-nsh-sr,draft-guichard-spring-nsh-sr,0.6785714285714286,0.631578947368421,0.8,1.0,0.7232518796992481,True
9491,Integration of the Network Service Header (NSH) and Segment Routing for Service Function Chaining (SFC),2023,/api/v1/doc/document/draft-guichard-spring-nsh-sr/,/api/v1/doc/document/draft-guichard-sfc-nsh-sr/,draft-guichard-spring-nsh-sr,draft-guichard-sfc-nsh-sr,1.0,0.6956521739130435,1.0,1.0,0.9239130434782609,True
9456,Updates to the TLS Transport Model for SNMP,2023,/api/v1/doc/document/draft-ietf-opsawg-tlstm-update/,/api/v1/doc/document/draft-vaughn-tlstm-update/,draft-ietf-opsawg-tlstm-update,draft-vaughn-tlstm-update,0.41975308641975306,1.0,1.0,1.0,0.7388888888888888,True
9487,Export of Segment Routing over IPv6 Information in IP Flow Information Export (IPFIX),2023,/api/v1/doc/document/draft-ietf-opsawg-ipfix-srv6-srh/,/api/v1/doc/document/draft-tgraf-opsawg-ipfix-srv6-srh/,draft-ietf-opsawg-ipfix-srv6-srh,draft-tgraf-opsawg-ipfix-srv6-srh,0.968944099378882,0.8,0.875,1.0,0.9110248447204969,True
9525,Service Identity in TLS,2023,/api/v1/doc/document/draft-ietf-uta-rfc6125bis/,/api/v1/doc/document/draft-ietf-uta-use-san/,draft-ietf-uta-rfc6125bis,draft-ietf-uta-use-san,0.4090909090909091,0.11764705882352941,0.1111111111111111,1.0,0.3357248960190137,True
9525,Service Identity in TLS,2023,/api/v1/doc/document/draft-ietf-uta-use-san/,/api/v1/doc/document/draft-rsalz-use-san/,draft-ietf-uta-use-san,draft-rsalz-use-san,1.0,1.0,1.0,1.0,0.9999999999999999,True
9489,Label Switched Path (LSP) Ping Mechanisms for EVPN and Provider Backbone Bridging EVPN (PBB-EVPN),2023,/api/v1/doc/document/draft-ietf-bess-evpn-lsp-ping/,/api/v1/doc/document/draft-jain-bess-evpn-lsp-ping/,draft-ietf-bess-evpn-lsp-ping,draft-jain-bess-evpn-lsp-ping,0.6119402985074627,0.8387096774193549,0.75,1.0,0.7350505536831969,True
9403,A YANG Data Model for RIB Extensions,2023,/api/v1/doc/document/draft-ietf-rtgwg-yang-rib-extend/,/api/v1/doc/document/draft-acee-rtgwg-yang-rib-extend/,draft-ietf-rtgwg-yang-rib-extend,draft-acee-rtgwg-yang-rib-extend,0.5818181818181818,0.8333333333333334,0.8,1.0,0.7301515151515152,True
9516,"Active Operations, Administration, and Maintenance (OAM) for Service Function Chaining (SFC)",2023,/api/v1/doc/document/draft-ietf-sfc-multi-layer-oam/,/api/v1/doc/document/draft-wang-sfc-multi-layer-oam/,draft-ietf-sfc-multi-layer-oam,draft-wang-sfc-multi-layer-oam,0.6029411764705882,0.8823529411764706,0.75,1.0,0.7419117647058823,True
9516,"Active Operations, Administration, and Maintenance (OAM) for Service Function Chaining (SFC)",2023,/api/v1/doc/document/draft-ietf-sfc-multi-layer-oam/,/api/v1/doc/document/draft-ao-sfc-oam-return-path-specified/,draft-ietf-sfc-multi-layer-oam,draft-ao-sfc-oam-return-path-specified,0.5314685314685315,0.18181818181818182,0.3076923076923077,1.0,0.4461538461538461,False
9516,"Active Operations, Administration, and Maintenance (OAM) for Service Function Chaining (SFC)",2023,/api/v1/doc/document/draft-ietf-sfc-multi-layer-oam/,/api/v1/doc/document/draft-ao-sfc-oam-path-consistency/,draft-ietf-sfc-multi-layer-oam,draft-ao-sfc-oam-path-consistency,0.24561403508771928,0.20512820512820512,0.18181818181818182,1.0,0.29817200343516137,False
9505,A Survey of Worldwide Censorship Techniques,2023,/api/v1/doc/document/draft-irtf-pearg-censorship/,/api/v1/doc/document/draft-hall-censorship-tech/,draft-irtf-pearg-censorship,draft-hall-censorship-tech,1.0,0.8,1.0,1.0,0.9500000000000001,True
9502,IGP Flexible Algorithm in IP Networks,2023,/api/v1/doc/document/draft-ietf-lsr-ip-flexalgo/,/api/v1/doc/document/draft-bonica-lsr-ip-flexalgo/,draft-ietf-lsr-ip-flexalgo,draft-bonica-lsr-ip-flexalgo,0.8222222222222222,0.8461538461538461,0.6666666666666666,1.0,0.8148717948717948,True
9511,Attribution of Internet Probes,2023,/api/v1/doc/document/draft-ietf-opsec-probe-attribution/,/api/v1/doc/document/draft-vyncke-opsec-probe-attribution/,draft-ietf-opsec-probe-attribution,draft-vyncke-opsec-probe-attribution,1.0,0.85,1.0,1.0,0.9625,True
9494,Long-Lived Graceful Restart for BGP,2023,/api/v1/doc/document/draft-ietf-idr-long-lived-gr/,/api/v1/doc/document/draft-uttaro-idr-bgp-persistence/,draft-ietf-idr-long-lived-gr,draft-uttaro-idr-bgp-persistence,0.6923076923076923,0.125,0.8333333333333334,1.0,0.6094551282051283,True
9513,OSPFv3 Extensions for Segment Routing over IPv6 (SRv6),2023,/api/v1/doc/document/draft-ietf-lsr-ospfv3-srv6-extensions/,/api/v1/doc/document/draft-li-lsr-ospfv3-srv6-extensions/,draft-ietf-lsr-ospfv3-srv6-extensions,draft-li-lsr-ospfv3-srv6-extensions,0.6666666666666666,0.9166666666666666,0.75,1.0,0.7791666666666667,True
9513,OSPFv3 Extensions for Segment Routing over IPv6 (SRv6),2023,/api/v1/doc/document/draft-li-lsr-ospfv3-srv6-extensions/,/api/v1/doc/document/draft-li-ospf-ospfv3-srv6-extensions/,draft-li-lsr-ospfv3-srv6-extensions,draft-li-ospf-ospfv3-srv6-extensions,1.0,0.9056603773584906,1.0,1.0,0.9764150943396227,True
9514,Border Gateway Protocol - Link State (BGP-LS) Extensions for Segment Routing over IPv6 (SRv6),2023,/api/v1/doc/document/draft-ietf-idr-bgpls-srv6-ext/,/api/v1/doc/document/draft-dawra-idr-bgpls-srv6-ext/,draft-ietf-idr-bgpls-srv6-ext,draft-dawra-idr-bgpls-srv6-ext,0.5619834710743802,0.875,0.75,1.0,0.7216425619834711,True
9493,Subject Identifiers for Security Event Tokens,2023,/api/v1/doc/document/draft-ietf-secevent-subject-identifiers/,/api/v1/doc/document/draft-backman-secevent-subject-identifiers/,draft-ietf-secevent-subject-identifiers,draft-backman-secevent-subject-identifiers,1.0,0.8085106382978723,1.0,1.0,0.952127659574468,True
9504,Path Computation Element Communication Protocol (PCEP) Extensions for Stateful PCE Usage in GMPLS-Controlled Networks,2023,/api/v1/doc/document/draft-ietf-pce-pcep-stateful-pce-gmpls/,/api/v1/doc/document/draft-zhang-pce-pcep-stateful-pce-gmpls/,draft-ietf-pce-pcep-stateful-pce-gmpls,draft-zhang-pce-pcep-stateful-pce-gmpls,0.9116279069767442,0.92,1.0,1.0,0.9402325581395349,True
9504,Path Computation Element Communication Protocol (PCEP) Extensions for Stateful PCE Usage in GMPLS-Controlled Networks,2023,/api/v1/doc/document/draft-ietf-pce-pcep-stateful-pce-gmpls/,/api/v1/doc/document/draft-ietf-pce-remote-initiated-gmpls-lsp/,draft-ietf-pce-pcep-stateful-pce-gmpls,draft-ietf-pce-remote-initiated-gmpls-lsp,0.7813953488372093,0.4897959183673469,0.4375,-0.5,0.5115768865685809,False
9515,Revision to Registration Procedures for Multiple BMP Registries,2023,/api/v1/doc/document/draft-ietf-grow-bmp-registries-change/,/api/v1/doc/document/draft-scudder-grow-bmp-registries-change/,draft-ietf-grow-bmp-registries-change,draft-scudder-grow-bmp-registries-change,1.0,0.8936170212765957,1.0,1.0,0.973404255319149,True
9501,Open Participation Principle regarding Remote Registration Fee,2023,/api/v1/doc/document/draft-ietf-shmoo-remote-fee/,/api/v1/doc/document/draft-kuehlewind-shmoo-remote-fee/,draft-ietf-shmoo-remote-fee,draft-kuehlewind-shmoo-remote-fee,1.0,0.7692307692307693,1.0,1.0,0.9423076923076924,True
9475,Messaging Use Cases and Extensions for Secure Telephone Identity Revisited (STIR),2023,/api/v1/doc/document/draft-ietf-stir-messaging/,/api/v1/doc/document/draft-peterson-stir-messaging/,draft-ietf-stir-messaging,draft-peterson-stir-messaging,1.0,0.782608695652174,1.0,1.0,0.9456521739130436,True
9496,The ristretto255 and decaf448 Groups,2023,/api/v1/doc/document/draft-irtf-cfrg-ristretto255-decaf448/,/api/v1/doc/document/draft-irtf-cfrg-ristretto255/,draft-irtf-cfrg-ristretto255-decaf448,draft-irtf-cfrg-ristretto255,0.7586206896551724,0.7272727272727273,0.5,1.0,0.7231974921630093,True
9496,The ristretto255 and decaf448 Groups,2023,/api/v1/doc/document/draft-irtf-cfrg-ristretto255/,/api/v1/doc/document/draft-hdevalence-cfrg-ristretto/,draft-irtf-cfrg-ristretto255,draft-hdevalence-cfrg-ristretto,1.0,0.6923076923076923,1.0,1.0,0.923076923076923,True
9497,Oblivious Pseudorandom Functions (OPRFs) Using Prime-Order Groups,2023,/api/v1/doc/document/draft-irtf-cfrg-voprf/,/api/v1/doc/document/draft-sullivan-cfrg-voprf/,draft-irtf-cfrg-voprf,draft-sullivan-cfrg-voprf,1.0,0.6666666666666666,1.0,1.0,0.9166666666666666,True
9520,Negative Caching of DNS Resolution Failures,2023,/api/v1/doc/document/draft-ietf-dnsop-caching-resolution-failures/,/api/v1/doc/document/draft-dwmtwc-dnsop-caching-resolution-failures/,draft-ietf-dnsop-caching-resolution-failures,draft-dwmtwc-dnsop-caching-resolution-failures,1.0,0.9,1.0,1.0,0.975,True
9552,Distribution of Link-State and Traffic Engineering Information Using BGP,2023,/api/v1/doc/document/draft-ietf-idr-rfc7752bis/,/api/v1/doc/document/draft-ketant-idr-rfc7752bis/,draft-ietf-idr-rfc7752bis,draft-ketant-idr-rfc7752bis,1.0,0.8333333333333334,1.0,1.0,0.9583333333333334,True
9458,Oblivious HTTP,2024,/api/v1/doc/document/draft-ietf-ohai-ohttp/,/api/v1/doc/document/draft-thomson-ohai-ohttp/,draft-ietf-ohai-ohttp,draft-thomson-ohai-ohttp,1.0,0.6666666666666666,1.0,1.0,0.9166666666666666,True
9521,Bidirectional Forwarding Detection (BFD) for  Generic Network Virtualization Encapsulation (Geneve),2024,/api/v1/doc/document/draft-ietf-nvo3-bfd-geneve/,/api/v1/doc/document/draft-xiao-nvo3-bfd-geneve/,draft-ietf-nvo3-bfd-geneve,draft-xiao-nvo3-bfd-geneve,1.0,0.8,1.0,1.0,0.9500000000000001,True
9521,Bidirectional Forwarding Detection (BFD) for  Generic Network Virtualization Encapsulation (Geneve),2024,/api/v1/doc/document/draft-xiao-nvo3-bfd-geneve/,/api/v1/doc/document/draft-xiao-bfd-geneve/,draft-xiao-nvo3-bfd-geneve,draft-xiao-bfd-geneve,1.0,0.8,1.0,1.0,0.9500000000000001,True
9467,Relaxed Packet Counter Verification for Babel MAC Authentication,2024,/api/v1/doc/document/draft-ietf-babel-mac-relaxed/,/api/v1/doc/document/draft-chroboczek-babel-mac-relaxed/,draft-ietf-babel-mac-relaxed,draft-chroboczek-babel-mac-relaxed,1.0,0.7857142857142857,1.0,1.0,0.9464285714285715,True
9522,Overview and Principles of Internet Traffic Engineering,2024,/api/v1/doc/document/draft-ietf-teas-rfc3272bis/,/api/v1/doc/document/draft-dt-teas-rfc3272bis/,draft-ietf-teas-rfc3272bis,draft-dt-teas-rfc3272bis,1.0,0.8,1.0,1.0,0.9500000000000001,True
9526,Simple Provisioning of Public Names for Residential Networks,2024,/api/v1/doc/document/draft-ietf-homenet-front-end-naming-delegation/,/api/v1/doc/document/draft-mglt-homenet-front-end-naming-delegation/,draft-ietf-homenet-front-end-naming-delegation,draft-mglt-homenet-front-end-naming-delegation,0.3185840707964602,0.8709677419354839,0.8,1.0,0.621104767342278,True
9527,DHCPv6 Options for the Homenet Naming Authority,2024,/api/v1/doc/document/draft-ietf-homenet-naming-architecture-dhc-options/,/api/v1/doc/document/draft-mglt-homenet-naming-architecture-dhc-options/,draft-ietf-homenet-naming-architecture-dhc-options,draft-mglt-homenet-naming-architecture-dhc-options,0.782608695652174,0.8857142857142857,0.8,1.0,0.8336024844720498,True
9532,HTTP Proxy-Status Parameter for Next-Hop Aliases,2024,/api/v1/doc/document/draft-ietf-httpbis-alias-proxy-status/,/api/v1/doc/document/draft-pauly-httpbis-alias-proxy-status/,draft-ietf-httpbis-alias-proxy-status,draft-pauly-httpbis-alias-proxy-status,1.0,0.8181818181818182,1.0,1.0,0.9545454545454545,True
9532,HTTP Proxy-Status Parameter for Next-Hop Aliases,2024,/api/v1/doc/document/draft-pauly-httpbis-alias-proxy-status/,/api/v1/doc/document/draft-pauly-masque-dns-proxy-status/,draft-pauly-httpbis-alias-proxy-status,draft-pauly-masque-dns-proxy-status,0.7368421052631579,0.6530612244897959,0.4444444444444444,1.0,0.6837331423797589,True
9533,One-Way and Two-Way Active Measurement Protocol Extensions for Performance Measurement on a Link Aggregation Group,2024,/api/v1/doc/document/draft-ietf-ippm-otwamp-on-lag/,/api/v1/doc/document/draft-li-ippm-otwamp-on-lag/,draft-ietf-ippm-otwamp-on-lag,draft-li-ippm-otwamp-on-lag,1.0,0.8387096774193549,1.0,1.0,0.9596774193548386,True
9534,Simple Two-Way Active Measurement Protocol Extensions for Performance Measurement on a Link Aggregation Group,2024,/api/v1/doc/document/draft-ietf-ippm-stamp-on-lag/,/api/v1/doc/document/draft-li-ippm-stamp-on-lag/,draft-ietf-ippm-stamp-on-lag,draft-li-ippm-stamp-on-lag,1.0,0.8275862068965517,1.0,1.0,0.956896551724138,True
9534,Simple Two-Way Active Measurement Protocol Extensions for Performance Measurement on a Link Aggregation Group,2024,/api/v1/doc/document/draft-li-ippm-stamp-on-lag/,/api/v1/doc/document/draft-li-ippm-pm-on-lag/,draft-li-ippm-stamp-on-lag,draft-li-ippm-pm-on-lag,0.5084745762711864,0.8387096774193549,0.6666666666666666,1.0,0.6718243120102059,True
9421,HTTP Message Signatures,2024,/api/v1/doc/document/draft-ietf-httpbis-message-signatures/,/api/v1/doc/document/draft-richanna-http-message-signatures/,draft-ietf-httpbis-message-signatures,draft-richanna-http-message-signatures,0.5909090909090909,0.8780487804878049,0.6666666666666666,1.0,0.7187546193643755,True
9421,HTTP Message Signatures,2024,/api/v1/doc/document/draft-ietf-httpbis-message-signatures/,/api/v1/doc/document/draft-cavage-http-signatures/,draft-ietf-httpbis-message-signatures,draft-cavage-http-signatures,0.5909090909090909,0.6666666666666666,0.3333333333333333,1.0,0.5992424242424242,False
9530,Digest Fields,2024,/api/v1/doc/document/draft-ietf-httpbis-digest-headers/,/api/v1/doc/document/draft-polli-resource-digests-http/,draft-ietf-httpbis-digest-headers,draft-polli-resource-digests-http,0.42105263157894735,0.45714285714285713,0.0,1.0,0.40375939849624065,True
9523,A Secure Selection and Filtering Mechanism for the Network Time Protocol with Khronos,2024,/api/v1/doc/document/draft-ietf-ntp-chronos/,/api/v1/doc/document/draft-schiff-ntp-chronos/,draft-ietf-ntp-chronos,draft-schiff-ntp-chronos,0.9101796407185628,0.7777777777777778,0.8571428571428571,1.0,0.8754538541963691,True
9540,Discovery of Oblivious Services via Service Binding Records,2024,/api/v1/doc/document/draft-ietf-ohai-svcb-config/,/api/v1/doc/document/draft-pauly-ohai-svcb-config/,draft-ietf-ohai-svcb-config,draft-pauly-ohai-svcb-config,1.0,0.8148148148148148,1.0,1.0,0.9537037037037036,True
9535,JSONPath: Query Expressions for JSON,2024,/api/v1/doc/document/draft-ietf-jsonpath-base/,/api/v1/doc/document/draft-normington-jsonpath/,draft-ietf-jsonpath-base,draft-normington-jsonpath,0.39436619718309857,0.16666666666666666,0.125,1.0,0.344131455399061,True
9535,JSONPath: Query Expressions for JSON,2024,/api/v1/doc/document/draft-normington-jsonpath/,/api/v1/doc/document/draft-goessner-dispatch-jsonpath/,draft-normington-jsonpath,draft-goessner-dispatch-jsonpath,0.3728813559322034,0.64,0.5,1.0,0.5277966101694915,True
9538,Content Delivery Network Interconnection (CDNI) Delegation Using the Automated Certificate Management Environment,2024,/api/v1/doc/document/draft-ietf-cdni-delegation-acme/,/api/v1/doc/document/draft-ietf-cdni-interfaces-https-delegation/,draft-ietf-cdni-delegation-acme,draft-ietf-cdni-interfaces-https-delegation,0.29411764705882354,0.47619047619047616,0.25,1.0,0.40140056022408965,True
9538,Content Delivery Network Interconnection (CDNI) Delegation Using the Automated Certificate Management Environment,2024,/api/v1/doc/document/draft-ietf-cdni-interfaces-https-delegation/,/api/v1/doc/document/draft-fieau-cdni-interfaces-https-delegation/,draft-ietf-cdni-interfaces-https-delegation,draft-fieau-cdni-interfaces-https-delegation,1.0,0.9152542372881356,1.0,1.0,0.9788135593220338,True
9524,Segment Routing Replication for Multipoint Service Delivery,2024,/api/v1/doc/document/draft-ietf-spring-sr-replication-segment/,/api/v1/doc/document/draft-voyer-spring-sr-replication-segment/,draft-ietf-spring-sr-replication-segment,draft-voyer-spring-sr-replication-segment,1.0,0.8627450980392157,1.0,1.0,0.9656862745098039,True
9524,Segment Routing Replication for Multipoint Service Delivery,2024,/api/v1/doc/document/draft-voyer-spring-sr-replication-segment/,/api/v1/doc/document/draft-voyer-spring-sr-p2mp-policy/,draft-voyer-spring-sr-replication-segment,draft-voyer-spring-sr-p2mp-policy,0.7647058823529411,0.56,0.375,1.0,0.6591176470588235,True
9545,Path Segment Identifier in MPLS-Based Segment Routing Networks,2024,/api/v1/doc/document/draft-ietf-spring-mpls-path-segment/,/api/v1/doc/document/draft-cheng-spring-mpls-path-segment/,draft-ietf-spring-mpls-path-segment,draft-cheng-spring-mpls-path-segment,0.9009009009009009,0.8292682926829268,0.8571428571428571,1.0,0.8841510500047086,True
9510,Alternative Delta Time Encoding for Content-Centric Networking (CCNx) Using Compact Floating-Point Arithmetic,2024,/api/v1/doc/document/draft-irtf-icnrg-ccnx-timetlv/,/api/v1/doc/document/draft-gundogan-icnrg-ccnx-timetlv/,draft-irtf-icnrg-ccnx-timetlv,draft-gundogan-icnrg-ccnx-timetlv,1.0,0.8,1.0,1.0,0.9500000000000001,True
9539,Unilateral Opportunistic Deployment of Encrypted Recursive-to-Authoritative DNS,2024,/api/v1/doc/document/draft-ietf-dprive-unilateral-probing/,/api/v1/doc/document/draft-dkgjsal-dprive-unilateral-probing/,draft-ietf-dprive-unilateral-probing,draft-dkgjsal-dprive-unilateral-probing,1.0,0.8372093023255814,1.0,1.0,0.9593023255813954,True
9539,Unilateral Opportunistic Deployment of Encrypted Recursive-to-Authoritative DNS,2024,/api/v1/doc/document/draft-ietf-dprive-unilateral-probing/,/api/v1/doc/document/draft-ietf-dprive-unauth-to-authoritative/,draft-ietf-dprive-unilateral-probing,draft-ietf-dprive-unauth-to-authoritative,0.425531914893617,0.2926829268292683,0.3333333333333333,1.0,0.43132676007611137,False
9546,"Operations, Administration, and Maintenance (OAM) for Deterministic Networking (DetNet) with the MPLS Data Plane",2024,/api/v1/doc/document/draft-ietf-detnet-mpls-oam/,/api/v1/doc/document/draft-mirsky-detnet-mpls-oam/,draft-ietf-detnet-mpls-oam,draft-mirsky-detnet-mpls-oam,1.0,0.6956521739130435,1.0,1.0,0.9239130434782609,True
9546,"Operations, Administration, and Maintenance (OAM) for Deterministic Networking (DetNet) with the MPLS Data Plane",2024,/api/v1/doc/document/draft-mirsky-detnet-mpls-oam/,/api/v1/doc/document/draft-mirsky-detnet-oam/,draft-mirsky-detnet-mpls-oam,draft-mirsky-detnet-oam,0.88268156424581,0.8,0.7,1.0,0.8372067039106146,True
9507,Information-Centric Networking (ICN) Traceroute Protocol Specification,2024,/api/v1/doc/document/draft-irtf-icnrg-icntraceroute/,/api/v1/doc/document/draft-mastorakis-icnrg-icntraceroute/,draft-irtf-icnrg-icntraceroute,draft-mastorakis-icnrg-icntraceroute,1.0,0.8125,1.0,1.0,0.9531249999999999,True
9508,Information-Centric Networking (ICN) Ping Protocol Specification,2024,/api/v1/doc/document/draft-irtf-icnrg-icnping/,/api/v1/doc/document/draft-mastorakis-icnrg-icnping/,draft-irtf-icnrg-icnping,draft-mastorakis-icnrg-icnping,1.0,0.7,1.0,1.0,0.9249999999999999,True
9531,Path Steering in Content-Centric Networking (CCNx) and Named Data Networking (NDN),2024,/api/v1/doc/document/draft-irtf-icnrg-pathsteering/,/api/v1/doc/document/draft-oran-icnrg-pathsteering/,draft-irtf-icnrg-pathsteering,draft-oran-icnrg-pathsteering,1.0,0.8,1.0,1.0,0.9500000000000001,True
9543,A Framework for Network Slices in Networks Built from IETF Technologies,2024,/api/v1/doc/document/draft-ietf-teas-ietf-network-slices/,/api/v1/doc/document/draft-ietf-teas-ietf-network-slice-framework/,draft-ietf-teas-ietf-network-slices,draft-ietf-teas-ietf-network-slice-framework,0.5384615384615384,0.7659574468085106,0.5,1.0,0.6337970540098199,True
9543,A Framework for Network Slices in Networks Built from IETF Technologies,2024,/api/v1/doc/document/draft-ietf-teas-ietf-network-slices/,/api/v1/doc/document/draft-ietf-teas-ietf-network-slice-definition/,draft-ietf-teas-ietf-network-slices,draft-ietf-teas-ietf-network-slice-definition,0.36538461538461536,0.75,0.4,1.0,0.5319230769230769,False
9543,A Framework for Network Slices in Networks Built from IETF Technologies,2024,/api/v1/doc/document/draft-ietf-teas-ietf-network-slice-framework/,/api/v1/doc/document/draft-nsdt-teas-ns-framework/,draft-ietf-teas-ietf-network-slice-framework,draft-nsdt-teas-ns-framework,1.0,0.6222222222222222,1.0,1.0,0.9055555555555556,True
9551,"Framework of Operations, Administration, and Maintenance (OAM) for Deterministic Networking (DetNet)",2024,/api/v1/doc/document/draft-ietf-detnet-oam-framework/,/api/v1/doc/document/draft-tpmb-detnet-oam-framework/,draft-ietf-detnet-oam-framework,draft-tpmb-detnet-oam-framework,1.0,0.7878787878787878,1.0,1.0,0.9469696969696969,True
9551,"Framework of Operations, Administration, and Maintenance (OAM) for Deterministic Networking (DetNet)",2024,/api/v1/doc/document/draft-tpmb-detnet-oam-framework/,/api/v1/doc/document/draft-theoleyre-detnet-oam-support/,draft-tpmb-detnet-oam-framework,draft-theoleyre-detnet-oam-support,0.7044025157232704,0.6842105263157895,0.5555555555555556,1.0,0.6991448747655302,True
9565,An Update to the tcpControlBits IP Flow Information Export (IPFIX) Information Element,2024,/api/v1/doc/document/draft-ietf-opsawg-rfc7125-update/,/api/v1/doc/document/draft-boucadair-opsawg-rfc7125-update/,draft-ietf-opsawg-rfc7125-update,draft-boucadair-opsawg-rfc7125-update,1.0,0.8,1.0,1.0,0.9500000000000001,True
9549,Internationalization Updates to RFC 5280,2024,/api/v1/doc/document/draft-ietf-lamps-rfc8399bis/,/api/v1/doc/document/draft-housley-lamps-rfc8399bis/,draft-ietf-lamps-rfc8399bis,draft-housley-lamps-rfc8399bis,1.0,0.7692307692307693,1.0,1.0,0.9423076923076924,True
9509,X.509 Certificate Extended Key Usage (EKU) for 5G Network Functions,2024,/api/v1/doc/document/draft-ietf-lamps-nf-eku/,/api/v1/doc/document/draft-reddy-lamps-jose-eku/,draft-ietf-lamps-nf-eku,draft-reddy-lamps-jose-eku,0.7088607594936709,0.4,0.42857142857142855,1.0,0.6047016274864376,True
9528,Ephemeral Diffie-Hellman Over COSE (EDHOC),2024,/api/v1/doc/document/draft-ietf-lake-edhoc/,/api/v1/doc/document/draft-selander-lake-edhoc/,draft-ietf-lake-edhoc,draft-selander-lake-edhoc,1.0,0.6666666666666666,1.0,1.0,0.9166666666666666,True
9528,Ephemeral Diffie-Hellman Over COSE (EDHOC),2024,/api/v1/doc/document/draft-selander-lake-edhoc/,/api/v1/doc/document/draft-selander-ace-cose-ecdhe/,draft-selander-lake-edhoc,draft-selander-ace-cose-ecdhe,1.0,0.5,1.0,1.0,0.8749999999999999,True
9529,Traces of Ephemeral Diffie-Hellman Over COSE (EDHOC),2024,/api/v1/doc/document/draft-ietf-lake-traces/,/api/v1/doc/document/draft-selander-lake-traces/,draft-ietf-lake-traces,draft-selander-lake-traces,1.0,0.7058823529411765,1.0,1.0,0.926470588235294,True
9541,Flush Mechanism for Customer MAC Addresses Based on Service Instance Identifier (I-SID) in Provider Backbone Bridging EVPN (PBB-EVPN),2024,/api/v1/doc/document/draft-ietf-bess-pbb-evpn-isid-cmacflush/,/api/v1/doc/document/draft-snr-bess-pbb-evpn-isid-cmacflush/,draft-ietf-bess-pbb-evpn-isid-cmacflush,draft-snr-bess-pbb-evpn-isid-cmacflush,0.9836065573770492,0.9019607843137255,0.8,1.0,0.9281131468981035,True
9550,Deterministic Networking (DetNet): Packet Ordering Function,2024,/api/v1/doc/document/draft-ietf-detnet-pof/,/api/v1/doc/document/draft-varga-detnet-pof/,draft-ietf-detnet-pof,draft-varga-detnet-pof,1.0,0.46153846153846156,1.0,1.0,0.8653846153846153,True
9544,Precision Availability Metrics (PAMs) for Services Governed by Service Level Objectives (SLOs),2024,/api/v1/doc/document/draft-ietf-ippm-pam/,/api/v1/doc/document/draft-mhmcsfh-ippm-pam/,draft-ietf-ippm-pam,draft-mhmcsfh-ippm-pam,0.7236842105263158,0.5454545454545454,0.5,1.0,0.6620215311004785,True
9544,Precision Availability Metrics (PAMs) for Services Governed by Service Level Objectives (SLOs),2024,/api/v1/doc/document/draft-mhmcsfh-ippm-pam/,/api/v1/doc/document/draft-mirsky-ippm-epm/,draft-mhmcsfh-ippm-pam,draft-mirsky-ippm-epm,0.2903225806451613,0.875,0.3333333333333333,1.0,0.5160618279569892,True
9544,Precision Availability Metrics (PAMs) for Services Governed by Service Level Objectives (SLOs),2024,/api/v1/doc/document/draft-mhmcsfh-ippm-pam/,/api/v1/doc/document/draft-csfx-ippm-hipmetrics/,draft-mhmcsfh-ippm-pam,draft-csfx-ippm-hipmetrics,0.41237113402061853,0.6086956521739131,0.3333333333333333,1.0,0.5044075900194233,False
9499,DNS Terminology,2024,/api/v1/doc/document/draft-ietf-dnsop-rfc8499bis/,/api/v1/doc/document/draft-ietf-dnsop-terminology-ter/,draft-ietf-dnsop-rfc8499bis,draft-ietf-dnsop-terminology-ter,0.3793103448275862,0.16,0.5,1.0,0.41068965517241385,True
9499,DNS Terminology,2024,/api/v1/doc/document/draft-ietf-dnsop-terminology-ter/,/api/v1/doc/document/draft-hoffman-dns-terminology-ter/,draft-ietf-dnsop-terminology-ter,draft-hoffman-dns-terminology-ter,1.0,0.8823529411764706,1.0,1.0,0.9705882352941176,True
9537,Redacted Fields in the Registration Data Access Protocol (RDAP) Response,2024,/api/v1/doc/document/draft-ietf-regext-rdap-redacted/,/api/v1/doc/document/draft-gould-regext-rdap-redacted/,draft-ietf-regext-rdap-redacted,draft-gould-regext-rdap-redacted,1.0,0.7878787878787878,1.0,1.0,0.9469696969696969,True
9561,Using the Parallel NFS (pNFS) SCSI Layout to Access Non-Volatile Memory Express (NVMe) Storage Devices,2024,/api/v1/doc/document/draft-ietf-nfsv4-scsi-layout-nvme/,/api/v1/doc/document/draft-hellwig-nfsv4-scsi-layout-nvme/,draft-ietf-nfsv4-scsi-layout-nvme,draft-hellwig-nfsv4-scsi-layout-nvme,0.773109243697479,0.8421052631578947,0.75,1.0,0.8084254754533393,True
9536,Registration Data Access Protocol (RDAP) Reverse Search,2024,/api/v1/doc/document/draft-ietf-regext-rdap-reverse-search/,/api/v1/doc/document/draft-loffredo-regext-rdap-reverse-search/,draft-ietf-regext-rdap-reverse-search,draft-loffredo-regext-rdap-reverse-search,0.8907563025210085,0.8444444444444444,0.8571428571428571,1.0,0.8833800186741364,True
9558,Use of GOST 2012 Signature Algorithms in DNSKEY and RRSIG Resource Records for DNSSEC,2024,/api/v1/doc/document/draft-makarenko-gost2012-dnssec/,/api/v1/doc/document/draft-ietf-dnsop-rfc5933-bis/,draft-makarenko-gost2012-dnssec,draft-ietf-dnsop-rfc5933-bis,1.0,0.07692307692307693,1.0,1.0,0.7692307692307693,True
9558,Use of GOST 2012 Signature Algorithms in DNSKEY and RRSIG Resource Records for DNSSEC,2024,/api/v1/doc/document/draft-ietf-dnsop-rfc5933-bis/,/api/v1/doc/document/draft-belyavskiy-rfc5933-bis/,draft-ietf-dnsop-rfc5933-bis,draft-belyavskiy-rfc5933-bis,1.0,1.0,1.0,1.0,0.9999999999999999,True
9558,Use of GOST 2012 Signature Algorithms in DNSKEY and RRSIG Resource Records for DNSSEC,2024,/api/v1/doc/document/draft-ietf-dnsop-rfc5933-bis/,/api/v1/doc/document/draft-dnsop-rfc5933-bis/,draft-ietf-dnsop-rfc5933-bis,draft-dnsop-rfc5933-bis,1.0,1.0,1.0,1.0,0.9999999999999999,False
9556,Internet of Things (IoT) Edge Challenges and Functions,2024,/api/v1/doc/document/draft-irtf-t2trg-iot-edge/,/api/v1/doc/document/draft-hong-t2trg-iot-edge-computing/,draft-irtf-t2trg-iot-edge,draft-hong-t2trg-iot-edge-computing,1.0,0.5,1.0,1.0,0.8749999999999999,True
9542,IANA Considerations and IETF Protocol and Documentation Usage for IEEE 802 Parameters,2024,/api/v1/doc/document/draft-ietf-intarea-rfc7042bis/,/api/v1/doc/document/draft-eastlake-rfc7042bis/,draft-ietf-intarea-rfc7042bis,draft-eastlake-rfc7042bis,1.0,1.0,1.0,1.0,0.9999999999999999,True
9423,Constrained RESTful Environments (CoRE) Target Attributes Registry,2024,/api/v1/doc/document/draft-ietf-core-target-attr/,/api/v1/doc/document/draft-bormann-core-target-attr/,draft-ietf-core-target-attr,draft-bormann-core-target-attr,0.9836065573770492,0.8148148148148148,0.6666666666666666,1.0,0.8796599878567091,True
9557,Date and Time on the Internet: Timestamps with Additional Information,2024,/api/v1/doc/document/draft-ietf-sedate-datetime-extended/,/api/v1/doc/document/draft-ryzokuken-datetime-extended/,draft-ietf-sedate-datetime-extended,draft-ryzokuken-datetime-extended,1.0,1.0,1.0,1.0,0.9999999999999999,True
9566,"Deterministic Networking (DetNet) Packet Replication, Elimination, and Ordering Functions (PREOF) via MPLS over UDP/IP",2024,/api/v1/doc/document/draft-ietf-detnet-mpls-over-ip-preof/,/api/v1/doc/document/draft-varga-detnet-ip-preof/,draft-ietf-detnet-mpls-over-ip-preof,draft-varga-detnet-ip-preof,1.0,0.6060606060606061,1.0,1.0,0.9015151515151515,True
9560,Federated Authentication for the Registration Data Access Protocol (RDAP) Using OpenID Connect,2024,/api/v1/doc/document/draft-ietf-regext-rdap-openid/,/api/v1/doc/document/draft-hollenbeck-regext-rdap-openid/,draft-ietf-regext-rdap-openid,draft-hollenbeck-regext-rdap-openid,1.0,0.7586206896551724,1.0,1.0,0.939655172413793,True
9560,Federated Authentication for the Registration Data Access Protocol (RDAP) Using OpenID Connect,2024,/api/v1/doc/document/draft-hollenbeck-regext-rdap-openid/,/api/v1/doc/document/draft-hollenbeck-weirds-rdap-openid/,draft-hollenbeck-regext-rdap-openid,draft-hollenbeck-weirds-rdap-openid,1.0,0.7222222222222222,1.0,1.0,0.9305555555555555,True
9567,DNS Error Reporting,2024,/api/v1/doc/document/draft-ietf-dnsop-dns-error-reporting/,/api/v1/doc/document/draft-arends-dns-error-reporting/,draft-ietf-dnsop-dns-error-reporting,draft-arends-dns-error-reporting,1.0,1.0,1.0,1.0,0.9999999999999999,True
9568,Virtual Router Redundancy Protocol (VRRP) Version 3 for IPv4 and IPv6,2024,/api/v1/doc/document/draft-ietf-rtgwg-vrrp-rfc5798bis/,/api/v1/doc/document/draft-addogra-rtgwg-vrrp-rfc5798bis/,draft-ietf-rtgwg-vrrp-rfc5798bis,draft-addogra-rtgwg-vrrp-rfc5798bis,1.0,0.8333333333333334,1.0,1.0,0.9583333333333334,True
9553,JSContact: A JSON Representation of Contact Data,2024,/api/v1/doc/document/draft-ietf-calext-jscontact/,/api/v1/doc/document/draft-stepanek-jscontact/,draft-ietf-calext-jscontact,draft-stepanek-jscontact,1.0,1.0,1.0,1.0,0.9999999999999999,True
9553,JSContact: A JSON Representation of Contact Data,2024,/api/v1/doc/document/draft-ietf-calext-jscontact/,/api/v1/doc/document/draft-ietf-jmap-jscontact/,draft-ietf-calext-jscontact,draft-ietf-jmap-jscontact,1.0,1.0,1.0,-0.5,0.8499999999999999,False
9555,JSContact: Converting from and to vCard,2024,/api/v1/doc/document/draft-ietf-calext-jscontact-vcard/,/api/v1/doc/document/draft-ietf-jmap-jscontact-vcard/,draft-ietf-calext-jscontact-vcard,draft-ietf-jmap-jscontact-vcard,1.0,1.0,1.0,1.0,0.9999999999999999,True
9555,JSContact: Converting from and to vCard,2024,/api/v1/doc/document/draft-ietf-jmap-jscontact-vcard/,/api/v1/doc/document/draft-loffredo-jmap-jscontact-vcard/,draft-ietf-jmap-jscontact-vcard,draft-loffredo-jmap-jscontact-vcard,1.0,0.8571428571428571,1.0,1.0,0.9642857142857143,True
9562,Universally Unique IDentifiers (UUIDs),2024,/api/v1/doc/document/draft-ietf-uuidrev-rfc4122bis/,/api/v1/doc/document/draft-peabody-dispatch-new-uuid-format/,draft-ietf-uuidrev-rfc4122bis,draft-peabody-dispatch-new-uuid-format,0.27450980392156865,0.11764705882352941,0.16666666666666666,1.0,0.28627450980392155,False
9570,Deprecating the Use of Router Alert in LSP Ping,2024,/api/v1/doc/document/draft-ietf-mpls-lspping-norao/,/api/v1/doc/document/draft-kompella-mpls-lspping-norao/,draft-ietf-mpls-lspping-norao,draft-kompella-mpls-lspping-norao,1.0,0.8387096774193549,1.0,1.0,0.9596774193548386,True
9582,A Profile for Route Origin Authorizations (ROAs),2024,/api/v1/doc/document/draft-ietf-sidrops-rfc6482bis/,/api/v1/doc/document/draft-spaghetti-sidrops-rfc6482bis/,draft-ietf-sidrops-rfc6482bis,draft-spaghetti-sidrops-rfc6482bis,1.0,0.7142857142857143,1.0,1.0,0.9285714285714285,True
9598,Internationalized Email Addresses in X.509 Certificates,2024,/api/v1/doc/document/draft-ietf-lamps-rfc8398bis/,/api/v1/doc/document/draft-bonnell-lamps-rfc8398bis/,draft-ietf-lamps-rfc8398bis,draft-bonnell-lamps-rfc8398bis,1.0,0.7692307692307693,1.0,1.0,0.9423076923076924,True
9589,On the Use of the Cryptographic Message Syntax (CMS) Signing-Time Attribute in Resource Public Key Infrastructure (RPKI) Signed Objects,2024,/api/v1/doc/document/draft-ietf-sidrops-cms-signing-time/,/api/v1/doc/document/draft-spaghetti-sidrops-cms-signing-time/,draft-ietf-sidrops-cms-signing-time,draft-spaghetti-sidrops-cms-signing-time,1.0,0.8,1.0,1.0,0.9500000000000001,True
9572,"Updates to EVPN Broadcast, Unknown Unicast, or Multicast (BUM) Procedures",2024,/api/v1/doc/document/draft-ietf-bess-evpn-bum-procedure-updates/,/api/v1/doc/document/draft-zzhang-bess-evpn-bum-procedure-updates/,draft-ietf-bess-evpn-bum-procedure-updates,draft-zzhang-bess-evpn-bum-procedure-updates,1.0,0.9122807017543859,1.0,1.0,0.9780701754385964,True
9573,MVPN/EVPN Tunnel Aggregation with Common Labels,2024,/api/v1/doc/document/draft-ietf-bess-mvpn-evpn-aggregation-label/,/api/v1/doc/document/draft-zzhang-bess-mvpn-evpn-aggregation-label/,draft-ietf-bess-mvpn-evpn-aggregation-label,draft-zzhang-bess-mvpn-evpn-aggregation-label,1.0,0.9152542372881356,1.0,1.0,0.9788135593220338,True
9574,Optimized Ingress Replication Solution for Ethernet VPNs (EVPNs),2024,/api/v1/doc/document/draft-ietf-bess-evpn-optimized-ir/,/api/v1/doc/document/draft-rabadan-bess-evpn-optimized-ir/,draft-ietf-bess-evpn-optimized-ir,draft-rabadan-bess-evpn-optimized-ir,0.8785046728971962,0.8717948717948718,0.7142857142857143,1.0,0.8561329636095991,True
9574,Optimized Ingress Replication Solution for Ethernet VPNs (EVPNs),2024,/api/v1/doc/document/draft-rabadan-bess-evpn-optimized-ir/,/api/v1/doc/document/draft-rabadan-l2vpn-evpn-optimized-ir/,draft-rabadan-bess-evpn-optimized-ir,draft-rabadan-l2vpn-evpn-optimized-ir,1.0,0.8,1.0,1.0,0.9500000000000001,True
9571,Extension of RFC 6374-Based Performance Measurement Using Synonymous Flow Labels,2024,/api/v1/doc/document/draft-ietf-mpls-rfc6374-sfl/,/api/v1/doc/document/draft-bryant-mpls-rfc6374-sfl/,draft-ietf-mpls-rfc6374-sfl,draft-bryant-mpls-rfc6374-sfl,1.0,0.8148148148148148,1.0,1.0,0.9537037037037036,True
9586,IMAP Extension for Using and Returning Unique Identifiers (UIDs) Only,2024,/api/v1/doc/document/draft-ietf-extra-imap-uidonly/,/api/v1/doc/document/draft-melnikov-imap-uidonly/,draft-ietf-extra-imap-uidonly,draft-melnikov-imap-uidonly,1.0,1.0,1.0,1.0,0.9999999999999999,True
9579,Use of Password-Based Message Authentication Code 1 (PBMAC1) in PKCS #12 Syntax,2024,/api/v1/doc/document/draft-ietf-lamps-pkcs12-pbmac1/,/api/v1/doc/document/draft-kario-pkcs12-pbmac1/,draft-ietf-lamps-pkcs12-pbmac1,draft-kario-pkcs12-pbmac1,1.0,1.0,1.0,1.0,0.9999999999999999,True
9590,IMAP Extension for Returning Mailbox METADATA in Extended LIS,2024,/api/v1/doc/document/draft-ietf-extra-imap-list-metadata/,/api/v1/doc/document/draft-murchison-imap-list-metadata/,draft-ietf-extra-imap-list-metadata,draft-murchison-imap-list-metadata,1.0,1.0,1.0,1.0,0.9999999999999999,True
9587,YANG Data Model for OSPFv3 Extended Link State Advertisements (LSAs),2024,/api/v1/doc/document/draft-ietf-lsr-ospfv3-extended-lsa-yang/,/api/v1/doc/document/draft-acee-lsr-ospfv3-extended-lsa-yang/,draft-ietf-lsr-ospfv3-extended-lsa-yang,draft-acee-lsr-ospfv3-extended-lsa-yang,1.0,0.9230769230769231,1.0,1.0,0.9807692307692307,True
9596,"CBOR Object Signing and Encryption (COSE) ""typ"" (type) Header Parameter",2024,/api/v1/doc/document/draft-ietf-cose-typ-header-parameter/,/api/v1/doc/document/draft-jones-cose-typ-header-parameter/,draft-ietf-cose-typ-header-parameter,draft-jones-cose-typ-header-parameter,1.0,0.8888888888888888,1.0,1.0,0.9722222222222222,True
9576,The Privacy Pass Architecture,2024,/api/v1/doc/document/draft-ietf-privacypass-architecture/,/api/v1/doc/document/draft-davidson-pp-architecture/,draft-ietf-privacypass-architecture,draft-davidson-pp-architecture,0.7692307692307693,0.8888888888888888,1.0,1.0,0.8683760683760683,True
9577,The Privacy Pass HTTP Authentication Scheme,2024,/api/v1/doc/document/draft-ietf-privacypass-auth-scheme/,/api/v1/doc/document/draft-pauly-privacypass-auth-scheme/,draft-ietf-privacypass-auth-scheme,draft-pauly-privacypass-auth-scheme,1.0,0.6470588235294118,1.0,1.0,0.9117647058823529,True
9577,The Privacy Pass HTTP Authentication Scheme,2024,/api/v1/doc/document/draft-ietf-privacypass-auth-scheme/,/api/v1/doc/document/draft-ietf-privacypass-http-api/,draft-ietf-privacypass-auth-scheme,draft-ietf-privacypass-http-api,0.625,0.10526315789473684,0.5,1.0,0.5075657894736841,False
9577,The Privacy Pass HTTP Authentication Scheme,2024,/api/v1/doc/document/draft-ietf-privacypass-auth-scheme/,/api/v1/doc/document/draft-private-access-tokens/,draft-ietf-privacypass-auth-scheme,draft-private-access-tokens,0.40625,0.25,0.0,1.0,0.3453125,False
9578,Privacy Pass Issuance Protocols,2024,/api/v1/doc/document/draft-ietf-privacypass-protocol/,/api/v1/doc/document/draft-davidson-pp-protocol/,draft-ietf-privacypass-protocol,draft-davidson-pp-protocol,0.8363636363636363,0.8421052631578947,0.6666666666666666,1.0,0.8202232854864433,True
9578,Privacy Pass Issuance Protocols,2024,/api/v1/doc/document/draft-ietf-privacypass-protocol/,/api/v1/doc/document/draft-private-access-tokens/,draft-ietf-privacypass-protocol,draft-private-access-tokens,0.43137254901960786,0.19047619047619047,0.0,-0.5,0.19173669467787113,False
9583,Application Scenarios for the Quantum Internet,2024,/api/v1/doc/document/draft-irtf-qirg-quantum-internet-use-cases/,/api/v1/doc/document/draft-wang-qirg-quantum-internet-use-cases/,draft-irtf-qirg-quantum-internet-use-cases,draft-wang-qirg-quantum-internet-use-cases,0.845360824742268,0.9122807017543859,0.8,1.0,0.8684825465726171,True
9597,CBOR Web Token (CWT) Claims in COSE Headers,2024,/api/v1/doc/document/draft-ietf-cose-cwt-claims-in-headers/,/api/v1/doc/document/draft-looker-cose-cwt-claims-in-headers/,draft-ietf-cose-cwt-claims-in-headers,draft-looker-cose-cwt-claims-in-headers,1.0,0.8936170212765957,1.0,1.0,0.973404255319149,True
9575,DRIP Entity Tag (DET) Authentication Formats and Protocols for Broadcast Remote Identification (RID),2024,/api/v1/doc/document/draft-ietf-drip-auth/,/api/v1/doc/document/draft-wiethuechter-drip-auth/,draft-ietf-drip-auth,draft-wiethuechter-drip-auth,0.5454545454545454,0.6153846153846154,0.5,1.0,0.5993006993006993,True
9575,DRIP Entity Tag (DET) Authentication Formats and Protocols for Broadcast Remote Identification (RID),2024,/api/v1/doc/document/draft-wiethuechter-drip-auth/,/api/v1/doc/document/draft-wiethuechter-tmrid-auth/,draft-wiethuechter-drip-auth,draft-wiethuechter-tmrid-auth,0.8928571428571429,0.7368421052631579,0.5,1.0,0.7859962406015037,True
9606,DNS Resolver Information,2024,/api/v1/doc/document/draft-ietf-add-resolver-info/,/api/v1/doc/document/draft-reddy-add-resolver-info/,draft-ietf-add-resolver-info,draft-reddy-add-resolver-info,1.0,0.8666666666666667,1.0,1.0,0.9666666666666667,True
9608,No Revocation Available for X.509 Public Key Certificates,2024,/api/v1/doc/document/draft-ietf-lamps-norevavail/,/api/v1/doc/document/draft-housley-lamps-norevavail/,draft-ietf-lamps-norevavail,draft-housley-lamps-norevavail,0.9047619047619048,0.7692307692307693,0.75,1.0,0.8494505494505494,True
9615,Automatic DNSSEC Bootstrapping Using Authenticated Signals from the Zone's Operator,2024,/api/v1/doc/document/draft-ietf-dnsop-dnssec-bootstrapping/,/api/v1/doc/document/draft-thomassen-dnsop-dnssec-bootstrapping/,draft-ietf-dnsop-dnssec-bootstrapping,draft-thomassen-dnsop-dnssec-bootstrapping,1.0,0.8695652173913043,1.0,1.0,0.967391304347826,True
9611,Internet Key Exchange Protocol Version 2 (IKEv2) Support for Per-Resource Child Security Associations (SAs),2024,/api/v1/doc/document/draft-ietf-ipsecme-multi-sa-performance/,/api/v1/doc/document/draft-pwouters-ipsecme-multi-sa-performance/,draft-ietf-ipsecme-multi-sa-performance,draft-pwouters-ipsecme-multi-sa-performance,0.9090909090909091,0.8333333333333334,0.7142857142857143,1.0,0.8602813852813853,True
9611,Internet Key Exchange Protocol Version 2 (IKEv2) Support for Per-Resource Child Security Associations (SAs),2024,/api/v1/doc/document/draft-pwouters-ipsecme-multi-sa-performance/,/api/v1/doc/document/draft-pwouters-multi-sa-performance/,draft-pwouters-ipsecme-multi-sa-performance,draft-pwouters-multi-sa-performance,1.0,0.8333333333333334,1.0,1.0,0.9583333333333334,True
9593,Announcing Supported Authentication Methods in the Internet Key Exchange Protocol Version 2 (IKEv2),2024,/api/v1/doc/document/draft-ietf-ipsecme-ikev2-auth-announce/,/api/v1/doc/document/draft-smyslov-ipsecme-ikev2-auth-announce/,draft-ietf-ipsecme-ikev2-auth-announce,draft-smyslov-ipsecme-ikev2-auth-announce,1.0,0.8260869565217391,1.0,1.0,0.9565217391304347,True
9612,Bidirectional Forwarding Detection (BFD) Reverse Path for MPLS Label Switched Paths (LSPs),2024,/api/v1/doc/document/draft-ietf-mpls-bfd-directed/,/api/v1/doc/document/draft-mirsky-mpls-bfd-directed/,draft-ietf-mpls-bfd-directed,draft-mirsky-mpls-bfd-directed,0.7712418300653595,0.8275862068965517,0.6666666666666666,1.0,0.787288708586883,True
9607,RTP Payload Format for the Secure Communication Interoperability Protocol (SCIP) Codec,2024,/api/v1/doc/document/draft-ietf-avtcore-rtp-scip/,/api/v1/doc/document/draft-hanson-avtcore-rtp-scip/,draft-ietf-avtcore-rtp-scip,draft-hanson-avtcore-rtp-scip,0.6115702479338843,0.6666666666666666,0.6666666666666666,1.0,0.6752066115702479,True
9619,"In the DNS, QDCOUNT Is (Usually) One",2024,/api/v1/doc/document/draft-ietf-dnsop-qdcount-is-one/,/api/v1/doc/document/draft-bellis-dnsop-qdcount-is-one/,draft-ietf-dnsop-qdcount-is-one,draft-bellis-dnsop-qdcount-is-one,1.0,0.8235294117647058,1.0,1.0,0.9558823529411765,True
9603,Path Computation Element Communication Protocol (PCEP) Extensions for IPv6 Segment Routing,2024,/api/v1/doc/document/draft-ietf-pce-segment-routing-ipv6/,/api/v1/doc/document/draft-negi-pce-segment-routing-ipv6/,draft-ietf-pce-segment-routing-ipv6,draft-negi-pce-segment-routing-ipv6,0.45454545454545453,0.9090909090909091,0.75,1.0,0.6818181818181818,True
9614,Partitioning as an Architecture for Privacy,2024,/api/v1/doc/document/draft-iab-privacy-partitioning/,/api/v1/doc/document/draft-kpw-iab-privacy-partitioning/,draft-iab-privacy-partitioning,draft-kpw-iab-privacy-partitioning,1.0,0.9090909090909091,1.0,1.0,0.9772727272727272,True
9595,YANG Schema Item iDentifier (YANG SID),2024,/api/v1/doc/document/draft-ietf-core-sid/,/api/v1/doc/document/draft-somaraju-core-sid/,draft-ietf-core-sid,draft-somaraju-core-sid,0.6,0.5454545454545454,0.5,1.0,0.6063636363636363,True
9580,OpenPGP,2024,/api/v1/doc/document/draft-ietf-openpgp-crypto-refresh/,/api/v1/doc/document/draft-ietf-openpgp-rfc4880bis/,draft-ietf-openpgp-crypto-refresh,draft-ietf-openpgp-rfc4880bis,0.4827586206896552,0.16666666666666666,0.3333333333333333,1.0,0.4255747126436782,True
9580,OpenPGP,2024,/api/v1/doc/document/draft-ietf-openpgp-rfc4880bis/,/api/v1/doc/document/draft-koch-openpgp-rfc4880bis/,draft-ietf-openpgp-rfc4880bis,draft-koch-openpgp-rfc4880bis,1.0,0.7142857142857143,1.0,1.0,0.9285714285714285,True
9629,Using Key Encapsulation Mechanism (KEM) Algorithms in the Cryptographic Message Syntax (CMS),2024,/api/v1/doc/document/draft-ietf-lamps-cms-kemri/,/api/v1/doc/document/draft-housley-lamps-cms-kemri/,draft-ietf-lamps-cms-kemri,draft-housley-lamps-cms-kemri,1.0,0.75,1.0,1.0,0.9374999999999999,True
9632,Finding and Using Geofeed Data,2024,/api/v1/doc/document/draft-ietf-opsawg-9092-update/,/api/v1/doc/document/draft-ymbk-opsawg-9092-update/,draft-ietf-opsawg-9092-update,draft-ymbk-opsawg-9092-update,1.0,0.7586206896551724,1.0,1.0,0.939655172413793,True
9632,Finding and Using Geofeed Data,2024,/api/v1/doc/document/draft-ietf-opsawg-9092-update/,/api/v1/doc/document/draft-ymbk-9020-update/,draft-ietf-opsawg-9092-update,draft-ymbk-9020-update,0.7692307692307693,0.9090909090909091,0.6666666666666666,1.0,0.8067599067599067,False
9632,Finding and Using Geofeed Data,2024,/api/v1/doc/document/draft-ymbk-opsawg-9092-update/,/api/v1/doc/document/draft-ymbk-sidrops-9092-update/,draft-ymbk-opsawg-9092-update,draft-ymbk-sidrops-9092-update,0.7692307692307693,0.8108108108108109,0.6666666666666666,1.0,0.7821898821898822,True
9581,"Concise Binary Object Representation (CBOR) Tags for Time, Duration, and Period",2024,/api/v1/doc/document/draft-ietf-cbor-time-tag/,/api/v1/doc/document/draft-bormann-cbor-time-tag/,draft-ietf-cbor-time-tag,draft-bormann-cbor-time-tag,1.0,0.7619047619047619,1.0,1.0,0.9404761904761904,True
9604,Carrying Binding Label/SID in PCE-Based Networks,2024,/api/v1/doc/document/draft-ietf-pce-binding-label-sid/,/api/v1/doc/document/draft-sivabalan-pce-binding-label-sid/,draft-ietf-pce-binding-label-sid,draft-sivabalan-pce-binding-label-sid,0.9016393442622951,0.8947368421052632,0.7777777777777778,1.0,0.8849774709999041,True
9654,Online Certificate Status Protocol (OCSP) Nonce Extension,2024,/api/v1/doc/document/draft-ietf-lamps-ocsp-nonce-update/,/api/v1/doc/document/draft-hsharma-lamps-ocsp-nonce-update/,draft-ietf-lamps-ocsp-nonce-update,draft-hsharma-lamps-ocsp-nonce-update,1.0,0.85,1.0,1.0,0.9625,True
9613,Requirements for Solutions that Support MPLS Network Actions (MNAs),2024,/api/v1/doc/document/draft-ietf-mpls-mna-requirements/,/api/v1/doc/document/draft-ietf-mpls-miad-mna-requirements/,draft-ietf-mpls-mna-requirements,draft-ietf-mpls-miad-mna-requirements,0.6074074074074074,0.8648648648648649,0.6666666666666666,1.0,0.7228828828828828,True
9613,Requirements for Solutions that Support MPLS Network Actions (MNAs),2024,/api/v1/doc/document/draft-ietf-mpls-miad-mna-requirements/,/api/v1/doc/document/draft-bocci-mpls-miad-adi-requirements/,draft-ietf-mpls-miad-mna-requirements,draft-bocci-mpls-miad-adi-requirements,1.0,0.8085106382978723,1.0,1.0,0.952127659574468,True
9631,The IPv6 Compact Routing Header (CRH),2024,/api/v1/doc/document/draft-ietf-6man-comp-rtg-hdr/,/api/v1/doc/document/draft-bonica-6man-comp-rtg-hdr/,draft-ietf-6man-comp-rtg-hdr,draft-bonica-6man-comp-rtg-hdr,1.0,0.8275862068965517,1.0,1.0,0.956896551724138,True
9650,Revision to Registration Procedures for IS-IS Neighbor Link-Attribute Bit Values,2024,/api/v1/doc/document/draft-ietf-lsr-labv-registration/,/api/v1/doc/document/draft-li-lsr-labv-registration/,draft-ietf-lsr-labv-registration,draft-li-lsr-labv-registration,1.0,0.8947368421052632,1.0,1.0,0.9736842105263158,True
9617,"A YANG Data Model for In Situ Operations, Administration, and Maintenance (IOAM)",2024,/api/v1/doc/document/draft-ietf-ippm-ioam-yang/,/api/v1/doc/document/draft-zhou-ippm-ioam-yang/,draft-ietf-ippm-ioam-yang,draft-zhou-ippm-ioam-yang,1.0,0.782608695652174,1.0,1.0,0.9456521739130436,True
9630,"Multicast On-Path Telemetry Using In Situ Operations, Administration, and Maintenance (IOAM)",2024,/api/v1/doc/document/draft-ietf-mboned-multicast-telemetry/,/api/v1/doc/document/draft-song-multicast-telemetry/,draft-ietf-mboned-multicast-telemetry,draft-song-multicast-telemetry,0.8266666666666667,1.0,1.0,1.0,0.922,True
9588,Kerberos Simple Password-Authenticated Key Exchange (SPAKE) Pre-authentication,2024,/api/v1/doc/document/draft-ietf-kitten-krb-spake-preauth/,/api/v1/doc/document/draft-mccallum-kitten-krb-spake-preauth/,draft-ietf-kitten-krb-spake-preauth,draft-mccallum-kitten-krb-spake-preauth,0.8421052631578947,0.8292682926829268,0.75,1.0,0.8362644415917844,True
9637,Expanding the IPv6 Documentation Space,2024,/api/v1/doc/document/draft-ietf-v6ops-rfc3849-update/,/api/v1/doc/document/draft-horley-v6ops-expand-doc/,draft-ietf-v6ops-rfc3849-update,draft-horley-v6ops-expand-doc,0.47619047619047616,0.06666666666666667,0.2222222222222222,1.0,0.3753968253968254,True
9605,Secure Frame (SFrame): Lightweight Authenticated Encryption for Real-Time Media,2024,/api/v1/doc/document/draft-ietf-sframe-enc/,/api/v1/doc/document/draft-omara-sframe/,draft-ietf-sframe-enc,draft-omara-sframe,1.0,0.2222222222222222,1.0,1.0,0.8055555555555555,True
9605,Secure Frame (SFrame): Lightweight Authenticated Encryption for Real-Time Media,2024,/api/v1/doc/document/draft-ietf-sframe-enc/,/api/v1/doc/document/draft-barnes-sframe-mls/,draft-ietf-sframe-enc,draft-barnes-sframe-mls,0.4,0.15384615384615385,0.1,1.0,0.3384615384615385,False
9618,Updates to X.509 Policy Validation,2024,/api/v1/doc/document/draft-ietf-lamps-x509-policy-graph/,/api/v1/doc/document/draft-davidben-x509-policy-graph/,draft-ietf-lamps-x509-policy-graph,draft-davidben-x509-policy-graph,1.0,1.0,1.0,1.0,0.9999999999999999,True
9599,Guidelines for Adding Congestion Notification to Protocols that Encapsulate IP,2024,/api/v1/doc/document/draft-ietf-tsvwg-ecn-encap-guidelines/,/api/v1/doc/document/draft-briscoe-tsvwg-ecn-encap-guidelines/,draft-ietf-tsvwg-ecn-encap-guidelines,draft-briscoe-tsvwg-ecn-encap-guidelines,1.0,0.8695652173913043,1.0,1.0,0.967391304347826,True
9600,TRansparent Interconnection of Lots of Links (TRILL): Explicit Congestion Notification (ECN) Support,2024,/api/v1/doc/document/draft-ietf-trill-ecn-support/,/api/v1/doc/document/draft-eastlake-trill-ecn-support/,draft-ietf-trill-ecn-support,draft-eastlake-trill-ecn-support,0.6896551724137931,0.7857142857142857,0.6666666666666666,1.0,0.7401067323481116,True
9601,Propagating Explicit Congestion Notification across IP Tunnel Headers Separated by a Shim,2024,/api/v1/doc/document/draft-ietf-tsvwg-rfc6040update-shim/,/api/v1/doc/document/draft-briscoe-tsvwg-rfc6040update-shim/,draft-ietf-tsvwg-rfc6040update-shim,draft-briscoe-tsvwg-rfc6040update-shim,1.0,0.8571428571428571,1.0,1.0,0.9642857142857143,True
9601,Propagating Explicit Congestion Notification across IP Tunnel Headers Separated by a Shim,2024,/api/v1/doc/document/draft-ietf-tsvwg-rfc6040update-shim/,/api/v1/doc/document/draft-briscoe-tsvwg-rfc6040bis/,draft-ietf-tsvwg-rfc6040update-shim,draft-briscoe-tsvwg-rfc6040bis,1.0,0.47058823529411764,1.0,1.0,0.8676470588235293,False
9601,Propagating Explicit Congestion Notification across IP Tunnel Headers Separated by a Shim,2024,/api/v1/doc/document/draft-briscoe-tsvwg-rfc6040update-shim/,/api/v1/doc/document/draft-briscoe-tsvwg-rfc6040bis/,draft-briscoe-tsvwg-rfc6040update-shim,draft-briscoe-tsvwg-rfc6040bis,1.0,0.7,1.0,1.0,0.9249999999999999,True
9625,EVPN Optimized Inter-Subnet Multicast (OISM) Forwarding,2024,/api/v1/doc/document/draft-ietf-bess-evpn-irb-mcast/,/api/v1/doc/document/draft-lin-bess-evpn-irb-mcast/,draft-ietf-bess-evpn-irb-mcast,draft-lin-bess-evpn-irb-mcast,1.0,0.8484848484848485,1.0,1.0,0.962121212121212,True
9569,The Application-Layer Traffic Optimization (ALTO) Transport Information Publication Service (TIPS),2024,/api/v1/doc/document/draft-ietf-alto-new-transport/,/api/v1/doc/document/draft-schott-alto-new-transport/,draft-ietf-alto-new-transport,draft-schott-alto-new-transport,0.3409090909090909,0.8387096774193549,0.6666666666666666,1.0,0.596419843597263,True
9569,The Application-Layer Traffic Optimization (ALTO) Transport Information Publication Service (TIPS),2024,/api/v1/doc/document/draft-ietf-alto-new-transport/,/api/v1/doc/document/draft-schott-alto-new-transport-push/,draft-ietf-alto-new-transport,draft-schott-alto-new-transport-push,0.3853211009174312,0.7222222222222222,0.5,-0.5,0.4039500509683996,False
9620,Guidelines for Human Rights Protocol and Architecture Considerations,2024,/api/v1/doc/document/draft-irtf-hrpc-guidelines/,/api/v1/doc/document/draft-tenoever-hrpc-guidelines/,draft-irtf-hrpc-guidelines,draft-tenoever-hrpc-guidelines,0.8571428571428571,0.8,0.8,1.0,0.8457142857142856,True
9616,Delay-Based Metric Extension for the Babel Routing Protocol,2024,/api/v1/doc/document/draft-ietf-babel-rtt-extension/,/api/v1/doc/document/draft-jonglez-babel-rtt-extension/,draft-ietf-babel-rtt-extension,draft-jonglez-babel-rtt-extension,1.0,0.8125,1.0,1.0,0.9531249999999999,True
9594,Key Provisioning for Group Communication Using Authentication and Authorization for Constrained Environments (ACE),2024,/api/v1/doc/document/draft-ietf-ace-key-groupcomm/,/api/v1/doc/document/draft-palombini-ace-key-groupcomm/,draft-ietf-ace-key-groupcomm,draft-palombini-ace-key-groupcomm,1.0,0.8666666666666667,1.0,1.0,0.9666666666666667,True
9638,Network Virtualization over Layer 3 (NVO3) Encapsulation Considerations,2024,/api/v1/doc/document/draft-ietf-nvo3-encap/,/api/v1/doc/document/draft-dt-nvo3-encap/,draft-ietf-nvo3-encap,draft-dt-nvo3-encap,0.673469387755102,0.6666666666666666,0.5,1.0,0.6697278911564625,True
9653,Zero Checksum for the Stream Control Transmission Protocol,2024,/api/v1/doc/document/draft-ietf-tsvwg-sctp-zero-checksum/,/api/v1/doc/document/draft-tuexen-tsvwg-sctp-zero-checksum/,draft-ietf-tsvwg-sctp-zero-checksum,draft-tuexen-tsvwg-sctp-zero-checksum,1.0,0.8571428571428571,1.0,1.0,0.9642857142857143,True
9659,Window Sizing for Zstandard Content Encoding,2024,/api/v1/doc/document/draft-ietf-httpbis-zstd-window-size/,/api/v1/doc/document/draft-jaju-httpbis-zstd-window-size/,draft-ietf-httpbis-zstd-window-size,draft-jaju-httpbis-zstd-window-size,1.0,0.8,1.0,1.0,0.9500000000000001,True
9652,The Link-Template HTTP Header Field,2024,/api/v1/doc/document/draft-ietf-httpapi-link-template/,/api/v1/doc/document/draft-nottingham-link-template/,draft-ietf-httpapi-link-template,draft-nottingham-link-template,1.0,1.0,1.0,1.0,0.9999999999999999,True
9656,A YANG Data Model for Microwave Topology,2024,/api/v1/doc/document/draft-ietf-ccamp-mw-topo-yang/,/api/v1/doc/document/draft-ye-ccamp-mw-topo-yang/,draft-ietf-ccamp-mw-topo-yang,draft-ye-ccamp-mw-topo-yang,1.0,0.8,1.0,1.0,0.9500000000000001,True
9662,Updates to the Cipher Suites in Secure Syslog,2024,/api/v1/doc/document/draft-ietf-uta-ciphersuites-in-sec-syslog/,/api/v1/doc/document/draft-ciphersuites-in-sec-syslog/,draft-ietf-uta-ciphersuites-in-sec-syslog,draft-ciphersuites-in-sec-syslog,1.0,0.6666666666666666,1.0,1.0,0.9166666666666666,True
9663,Using DHCPv6 Prefix Delegation (DHCPv6-PD) to Allocate Unique IPv6 Prefixes per Client in Large Broadcast Networks,2024,/api/v1/doc/document/draft-ietf-v6ops-dhcp-pd-per-device/,/api/v1/doc/document/draft-collink-v6ops-ent64pd/,draft-ietf-v6ops-dhcp-pd-per-device,draft-collink-v6ops-ent64pd,0.9012345679012346,0.25806451612903225,0.6153846153846154,1.0,0.6931486076647367,True
9635,Grant Negotiation and Authorization Protocol (GNAP),2024,/api/v1/doc/document/draft-ietf-gnap-core-protocol/,/api/v1/doc/document/draft-richer-transactional-authz/,draft-ietf-gnap-core-protocol,draft-richer-transactional-authz,1.0,0.25,1.0,1.0,0.8124999999999999,True
9646,Conveying a Certificate Signing Request (CSR) in a Secure Zero-Touch Provisioning (SZTP) Bootstrapping Request,2024,/api/v1/doc/document/draft-ietf-netconf-sztp-csr/,/api/v1/doc/document/draft-kwatsen-netconf-sztp-csr/,draft-ietf-netconf-sztp-csr,draft-kwatsen-netconf-sztp-csr,1.0,0.6666666666666666,1.0,1.0,0.9166666666666666,True
9647,A YANG Data Model for Babel,2024,/api/v1/doc/document/draft-ietf-babel-yang-model/,/api/v1/doc/document/draft-mahesh-babel-yang-model/,draft-ietf-babel-yang-model,draft-mahesh-babel-yang-model,1.0,0.7692307692307693,1.0,1.0,0.9423076923076924,True
9648,YANG Data Model for TCP,2024,/api/v1/doc/document/draft-ietf-tcpm-yang-tcp/,/api/v1/doc/document/draft-scharf-tcpm-yang-tcp/,draft-ietf-tcpm-yang-tcp,draft-scharf-tcpm-yang-tcp,0.9117647058823529,0.7619047619047619,0.8571428571428571,1.0,0.8721988795518206,True
9640,YANG Data Types and Groupings for Cryptography,2024,/api/v1/doc/document/draft-ietf-netconf-crypto-types/,/api/v1/doc/document/draft-kwatsen-netconf-crypto-types/,draft-ietf-netconf-crypto-types,draft-kwatsen-netconf-crypto-types,0.7529411764705882,0.75,0.6666666666666666,1.0,0.759656862745098,True
9641,A YANG Data Model for a Truststore,2024,/api/v1/doc/document/draft-ietf-netconf-trust-anchors/,/api/v1/doc/document/draft-kwatsen-netconf-trust-anchors/,draft-ietf-netconf-trust-anchors,draft-kwatsen-netconf-trust-anchors,0.7837837837837838,0.7647058823529411,0.6666666666666666,1.0,0.7772125066242713,True
9642,A YANG Data Model for a Keystore,2024,/api/v1/doc/document/draft-ietf-netconf-keystore/,/api/v1/doc/document/draft-ietf-netconf-system-keychain/,draft-ietf-netconf-keystore,draft-ietf-netconf-system-keychain,0.2077922077922078,0.2608695652173913,0.14285714285714285,1.0,0.2872953133822699,False
9643,YANG Groupings for TCP Clients and TCP Servers,2024,/api/v1/doc/document/draft-ietf-netconf-tcp-client-server/,/api/v1/doc/document/draft-kwatsen-netconf-tcp-client-server/,draft-ietf-netconf-tcp-client-server,draft-kwatsen-netconf-tcp-client-server,1.0,0.8095238095238095,1.0,1.0,0.9523809523809524,True
9660,The DNS Zone Version (ZONEVERSION) Option,2024,/api/v1/doc/document/draft-ietf-dnsop-zoneversion/,/api/v1/doc/document/draft-ietf-dnsop-rrserial/,draft-ietf-dnsop-zoneversion,draft-ietf-dnsop-rrserial,0.28865979381443296,0.3157894736842105,0.25,1.0,0.3588442756375475,True
9660,The DNS Zone Version (ZONEVERSION) Option,2024,/api/v1/doc/document/draft-ietf-dnsop-rrserial/,/api/v1/doc/document/draft-salgado-dnsop-rrserial/,draft-ietf-dnsop-rrserial,draft-salgado-dnsop-rrserial,1.0,0.7272727272727273,1.0,1.0,0.9318181818181818,True
9660,The DNS Zone Version (ZONEVERSION) Option,2024,/api/v1/doc/document/draft-salgado-dnsop-rrserial/,/api/v1/doc/document/draft-salgado-rrserial/,draft-salgado-dnsop-rrserial,draft-salgado-rrserial,1.0,0.7272727272727273,1.0,1.0,0.9318181818181818,True
9671,Sieve Email Filtering: Extension for Processing Calendar Attachments,2024,/api/v1/doc/document/draft-ietf-extra-processimip/,/api/v1/doc/document/draft-murchison-sieve-processimip/,draft-ietf-extra-processimip,draft-murchison-sieve-processimip,0.8031496062992126,0.7857142857142857,0.5555555555555556,1.0,0.7689570053743282,True
9602,Segment Routing over IPv6 (SRv6) Segment Identifiers in the IPv6 Addressing Architecture,2024,/api/v1/doc/document/draft-ietf-6man-sids/,/api/v1/doc/document/draft-krishnan-6man-sids/,draft-ietf-6man-sids,draft-krishnan-6man-sids,0.5747126436781609,0.6153846153846154,0.5,1.0,0.6124668435013263,True
9633,Deterministic Networking (DetNet) YANG Data Model,2024,/api/v1/doc/document/draft-ietf-detnet-yang/,/api/v1/doc/document/draft-geng-detnet-conf-yang/,draft-ietf-detnet-yang,draft-geng-detnet-conf-yang,0.4657534246575342,0.4,0.5,1.0,0.5095890410958904,True
9634,"Operations, Administration, and Maintenance (OAM) for Deterministic Networking (DetNet) with the IP Data Plane",2024,/api/v1/doc/document/draft-ietf-detnet-ip-oam/,/api/v1/doc/document/draft-mirsky-detnet-ip-oam/,draft-ietf-detnet-ip-oam,draft-mirsky-detnet-ip-oam,1.0,0.631578947368421,1.0,1.0,0.9078947368421052,True
9634,"Operations, Administration, and Maintenance (OAM) for Deterministic Networking (DetNet) with the IP Data Plane",2024,/api/v1/doc/document/draft-mirsky-detnet-ip-oam/,/api/v1/doc/document/draft-mirsky-detnet-oam/,draft-mirsky-detnet-ip-oam,draft-mirsky-detnet-oam,0.8926553672316384,0.8695652173913043,1.0,1.0,0.9190862196020634,True
9658,Multipoint LDP Extensions for Multi-Topology Routing,2024,/api/v1/doc/document/draft-ietf-mpls-mldp-multi-topology/,/api/v1/doc/document/draft-wijnands-mpls-mldp-multi-topology/,draft-ietf-mpls-mldp-multi-topology,draft-wijnands-mpls-mldp-multi-topology,1.0,0.8837209302325582,1.0,1.0,0.9709302325581396,True
9658,Multipoint LDP Extensions for Multi-Topology Routing,2024,/api/v1/doc/document/draft-wijnands-mpls-mldp-multi-topology/,/api/v1/doc/document/draft-iwijnand-mpls-mldp-multi-topology/,draft-wijnands-mpls-mldp-multi-topology,draft-iwijnand-mpls-mldp-multi-topology,1.0,1.0,1.0,1.0,0.9999999999999999,True
9673,IPv6 Hop-by-Hop Options Processing Procedures,2024,/api/v1/doc/document/draft-ietf-6man-hbh-processing/,/api/v1/doc/document/draft-hinden-6man-hbh-processing/,draft-ietf-6man-hbh-processing,draft-hinden-6man-hbh-processing,1.0,0.8484848484848485,1.0,1.0,0.962121212121212,True
9677,Content Delivery Network Interconnection (CDNI) Metadata for Delegated Credentials,2024,/api/v1/doc/document/draft-ietf-cdni-https-delegation-subcerts/,/api/v1/doc/document/draft-cdni-https-delegation-subcerts/,draft-ietf-cdni-https-delegation-subcerts,draft-cdni-https-delegation-subcerts,1.0,1.0,1.0,1.0,0.9999999999999999,True
9677,Content Delivery Network Interconnection (CDNI) Metadata for Delegated Credentials,2024,/api/v1/doc/document/draft-cdni-https-delegation-subcerts/,/api/v1/doc/document/draft-fieau-interfaces-https-delegation-subcerts/,draft-cdni-https-delegation-subcerts,draft-fieau-interfaces-https-delegation-subcerts,1.0,0.819672131147541,1.0,1.0,0.9549180327868853,True
9666,Area Proxy for IS-IS,2024,/api/v1/doc/document/draft-ietf-lsr-isis-area-proxy/,/api/v1/doc/document/draft-li-lsr-isis-area-proxy/,draft-ietf-lsr-isis-area-proxy,draft-li-lsr-isis-area-proxy,1.0,0.8823529411764706,1.0,1.0,0.9705882352941176,True
9666,Area Proxy for IS-IS,2024,/api/v1/doc/document/draft-li-lsr-isis-area-proxy/,/api/v1/doc/document/draft-li-lsr-isis-area-abstraction/,draft-li-lsr-isis-area-proxy,draft-li-lsr-isis-area-abstraction,0.7391304347826086,0.7272727272727273,0.6,1.0,0.7344268774703557,True
9666,Area Proxy for IS-IS,2024,/api/v1/doc/document/draft-li-lsr-isis-area-abstraction/,/api/v1/doc/document/draft-li-area-abstraction/,draft-li-lsr-isis-area-abstraction,draft-li-area-abstraction,0.8666666666666667,0.7804878048780488,0.6666666666666666,1.0,0.8184552845528456,True
9667,Dynamic Flooding on Dense Graphs,2024,/api/v1/doc/document/draft-ietf-lsr-dynamic-flooding/,/api/v1/doc/document/draft-li-lsr-dynamic-flooding/,draft-ietf-lsr-dynamic-flooding,draft-li-lsr-dynamic-flooding,1.0,0.8888888888888888,1.0,1.0,0.9722222222222222,True
9667,Dynamic Flooding on Dense Graphs,2024,/api/v1/doc/document/draft-li-lsr-dynamic-flooding/,/api/v1/doc/document/draft-li-dynamic-flooding/,draft-li-lsr-dynamic-flooding,draft-li-dynamic-flooding,1.0,0.8888888888888888,1.0,1.0,0.9722222222222222,True
9667,Dynamic Flooding on Dense Graphs,2024,/api/v1/doc/document/draft-li-lsr-dynamic-flooding/,/api/v1/doc/document/draft-li-dynamic-flooding-isis/,draft-li-lsr-dynamic-flooding,draft-li-dynamic-flooding-isis,0.7586206896551724,0.7804878048780488,0.5,1.0,0.7365012615643398,False
9667,Dynamic Flooding on Dense Graphs,2024,/api/v1/doc/document/draft-li-dynamic-flooding/,/api/v1/doc/document/draft-li-dynamic-flooding-isis/,draft-li-dynamic-flooding,draft-li-dynamic-flooding-isis,0.7586206896551724,0.8648648648648649,0.6666666666666666,-0.5,0.6409288598943771,True
9669,BPF Instruction Set Architecture (ISA),2024,/api/v1/doc/document/draft-ietf-bpf-isa/,/api/v1/doc/document/draft-thaler-bpf-isa/,draft-ietf-bpf-isa,draft-thaler-bpf-isa,0.6486486486486487,0.6,0.6,1.0,0.6618918918918919,True
9687,Border Gateway Protocol 4 (BGP-4) Send Hold Timer,2024,/api/v1/doc/document/draft-ietf-idr-bgp-sendholdtimer/,/api/v1/doc/document/draft-spaghetti-idr-bgp-sendholdtimer/,draft-ietf-idr-bgp-sendholdtimer,draft-spaghetti-idr-bgp-sendholdtimer,1.0,0.8947368421052632,1.0,1.0,0.9736842105263158,True
9675,Delay-Tolerant Networking Management Architecture (DTNMA),2024,/api/v1/doc/document/draft-ietf-dtn-dtnma/,/api/v1/doc/document/draft-ietf-dtn-ama/,draft-ietf-dtn-dtnma,draft-ietf-dtn-ama,0.7936507936507936,0.5,0.5,1.0,0.6821428571428572,True
9675,Delay-Tolerant Networking Management Architecture (DTNMA),2024,/api/v1/doc/document/draft-ietf-dtn-ama/,/api/v1/doc/document/draft-birrane-dtn-ama/,draft-ietf-dtn-ama,draft-birrane-dtn-ama,1.0,0.6,1.0,1.0,0.9,True
9668,Using Ephemeral Diffie-Hellman Over COSE (EDHOC) with the Constrained Application Protocol (CoAP) and Object Security for Constrained RESTful Environments (OSCORE),2024,/api/v1/doc/document/draft-ietf-core-oscore-edhoc/,/api/v1/doc/document/draft-palombini-core-oscore-edhoc/,draft-ietf-core-oscore-edhoc,draft-palombini-core-oscore-edhoc,0.2185792349726776,0.8275862068965517,0.6666666666666666,1.0,0.5385905407951761,True
9688,Use of the SHA3 One-Way Hash Functions in the Cryptographic Message Syntax (CMS),2024,/api/v1/doc/document/draft-ietf-lamps-cms-sha3-hash/,/api/v1/doc/document/draft-housley-lamps-cms-sha3-hash/,draft-ietf-lamps-cms-sha3-hash,draft-housley-lamps-cms-sha3-hash,1.0,0.8125,1.0,1.0,0.9531249999999999,True
9682,Updates to the Concise Data Definition Language (CDDL) Grammar,2024,/api/v1/doc/document/draft-ietf-cbor-update-8610-grammar/,/api/v1/doc/document/draft-bormann-cbor-update-8610-grammar/,draft-ietf-cbor-update-8610-grammar,draft-bormann-cbor-update-8610-grammar,1.0,0.8837209302325582,1.0,1.0,0.9709302325581396,True
9670,JSON Meta Application Protocol (JMAP) Sharing,2024,/api/v1/doc/document/draft-ietf-jmap-sharing/,/api/v1/doc/document/draft-jenkins-jmap-sharing/,draft-ietf-jmap-sharing,draft-jenkins-jmap-sharing,1.0,0.7368421052631579,1.0,1.0,0.9342105263157895,True
9655,Egress Validation in Label Switched Path Ping and Traceroute Mechanisms,2024,/api/v1/doc/document/draft-ietf-mpls-egress-tlv-for-nil-fec/,/api/v1/doc/document/draft-rathi-mpls-egress-tlv-for-nil-fec/,draft-ietf-mpls-egress-tlv-for-nil-fec,draft-rathi-mpls-egress-tlv-for-nil-fec,0.8571428571428571,0.8979591836734694,0.8,1.0,0.8702040816326531,True
9685,Listener Subscription for IPv6 Neighbor Discovery Multicast and Anycast Addresses,2024,/api/v1/doc/document/draft-ietf-6lo-multicast-registration/,/api/v1/doc/document/draft-thubert-6lo-multicast-registration/,draft-ietf-6lo-multicast-registration,draft-thubert-6lo-multicast-registration,0.7751937984496124,0.9166666666666666,0.6666666666666666,1.0,0.8113372093023256,True
9681,IS-IS Fast Flooding,2024,/api/v1/doc/document/draft-ietf-lsr-isis-fast-flooding/,/api/v1/doc/document/draft-decraeneginsberg-lsr-isis-fast-flooding/,draft-ietf-lsr-isis-fast-flooding,draft-decraeneginsberg-lsr-isis-fast-flooding,1.0,0.9,1.0,1.0,0.975,True
9681,IS-IS Fast Flooding,2024,/api/v1/doc/document/draft-decraeneginsberg-lsr-isis-fast-flooding/,/api/v1/doc/document/draft-decraene-lsr-isis-flooding-speed/,draft-decraeneginsberg-lsr-isis-fast-flooding,draft-decraene-lsr-isis-flooding-speed,0.5384615384615384,0.7555555555555555,0.6,1.0,0.6511965811965812,True
9681,IS-IS Fast Flooding,2024,/api/v1/doc/document/draft-decraeneginsberg-lsr-isis-fast-flooding/,/api/v1/doc/document/draft-ginsberg-lsr-isis-flooding-scale/,draft-decraeneginsberg-lsr-isis-fast-flooding,draft-ginsberg-lsr-isis-flooding-scale,0.5185185185185185,0.7555555555555555,0.6,1.0,0.6422222222222221,False
9674,Same-Origin Policy for the RPKI Repository Delta Protocol (RRDP),2024,/api/v1/doc/document/draft-ietf-sidrops-rrdp-same-origin/,/api/v1/doc/document/draft-spaghetti-sidrops-rrdp-same-origin/,draft-ietf-sidrops-rrdp-same-origin,draft-spaghetti-sidrops-rrdp-same-origin,1.0,0.8,1.0,1.0,0.9500000000000001,True
9689,Use Cases for a PCE as a Central Controller (PCECC),2024,/api/v1/doc/document/draft-ietf-teas-pcecc-use-cases/,/api/v1/doc/document/draft-zhao-teas-pcecc-use-cases/,draft-ietf-teas-pcecc-use-cases,draft-zhao-teas-pcecc-use-cases,0.8103448275862069,0.8571428571428571,0.75,1.0,0.8289408866995074,True
9689,Use Cases for a PCE as a Central Controller (PCECC),2024,/api/v1/doc/document/draft-zhao-teas-pcecc-use-cases/,/api/v1/doc/document/draft-zhao-pce-central-controller-user-cases/,draft-zhao-teas-pcecc-use-cases,draft-zhao-pce-central-controller-user-cases,1.0,0.5660377358490566,1.0,1.0,0.8915094339622641,True
9686,Registering Self-Generated IPv6 Addresses Using DHCPv6,2024,/api/v1/doc/document/draft-ietf-dhc-addr-notification/,/api/v1/doc/document/draft-wkumari-dhc-addr-notification/,draft-ietf-dhc-addr-notification,draft-wkumari-dhc-addr-notification,1.0,0.8947368421052632,1.0,1.0,0.9736842105263158,True
9686,Registering Self-Generated IPv6 Addresses Using DHCPv6,2024,/api/v1/doc/document/draft-ietf-dhc-addr-notification/,/api/v1/doc/document/draft-ietf-dhc-addr-registration/,draft-ietf-dhc-addr-notification,draft-ietf-dhc-addr-registration,0.9391304347826087,0.6470588235294118,0.875,1.0,0.8593734015345269,False
9683,Remote Integrity Verification of Network Devices Containing Trusted Platform Modules,2024,/api/v1/doc/document/draft-ietf-rats-tpm-based-network-device-attest/,/api/v1/doc/document/draft-fedorkow-rats-network-device-attestation/,draft-ietf-rats-tpm-based-network-device-attest,draft-fedorkow-rats-network-device-attestation,1.0,0.7741935483870968,1.0,1.0,0.9435483870967741,True
9684,A YANG Data Model for Challenge-Response-Based Remote Attestation (CHARRA) Procedures Using Trusted Platform Modules (TPMs),2024,/api/v1/doc/document/draft-ietf-rats-yang-tpm-charra/,/api/v1/doc/document/draft-birkholz-rats-basic-yang-module/,draft-ietf-rats-yang-tpm-charra,draft-birkholz-rats-basic-yang-module,0.8343558282208589,0.32432432432432434,0.5384615384615384,1.0,0.6642335114727752,True
9684,A YANG Data Model for Challenge-Response-Based Remote Attestation (CHARRA) Procedures Using Trusted Platform Modules (TPMs),2024,/api/v1/doc/document/draft-birkholz-rats-basic-yang-module/,/api/v1/doc/document/draft-birkholz-yang-basic-remote-attestation/,draft-birkholz-rats-basic-yang-module,draft-birkholz-yang-basic-remote-attestation,1.0,0.43137254901960786,1.0,1.0,0.8578431372549019,True
9697,Detecting RPKI Repository Delta Protocol (RRDP) Session Desynchronization,2024,/api/v1/doc/document/draft-ietf-sidrops-rrdp-desynchronization/,/api/v1/doc/document/draft-spaghetti-sidrops-rrdp-desynchronization/,draft-ietf-sidrops-rrdp-desynchronization,draft-spaghetti-sidrops-rrdp-desynchronization,1.0,0.8461538461538461,1.0,1.0,0.9615384615384616,True
9691,A Profile for Resource Public Key Infrastructure (RPKI) Trust Anchor Keys (TAKs),2024,/api/v1/doc/document/draft-ietf-sidrops-signed-tal/,/api/v1/doc/document/draft-tbruijnzeels-sidrops-signed-tal/,draft-ietf-sidrops-signed-tal,draft-tbruijnzeels-sidrops-signed-tal,0.7692307692307693,0.7142857142857143,0.6666666666666666,1.0,0.758058608058608,True
9639,Free Lossless Audio Codec (FLAC),2024,/api/v1/doc/document/draft-ietf-cellar-flac/,/api/v1/doc/document/draft-weaver-cellar-flac/,draft-ietf-cellar-flac,draft-weaver-cellar-flac,1.0,0.5333333333333333,1.0,1.0,0.8833333333333334,True
9639,Free Lossless Audio Codec (FLAC),2024,/api/v1/doc/document/draft-weaver-cellar-flac/,/api/v1/doc/document/draft-xiph-cellar-flac/,draft-weaver-cellar-flac,draft-xiph-cellar-flac,1.0,1.0,1.0,1.0,0.9999999999999999,True
9679,CBOR Object Signing and Encryption (COSE) Key Thumbprint,2024,/api/v1/doc/document/draft-ietf-cose-key-thumbprint/,/api/v1/doc/document/draft-isobe-cose-key-thumbprint/,draft-ietf-cose-key-thumbprint,draft-isobe-cose-key-thumbprint,0.5205479452054794,0.8484848484848485,0.6666666666666666,1.0,0.6797011207970112,True
9703,Label Switched Path (LSP) Ping/Traceroute for Segment Routing (SR) Egress Peer Engineering (EPE) Segment Identifiers (SIDs) with MPLS Data Plane,2024,/api/v1/doc/document/draft-ietf-mpls-sr-epe-oam/,/api/v1/doc/document/draft-hegde-mpls-spring-epe-oam/,draft-ietf-mpls-sr-epe-oam,draft-hegde-mpls-spring-epe-oam,0.9962264150943396,0.6896551724137931,0.8823529411764706,1.0,0.8971862681311953,True
9699,Use Case for an Extended Reality Application on Edge Computing Infrastructure,2024,/api/v1/doc/document/draft-ietf-mops-ar-use-case/,/api/v1/doc/document/draft-krishna-mops-ar-use-case/,draft-ietf-mops-ar-use-case,draft-krishna-mops-ar-use-case,0.9523809523809523,0.8148148148148148,0.8181818181818182,1.0,0.8959114959114959,True
9702,YANG Data Model for Maximum Segment Identifier (SID) Depth (MSD) Types and MPLS MSD,2025,/api/v1/doc/document/draft-ietf-mpls-msd-yang/,/api/v1/doc/document/draft-qu-mpls-mpls-msd-yang/,draft-ietf-mpls-msd-yang,draft-qu-mpls-mpls-msd-yang,0.4842105263157895,0.6153846153846154,0.6666666666666666,1.0,0.6050742240215924,True
9709,Encryption Key Derivation in the Cryptographic Message Syntax (CMS) Using HKDF with SHA-256,2025,/api/v1/doc/document/draft-ietf-lamps-cms-cek-hkdf-sha256/,/api/v1/doc/document/draft-housley-lamps-cms-cek-hkdf-sha256/,draft-ietf-lamps-cms-cek-hkdf-sha256,draft-housley-lamps-cms-cek-hkdf-sha256,1.0,0.8636363636363636,1.0,1.0,0.9659090909090909,True
9693,Benchmarking Methodology for Stateful NATxy Gateways,2025,/api/v1/doc/document/draft-ietf-bmwg-benchmarking-stateful/,/api/v1/doc/document/draft-lencse-bmwg-benchmarking-stateful/,draft-ietf-bmwg-benchmarking-stateful,draft-lencse-bmwg-benchmarking-stateful,1.0,0.8936170212765957,1.0,1.0,0.973404255319149,True
9706,TreeDN: Tree-Based Content Delivery Network (CDN) for Live Streaming to Mass Audiences,2025,/api/v1/doc/document/draft-ietf-mops-treedn/,/api/v1/doc/document/draft-giuliano-treedn/,draft-ietf-mops-treedn,draft-giuliano-treedn,1.0,1.0,1.0,1.0,0.9999999999999999,True
9713,Bundle Protocol Version 7 Administrative Record Types Registry,2025,/api/v1/doc/document/draft-ietf-dtn-bpv7-admin-iana/,/api/v1/doc/document/draft-sipos-dtn-bpv7-admin-iana/,draft-ietf-dtn-bpv7-admin-iana,draft-sipos-dtn-bpv7-admin-iana,1.0,0.8823529411764706,1.0,1.0,0.9705882352941176,True
9713,Bundle Protocol Version 7 Administrative Record Types Registry,2025,/api/v1/doc/document/draft-sipos-dtn-bpv7-admin-iana/,/api/v1/doc/document/draft-sipos-bpv7-admin-iana/,draft-sipos-dtn-bpv7-admin-iana,draft-sipos-bpv7-admin-iana,1.0,0.8823529411764706,1.0,1.0,0.9705882352941176,True
9720,RFC Formats and Versions,2025,/api/v1/doc/document/draft-rswg-rfc7990-updates/,/api/v1/doc/document/draft-hoffman-rfc7990-updates/,draft-rswg-rfc7990-updates,draft-hoffman-rfc7990-updates,0.6363636363636364,1.0,1.0,1.0,0.8363636363636363,True
9621,Architecture and Requirements for Transport Services,2025,/api/v1/doc/document/draft-ietf-taps-arch/,/api/v1/doc/document/draft-pauly-taps-arch/,draft-ietf-taps-arch,draft-pauly-taps-arch,0.7777777777777778,0.6153846153846154,0.75,1.0,0.7538461538461538,True
9718,DNSSEC Trust Anchor Publication for the Root Zone,2025,/api/v1/doc/document/draft-ietf-dnsop-rfc7958bis/,/api/v1/doc/document/draft-bash-rfc7958bis/,draft-ietf-dnsop-rfc7958bis,draft-bash-rfc7958bis,1.0,1.0,1.0,1.0,0.9999999999999999,True
9715,IP Fragmentation Avoidance in DNS over UDP,2025,/api/v1/doc/document/draft-ietf-dnsop-avoid-fragmentation/,/api/v1/doc/document/draft-fujiwara-dnsop-avoid-fragmentation/,draft-ietf-dnsop-avoid-fragmentation,draft-fujiwara-dnsop-avoid-fragmentation,0.8333333333333334,0.8636363636363636,0.6666666666666666,1.0,0.8242424242424242,True
9717,A Routing Architecture for Satellite Networks,2025,/api/v1/doc/document/draft-li-arch-sat/,/api/v1/doc/document/draft-li-tvr-architecture/,draft-li-arch-sat,draft-li-tvr-architecture,1.0,0.4166666666666667,1.0,1.0,0.8541666666666666,True
9704,Establishing Local DNS Authority in Validated Split-Horizon Environments,2025,/api/v1/doc/document/draft-ietf-add-split-horizon-authority/,/api/v1/doc/document/draft-reddy-add-enterprise-split-dns/,draft-ietf-add-split-horizon-authority,draft-reddy-add-enterprise-split-dns,0.9253731343283582,0.2978723404255319,0.875,1.0,0.7658859955541442,True
9700,Best Current Practice for OAuth 2.0 Security,2025,/api/v1/doc/document/draft-ietf-oauth-security-topics/,/api/v1/doc/document/draft-lodderstedt-oauth-security-topics/,draft-ietf-oauth-security-topics,draft-lodderstedt-oauth-security-topics,0.6229508196721312,0.8333333333333334,0.6666666666666666,1.0,0.7219945355191256,True
9701,JSON Web Token (JWT) Response for OAuth Token Introspection,2025,/api/v1/doc/document/draft-ietf-oauth-jwt-introspection-response/,/api/v1/doc/document/draft-lodderstedt-oauth-jwt-introspection-response/,draft-ietf-oauth-jwt-introspection-response,draft-lodderstedt-oauth-jwt-introspection-response,1.0,0.896551724137931,1.0,1.0,0.9741379310344828,True
9735,Locator/ID Separation Protocol (LISP) Distinguished Name Encoding,2025,/api/v1/doc/document/draft-ietf-lisp-name-encoding/,/api/v1/doc/document/draft-farinacci-lisp-name-encoding/,draft-ietf-lisp-name-encoding,draft-farinacci-lisp-name-encoding,1.0,0.8387096774193549,1.0,1.0,0.9596774193548386,True
9716,Mechanisms for MPLS Ping and Traceroute Procedures in Inter-Domain Segment Routing Networks,2025,/api/v1/doc/document/draft-ietf-mpls-spring-inter-domain-oam/,/api/v1/doc/document/draft-ninan-mpls-spring-inter-domain-oam/,draft-ietf-mpls-spring-inter-domain-oam,draft-ninan-mpls-spring-inter-domain-oam,0.8160919540229885,0.9019607843137255,0.8,1.0,0.8527315753887762,True
9716,Mechanisms for MPLS Ping and Traceroute Procedures in Inter-Domain Segment Routing Networks,2025,/api/v1/doc/document/draft-ninan-mpls-spring-inter-domain-oam/,/api/v1/doc/document/draft-ninan-spring-mpls-inter-as-oam/,draft-ninan-mpls-spring-inter-domain-oam,draft-ninan-spring-mpls-inter-as-oam,0.9565217391304348,0.6923076923076923,0.9,1.0,0.8835117056856188,True
9690,Use of the RSA-KEM Algorithm in the Cryptographic Message Syntax (CMS),2025,/api/v1/doc/document/draft-ietf-lamps-rfc5990bis/,/api/v1/doc/document/draft-housley-lamps-rfc5990bis/,draft-ietf-lamps-rfc5990bis,draft-housley-lamps-rfc5990bis,1.0,0.7692307692307693,1.0,1.0,0.9423076923076924,True
9609,Initializing a DNS Resolver with Priming Queries,2025,/api/v1/doc/document/draft-ietf-dnsop-rfc8109bis/,/api/v1/doc/document/draft-klh-dnsop-rfc8109bis/,draft-ietf-dnsop-rfc8109bis,draft-klh-dnsop-rfc8109bis,1.0,0.7692307692307693,1.0,1.0,0.9423076923076924,True
9734,X.509 Certificate Extended Key Usage (EKU) for Instant Messaging URIs,2025,/api/v1/doc/document/draft-ietf-lamps-im-keyusage/,/api/v1/doc/document/draft-mahy-lamps-im-keyusage/,draft-ietf-lamps-im-keyusage,draft-mahy-lamps-im-keyusage,1.0,0.7857142857142857,1.0,1.0,0.9464285714285715,True
9729,The Concealed HTTP Authentication Scheme,2025,/api/v1/doc/document/draft-ietf-httpbis-unprompted-auth/,/api/v1/doc/document/draft-schinazi-httpbis-unprompted-auth/,draft-ietf-httpbis-unprompted-auth,draft-schinazi-httpbis-unprompted-auth,0.5428571428571428,0.7894736842105263,0.6666666666666666,1.0,0.6749874686716791,True
9729,The Concealed HTTP Authentication Scheme,2025,/api/v1/doc/document/draft-schinazi-httpbis-unprompted-auth/,/api/v1/doc/document/draft-schinazi-httpbis-transport-auth/,draft-schinazi-httpbis-unprompted-auth,draft-schinazi-httpbis-transport-auth,1.0,0.7555555555555555,1.0,1.0,0.9388888888888888,True
9714,Encapsulation for MPLS Performance Measurement with the Alternate-Marking Method,2025,/api/v1/doc/document/draft-ietf-mpls-inband-pm-encapsulation/,/api/v1/doc/document/draft-cheng-mpls-inband-pm-encapsulation/,draft-ietf-mpls-inband-pm-encapsulation,draft-cheng-mpls-inband-pm-encapsulation,1.0,0.9019607843137255,1.0,1.0,0.9754901960784313,True
9710,Simple Fixes to the IP Flow Information Export (IPFIX) Entities IANA Registry,2025,/api/v1/doc/document/draft-ietf-opsawg-ipfix-fixes/,/api/v1/doc/document/draft-boucla-opsawg-ipfix-fixes/,draft-ietf-opsawg-ipfix-fixes,draft-boucla-opsawg-ipfix-fixes,0.9361702127659575,0.7586206896551724,0.8888888888888888,1.0,0.8887095459362517,True
9748,Updating the NTP Registries,2025,/api/v1/doc/document/draft-ietf-ntp-update-registries/,/api/v1/doc/document/draft-rsalz-update-registries/,draft-ietf-ntp-update-registries,draft-rsalz-update-registries,0.6296296296296297,1.0,1.0,1.0,0.8333333333333334,True
9733,BRSKI with Alternative Enrollment (BRSKI-AE),2025,/api/v1/doc/document/draft-ietf-anima-brski-ae/,/api/v1/doc/document/draft-ietf-anima-brski-async-enroll/,draft-ietf-anima-brski-ae,draft-ietf-anima-brski-async-enroll,1.0,0.6153846153846154,1.0,1.0,0.9038461538461539,True
9733,BRSKI with Alternative Enrollment (BRSKI-AE),2025,/api/v1/doc/document/draft-ietf-anima-brski-async-enroll/,/api/v1/doc/document/draft-fries-anima-brski-async-enroll/,draft-ietf-anima-brski-async-enroll,draft-fries-anima-brski-async-enroll,0.5376344086021505,0.8571428571428571,0.75,1.0,0.706221198156682,True
9740,New IPFIX Information Elements for TCP Options and IPv6 Extension Headers,2025,/api/v1/doc/document/draft-ietf-opsawg-ipfix-tcpo-v6eh/,/api/v1/doc/document/draft-boucadair-opsawg-ipfix-tcpo-v6eh/,draft-ietf-opsawg-ipfix-tcpo-v6eh,draft-boucadair-opsawg-ipfix-tcpo-v6eh,1.0,0.8108108108108109,1.0,1.0,0.9527027027027027,True
9678,Forward Secrecy Extension to the Improved Extensible Authentication Protocol Method for Authentication and Key Agreement (EAP-AKA' FS),2025,/api/v1/doc/document/draft-ietf-emu-aka-pfs/,/api/v1/doc/document/draft-arkko-eap-aka-pfs/,draft-ietf-emu-aka-pfs,draft-arkko-eap-aka-pfs,0.9617021276595744,0.7777777777777778,0.8181818181818182,1.0,0.8908467655276167,True
9730,Interworking of GMPLS Control and Centralized Controller Systems,2025,/api/v1/doc/document/draft-ietf-teas-gmpls-controller-inter-work/,/api/v1/doc/document/draft-zheng-teas-gmpls-controller-inter-work/,draft-ietf-teas-gmpls-controller-inter-work,draft-zheng-teas-gmpls-controller-inter-work,0.9921259842519685,0.9152542372881356,0.8,1.0,0.9352702522354197,True
9730,Interworking of GMPLS Control and Centralized Controller Systems,2025,/api/v1/doc/document/draft-zheng-teas-gmpls-controller-inter-work/,/api/v1/doc/document/draft-zheng-ccamp-gmpls-controller-inter-work/,draft-zheng-teas-gmpls-controller-inter-work,draft-zheng-ccamp-gmpls-controller-inter-work,1.0,0.8923076923076924,1.0,1.0,0.9730769230769231,True
9739,Protocol Independent Multicast Light (PIM Light),2025,/api/v1/doc/document/draft-ietf-pim-light/,/api/v1/doc/document/draft-hb-pim-light/,draft-ietf-pim-light,draft-hb-pim-light,0.32727272727272727,0.7142857142857143,0.5,1.0,0.5258441558441558,True
9741,Concise Data Definition Language (CDDL): Additional Control Operators for the Conversion and Processing of Text,2025,/api/v1/doc/document/draft-ietf-cbor-cddl-more-control/,/api/v1/doc/document/draft-bormann-cbor-cddl-more-control/,draft-ietf-cbor-cddl-more-control,draft-bormann-cbor-cddl-more-control,0.38848920863309355,0.8717948717948718,0.75,1.0,0.64276886183361,True
9746,BGP EVPN Multihoming Extensions for Split-Horizon Filtering,2025,/api/v1/doc/document/draft-ietf-bess-evpn-mh-split-horizon/,/api/v1/doc/document/draft-nr-bess-evpn-mh-split-horizon/,draft-ietf-bess-evpn-mh-split-horizon,draft-nr-bess-evpn-mh-split-horizon,0.9655172413793104,0.8936170212765957,0.875,1.0,0.9328870139398386,True
9743,Specifying New Congestion Control Algorithms,2025,/api/v1/doc/document/draft-ietf-ccwg-rfc5033bis/,/api/v1/doc/document/draft-scheffenegger-congress-rfc5033bis/,draft-ietf-ccwg-rfc5033bis,draft-scheffenegger-congress-rfc5033bis,1.0,0.6896551724137931,1.0,1.0,0.9224137931034483,True
9756,Update to the IANA Path Communication Element Protocol (PCEP) Numbers Registration Procedures and the Allowance of Experimental Error Codes,2025,/api/v1/doc/document/draft-ietf-pce-iana-update/,/api/v1/doc/document/draft-dhody-pce-iana-update/,draft-ietf-pce-iana-update,draft-dhody-pce-iana-update,0.5911949685534591,0.8461538461538461,0.6666666666666666,1.0,0.7109095307208514,True
9756,Update to the IANA Path Communication Element Protocol (PCEP) Numbers Registration Procedures and the Allowance of Experimental Error Codes,2025,/api/v1/doc/document/draft-ietf-pce-iana-update/,/api/v1/doc/document/draft-farrel-pce-experimental-errors/,draft-ietf-pce-iana-update,draft-farrel-pce-experimental-errors,0.3548387096774194,0.23529411764705882,0.2857142857142857,1.0,0.37564380590946056,False
9736,The BGP Monitoring Protocol (BMP) Peer Up Message Namespace,2025,/api/v1/doc/document/draft-ietf-grow-bmp-peer-up/,/api/v1/doc/document/draft-scudder-grow-bmp-peer-up/,draft-ietf-grow-bmp-peer-up,draft-scudder-grow-bmp-peer-up,1.0,0.8148148148148148,1.0,1.0,0.9537037037037036,True
9757,Path Computation Element Communication Protocol (PCEP) Extensions for Native IP Networks,2025,/api/v1/doc/document/draft-ietf-pce-pcep-extension-native-ip/,/api/v1/doc/document/draft-wang-pce-pcep-extension-native-ip/,draft-ietf-pce-pcep-extension-native-ip,draft-wang-pce-pcep-extension-native-ip,0.5901639344262295,0.9230769230769231,0.75,1.0,0.746343001261034,True
9744,EVPN Virtual Private Wire Service (VPWS) Flexible Cross-Connect (FXC) Service,2025,/api/v1/doc/document/draft-ietf-bess-evpn-vpws-fxc/,/api/v1/doc/document/draft-sajassi-bess-evpn-vpws-fxc/,draft-ietf-bess-evpn-vpws-fxc,draft-sajassi-bess-evpn-vpws-fxc,1.0,0.8387096774193549,1.0,1.0,0.9596774193548386,True
9749,Use of Voluntary Application Server Identification (VAPID) in JSON Meta Application Protocol (JMAP) Web Push,2025,/api/v1/doc/document/draft-ietf-jmap-webpush-vapid/,/api/v1/doc/document/draft-gultsch-jmap-webpush-vapid/,draft-ietf-jmap-webpush-vapid,draft-gultsch-jmap-webpush-vapid,1.0,0.8387096774193549,1.0,1.0,0.9596774193548386,True
9724,State of Affairs for Randomized and Changing Media Access Control (MAC) Addresses,2025,/api/v1/doc/document/draft-ietf-madinas-mac-address-randomization/,/api/v1/doc/document/draft-zuniga-mac-address-randomization/,draft-ietf-madinas-mac-address-randomization,draft-zuniga-mac-address-randomization,0.38961038961038963,1.0,1.0,1.0,0.7253246753246753,True
9724,State of Affairs for Randomized and Changing Media Access Control (MAC) Addresses,2025,/api/v1/doc/document/draft-ietf-madinas-mac-address-randomization/,/api/v1/doc/document/draft-zuniga-madinas-mac-address-randomization/,draft-ietf-madinas-mac-address-randomization,draft-zuniga-madinas-mac-address-randomization,0.38961038961038963,0.8620689655172413,0.75,1.0,0.6408419167039857,False
9745,The Deprecation HTTP Response Header Field,2025,/api/v1/doc/document/draft-ietf-httpapi-deprecation-header/,/api/v1/doc/document/draft-dalal-deprecation-header/,draft-ietf-httpapi-deprecation-header,draft-dalal-deprecation-header,1.0,1.0,1.0,1.0,0.9999999999999999,True
9694,Guidelines for the Definition of New Top-Level Media Types,2025,/api/v1/doc/document/draft-ietf-mediaman-toplevel/,/api/v1/doc/document/draft-duerst-mediaman-toplevel/,draft-ietf-mediaman-toplevel,draft-duerst-mediaman-toplevel,1.0,0.64,1.0,1.0,0.91,True
9695,The 'haptics' Top-Level Media Type,2025,/api/v1/doc/document/draft-ietf-mediaman-haptics/,/api/v1/doc/document/draft-muthusamy-dispatch-haptics/,draft-ietf-mediaman-haptics,draft-muthusamy-dispatch-haptics,1.0,0.6086956521739131,1.0,1.0,0.9021739130434782,True
9751,Closing the RTP Payload Format Media Types Registry,2025,/api/v1/doc/document/draft-ietf-avtcore-rtp-payload-registry/,/api/v1/doc/document/draft-westerlund-avtcore-rtp-payload-registry/,draft-ietf-avtcore-rtp-payload-registry,draft-westerlund-avtcore-rtp-payload-registry,1.0,0.8333333333333334,1.0,1.0,0.9583333333333334,True
9705,Refresh-Interval Independent RSVP Fast Reroute Facility Protection,2025,/api/v1/doc/document/draft-ietf-mpls-ri-rsvp-frr/,/api/v1/doc/document/draft-chandra-mpls-ri-rsvp-frr/,draft-ietf-mpls-ri-rsvp-frr,draft-chandra-mpls-ri-rsvp-frr,1.0,0.8148148148148148,1.0,1.0,0.9537037037037036,True
9705,Refresh-Interval Independent RSVP Fast Reroute Facility Protection,2025,/api/v1/doc/document/draft-chandra-mpls-ri-rsvp-frr/,/api/v1/doc/document/draft-chandra-mpls-enhanced-frr-bypass/,draft-chandra-mpls-ri-rsvp-frr,draft-chandra-mpls-enhanced-frr-bypass,1.0,0.45,1.0,1.0,0.8624999999999999,True
9725,WebRTC-HTTP Ingestion Protocol (WHIP),2025,/api/v1/doc/document/draft-ietf-wish-whip/,/api/v1/doc/document/draft-murillo-whip/,draft-ietf-wish-whip,draft-murillo-whip,1.0,1.0,1.0,1.0,0.9999999999999999,True
9747,Unaffiliated Bidirectional Forwarding Detection (BFD) Echo,2025,/api/v1/doc/document/draft-ietf-bfd-unaffiliated-echo/,/api/v1/doc/document/draft-cw-bfd-unaffiliated-echo/,draft-ietf-bfd-unaffiliated-echo,draft-cw-bfd-unaffiliated-echo,0.4883720930232558,0.8947368421052632,0.6666666666666666,1.0,0.6767849857201143,True
9731,A YANG Data Model for Virtual Network (VN) Operations,2025,/api/v1/doc/document/draft-ietf-teas-actn-vn-yang/,/api/v1/doc/document/draft-lee-teas-actn-vn-yang/,draft-ietf-teas-actn-vn-yang,draft-lee-teas-actn-vn-yang,0.8222222222222222,0.8275862068965517,0.6666666666666666,1.0,0.8102298850574712,True
9732,A Framework for NRP-Based Enhanced Virtual Private Networks,2025,/api/v1/doc/document/draft-ietf-teas-enhanced-vpn/,/api/v1/doc/document/draft-dong-teas-enhanced-vpn/,draft-ietf-teas-enhanced-vpn,draft-dong-teas-enhanced-vpn,0.6666666666666666,0.8275862068965517,0.6666666666666666,1.0,0.7402298850574712,True
9732,A Framework for NRP-Based Enhanced Virtual Private Networks,2025,/api/v1/doc/document/draft-dong-teas-enhanced-vpn/,/api/v1/doc/document/draft-bryant-rtgwg-enhanced-vpn/,draft-dong-teas-enhanced-vpn,draft-bryant-rtgwg-enhanced-vpn,0.7551020408163265,0.8,0.7142857142857143,1.0,0.7826530612244897,True
9626,Video Frame Marking RTP Header Extension,2025,/api/v1/doc/document/draft-ietf-avtext-framemarking/,/api/v1/doc/document/draft-berger-avtext-framemarking/,draft-ietf-avtext-framemarking,draft-berger-avtext-framemarking,0.918918918918919,0.7741935483870968,0.8333333333333334,1.0,0.8737285672769545,True
9627,The Layer Refresh Request (LRR) RTCP Feedback Message,2025,/api/v1/doc/document/draft-ietf-avtext-lrr/,/api/v1/doc/document/draft-lennox-avtext-lrr/,draft-ietf-avtext-lrr,draft-lennox-avtext-lrr,1.0,0.46153846153846156,1.0,1.0,0.8653846153846153,True
9628,RTP Payload Format for VP9 Video,2025,/api/v1/doc/document/draft-ietf-payload-vp9/,/api/v1/doc/document/draft-uberti-payload-vp9/,draft-ietf-payload-vp9,draft-uberti-payload-vp9,1.0,0.42857142857142855,1.0,1.0,0.8571428571428571,True
9776,"Internet Group Management Protocol, Version 3",2025,/api/v1/doc/document/draft-ietf-pim-3376bis/,/api/v1/doc/document/draft-mcast-pim-3376bis/,draft-ietf-pim-3376bis,draft-mcast-pim-3376bis,1.0,0.7777777777777778,1.0,1.0,0.9444444444444445,True
9777,Multicast Listener Discovery Version 2 (MLDv2) for IPv6,2025,/api/v1/doc/document/draft-ietf-pim-3810bis/,/api/v1/doc/document/draft-mcast-pim-3810bis/,draft-ietf-pim-3810bis,draft-mcast-pim-3810bis,1.0,0.7777777777777778,1.0,1.0,0.9444444444444445,True
9778,IANA Considerations for Internet Group Management Protocols,2025,/api/v1/doc/document/draft-ietf-pim-3228bis/,/api/v1/doc/document/draft-haberman-pim-3228bis/,draft-ietf-pim-3228bis,draft-haberman-pim-3228bis,1.0,0.7777777777777778,1.0,1.0,0.9444444444444445,True
9726,Operational Considerations for Use of DNS in Internet of Things (IoT) Devices,2025,/api/v1/doc/document/draft-ietf-opsawg-mud-iot-dns-considerations/,/api/v1/doc/document/draft-richardson-opsawg-mud-iot-dns-considerations/,draft-ietf-opsawg-mud-iot-dns-considerations,draft-richardson-opsawg-mud-iot-dns-considerations,1.0,0.8813559322033898,1.0,1.0,0.9703389830508474,True
9692,RIFT: Routing in Fat Trees,2025,/api/v1/doc/document/draft-ietf-rift-rift/,/api/v1/doc/document/draft-przygienda-rift/,draft-ietf-rift-rift,draft-przygienda-rift,1.0,1.0,1.0,1.0,0.9999999999999999,True
9696,Routing in Fat Trees (RIFT) Applicability and Operational Considerations,2025,/api/v1/doc/document/draft-ietf-rift-applicability/,/api/v1/doc/document/draft-wei-rift-applicability/,draft-ietf-rift-applicability,draft-wei-rift-applicability,0.5373134328358209,0.8387096774193549,0.5,1.0,0.651468464130958,True
9764,Bidirectional Forwarding Detection (BFD) Encapsulated in Large Packets,2025,/api/v1/doc/document/draft-ietf-bfd-large-packets/,/api/v1/doc/document/draft-haas-bfd-large-packets/,draft-ietf-bfd-large-packets,draft-haas-bfd-large-packets,1.0,0.8666666666666667,1.0,1.0,0.9666666666666667,True
9752,Conveying Vendor-Specific Information in the Path Computation Element Communication Protocol (PCEP) Extensions for Stateful PCE,2025,/api/v1/doc/document/draft-ietf-pce-stateful-pce-vendor/,/api/v1/doc/document/draft-dhody-pce-stateful-pce-vendor/,draft-ietf-pce-stateful-pce-vendor,draft-dhody-pce-stateful-pce-vendor,1.0,0.9047619047619048,1.0,1.0,0.9761904761904762,True
9761,Manufacturer Usage Description (MUD) for TLS and DTLS Profiles for Internet of Things (IoT) Devices,2025,/api/v1/doc/document/draft-ietf-opsawg-mud-tls/,/api/v1/doc/document/draft-reddy-opsawg-mud-tls/,draft-ietf-opsawg-mud-tls,draft-reddy-opsawg-mud-tls,0.6868686868686869,0.6666666666666666,0.6666666666666666,1.0,0.709090909090909,True
9761,Manufacturer Usage Description (MUD) for TLS and DTLS Profiles for Internet of Things (IoT) Devices,2025,/api/v1/doc/document/draft-reddy-opsawg-mud-tls/,/api/v1/doc/document/draft-reddy-opswg-mud-tls/,draft-reddy-opsawg-mud-tls,draft-reddy-opswg-mud-tls,1.0,0.9629629629629629,1.0,1.0,0.9907407407407408,True
9753,Extension for Stateful PCE to Allow Optional Processing of Path Computation Element Communication Protocol (PCEP) Objects,2025,/api/v1/doc/document/draft-ietf-pce-stateful-pce-optional/,/api/v1/doc/document/draft-dhody-pce-stateful-pce-optional/,draft-ietf-pce-stateful-pce-optional,draft-dhody-pce-stateful-pce-optional,0.8402366863905325,0.9130434782608695,1.0,1.0,0.906367378440957,True
9750,The Messaging Layer Security (MLS) Architecture,2025,/api/v1/doc/document/draft-ietf-mls-architecture/,/api/v1/doc/document/draft-omara-mls-architecture/,draft-ietf-mls-architecture,draft-omara-mls-architecture,0.9024390243902439,0.8571428571428571,0.8,1.0,0.8803832752613241,True
9765,RADIUS/1.1: Leveraging Application-Layer Protocol Negotiation (ALPN) to Remove MD5,2025,/api/v1/doc/document/draft-ietf-radext-radiusv11/,/api/v1/doc/document/draft-dekok-radext-radiusv11/,draft-ietf-radext-radiusv11,draft-dekok-radext-radiusv11,0.3448275862068966,0.72,0.5,1.0,0.5351724137931034,True
9765,RADIUS/1.1: Leveraging Application-Layer Protocol Negotiation (ALPN) to Remove MD5,2025,/api/v1/doc/document/draft-dekok-radext-radiusv11/,/api/v1/doc/document/draft-dekok-radext-sradius/,draft-dekok-radext-radiusv11,draft-dekok-radext-sradius,0.3870967741935484,0.8666666666666667,0.5,1.0,0.5908602150537634,True
9728,OAuth 2.0 Protected Resource Metadata,2025,/api/v1/doc/document/draft-ietf-oauth-resource-metadata/,/api/v1/doc/document/draft-jones-oauth-resource-metadata/,draft-ietf-oauth-resource-metadata,draft-jones-oauth-resource-metadata,1.0,0.85,1.0,1.0,0.9625,True
9728,OAuth 2.0 Protected Resource Metadata,2025,/api/v1/doc/document/draft-ietf-oauth-resource-metadata/,/api/v1/doc/document/draft-parecki-oauth-authorization-server-discovery/,draft-ietf-oauth-resource-metadata,draft-parecki-oauth-authorization-server-discovery,0.33766233766233766,0.11320754716981132,0.14285714285714285,1.0,0.3088213673119333,False
9742,A YANG Data Model for Syslog Management,2025,/api/v1/doc/document/draft-ietf-netmod-syslog-model/,/api/v1/doc/document/draft-wildes-netmod-syslog-model/,draft-ietf-netmod-syslog-model,draft-wildes-netmod-syslog-model,0.2711864406779661,0.7741935483870968,0.6666666666666666,1.0,0.5489156187351922,True
9711,The Entity Attestation Token (EAT),2025,/api/v1/doc/document/draft-ietf-rats-eat/,/api/v1/doc/document/draft-mandyam-rats-eat/,draft-ietf-rats-eat,draft-mandyam-rats-eat,1.0,0.5454545454545454,1.0,1.0,0.8863636363636364,True
9721,Extended Mobility Procedures for Ethernet VPN Integrated Routing and Bridging (EVPN-IRB),2025,/api/v1/doc/document/draft-ietf-bess-evpn-irb-extended-mobility/,/api/v1/doc/document/draft-malhotra-bess-evpn-irb-extended-mobility/,draft-ietf-bess-evpn-irb-extended-mobility,draft-malhotra-bess-evpn-irb-extended-mobility,1.0,0.9122807017543859,1.0,1.0,0.9780701754385964,True
9771,Properties of Authenticated Encryption with Associated Data (AEAD) Algorithms,2025,/api/v1/doc/document/draft-irtf-cfrg-aead-properties/,/api/v1/doc/document/draft-bozhko-cfrg-aead-properties/,draft-irtf-cfrg-aead-properties,draft-bozhko-cfrg-aead-properties,1.0,0.8571428571428571,1.0,1.0,0.9642857142857143,True
9779,Performance Measurement for Segment Routing Networks with the MPLS Data Plane,2025,/api/v1/doc/document/draft-ietf-mpls-rfc6374-sr/,/api/v1/doc/document/draft-gandhi-mpls-rfc6374-sr/,draft-ietf-mpls-rfc6374-sr,draft-gandhi-mpls-rfc6374-sr,0.906832298136646,0.8,0.7272727272727273,1.0,0.8535290796160362,True
9779,Performance Measurement for Segment Routing Networks with the MPLS Data Plane,2025,/api/v1/doc/document/draft-gandhi-mpls-rfc6374-sr/,/api/v1/doc/document/draft-gandhi-spring-rfc6374-srpm-mpls/,draft-gandhi-mpls-rfc6374-sr,draft-gandhi-spring-rfc6374-srpm-mpls,0.906832298136646,0.6153846153846154,0.7272727272727273,1.0,0.8073752334621901,True
9779,Performance Measurement for Segment Routing Networks with the MPLS Data Plane,2025,/api/v1/doc/document/draft-gandhi-spring-rfc6374-srpm-mpls/,/api/v1/doc/document/draft-gandhi-spring-sr-mpls-pm/,draft-gandhi-spring-rfc6374-srpm-mpls,draft-gandhi-spring-sr-mpls-pm,0.9655172413793104,0.6829268292682927,1.0,1.0,0.9052144659377629,True
9774,Deprecation of AS_SET and AS_CONFED_SET in BGP,2025,/api/v1/doc/document/draft-ietf-idr-deprecate-as-set-confed-set/,/api/v1/doc/document/draft-kumari-deprecate-as-set-confed-set/,draft-ietf-idr-deprecate-as-set-confed-set,draft-kumari-deprecate-as-set-confed-set,1.0,1.0,1.0,1.0,0.9999999999999999,True
9758,Updates to the 'ipn' URI Scheme,2025,/api/v1/doc/document/draft-ietf-dtn-ipn-update/,/api/v1/doc/document/draft-taylor-dtn-ipn-update/,draft-ietf-dtn-ipn-update,draft-taylor-dtn-ipn-update,1.0,0.8333333333333334,1.0,1.0,0.9583333333333334,True
9769,NTP Interleaved Modes,2025,/api/v1/doc/document/draft-ietf-ntp-interleaved-modes/,/api/v1/doc/document/draft-mlichvar-ntp-interleaved-modes/,draft-ietf-ntp-interleaved-modes,draft-mlichvar-ntp-interleaved-modes,1.0,0.8947368421052632,1.0,1.0,0.9736842105263158,True
9781,A Concise Binary Object Representation (CBOR) Tag for Unprotected CBOR Web Token Claims Sets (UCCS),2025,/api/v1/doc/document/draft-ietf-rats-uccs/,/api/v1/doc/document/draft-birkholz-rats-uccs/,draft-ietf-rats-uccs,draft-birkholz-rats-uccs,1.0,0.6153846153846154,1.0,1.0,0.9038461538461539,True
9723,BGP Colored Prefix Routing (CPR) for Services Based on Segment Routing over IPv6 (SRv6),2025,/api/v1/doc/document/draft-ietf-idr-cpr/,/api/v1/doc/document/draft-wang-idr-cpr/,draft-ietf-idr-cpr,draft-wang-idr-cpr,1.0,0.6,1.0,1.0,0.9,True
9772,"Active Operations, Administration, and Maintenance (OAM) for Use in Generic Network Virtualization Encapsulation (Geneve)",2025,/api/v1/doc/document/draft-ietf-nvo3-geneve-oam/,/api/v1/doc/document/draft-mmbb-nvo3-geneve-oam/,draft-ietf-nvo3-geneve-oam,draft-mmbb-nvo3-geneve-oam,0.8571428571428571,0.8,0.75,1.0,0.8357142857142856,True
9780,Bidirectional Forwarding Detection (BFD) for Multipoint Networks over Point-to-Multipoint MPLS Label Switched Paths (LSPs),2025,/api/v1/doc/document/draft-ietf-mpls-p2mp-bfd/,/api/v1/doc/document/draft-mirsky-mpls-p2mp-bfd/,draft-ietf-mpls-p2mp-bfd,draft-mirsky-mpls-p2mp-bfd,0.6927374301675978,0.7619047619047619,0.6666666666666666,1.0,0.7355413673849428,True
9722,Fast Recovery for EVPN Designated Forwarder Election,2025,/api/v1/doc/document/draft-ietf-bess-evpn-fast-df-recovery/,/api/v1/doc/document/draft-sajassi-bess-evpn-fast-df-recovery/,draft-ietf-bess-evpn-fast-df-recovery,draft-sajassi-bess-evpn-fast-df-recovery,0.7906976744186046,0.8936170212765957,0.75,1.0,0.8292182088075211,True
9664,An EDNS(0) Option to Negotiate Leases on DNS Updates,2025,/api/v1/doc/document/draft-ietf-dnssd-update-lease/,/api/v1/doc/document/draft-sekar-dns-ul/,draft-ietf-dnssd-update-lease,draft-sekar-dns-ul,0.9900990099009901,0.2222222222222222,0.7142857142857143,1.0,0.743957252868144,True
9665,Service Registration Protocol for DNS-Based Service Discovery,2025,/api/v1/doc/document/draft-ietf-dnssd-srp/,/api/v1/doc/document/draft-sctl-service-registration/,draft-ietf-dnssd-srp,draft-sctl-service-registration,1.0,0.17391304347826086,1.0,1.0,0.7934782608695653,True
9792,Prefix Flag Extension for OSPFv2 and OSPFv3,2025,/api/v1/doc/document/draft-ietf-lsr-ospf-prefix-extended-flags/,/api/v1/doc/document/draft-chen-lsr-prefix-extended-flags/,draft-ietf-lsr-ospf-prefix-extended-flags,draft-chen-lsr-prefix-extended-flags,1.0,0.9019607843137255,1.0,1.0,0.9754901960784313,True
9770,Notification of Revoked Access Tokens in the Authentication and Authorization for Constrained Environments (ACE) Framework,2025,/api/v1/doc/document/draft-ietf-ace-revoked-token-notification/,/api/v1/doc/document/draft-tiloca-ace-revoked-token-notification/,draft-ietf-ace-revoked-token-notification,draft-tiloca-ace-revoked-token-notification,1.0,0.9285714285714286,1.0,1.0,0.9821428571428571,True
9727,api-catalog: A Well-Known URI and Link Relation to Help Discovery of APIs,2025,/api/v1/doc/document/draft-ietf-httpapi-api-catalog/,/api/v1/doc/document/draft-smith-api-catalog/,draft-ietf-httpapi-api-catalog,draft-smith-api-catalog,0.8571428571428571,1.0,1.0,1.0,0.9357142857142856,True
9803,Extensible Provisioning Protocol (EPP) Mapping for DNS Time-to-Live (TTL) Values,2025,/api/v1/doc/document/draft-ietf-regext-epp-ttl/,/api/v1/doc/document/draft-regext-brown-epp-ttl/,draft-ietf-regext-epp-ttl,draft-regext-brown-epp-ttl,1.0,0.7,1.0,1.0,0.9249999999999999,True
9763,Related Certificates for Use in Multiple Authentications within a Protocol,2025,/api/v1/doc/document/draft-ietf-lamps-cert-binding-for-multi-auth/,/api/v1/doc/document/draft-becker-guthrie-cert-binding-for-multi-auth/,draft-ietf-lamps-cert-binding-for-multi-auth,draft-becker-guthrie-cert-binding-for-multi-auth,1.0,0.8709677419354839,1.0,1.0,0.9677419354838709,True
9794,Terminology for Post-Quantum Traditional Hybrid Schemes,2025,/api/v1/doc/document/draft-ietf-pquip-pqt-hybrid-terminology/,/api/v1/doc/document/draft-driscoll-pqt-hybrid-terminology/,draft-ietf-pquip-pqt-hybrid-terminology,draft-driscoll-pqt-hybrid-terminology,1.0,1.0,1.0,1.0,0.9999999999999999,True
9762,Using Router Advertisements to Signal the Availability of DHCPv6 Prefix Delegation to Clients,2025,/api/v1/doc/document/draft-ietf-6man-pio-pflag/,/api/v1/doc/document/draft-collink-6man-pio-pflag/,draft-ietf-6man-pio-pflag,draft-collink-6man-pio-pflag,0.8849557522123894,0.782608695652174,0.6666666666666666,1.0,0.827215595741952,True
9773,ACME Renewal Information (ARI) Extension,2025,/api/v1/doc/document/draft-ietf-acme-ari/,/api/v1/doc/document/draft-aaron-acme-ari/,draft-ietf-acme-ari,draft-aaron-acme-ari,1.0,0.5454545454545454,1.0,1.0,0.8863636363636364,True
9805,Deprecation of the IPv6 Router Alert Option for New Protocols,2025,/api/v1/doc/document/draft-ietf-6man-deprecate-router-alert/,/api/v1/doc/document/draft-bonica-6man-deprecate-router-alert/,draft-ietf-6man-deprecate-router-alert,draft-bonica-6man-deprecate-router-alert,0.8269230769230769,0.8979591836734694,0.75,1.0,0.846605180533752,True
9802,Use of the HSS and XMSS Hash-Based Signature Algorithms in Internet X.509 Public Key Infrastructure,2025,/api/v1/doc/document/draft-ietf-lamps-x509-shbs/,/api/v1/doc/document/draft-gazdag-x509-shbs/,draft-ietf-lamps-x509-shbs,draft-gazdag-x509-shbs,0.449438202247191,1.0,1.0,1.0,0.7522471910112359,True
9802,Use of the HSS and XMSS Hash-Based Signature Algorithms in Internet X.509 Public Key Infrastructure,2025,/api/v1/doc/document/draft-gazdag-x509-shbs/,/api/v1/doc/document/draft-gazdag-x509-hash-sigs/,draft-gazdag-x509-shbs,draft-gazdag-x509-hash-sigs,0.8862275449101796,0.6956521739130435,0.5833333333333334,1.0,0.7893821053545084,True
9802,Use of the HSS and XMSS Hash-Based Signature Algorithms in Internet X.509 Public Key Infrastructure,2025,/api/v1/doc/document/draft-gazdag-x509-hash-sigs/,/api/v1/doc/document/draft-vangeest-x509-hash-sigs/,draft-gazdag-x509-hash-sigs,draft-vangeest-x509-hash-sigs,0.43956043956043955,1.0,1.0,1.0,0.7478021978021977,True
9798,PIM Join/Prune Attributes for Locator/ID Separation Protocol (LISP) Environments Using Underlay Multicast,2025,/api/v1/doc/document/draft-ietf-pim-jp-extensions-lisp/,/api/v1/doc/document/draft-vgovindan-pim-jp-extensions-lisp/,draft-ietf-pim-jp-extensions-lisp,draft-vgovindan-pim-jp-extensions-lisp,1.0,0.9,1.0,1.0,0.975,True
9799,"Automated Certificate Management Environment (ACME) Extensions for "".onion"" Special-Use Domain Names",2025,/api/v1/doc/document/draft-ietf-acme-onion/,/api/v1/doc/document/draft-misell-acme-onion/,draft-ietf-acme-onion,draft-misell-acme-onion,0.9325842696629213,0.6666666666666666,0.8181818181818182,1.0,0.8499659516513449,True
9797,"Randomized and Changing Media Access Control (MAC) Addresses: Context, Network Impacts, and Use Cases",2025,/api/v1/doc/document/draft-ietf-madinas-use-cases/,/api/v1/doc/document/draft-henry-madinas-framework/,draft-ietf-madinas-use-cases,draft-henry-madinas-framework,0.7627118644067796,0.23076923076923078,0.6666666666666666,1.0,0.6342459800086918,True
9784,Virtual Ethernet Segments for EVPN and Provider Backbone Bridge EVPN,2025,/api/v1/doc/document/draft-ietf-bess-evpn-virtual-eth-segment/,/api/v1/doc/document/draft-sajassi-bess-evpn-virtual-eth-segment/,draft-ietf-bess-evpn-virtual-eth-segment,draft-sajassi-bess-evpn-virtual-eth-segment,1.0,0.9056603773584906,1.0,1.0,0.9764150943396227,True
9785,Preference-Based EVPN Designated Forwarder (DF) Election,2025,/api/v1/doc/document/draft-ietf-bess-evpn-pref-df/,/api/v1/doc/document/draft-rabadan-bess-evpn-pref-df/,draft-ietf-bess-evpn-pref-df,draft-rabadan-bess-evpn-pref-df,1.0,0.8275862068965517,1.0,1.0,0.956896551724138,True
9786,EVPN Port-Active Redundancy Mode,2025,/api/v1/doc/document/draft-ietf-bess-evpn-mh-pa/,/api/v1/doc/document/draft-brissette-bess-evpn-mh-pa/,draft-ietf-bess-evpn-mh-pa,draft-brissette-bess-evpn-mh-pa,0.5526315789473685,0.8,0.5,1.0,0.6486842105263158,True
9806,Updates to SIP-Based Media Recording (SIPREC) to Correct Metadata Media Type,2025,/api/v1/doc/document/draft-ietf-sipcore-siprec-fix-mediatype/,/api/v1/doc/document/draft-sipcore-siprec-fix-mediatype/,draft-ietf-sipcore-siprec-fix-mediatype,draft-sipcore-siprec-fix-mediatype,1.0,1.0,1.0,1.0,0.9999999999999999,True
9806,Updates to SIP-Based Media Recording (SIPREC) to Correct Metadata Media Type,2025,/api/v1/doc/document/draft-sipcore-siprec-fix-mediatype/,/api/v1/doc/document/draft-mongrain-sipcore-siprec-fix-mediatype/,draft-sipcore-siprec-fix-mediatype,draft-mongrain-sipcore-siprec-fix-mediatype,1.0,0.8333333333333334,1.0,1.0,0.9583333333333334,True
9800,Compressed SRv6 Segment List Encoding,2025,/api/v1/doc/document/draft-ietf-spring-srv6-srh-compression/,/api/v1/doc/document/draft-filsfilscheng-spring-srv6-srh-compression/,draft-ietf-spring-srv6-srh-compression,draft-filsfilscheng-spring-srv6-srh-compression,0.9069767441860465,0.851063829787234,0.75,1.0,0.8709054923305294,True
9800,Compressed SRv6 Segment List Encoding,2025,/api/v1/doc/document/draft-filsfilscheng-spring-srv6-srh-compression/,/api/v1/doc/document/draft-filsfilscheng-spring-srv6-srh-comp-sl-enc/,draft-filsfilscheng-spring-srv6-srh-compression,draft-filsfilscheng-spring-srv6-srh-comp-sl-enc,1.0,0.8148148148148148,1.0,1.0,0.9537037037037036,True
9789,MPLS Network Actions (MNAs) Framework,2025,/api/v1/doc/document/draft-ietf-mpls-mna-fwk/,/api/v1/doc/document/draft-andersson-mpls-mna-fwk/,draft-ietf-mpls-mna-fwk,draft-andersson-mpls-mna-fwk,0.9375,0.7368421052631579,0.8,1.0,0.8660855263157895,True
9789,MPLS Network Actions (MNAs) Framework,2025,/api/v1/doc/document/draft-andersson-mpls-mna-fwk/,/api/v1/doc/document/draft-andersson-mpls-miad-fwk/,draft-andersson-mpls-mna-fwk,draft-andersson-mpls-miad-fwk,0.6530612244897959,0.88,0.5,1.0,0.7138775510204081,True
9790,IANA Registry and Processing Recommendations for the First Nibble Following a Label Stack,2025,/api/v1/doc/document/draft-ietf-mpls-1stnibble/,/api/v1/doc/document/draft-kbbma-mpls-1stnibble/,draft-ietf-mpls-1stnibble,draft-kbbma-mpls-1stnibble,0.7891156462585034,0.782608695652174,0.7777777777777778,1.0,0.8063097702849256,True
9791,Use Cases for MPLS Network Action Indicators and Ancillary Data,2025,/api/v1/doc/document/draft-ietf-mpls-mna-usecases/,/api/v1/doc/document/draft-saad-mpls-miad-usecases/,draft-ietf-mpls-mna-usecases,draft-saad-mpls-miad-usecases,1.0,0.7333333333333333,1.0,1.0,0.9333333333333332,True
9795,Personal Assertion Token (PASSporT) Extension for Rich Call Data,2025,/api/v1/doc/document/draft-ietf-stir-passport-rcd/,/api/v1/doc/document/draft-peterson-stir-cnam/,draft-ietf-stir-passport-rcd,draft-peterson-stir-cnam,0.8169014084507042,0.09523809523809523,0.2857142857142857,1.0,0.5485580147551978,True
9796,SIP Call-Info Parameters for Rich Call Data,2025,/api/v1/doc/document/draft-ietf-sipcore-callinfo-rcd/,/api/v1/doc/document/draft-wendt-sipcore-callinfo-rcd/,draft-ietf-sipcore-callinfo-rcd,draft-wendt-sipcore-callinfo-rcd,1.0,0.75,1.0,1.0,0.9374999999999999,True
9801,Private Line Emulation over Packet Switched Networks,2025,/api/v1/doc/document/draft-ietf-pals-ple/,/api/v1/doc/document/draft-schmutzer-pals-ple/,draft-ietf-pals-ple,draft-schmutzer-pals-ple,1.0,0.5454545454545454,1.0,1.0,0.8863636363636364,True
9801,Private Line Emulation over Packet Switched Networks,2025,/api/v1/doc/document/draft-schmutzer-pals-ple/,/api/v1/doc/document/draft-schmutzer-bess-ple/,draft-schmutzer-pals-ple,draft-schmutzer-bess-ple,1.0,0.625,1.0,1.0,0.9062499999999999,True
9809,"X.509 Certificate Extended Key Usage (EKU) for Configuration, Updates, and Safety-Critical Communication",2025,/api/v1/doc/document/draft-ietf-lamps-automation-keyusages/,/api/v1/doc/document/draft-brockhaus-lamps-automation-keyusages/,draft-ietf-lamps-automation-keyusages,draft-brockhaus-lamps-automation-keyusages,0.582089552238806,0.8695652173913043,0.6666666666666666,1.0,0.712664936188622,True
9809,"X.509 Certificate Extended Key Usage (EKU) for Configuration, Updates, and Safety-Critical Communication",2025,/api/v1/doc/document/draft-brockhaus-lamps-automation-keyusages/,/api/v1/doc/document/draft-brockhaus-lamps-eu-rail-keyusages/,draft-brockhaus-lamps-automation-keyusages,draft-brockhaus-lamps-eu-rail-keyusages,0.7796610169491526,0.7346938775510204,0.6,1.0,0.7545209270148737,True
9813,Operational Considerations for Using TLS Pre-Shared Keys (TLS-PSKs) with RADIUS,2025,/api/v1/doc/document/draft-ietf-radext-tls-psk/,/api/v1/doc/document/draft-dekok-radext-tls-psk/,draft-ietf-radext-tls-psk,draft-dekok-radext-tls-psk,0.5373134328358209,0.6666666666666666,0.6666666666666666,1.0,0.6417910447761194,True
9829,Handling of Resource Public Key Infrastructure (RPKI) Certificate Revocation List (CRL) Number Extensions,2025,/api/v1/doc/document/draft-ietf-sidrops-rpki-crl-numbers/,/api/v1/doc/document/draft-spaghetti-sidrops-rpki-crl-numbers/,draft-ietf-sidrops-rpki-crl-numbers,draft-spaghetti-sidrops-rpki-crl-numbers,0.9351851851851852,0.8,0.8571428571428571,1.0,0.8922619047619048,True
9814,Use of the SLH-DSA Signature Algorithm in the Cryptographic Message Syntax (CMS),2025,/api/v1/doc/document/draft-ietf-lamps-cms-sphincs-plus/,/api/v1/doc/document/draft-housley-lamps-cms-sphincs-plus/,draft-ietf-lamps-cms-sphincs-plus,draft-housley-lamps-cms-sphincs-plus,0.9487179487179487,0.8421052631578947,0.75,1.0,0.8874493927125506,True
9819,Argument Signaling for BGP Services in Segment Routing over IPv6 (SRv6),2025,/api/v1/doc/document/draft-ietf-bess-bgp-srv6-args/,/api/v1/doc/document/draft-trr-bess-bgp-srv6-args/,draft-ietf-bess-bgp-srv6-args,draft-trr-bess-bgp-srv6-args,0.7920792079207921,0.8387096774193549,0.75,1.0,0.8161130629191952,True
9815,BGP Link State (BGP-LS) Shortest Path First (SPF) Routing,2025,/api/v1/doc/document/draft-ietf-lsvr-bgp-spf/,/api/v1/doc/document/draft-keyupate-lsvr-bgp-spf/,draft-ietf-lsvr-bgp-spf,draft-keyupate-lsvr-bgp-spf,0.4421052631578947,0.7368421052631579,0.6666666666666666,1.0,0.6164912280701754,True
9816,Usage and Applicability of BGP Link State (BGP-LS) Shortest Path First (SPF) Routing in Data Centers,2025,/api/v1/doc/document/draft-ietf-lsvr-applicability/,/api/v1/doc/document/draft-keyupate-lsvr-applicability/,draft-ietf-lsvr-applicability,draft-keyupate-lsvr-applicability,0.8258064516129032,0.8387096774193549,0.5833333333333334,1.0,0.7979569892473118,True
9807,The OPAQUE Augmented Password-Authenticated Key Exchange (aPAKE) Protocol,2025,/api/v1/doc/document/draft-irtf-cfrg-opaque/,/api/v1/doc/document/draft-krawczyk-cfrg-opaque/,draft-irtf-cfrg-opaque,draft-krawczyk-cfrg-opaque,0.8405797101449275,0.7058823529411765,0.5,1.0,0.7547314578005114,True
9818,DHCPv6 Prefix Delegation on IPv6 Customer Edge (CE) Routers in LANs,2025,/api/v1/doc/document/draft-ietf-v6ops-cpe-lan-pd/,/api/v1/doc/document/draft-winters-v6ops-cpe-lan-pd/,draft-ietf-v6ops-cpe-lan-pd,draft-winters-v6ops-cpe-lan-pd,0.9135802469135802,0.7692307692307693,0.8333333333333334,1.0,0.87008547008547,True
9808,Content Delivery Network Interconnection (CDNI) Capacity Capability Advertisement Extensions,2025,/api/v1/doc/document/draft-ietf-cdni-capacity-insights-extensions/,/api/v1/doc/document/draft-cdni-capacity-insights-extensions/,draft-ietf-cdni-capacity-insights-extensions,draft-cdni-capacity-insights-extensions,1.0,1.0,1.0,1.0,0.9999999999999999,True
9808,Content Delivery Network Interconnection (CDNI) Capacity Capability Advertisement Extensions,2025,/api/v1/doc/document/draft-ietf-cdni-capacity-insights-extensions/,/api/v1/doc/document/draft-ryan-cdni-capacity-insights-extensions/,draft-ietf-cdni-capacity-insights-extensions,draft-ryan-cdni-capacity-insights-extensions,0.9896907216494846,0.9180327868852459,0.75,1.0,0.9248690214635795,False
9808,Content Delivery Network Interconnection (CDNI) Capacity Capability Advertisement Extensions,2025,/api/v1/doc/document/draft-cdni-capacity-insights-extensions/,/api/v1/doc/document/draft-ryan-cdni-capacity-insights-extensions/,draft-cdni-capacity-insights-extensions,draft-ryan-cdni-capacity-insights-extensions,0.9896907216494846,0.9180327868852459,0.75,1.0,0.9248690214635795,True
9825,Extensions to OSPF for Advertising Prefix Administrative Tags,2025,/api/v1/doc/document/draft-ietf-lsr-ospf-admin-tags/,/api/v1/doc/document/draft-acee-ospf-admin-tags/,draft-ietf-lsr-ospf-admin-tags,draft-acee-ospf-admin-tags,0.9606299212598425,1.0,1.0,1.0,0.982283464566929,True
9825,Extensions to OSPF for Advertising Prefix Administrative Tags,2025,/api/v1/doc/document/draft-ietf-lsr-ospf-admin-tags/,/api/v1/doc/document/draft-acee-lsr-ospf-admin-tags/,draft-ietf-lsr-ospf-admin-tags,draft-acee-lsr-ospf-admin-tags,1.0,0.8823529411764706,1.0,1.0,0.9705882352941176,False
9817,Use Cases for In-Network Computing,2025,/api/v1/doc/document/draft-irtf-coinrg-use-cases/,/api/v1/doc/document/draft-kunze-coin-industrial-use-cases/,draft-irtf-coinrg-use-cases,draft-kunze-coin-industrial-use-cases,1.0,0.5294117647058824,1.0,1.0,0.8823529411764707,True
9837,The IPv6 VPN Service Destination Option,2025,/api/v1/doc/document/draft-ietf-6man-vpn-dest-opt/,/api/v1/doc/document/draft-bonica-6man-vpn-dest-opt/,draft-ietf-6man-vpn-dest-opt,draft-bonica-6man-vpn-dest-opt,1.0,0.8275862068965517,1.0,1.0,0.956896551724138,True
9844,Entering IPv6 Zone Identifiers in User Interfaces,2025,/api/v1/doc/document/draft-ietf-6man-zone-ui/,/api/v1/doc/document/draft-carpenter-6man-zone-ui/,draft-ietf-6man-zone-ui,draft-carpenter-6man-zone-ui,1.0,0.7368421052631579,1.0,1.0,0.9342105263157895,True
9787,Guidance on End-to-End Email Security,2025,/api/v1/doc/document/draft-ietf-lamps-e2e-mail-guidance/,/api/v1/doc/document/draft-dkg-lamps-e2e-mail-guidance/,draft-ietf-lamps-e2e-mail-guidance,draft-dkg-lamps-e2e-mail-guidance,1.0,0.85,1.0,1.0,0.9625,True
9828,RTP Payload Format for JPEG 2000 Streaming with Sub-Codestream Latency,2025,/api/v1/doc/document/draft-ietf-avtcore-rtp-j2k-scl/,/api/v1/doc/document/draft-lemieux-avtcore-rtp-j2k-scl/,draft-ietf-avtcore-rtp-j2k-scl,draft-lemieux-avtcore-rtp-j2k-scl,1.0,0.7333333333333333,1.0,1.0,0.9333333333333332,True
9826,A YANG Data Model for the Path Computation Element Communication Protocol (PCEP),2025,/api/v1/doc/document/draft-ietf-pce-pcep-yang/,/api/v1/doc/document/draft-pkd-pce-pcep-yang/,draft-ietf-pce-pcep-yang,draft-pkd-pce-pcep-yang,1.0,0.8181818181818182,1.0,1.0,0.9545454545454545,True
9830,Advertising Segment Routing Policies in BGP,2025,/api/v1/doc/document/draft-ietf-idr-sr-policy-safi/,/api/v1/doc/document/draft-ietf-idr-segment-routing-te-policy/,draft-ietf-idr-sr-policy-safi,draft-ietf-idr-segment-routing-te-policy,1.0,0.46153846153846156,1.0,1.0,0.8653846153846153,True
9830,Advertising Segment Routing Policies in BGP,2025,/api/v1/doc/document/draft-ietf-idr-segment-routing-te-policy/,/api/v1/doc/document/draft-previdi-idr-segment-routing-te-policy/,draft-ietf-idr-segment-routing-te-policy,draft-previdi-idr-segment-routing-te-policy,1.0,0.9259259259259259,1.0,1.0,0.9814814814814815,True
9830,Advertising Segment Routing Policies in BGP,2025,/api/v1/doc/document/draft-previdi-idr-segment-routing-te-policy/,/api/v1/doc/document/draft-sreekantiah-idr-segment-routing-te/,draft-previdi-idr-segment-routing-te-policy,draft-sreekantiah-idr-segment-routing-te,0.5894736842105263,0.8627450980392157,0.75,1.0,0.7309494324045408,True
9831,Segment Type Extensions for BGP Segment Routing (SR) Policy,2025,/api/v1/doc/document/draft-ietf-idr-bgp-sr-segtypes-ext/,/api/v1/doc/document/draft-ietf-idr-segment-routing-te-policy/,draft-ietf-idr-bgp-sr-segtypes-ext,draft-ietf-idr-segment-routing-te-policy,0.4158415841584158,0.22727272727272727,0.375,1.0,0.418946894689469,True
9831,Segment Type Extensions for BGP Segment Routing (SR) Policy,2025,/api/v1/doc/document/draft-ietf-idr-segment-routing-te-policy/,/api/v1/doc/document/draft-previdi-idr-segment-routing-te-policy/,draft-ietf-idr-segment-routing-te-policy,draft-previdi-idr-segment-routing-te-policy,1.0,0.9259259259259259,1.0,1.0,0.9814814814814815,True
9831,Segment Type Extensions for BGP Segment Routing (SR) Policy,2025,/api/v1/doc/document/draft-previdi-idr-segment-routing-te-policy/,/api/v1/doc/document/draft-sreekantiah-idr-segment-routing-te/,draft-previdi-idr-segment-routing-te-policy,draft-sreekantiah-idr-segment-routing-te,0.5894736842105263,0.8627450980392157,0.75,1.0,0.7309494324045408,True
9832,BGP Classful Transport Planes,2025,/api/v1/doc/document/draft-ietf-idr-bgp-ct/,/api/v1/doc/document/draft-ietf-idr-bgp-classful-transport-planes/,draft-ietf-idr-bgp-ct,draft-ietf-idr-bgp-classful-transport-planes,1.0,0.34285714285714286,1.0,1.0,0.8357142857142857,True
9832,BGP Classful Transport Planes,2025,/api/v1/doc/document/draft-ietf-idr-bgp-classful-transport-planes/,/api/v1/doc/document/draft-kaliraj-idr-bgp-classful-transport-planes/,draft-ietf-idr-bgp-classful-transport-planes,draft-kaliraj-idr-bgp-classful-transport-planes,1.0,0.9354838709677419,1.0,1.0,0.9838709677419354,True
9832,BGP Classful Transport Planes,2025,/api/v1/doc/document/draft-kaliraj-idr-bgp-classful-transport-planes/,/api/v1/doc/document/draft-kaliraj-idr-bgp-transport-vpn/,draft-kaliraj-idr-bgp-classful-transport-planes,draft-kaliraj-idr-bgp-transport-vpn,0.723404255319149,0.7407407407407407,0.5,1.0,0.7107171000788022,True
9843,"IGP Flexible Algorithms: Bandwidth, Delay, Metrics, and Constraints",2025,/api/v1/doc/document/draft-ietf-lsr-flex-algo-bw-con/,/api/v1/doc/document/draft-hegde-lsr-flex-algo-bw-con/,draft-ietf-lsr-flex-algo-bw-con,draft-hegde-lsr-flex-algo-bw-con,0.9672131147540983,0.8888888888888888,0.8571428571428571,1.0,0.928896695290138,True
9824,Compact Denial of Existence in DNSSEC,2025,/api/v1/doc/document/draft-ietf-dnsop-compact-denial-of-existence/,/api/v1/doc/document/draft-huque-dnsop-compact-lies/,draft-ietf-dnsop-compact-denial-of-existence,draft-huque-dnsop-compact-lies,1.0,0.4444444444444444,1.0,1.0,0.861111111111111,True
9856,Multicast Source Redundancy in EVPNs,2025,/api/v1/doc/document/draft-ietf-bess-evpn-redundant-mcast-source/,/api/v1/doc/document/draft-skr-bess-evpn-redundant-mcast-source/,draft-ietf-bess-evpn-redundant-mcast-source,draft-skr-bess-evpn-redundant-mcast-source,1.0,0.9152542372881356,1.0,1.0,0.9788135593220338,True
9859,Generalized DNS Notifications,2025,/api/v1/doc/document/draft-ietf-dnsop-generalized-notify/,/api/v1/doc/document/draft-thomassen-dnsop-generalized-dns-notify/,draft-ietf-dnsop-generalized-notify,draft-thomassen-dnsop-generalized-dns-notify,1.0,0.782608695652174,1.0,1.0,0.9456521739130436,True
9874,Best Practices for Deletion of Domain and Host Objects in the Extensible Provisioning Protocol (EPP),2025,/api/v1/doc/document/draft-ietf-regext-epp-delete-bcp/,/api/v1/doc/document/draft-hollenbeck-regext-epp-delete-bcp/,draft-ietf-regext-epp-delete-bcp,draft-hollenbeck-regext-epp-delete-bcp,1.0,0.8,1.0,1.0,0.9500000000000001,True
9833,A Common YANG Data Model for Attachment Circuits,2025,/api/v1/doc/document/draft-ietf-opsawg-teas-common-ac/,/api/v1/doc/document/draft-boro-opsawg-teas-common-ac/,draft-ietf-opsawg-teas-common-ac,draft-boro-opsawg-teas-common-ac,1.0,0.8,1.0,1.0,0.9500000000000001,True
9834,YANG Data Models for Bearers and Attachment Circuits as a Service (ACaaS),2025,/api/v1/doc/document/draft-ietf-opsawg-teas-attachment-circuit/,/api/v1/doc/document/draft-boro-opsawg-teas-attachment-circuit/,draft-ietf-opsawg-teas-attachment-circuit,draft-boro-opsawg-teas-attachment-circuit,0.9076923076923077,0.8679245283018868,0.875,1.0,0.9004426705370102,True
9835,A Network YANG Data Model for Attachment Circuits,2025,/api/v1/doc/document/draft-ietf-opsawg-ntw-attachment-circuit/,/api/v1/doc/document/draft-boro-opsawg-ntw-attachment-circuit/,draft-ietf-opsawg-ntw-attachment-circuit,draft-boro-opsawg-ntw-attachment-circuit,1.0,0.8627450980392157,1.0,1.0,0.9656862745098039,True
9836,A YANG Data Model for Augmenting VPN Service and Network Models with Attachment Circuits,2025,/api/v1/doc/document/draft-ietf-opsawg-ac-lxsm-lxnm-glue/,/api/v1/doc/document/draft-boro-opsawg-ac-lxsm-lxnm-glue/,draft-ietf-opsawg-ac-lxsm-lxnm-glue,draft-boro-opsawg-ac-lxsm-lxnm-glue,1.0,0.8292682926829268,1.0,1.0,0.9573170731707318,True
9842,Compression Dictionary Transport,2025,/api/v1/doc/document/draft-ietf-httpbis-compression-dictionary/,/api/v1/doc/document/draft-meenan-httpbis-compression-dictionary/,draft-ietf-httpbis-compression-dictionary,draft-meenan-httpbis-compression-dictionary,1.0,0.8461538461538461,1.0,1.0,0.9615384615384616,True
9872,Recommendations for Discovering IPv6 Prefix Used for IPv6 Address Synthesis,2025,/api/v1/doc/document/draft-ietf-v6ops-prefer8781/,/api/v1/doc/document/draft-buraglio-deprecate7050/,draft-ietf-v6ops-prefer8781,draft-buraglio-deprecate7050,0.7484662576687117,0.43478260869565216,0.45454545454545453,1.0,0.6364145590339242,True
9845,Challenges and Opportunities in Management for Green Networking,2025,/api/v1/doc/document/draft-irtf-nmrg-green-ps/,/api/v1/doc/document/draft-cx-green-ps/,draft-irtf-nmrg-green-ps,draft-cx-green-ps,1.0,1.0,1.0,1.0,0.9999999999999999,True
9868,Transport Options for UDP,2025,/api/v1/doc/document/draft-ietf-tsvwg-udp-options/,/api/v1/doc/document/draft-touch-tsvwg-udp-options/,draft-ietf-tsvwg-udp-options,draft-touch-tsvwg-udp-options,1.0,0.7857142857142857,1.0,1.0,0.9464285714285715,True
9869,Datagram Packetization Layer Path MTU Discovery (DPLPMTUD) for UDP Options,2025,/api/v1/doc/document/draft-ietf-tsvwg-udp-options-dplpmtud/,/api/v1/doc/document/draft-fairhurst-tsvwg-udp-options-dplpmtud/,draft-ietf-tsvwg-udp-options-dplpmtud,draft-fairhurst-tsvwg-udp-options-dplpmtud,1.0,0.8695652173913043,1.0,1.0,0.967391304347826,True
9870,Export of UDP Options Information in IP Flow Information Export (IPFIX),2025,/api/v1/doc/document/draft-ietf-opsawg-tsvwg-udp-ipfix/,/api/v1/doc/document/draft-boucadair-opsawg-tsvwg-udp-ipfix/,draft-ietf-opsawg-tsvwg-udp-ipfix,draft-boucadair-opsawg-tsvwg-udp-ipfix,1.0,0.8108108108108109,1.0,1.0,0.9527027027027027,True
9866,Root Node Failure Detector (RNFD): Fast Detection of Border Router Crashes in the Routing Protocol for Low-Power and Lossy Networks (RPL),2025,/api/v1/doc/document/draft-ietf-roll-rnfd/,/api/v1/doc/document/draft-iwanicki-roll-rnfd/,draft-ietf-roll-rnfd,draft-iwanicki-roll-rnfd,1.0,0.6153846153846154,1.0,1.0,0.9038461538461539,True
9865,Cursor-Based Pagination of System of Cross-domain Identity Management (SCIM) Resources,2025,/api/v1/doc/document/draft-ietf-scim-cursor-pagination/,/api/v1/doc/document/draft-peterson-scim-cursor-pagination/,draft-ietf-scim-cursor-pagination,draft-peterson-scim-cursor-pagination,1.0,0.8717948717948718,1.0,1.0,0.967948717948718,True
9873,Additional Email Address Extension for the Extensible Provisioning Protocol (EPP),2025,/api/v1/doc/document/draft-ietf-regext-epp-eai/,/api/v1/doc/document/draft-belyavskiy-epp-eai/,draft-ietf-regext-epp-eai,draft-belyavskiy-epp-eai,0.4888888888888889,1.0,1.0,1.0,0.7699999999999999,True
9861,KangarooTwelve and TurboSHAKE,2025,/api/v1/doc/document/draft-irtf-cfrg-kangarootwelve/,/api/v1/doc/document/draft-viguier-kangarootwelve/,draft-irtf-cfrg-kangarootwelve,draft-viguier-kangarootwelve,0.6511627906976745,1.0,1.0,1.0,0.8430232558139535,True
9877,Registration Data Access Protocol (RDAP) Extension for Geofeed Data,2025,/api/v1/doc/document/draft-ietf-regext-rdap-geofeed/,/api/v1/doc/document/draft-jasdips-regext-rdap-geofeed/,draft-ietf-regext-rdap-geofeed,draft-jasdips-regext-rdap-geofeed,0.6868686868686869,0.7741935483870968,0.6666666666666666,1.0,0.7359726295210166,True
9883,An Attribute for Statement of Possession of a Private Key,2025,/api/v1/doc/document/draft-ietf-lamps-private-key-stmt-attr/,/api/v1/doc/document/draft-housley-lamps-private-key-attest-attr/,draft-ietf-lamps-private-key-stmt-attr,draft-housley-lamps-private-key-attest-attr,1.0,0.76,1.0,1.0,0.9400000000000001,True
9812,Clarification of IPv6 Address Allocation Policy,2025,/api/v1/doc/document/draft-ietf-6man-addr-assign/,/api/v1/doc/document/draft-carpenter-6man-addr-assign/,draft-ietf-6man-addr-assign,draft-carpenter-6man-addr-assign,0.8297872340425532,0.8148148148148148,0.6666666666666666,1.0,0.8104412923561859,True
9855,Topology Independent Fast Reroute Using Segment Routing,2025,/api/v1/doc/document/draft-ietf-rtgwg-segment-routing-ti-lfa/,/api/v1/doc/document/draft-bashandy-rtgwg-segment-routing-ti-lfa/,draft-ietf-rtgwg-segment-routing-ti-lfa,draft-bashandy-rtgwg-segment-routing-ti-lfa,1.0,0.88,1.0,1.0,0.9700000000000001,True
9855,Topology Independent Fast Reroute Using Segment Routing,2025,/api/v1/doc/document/draft-bashandy-rtgwg-segment-routing-ti-lfa/,/api/v1/doc/document/draft-francois-rtgwg-segment-routing-ti-lfa/,draft-bashandy-rtgwg-segment-routing-ti-lfa,draft-francois-rtgwg-segment-routing-ti-lfa,0.15873015873015872,1.0,1.0,1.0,0.6214285714285713,True
9860,Multicast-Only Fast Reroute (MoFRR) Based on Topology Independent Loop-Free Alternate (TI-LFA) Fast Reroute,2025,/api/v1/doc/document/draft-ietf-pim-mofrr-tilfa/,/api/v1/doc/document/draft-liu-pim-mofrr-tilfa/,draft-ietf-pim-mofrr-tilfa,draft-liu-pim-mofrr-tilfa,0.9625668449197861,0.8461538461538461,0.9090909090909091,1.0,0.926511723570547,True
9857,Advertisement of Segment Routing Policies Using BGP - Link State,2025,/api/v1/doc/document/draft-ietf-idr-bgp-ls-sr-policy/,/api/v1/doc/document/draft-ietf-idr-te-lsp-distribution/,draft-ietf-idr-bgp-ls-sr-policy,draft-ietf-idr-te-lsp-distribution,0.5606060606060606,0.4,0.36363636363636365,1.0,0.525,True
9862,Path Computation Element Communication Protocol (PCEP) Extensions for Segment Routing (SR) Policy Candidate Paths,2025,/api/v1/doc/document/draft-ietf-pce-segment-routing-policy-cp/,/api/v1/doc/document/draft-barth-pce-segment-routing-policy-cp/,draft-ietf-pce-segment-routing-policy-cp,draft-barth-pce-segment-routing-policy-cp,0.6473988439306358,0.9259259259259259,0.75,1.0,0.7728109612502676,True
9863,Path Computation Element Protocol (PCEP) Extension for Color,2025,/api/v1/doc/document/draft-ietf-pce-pcep-color/,/api/v1/doc/document/draft-rajagopalan-pce-pcep-color/,draft-ietf-pce-pcep-color,draft-rajagopalan-pce-pcep-color,1.0,0.8333333333333334,1.0,1.0,0.9583333333333334,True
9863,Path Computation Element Protocol (PCEP) Extension for Color,2025,/api/v1/doc/document/draft-rajagopalan-pce-pcep-color/,/api/v1/doc/document/draft-rajagopalan-pcep-rsvp-color/,draft-rajagopalan-pce-pcep-color,draft-rajagopalan-pcep-rsvp-color,0.9586776859504132,0.7586206896551724,0.8571428571428571,1.0,0.8924887025200504,True
9884,Label Switched Path Ping for Segment Routing Path Segment Identifier with MPLS Data Plane,2025,/api/v1/doc/document/draft-ietf-mpls-spring-lsp-ping-path-sid/,/api/v1/doc/document/draft-xp-mpls-spring-lsp-ping-path-sid/,draft-ietf-mpls-spring-lsp-ping-path-sid,draft-xp-mpls-spring-lsp-ping-path-sid,0.9270833333333334,0.9056603773584906,0.8333333333333334,1.0,0.9102692610062894,True
9854,AODV-RPL: The Routing Protocol for Low-Power and Lossy Networks (RPL) Based on Ad Hoc On-Demand Distance Vector (AODV) Routing,2025,/api/v1/doc/document/draft-ietf-roll-aodv-rpl/,/api/v1/doc/document/draft-satish-roll-aodv-rpl/,draft-ietf-roll-aodv-rpl,draft-satish-roll-aodv-rpl,0.6101694915254238,0.7619047619047619,0.6666666666666666,1.0,0.6983857949959644,True
9881,Internet X.509 Public Key Infrastructure -- Algorithm Identifiers for the Module-Lattice-Based Digital Signature Algorithm (ML-DSA),2025,/api/v1/doc/document/draft-ietf-lamps-dilithium-certificates/,/api/v1/doc/document/draft-massimo-lamps-pq-sig-certificates/,draft-ietf-lamps-dilithium-certificates,draft-massimo-lamps-pq-sig-certificates,0.4888888888888889,0.5957446808510638,0.25,1.0,0.518936170212766,True
9882,Use of the ML-DSA Signature Algorithm in the Cryptographic Message Syntax (CMS),2025,/api/v1/doc/document/draft-ietf-lamps-cms-ml-dsa/,/api/v1/doc/document/draft-salter-lamps-cms-ml-dsa/,draft-ietf-lamps-cms-ml-dsa,draft-salter-lamps-cms-ml-dsa,1.0,0.7692307692307693,1.0,1.0,0.9423076923076924,True
9885,Multi-Part TLVs in IS-IS,2025,/api/v1/doc/document/draft-ietf-lsr-multi-tlv/,/api/v1/doc/document/draft-pkaneria-lsr-multi-tlv/,draft-ietf-lsr-multi-tlv,draft-pkaneria-lsr-multi-tlv,1.0,0.8181818181818182,1.0,1.0,0.9545454545454545,True
9875,HTTP Cache Groups,2025,/api/v1/doc/document/draft-ietf-httpbis-cache-groups/,/api/v1/doc/document/draft-nottingham-http-cache-groups/,draft-ietf-httpbis-cache-groups,draft-nottingham-http-cache-groups,1.0,0.8275862068965517,1.0,1.0,0.956896551724138,True
9864,Fully-Specified Algorithms for JSON Object Signing and Encryption (JOSE) and CBOR Object Signing and Encryption (COSE),2025,/api/v1/doc/document/draft-ietf-jose-fully-specified-algorithms/,/api/v1/doc/document/draft-jones-jose-fully-specified-algorithms/,draft-ietf-jose-fully-specified-algorithms,draft-jones-jose-fully-specified-algorithms,1.0,0.9122807017543859,1.0,1.0,0.9780701754385964,True
9867,Mixing Preshared Keys in the IKE_INTERMEDIATE and CREATE_CHILD_SA Exchanges of the Internet Key Exchange Protocol Version 2 (IKEv2) for Post-Quantum Security,2025,/api/v1/doc/document/draft-ietf-ipsecme-ikev2-qr-alt/,/api/v1/doc/document/draft-smyslov-ipsecme-ikev2-qr-alt/,draft-ietf-ipsecme-ikev2-qr-alt,draft-smyslov-ipsecme-ikev2-qr-alt,0.5656565656565656,0.75,0.6666666666666666,1.0,0.6753787878787878,True
9838,Group Key Management Using the Internet Key Exchange Protocol Version 2 (IKEv2),2025,/api/v1/doc/document/draft-ietf-ipsecme-g-ikev2/,/api/v1/doc/document/draft-yeung-g-ikev2/,draft-ietf-ipsecme-g-ikev2,draft-yeung-g-ikev2,1.0,1.0,1.0,1.0,0.9999999999999999,True
9889,A Realization of Network Slices for 5G Networks Using Current IP/MPLS Technologies,2025,/api/v1/doc/document/draft-ietf-teas-5g-ns-ip-mpls/,/api/v1/doc/document/draft-srld-teas-5g-slicing/,draft-ietf-teas-5g-ns-ip-mpls,draft-srld-teas-5g-slicing,0.9704142011834319,0.2857142857142857,0.8888888888888888,1.0,0.7858927397388936,True
9876,Updates to the IANA Registration Procedures for Constrained Application Protocol (CoAP) Content-Formats,2025,/api/v1/doc/document/draft-ietf-core-cf-reg-update/,/api/v1/doc/document/draft-fossati-core-cf-reg-update/,draft-ietf-core-cf-reg-update,draft-fossati-core-cf-reg-update,1.0,0.8387096774193549,1.0,1.0,0.9596774193548386,True
9878,Updates to Private Header (P-Header) Extension Usage in Session Initiation Protocol (SIP) Requests and Responses,2025,/api/v1/doc/document/draft-ietf-sipcore-rfc7976bis/,/api/v1/doc/document/draft-sipcore-rfc7976bis/,draft-ietf-sipcore-rfc7976bis,draft-sipcore-rfc7976bis,0.8202764976958525,1.0,1.0,1.0,0.9191244239631337,True
9878,Updates to Private Header (P-Header) Extension Usage in Session Initiation Protocol (SIP) Requests and Responses,2025,/api/v1/doc/document/draft-sipcore-rfc7976bis/,/api/v1/doc/document/draft-jesske-update-p-visited-network/,draft-sipcore-rfc7976bis,draft-jesske-update-p-visited-network,1.0,0.11764705882352941,1.0,1.0,0.7794117647058824,True
9901,Selective Disclosure for JSON Web Tokens,2025,/api/v1/doc/document/draft-ietf-oauth-selective-disclosure-jwt/,/api/v1/doc/document/draft-fett-oauth-selective-disclosure-jwt/,draft-ietf-oauth-selective-disclosure-jwt,draft-fett-oauth-selective-disclosure-jwt,0.9253731343283582,0.8888888888888888,0.75,1.0,0.8886401326699834,True
9901,Selective Disclosure for JSON Web Tokens,2025,/api/v1/doc/document/draft-fett-oauth-selective-disclosure-jwt/,/api/v1/doc/document/draft-fett-selective-disclosure-jwt/,draft-fett-oauth-selective-disclosure-jwt,draft-fett-selective-disclosure-jwt,1.0,0.8888888888888888,1.0,1.0,0.9722222222222222,True
9871,BGP Color-Aware Routing (CAR),2025,/api/v1/doc/document/draft-ietf-idr-bgp-car/,/api/v1/doc/document/draft-dskc-bess-bgp-car/,draft-ietf-idr-bgp-car,draft-dskc-bess-bgp-car,1.0,0.7368421052631579,1.0,1.0,0.9342105263157895,True
9891,Automated Certificate Management Environment (ACME) Delay-Tolerant Networking (DTN) Node ID Validation Extension,2025,/api/v1/doc/document/draft-ietf-acme-dtnnodeid/,/api/v1/doc/document/draft-sipos-acme-dtnnodeid/,draft-ietf-acme-dtnnodeid,draft-sipos-acme-dtnnodeid,1.0,0.782608695652174,1.0,1.0,0.9456521739130436,True
9904,DNSSEC Cryptographic Algorithm Recommendation Update Process,2025,/api/v1/doc/document/draft-ietf-dnsop-rfc8624-bis/,/api/v1/doc/document/draft-hardaker-dnsop-rfc8624-bis/,draft-ietf-dnsop-rfc8624-bis,draft-hardaker-dnsop-rfc8624-bis,1.0,0.7857142857142857,1.0,1.0,0.9464285714285715,True
9905,Deprecating the Use of SHA-1 in DNSSEC Signature Algorithms,2025,/api/v1/doc/document/draft-ietf-dnsop-must-not-sha1/,/api/v1/doc/document/draft-hardaker-dnsop-must-not-sha1/,draft-ietf-dnsop-must-not-sha1,draft-hardaker-dnsop-must-not-sha1,0.37623762376237624,0.8125,0.75,1.0,0.6224319306930693,True
9906,Deprecate Usage of ECC-GOST within DNSSEC,2025,/api/v1/doc/document/draft-ietf-dnsop-must-not-ecc-gost/,/api/v1/doc/document/draft-hardaker-dnsop-must-not-ecc-gost/,draft-ietf-dnsop-must-not-ecc-gost,draft-hardaker-dnsop-must-not-ecc-gost,0.5384615384615384,0.85,0.8,1.0,0.7148076923076924,True
9900,Updates to NETCONF Transport Port Numbers,2025,/api/v1/doc/document/draft-ietf-netconf-port-numbers/,/api/v1/doc/document/draft-boucadair-netconf-port-numbers/,draft-ietf-netconf-port-numbers,draft-boucadair-netconf-port-numbers,0.8450704225352113,0.75,0.8,1.0,0.827781690140845,True
9887,Terminal Access Controller Access-Control System Plus (TACACS+) over TLS 1.3,2025,/api/v1/doc/document/draft-ietf-opsawg-tacacs-tls13/,/api/v1/doc/document/draft-dahm-tacacs-tls13/,draft-ietf-opsawg-tacacs-tls13,draft-dahm-tacacs-tls13,0.2916666666666667,1.0,1.0,1.0,0.68125,True
9937,Proportional Rate Reduction (PRR),2025,/api/v1/doc/document/draft-ietf-tcpm-prr-rfc6937bis/,/api/v1/doc/document/draft-mathis-tcpm-rfc6937bis/,draft-ietf-tcpm-prr-rfc6937bis,draft-mathis-tcpm-rfc6937bis,0.8709677419354839,0.8275862068965517,0.75,1.0,0.8488320355951057,True
9899,Extensions to the YANG Data Model for Access Control Lists (ACLs),2025,/api/v1/doc/document/draft-ietf-netmod-acl-extensions/,/api/v1/doc/document/draft-dbb-netmod-acl/,draft-ietf-netmod-acl-extensions,draft-dbb-netmod-acl,1.0,0.25,1.0,1.0,0.8124999999999999,True
9909,Internet X.509 Public Key Infrastructure -- Algorithm Identifiers for the Stateless Hash-Based Digital Signature Algorithm (SLH-DSA),2025,/api/v1/doc/document/draft-ietf-lamps-x509-slhdsa/,/api/v1/doc/document/draft-gazdag-x509-slhdsa/,draft-ietf-lamps-x509-slhdsa,draft-gazdag-x509-slhdsa,1.0,1.0,1.0,1.0,0.9999999999999999,True
9909,Internet X.509 Public Key Infrastructure -- Algorithm Identifiers for the Stateless Hash-Based Digital Signature Algorithm (SLH-DSA),2025,/api/v1/doc/document/draft-gazdag-x509-slhdsa/,/api/v1/doc/document/draft-gazdag-x509-hash-sigs/,draft-gazdag-x509-slhdsa,draft-gazdag-x509-hash-sigs,0.9012345679012346,0.64,0.5833333333333334,1.0,0.7822222222222223,True
9909,Internet X.509 Public Key Infrastructure -- Algorithm Identifiers for the Stateless Hash-Based Digital Signature Algorithm (SLH-DSA),2025,/api/v1/doc/document/draft-gazdag-x509-hash-sigs/,/api/v1/doc/document/draft-vangeest-x509-hash-sigs/,draft-gazdag-x509-hash-sigs,draft-vangeest-x509-hash-sigs,0.43956043956043955,1.0,1.0,1.0,0.7478021978021977,True
9911,Common YANG Data Types,2025,/api/v1/doc/document/draft-ietf-netmod-rfc6991-bis/,/api/v1/doc/document/draft-schoenw-netmod-rfc6991-bis/,draft-ietf-netmod-rfc6991-bis,draft-schoenw-netmod-rfc6991-bis,1.0,0.7586206896551724,1.0,1.0,0.939655172413793,True
9847,IANA Registry Updates for TLS and DTLS,2025,/api/v1/doc/document/draft-ietf-tls-rfc8447bis/,/api/v1/doc/document/draft-salowey-tls-rfc8447bis/,draft-ietf-tls-rfc8447bis,draft-salowey-tls-rfc8447bis,1.0,0.8333333333333334,1.0,1.0,0.9583333333333334,True
9886,DRIP Entity Tags (DETs) in the Domain Name System,2025,/api/v1/doc/document/draft-ietf-drip-registries/,/api/v1/doc/document/draft-wiethuechter-drip-registries/,draft-ietf-drip-registries,draft-wiethuechter-drip-registries,0.3508771929824561,0.8,0.5,1.0,0.5578947368421052,True
