affiliation_raw,count,percentage
Cisco Systems,6212,6.845
Huawei,3684,4.06
Huawei Technologies,3249,3.58
Ericsson,2483,2.736
Cisco,2409,2.655
China Mobile,1980,2.182
Juniper Networks,1978,2.18
Nokia,1364,1.503
ZTE Corporation,1154,1.272
Microsoft,883,0.973
China Telecom,883,0.973
Google,873,0.962
Tsinghua University,736,0.811
Orange,652,0.718
"Cisco Systems, Inc.",610,0.672
Alcatel-Lucent,593,0.653
Nortel Networks,490,0.54
France Telecom,434,0.478
Verizon,385,0.424
China Unicom,379,0.418
Futurewei,377,0.415
NTT,373,0.411
Independent,365,0.402
Sun Microsystems,363,0.4
Telefonica,349,0.385
AT&T,346,0.381
ETRI,317,0.349
ZTE,315,0.347
New H3C Technologies,313,0.345
IBM,312,0.344
Microsoft Corporation,311,0.343
Comcast,310,0.342
Nokia Siemens Networks,301,0.332
Mozilla,291,0.321
CNNIC,290,0.32
Deutsche Telekom,282,0.311
Apple Inc.,268,0.295
ICANN,262,0.289
Alcatel,254,0.28
BT,235,0.259
"Huawei Technologies Co., Ltd",232,0.256
Juniper,230,0.253
Lucent Technologies,221,0.244
Huawei USA,220,0.242
NEC,216,0.238
Cloudflare,211,0.233
AT&T Labs,202,0.223
Consultant,200,0.22
Oracle,194,0.214
Individual,194,0.214
UC3M,193,0.213
Old Dog Consulting,190,0.209
Google LLC,189,0.208
Ericsson AB,184,0.203
Columbia University,183,0.202
"Google, Inc.",181,0.199
Universitaet Bremen TZI,180,0.198
Intel,178,0.196
Ciena,166,0.183
Telecom Italia,163,0.18
INRIA,161,0.177
Futurewei Technologies,161,0.177
Motorola,159,0.175
HPE,156,0.172
Siemens,155,0.171
Deutsche Telekom AG,153,0.169
Nortel,153,0.169
ZTE Corp.,152,0.167
Avaya,151,0.166
APNIC,150,0.165
CableLabs,145,0.16
ISC,144,0.159
Sandelman Software Works,142,0.156
"VeriSign, Inc.",141,0.155
Zhongguancun Laboratory,141,0.155
Soongsil University,139,0.153
dynamicsoft,136,0.15
Unaffiliated,135,0.149
Broadcom,133,0.147
Editor,132,0.145
The MITRE Corporation,132,0.145
Bell Canada,130,0.143
Nokia Research Center,126,0.139
cisco Systems,125,0.138
Vigil Security,125,0.138
BUPT,123,0.136
NetApp,123,0.136
Swisscom,121,0.133
University of Aberdeen,120,0.132
Viagenie,119,0.131
Fraunhofer SIT,119,0.131
Verizon Inc.,118,0.13
Akamai Technologies,117,0.129
Beijing Jiaotong University,117,0.129
ETH Zurich,115,0.127
Universität Bremen TZI,113,0.125
Fastly,110,0.121
Red Hat,108,0.119
Columbia U.,108,0.119
NIST,107,0.118
Qualcomm,107,0.118
Ping Identity,106,0.117
Yale University,105,0.116
"Huawei Technologies Co., Ltd.",104,0.115
CAICT,103,0.114
Arrcus,101,0.111
Isode Ltd,101,0.111
Apple,101,0.111
NLnet Labs,100,0.11
Arista Networks,99,0.109
University of Glasgow,98,0.108
"Juniper Networks, Inc.",98,0.108
NTT Communications,98,0.108
MIT,97,0.107
USC/ISI,97,0.107
Beijing University of Posts and Telecommunications,97,0.107
BBN Technologies,96,0.106
Painless Security,93,0.102
RIPE NCC,92,0.101
NeuStar,91,0.1
UCLouvain,90,0.099
VPN Consortium,89,0.098
Fujitsu,89,0.098
ISI,88,0.097
Cisco Systems Inc.,87,0.096
Panasonic,85,0.094
Facebook,85,0.094
Intel Corporation,84,0.093
Ciena Corporation,82,0.09
Juniper Networks Inc.,81,0.089
RISE AB,81,0.089
National Security Agency,80,0.088
Isode Limited,80,0.088
NICT,80,0.088
University of Oslo,80,0.088
Stanford University,79,0.087
"Google, Inc",79,0.087
lispers.net,79,0.087
IMT Atlantique,79,0.087
Aalto University,78,0.086
"Apple, Inc.",78,0.086
Keio University,77,0.085
UCLA,77,0.085
Redback Networks,77,0.085
Brocade,77,0.085
Meta,77,0.085
Akamai,76,0.084
Salesforce,76,0.084
Oracle Corporation,75,0.083
Verisign Labs,75,0.083
"Cisco Systems, Inc",74,0.082
IBM Corporation,73,0.08
Individual Contributor,73,0.08
Acme Packet,72,0.079
Univ. of Auckland,70,0.077
Samsung,70,0.077
Universidad Carlos III de Madrid,70,0.077
INSA-Lyon,70,0.077
Siemens AG,69,0.076
NEC Europe Ltd.,69,0.076
Ericsson Research,69,0.076
"Arrcus, Inc.",69,0.076
"Vigil Security, LLC",69,0.076
University College London,68,0.075
Xerox Corporation,68,0.075
Infinera,68,0.075
Tencent,68,0.075
Alibaba Group,67,0.074
HTT Consulting,67,0.074
Toshiba,66,0.073
sn3rd,66,0.073
Dell,65,0.072
Internet Systems Consortium,65,0.072
Arm Limited,65,0.072
LinkedIn,64,0.071
Telefonica I+D,63,0.069
Nvidia,63,0.069
Trinity College Dublin,62,0.068
"LIX, Ecole Polytechnique",62,0.068
Network Zen,62,0.068
"LabN Consulting, L.L.C.",62,0.068
IECA,61,0.067
Polycom,61,0.067
France Telecom Orange,61,0.067
Chongqing University of,61,0.067
Harvard University,60,0.066
KT,60,0.066
Marvell,60,0.066
IIT Madras,60,0.066
University of Murcia,59,0.065
BBN,59,0.065
Hewlett-Packard,59,0.065
HAW Hamburg,59,0.065
Andrew Corporation,59,0.065
Check Point,58,0.064
"RTFM, Inc.",58,0.064
CERNET Center/Tsinghua University,58,0.064
Internet Initiative Japan,58,0.064
Verisign,58,0.064
Acklio,57,0.063
InterDigital Communications,57,0.063
Inria,57,0.063
KDDI Corporation,57,0.063
Vodafone,57,0.063
VMware,57,0.063
Comodo Group Inc.,56,0.062
Brandenburg InternetWorking,56,0.062
Apple Inc,56,0.062
Tail-f Systems,56,0.062
ELVIS-PLUS,55,0.061
Okta,55,0.061
greenbytes,54,0.06
Google Inc.,54,0.06
Amazon,54,0.06
Entrust Limited,54,0.06
InterDigital,53,0.058
UC Berkeley,53,0.058
"Qualcomm, Inc.",53,0.058
Orange Labs,53,0.058
France Telecom R&D,53,0.058
Kyung Hee University,53,0.058
Fastmail,53,0.058
cisco,52,0.057
Telcordia Technologies,52,0.057
CERNET Center/Tsinghua,52,0.057
Private Octopus Inc.,52,0.057
Microsoft Corp.,51,0.056
SoftBank,51,0.056
Tekelec,50,0.055
"NeuStar, Inc.",50,0.055
Innosoft,49,0.054
Bell Labs,49,0.054
Extreme Networks,49,0.054
Sun,49,0.054
Bloomberg LP,48,0.053
University of Cambridge,48,0.053
IP Infusion,48,0.053
Neustar,48,0.053
Samsung Electronics,48,0.053
Cisco Systems Inc,48,0.053
Lancaster University,48,0.053
Starent Networks,48,0.053
Alef Edge,48,0.053
Bay Networks,47,0.052
CISCO,47,0.052
Time Warner Cable,47,0.052
University of Tuebingen,47,0.052
Jacobs University Bremen,47,0.052
Volta Networks,47,0.052
Pengcheng Laboratory,47,0.052
Sungkyunkwan University,46,0.051
Nominum,45,0.05
Netscape Communications Corp.,45,0.05
VeriSign,45,0.05
CTTC,45,0.05
EMC,45,0.05
SJD AB,45,0.05
Ericsson Research NomadicLab,45,0.05
CSC/FUNET,45,0.05
University of Southampton,45,0.05
SI6 Networks,45,0.05
CZ.NIC,45,0.05
Phoenix R&D,45,0.05
Philips Research,44,0.048
IBM Research,44,0.048
Vidyo,44,0.048
"QUALCOMM, Inc.",44,0.048
Taughannock Networks,44,0.048
Grotto Networking,44,0.048
Carnegie Mellon University,43,0.047
IAB,43,0.047
Inside Products,43,0.047
"InterDigital Communications, LLC",43,0.047
"AX Enterprize, LLC",43,0.047
The University of Auckland,42,0.046
AT&T Laboratories,42,0.046
Bellcore,42,0.046
JPRS,42,0.046
UCL,42,0.046
LACNIC,42,0.046
NTT Corporation,42,0.046
Zscaler,42,0.046
AX Enterprize,42,0.046
China Academy of Information and Communications Technology,42,0.046
"Nominum, Inc.",41,0.045
University of Twente,41,0.045
TU Braunschweig,41,0.045
Tsinghua Univ.,41,0.045
University of Stuttgart,41,0.045
"Arrcus, Inc",41,0.045
Alibaba Inc.,41,0.045
The Johns Hopkins University Applied Physics Laboratory,41,0.045
"Novell, Inc.",40,0.044
ATT,40,0.044
RAD Data Communications,40,0.044
EMC Corporation,40,0.044
Sprint,40,0.044
Soaring Hawk Consulting,40,0.044
University of Washington,39,0.043
"Verisign, Inc.",39,0.043
TNO,39,0.043
Adobe,39,0.043
Universite catholique de Louvain,39,0.043
Alcatel-Lucent Bell Labs,39,0.043
Huawei Technology,39,0.043
Intuit,39,0.043
"Meta Platforms, Inc.",39,0.043
Jacobs University,38,0.042
Nokia Bell Labs,38,0.042
Johns Hopkins Applied Physics Laboratory,38,0.042
Department of Computer Science and Engineering,38,0.042
Entrust,37,0.041
Hickory Hill Consulting,37,0.041
AWS,37,0.041
Microsoft Research,37,0.041
Skype,37,0.041
SAMSUNG Electronics,37,0.041
The IPv6 Company,37,0.041
Casa Systems,37,0.041
ZDNS,37,0.041
Ericsson Inc.,36,0.04
Independent Consultant,36,0.04
Bell Laboratories,36,0.04
ARIN,36,0.04
Alibaba,36,0.04
Boeing Research & Technology,36,0.04
Linaro,36,0.04
University of California,35,0.039
YumaWorks,35,0.039
"SPARTA, Inc.",35,0.039
NEC Corporation,35,0.039
secunet Security Networks AG,35,0.039
Broadcom Corporation,35,0.039
CATR,35,0.039
Southeast University,35,0.039
University of Patras,35,0.039
"Cloudflare, Inc.",35,0.039
Veridom Ltd,35,0.039
"CEA, LIST",34,0.037
University of Napoli,34,0.037
CEA,34,0.037
KISA,34,0.037
MTI Systems,34,0.037
ARM Ltd.,33,0.036
IBM Corp.,33,0.036
Isode Ltd.,33,0.036
W3C,33,0.036
Independent Researcher,33,0.036
Telecom ParisTech,33,0.036
DELL,33,0.036
Watsen Networks,33,0.036
USC,32,0.035
Lulea University of Technology,32,0.035
Internet Society,32,0.035
jdrosen.net,32,0.035
Telchemy,32,0.035
Bridgewater Systems,32,0.035
Zhejiang Gongshang University,32,0.035
FreeRADIUS,32,0.035
BSI,32,0.035
Futurewei Technologies Inc.,32,0.035
Electronics and Telecommunications Research Institute,32,0.035
Hewlett-Packard Company,31,0.034
editor,31,0.034
Tellabs,31,0.034
SSW,31,0.034
Arbor Networks,31,0.034
The Boeing Company,31,0.034
"NetApp, Inc.",31,0.034
Energy Sciences Network,31,0.034
CNIC,31,0.034
"Dyn, Inc.",30,0.033
University of Tennessee,30,0.033
Intel Corp.,30,0.033
Network Appliance,30,0.033
JHU/APL,30,0.033
TeliaSonera,30,0.033
Technical University of Catalonia,30,0.033
LabN,30,0.033
"McAfee, Inc.",30,0.033
Mozilla Corporation,30,0.033
NSRI,30,0.033
Huawei Technologies France S.A.S.U.,30,0.033
"Futurewei Technologies, Inc.",30,0.033
Dell EMC,30,0.033
Quantonium,30,0.033
Five9,30,0.033
Ribose,30,0.033
The Swedish Internet Foundation,30,0.033
Department of Computer Science & Engineering,30,0.033
Merit Network,29,0.032
British Telecom,29,0.032
TU Berlin,29,0.032
Equinix,29,0.032
Telcordia,29,0.032
University of Auckland,29,0.032
Muenster Univ. of Applied Sciences,29,0.032
Muenster Univ. of Appl. Sciences,29,0.032
DENIC eG,29,0.032
Aruba Networks,29,0.032
KDDI R&D Labs,29,0.032
Cloudmark,29,0.032
ARM Limited,29,0.032
Jabil,29,0.032
Infinera Corp,29,0.032
Tongji University,29,0.032
Universitat Politecnica de Catalunya,29,0.032
IIT-CNR/Registro.it,29,0.032
University of Applied Sciences Bonn-Rhein-Sieg,29,0.032
Centec,29,0.032
Hughes LAN Systems,28,0.031
Editors,28,0.031
Naval Research Laboratory,28,0.031
MCI,28,0.031
IMDEA Networks,28,0.031
Siemens Enterprise Communications,28,0.031
ARM,28,0.031
University of Helsinki,28,0.031
Trend Micro,28,0.031
Cryptonector,28,0.031
NTT Communications Corporation,28,0.031
University of Goettingen,28,0.031
Qwilt,28,0.031
NVIDIA,28,0.031
North Carolina State University,28,0.031
CryptoPro,28,0.031
pEp Foundation,28,0.031
audriga,28,0.031
Transmute,28,0.031
RtBrick Inc.,27,0.03
University of Michigan,27,0.03
SNMP Research,27,0.03
Procket Networks,27,0.03
Nuage Networks,27,0.03
Packet Design,27,0.03
IIJ Research Laboratory,27,0.03
Intel Labs,27,0.03
RSA Security,27,0.03
OpenLDAP Foundation,27,0.03
Politecnico di Bari,27,0.03
CDT,27,0.03
Karlstad University,27,0.03
BUPT University,27,0.03
CMCC,27,0.03
"Penango, Inc.",27,0.03
Hewlett Packard Enterprise,27,0.03
Network Time Foundation,27,0.03
Sangmyung University,27,0.03
Lumen Technologies,27,0.03
Sensinode,26,0.029
Netnod,26,0.029
Check Point Software,26,0.029
ICIR,26,0.029
University of Waterloo,26,0.029
Samsung AIT,26,0.029
Plantronics,26,0.029
CERNET,26,0.029
University of Surrey,26,0.029
Kyungpook National University,26,0.029
"Huawei Technologies Co.,Ltd",26,0.029
National Institute of Information and Communications Technology,26,0.029
SIDN Labs,26,0.029
Hammerspace,26,0.029
Beijing Internet Institute,26,0.029
GoDaddy Inc.,26,0.029
"Citrix Systems, Inc.",26,0.029
"Akamai Technologies, Inc.",26,0.029
InterDigital Europe,26,0.029
Lucent,25,0.028
Digital Fountain,25,0.028
ICSI,25,0.028
Cumulus Networks,25,0.028
Andrew,25,0.028
University of Seoul,25,0.028
RWTH Aachen University,25,0.028
Rogers Communications,25,0.028
August Cellars,25,0.028
Asia Pacific Network Information Centre,25,0.028
"Red Hat, Inc.",25,0.028
"Beijing University of Posts and
      Telecommunications",25,0.028
InterDigital Inc.,25,0.028
"ISI, R.C. ATHENA",25,0.028
Catellix,25,0.028
Digital Equipment Corporation,24,0.026
SPYRUS,24,0.026
Boston University,24,0.026
Marconi,24,0.026
Cisco System,24,0.026
Siemens/Roke Manor,24,0.026
Politecnico di Torino,24,0.026
OpenSSH,24,0.026
AFNIC,24,0.026
Infosys Technologies Ltd.,24,0.026
University of Wuerzburg,24,0.026
ZTE USA,24,0.026
Alcatel Lucent,24,0.026
Beijing University of Posts and,24,0.026
Bloomberg,24,0.026
ThresholdSecrets.com,24,0.026
Qualcomm Technologies Inc.,24,0.026
National Institute of Standards and Technology,24,0.026
FastMail,24,0.026
USA National Institute of Standards and Technology,24,0.026
Futurewei Technologies USA,24,0.026
Self-Issued Consulting,24,0.026
NSA,23,0.025
Adobe Systems,23,0.025
University of Delaware,23,0.025
Hitachi,23,0.025
HP,23,0.025
Movaz Networks,23,0.025
Princeton University,23,0.025
Korea Telecom,23,0.025
NTT Software Corporation,23,0.025
Seoul National University,23,0.025
Data Connection Ltd,23,0.025
Thomson Reuters,23,0.025
Cisco Systems GmbH,23,0.025
Google Inc,23,0.025
enum.at,23,0.025
Münster University of Applied Sciences,23,0.025
Impedance Mismatch,23,0.025
Sandvine,23,0.025
Centec Networks,23,0.025
"Google, LLC",23,0.025
RSA Laboratories,22,0.024
Helsinki University of Technology,22,0.024
Universitat Oberta de Catalunya,22,0.024
"Alcatel-Lucent, Inc.",22,0.024
ACIRI,22,0.024
Concordia University/CSE,22,0.024
"Sendmail, Inc.",22,0.024
Telstra,22,0.024
Acreo AB,22,0.024
Consulintel,22,0.024
Booz Allen Hamilton,22,0.024
Fudan University,22,0.024
University of Luxembourg,22,0.024
independent,22,0.024
Yubico,22,0.024
Fastmail US LLC,22,0.024
Institut MINES TELECOM; IMT Atlantique,22,0.024
Amazon Web Services,22,0.024
Internet Assigned Numbers Authority,22,0.024
IPv4 Unicast Extensions Project,22,0.024
"Cloud Software Group Holdings, Inc.",22,0.024
Huawei Int. Pte Ltd,22,0.024
Metaswitch Networks,21,0.023
Vodafone Group,21,0.023
"cisco Systems, Inc.",21,0.023
Apple Computer,21,0.023
ISODE Consortium,21,0.023
Netscape Communications,21,0.023
Tokyo Institute of Technology,21,0.023
Kyoto University,21,0.023
Fujitsu Laboratories of America,21,0.023
BAE Systems ATC,21,0.023
EPFL,21,0.023
Retired,21,0.023
Johns Hopkins University,21,0.023
Nominet,21,0.023
UPC,21,0.023
Huawei Technologies Duesseldorf GmbH,21,0.023
Jisc,21,0.023
Bronze Dragon Consulting,21,0.023
American Civil Liberties Union,21,0.023
UK National Cyber Security Centre,21,0.023
"IRIF, University of Paris-Diderot",20,0.022
T.J. Watson Research Center,20,0.022
UNINETT,20,0.022
Fraunhofer HHI,20,0.022
MITRE,20,0.022
SICS,20,0.022
"Hitachi, Ltd.",20,0.022
Amber Networks,20,0.022
Comcast Cable,20,0.022
Palo Alto Networks,20,0.022
DoCoMo USA Labs,20,0.022
Univ. Goettingen,20,0.022
Kirei AB,20,0.022
Telecom Bretagne,20,0.022
ADVA Optical Networking,20,0.022
Qualcomm Incorporated,20,0.022
Unicamp,20,0.022
KDDI,20,0.022
"Hangzhou H3C Tech. Co., Ltd.",20,0.022
Linden Research,20,0.022
PowerDNS,20,0.022
Everything OPS,20,0.022
IBM Research GmbH,20,0.022
Alibaba Cloud,20,0.022
Jitsi,19,0.021
EICT,19,0.021
Nokia Networks,19,0.021
Brocade Communications,19,0.021
Network Solutions,19,0.021
SUN Microsystems,19,0.021
NAI Labs,19,0.021
Jive Communications,19,0.021
Verizon Communications,19,0.021
Flarion Technologies,19,0.021
eB2Bcom,19,0.021
RFC,19,0.021
Sonus Networks,19,0.021
Azaire Networks,19,0.021
Hitachi Europe,19,0.021
CRYPTO-PRO,19,0.021
Boeing Phantom Works,19,0.021
UTN/FRH,19,0.021
KDDI Lab,19,0.021
Toyota ITC,19,0.021
Dyn,19,0.021
MIT Kerberos Consortium,19,0.021
Infinera Corporation,19,0.021
Ruijie Networks,19,0.021
Softbank,19,0.021
Aalyria Technologies,19,0.021
Sinodun IT,19,0.021
"DigiCert, Inc.",19,0.021
Aiven,19,0.021
Cornell University,18,0.02
Innosoft International,18,0.02
CNRI,18,0.02
FORE Systems,18,0.02
consultant,18,0.02
QUALCOMM,18,0.02
Internet Mail Consortium,18,0.02
BMC Software,18,0.02
ipUnplugged,18,0.02
"Motorola, Inc.",18,0.02
Hewlett-Packard Co.,18,0.02
Ericsson Research Nomadic Lab,18,0.02
Network Resonance,18,0.02
Nominet UK,18,0.02
Comcast Cable Communications,18,0.02
Tata Communications,18,0.02
Netflix,18,0.02
UK CPNI,18,0.02
Universidad Diego Portales,18,0.02
USA NIST,18,0.02
Protocol Labs,18,0.02
Chinese Academy of Sciences,18,0.02
"Apstra, Inc.",18,0.02
ACLU,18,0.02
RISE SICS,18,0.02
School of Electronic Engineering,18,0.02
Xidian University,18,0.02
Wire,18,0.02
arm,18,0.02
CryptoNext Security,18,0.02
MATTR,18,0.02
SandboxAQ,18,0.02
Dover Beach Consulting,17,0.019
Novell,17,0.019
Yahoo,17,0.019
BCBS Michigan,17,0.019
Ohio University,17,0.019
Adobe Systems Incorporated,17,0.019
WIDE Project,17,0.019
Motorola Laboratories,17,0.019
"Neustar, Inc.",17,0.019
SRI International,17,0.019
Fraunhofer FOKUS,17,0.019
Internet2,17,0.019
Panasonic Singapore Labs,17,0.019
Folly Consulting,17,0.019
F5 Networks,17,0.019
NS-Technologies,17,0.019
Boeing,17,0.019
Helsinki Institute for Information,17,0.019
IBM Almaden,17,0.019
RD-IPtech,17,0.019
US NIST,17,0.019
MIT Lincoln Laboratory,17,0.019
Nextworks,17,0.019
Telecom Paris,17,0.019
Cloudflare Inc.,17,0.019
BSD Software Development,17,0.019
NITK Surathkal,17,0.019
Rohan Mahy Consulting Services,17,0.019
The Matrix.org Foundation C.I.C.,17,0.019
Nankai University,17,0.019
Xerox PARC,16,0.018
Entrust Technologies,16,0.018
Sigma Designs,16,0.018
Meetecho,16,0.018
Ascend Communications,16,0.018
Telia Finland,16,0.018
Netscape,16,0.018
"TZI, Universitaet Bremen",16,0.018
Avici Systems,16,0.018
Baltimore Technologies,16,0.018
Bell Labs/Lucent Technologies,16,0.018
DoCoMo Euro-Labs,16,0.018
Aoyama Gakuin University,16,0.018
ECI Telecom,16,0.018
Korea Polytechnic University,16,0.018
Symantec,16,0.018
Northeastern University,16,0.018
Dragon Research Labs,16,0.018
National Digital Switching System Engineering and Technological,16,0.018
Tongji/Yale University,16,0.018
"Internet Systems Consortium, Inc.",16,0.018
BII Group Holdings Ltd.,16,0.018
greenbytes GmbH,16,0.018
CloudFlare Inc.,16,0.018
Bespoke Engineering,16,0.018
Huawei Tech,16,0.018
Barefoot Networks,16,0.018
Department of Software,16,0.018
Department of Electrical and Computer Engineering,16,0.018
ByteDance,16,0.018
"CNIC, CAS",16,0.018
Hikvision,16,0.018
CMU,15,0.017
KAIST,15,0.017
Brandenburg Consulting,15,0.017
Georgia Institute of Technology,15,0.017
"RISEC, AIST",15,0.017
Toshiba R&D Center,15,0.017
MIT LCS,15,0.017
INSIDE Secure,15,0.017
Oryx Mail Systems GmbH,15,0.017
W3C/MIT,15,0.017
Airespace,15,0.017
Mojatatu Networks,15,0.017
Ixia,15,0.017
IMC & VPNC,15,0.017
TID,15,0.017
"WINLAB, Rutgers University",15,0.017
Drexel University,15,0.017
Colorado State University,15,0.017
Simula Metropolitan Centre for Digital Engineering,15,0.017
Jabber Software Foundation,15,0.017
Monash University CTIE,15,0.017
IP Infusion Inc.,15,0.017
University of Amsterdam,15,0.017
Tampere University of Technology,15,0.017
Technical University of Munich,15,0.017
Cygnacom Solutions,15,0.017
Elevate Technologies,15,0.017
Symantec Corporation,15,0.017
Afilias Canada,15,0.017
Cornell U.,15,0.017
Dongguk University,15,0.017
Afilias,15,0.017
Shinkuro Inc.,15,0.017
University of Zagreb,15,0.017
Simula Research Laboratory,15,0.017
PT Taylor Consulting,15,0.017
Big Switch Networks,15,0.017
MINE lab,15,0.017
Skype Technologies S.A.,15,0.017
Sine Nomine,15,0.017
UESTC,15,0.017
Nanjing University,15,0.017
Raytheon BBN Technologies,15,0.017
Nomura Research Institute,15,0.017
Velocix (Alcatel-Lucent),15,0.017
University of Applied Sciences Augsburg,15,0.017
Independent Contributor,15,0.017
SUN YAT-SEN UNIVERSITY,15,0.017
USTC,15,0.017
Yandex,15,0.017
Tessares,15,0.017
TATA CONSULTANCY SERVICES LTD.,15,0.017
Orange Business Service,15,0.017
Sichuan University,15,0.017
Qrator Labs,15,0.017
Huawei Network.IO Innovation Lab,15,0.017
ISRG,15,0.017
Somos Inc.,15,0.017
Thoughtspot,15,0.017
Standcore LLC,15,0.017
Fiberhome,15,0.017
DigiCert,15,0.017
Fastmail Pty Ltd,15,0.017
PGPKeys.EU,15,0.017
Humotica,15,0.017
"Nomotic, Inc.",15,0.017
Affirmed Networks,14,0.015
Pittsburgh Supercomputing Center,14,0.015
UC Davis,14,0.015
FTP Software,14,0.015
Carnegie Mellon,14,0.015
Stockholm University/KTH,14,0.015
PayPal,14,0.015
Fermilab,14,0.015
Canon CRF,14,0.015
Computer Incident Response Center Luxembourg,14,0.015
Vivace Networks,14,0.015
LabN Consulting,14,0.015
University of Oulu,14,0.015
OpenSS7 Corporation,14,0.015
WorldCom,14,0.015
Yokogawa Electric Corp.,14,0.015
Siemens/Roke Manor Research,14,0.015
MCSR Labs,14,0.015
"IECA, Inc.",14,0.015
NTT PF Lab.,14,0.015
Alaxala Networks Corp.,14,0.015
Arch Rock Corporation,14,0.015
CEA LIST,14,0.015
NEU,14,0.015
ZTE Corpoporation,14,0.015
NEC Laboratories Europe,14,0.015
H3C,14,0.015
T-Mobile USA,14,0.015
Ecole Polytechnique,14,0.015
"AKAYLA, Inc.",14,0.015
Shenzhen University,14,0.015
"VMware, Inc.",14,0.015
I.I.T Madras,14,0.015
cnnic,14,0.015
RtBrick Inc,14,0.015
DE-CIX,14,0.015
Department of Defense,14,0.015
zDNS Ltd.,14,0.015
Apstra,14,0.015
"Mellanox Technologies, Inc.",14,0.015
Airbus,14,0.015
IoTconsultancy.nl,14,0.015
Sky UK,14,0.015
RTFM llp,14,0.015
Liquid Telecom,14,0.015
Malis Consulting,14,0.015
yes.com,14,0.015
Brave Software,14,0.015
Broadpeak,14,0.015
"SECOM CO., LTD.",14,0.015
"Aruba Networks, HPE",14,0.015
Tradeverifyd,14,0.015
"NetDEF, Inc.",14,0.015
CERN,13,0.014
QUALCOMM Incorporated,13,0.014
Lepidum,13,0.014
NRL,13,0.014
University of Zurich,13,0.014
NTT Laboratories,13,0.014
IBM T.J. Watson Research Center,13,0.014
RPI,13,0.014
SPARTA,13,0.014
ENST Bretagne,13,0.014
Universitaet Karlsruhe,13,0.014
SnowShore Networks,13,0.014
Avaya Inc.,13,0.014
Adara Networks,13,0.014
Philips Electronics,13,0.014
CA Technologies,13,0.014
Farsight Security,13,0.014
Internet Architecture Board,13,0.014
SIPeerior Technologies,13,0.014
SUNET,13,0.014
MPI-SWS,13,0.014
Huawei (USA),13,0.014
"Netflix, Inc.",13,0.014
Orange CH,13,0.014
RESTENA,13,0.014
TU Muenchen,13,0.014
Comcast Corporation,13,0.014
Arktan,13,0.014
Linkedin,13,0.014
Renesas Mobile,13,0.014
Telekom Innovation Laboratories,13,0.014
Pantheon Technologies SRO,13,0.014
SIGFOX,13,0.014
T-Systems,13,0.014
Redpill Linpro,13,0.014
NXP Semiconductors,13,0.014
"Comcast, Inc",13,0.014
Network Systems Research and Design,13,0.014
Edinburgh Napier University,13,0.014
CETC 30,13,0.014
Arm,13,0.014
SCION Association,13,0.014
All For Eco,13,0.014
Naval Postgraduate School,13,0.014
SPIRL,13,0.014
Blue Fern Consulting,13,0.014
AsiaInfo Technologies (China) Inc.,13,0.014
Daydreamer,12,0.013
3rd,12,0.013
Hewlett Packard Co.,12,0.013
Hewlett Packard,12,0.013
Bull,12,0.013
Quobis,12,0.013
UUNET Technologies,12,0.013
Cyber Solutions Inc.,12,0.013
Loughborough University,12,0.013
Fraunhofer FKIE,12,0.013
Citrix,12,0.013
IPHighway,12,0.013
IBM T. J. Watson Research,12,0.013
Newcastle University,12,0.013
MCI WorldCom,12,0.013
Matsushita,12,0.013
TR-Sys,12,0.013
VOCAL Technologies,12,0.013
Self,12,0.013
Univ. of Sci. and Tech. Beijing,12,0.013
G11,12,0.013
Estacado Systems,12,0.013
Telchemy Incorporated,12,0.013
Institute for Infocomm Research,12,0.013
Bell Labs/Alcatel-Lucent,12,0.013
TU Wien,12,0.013
WiChorus,12,0.013
Ed.,12,0.013
California Digital Library,12,0.013
Technische Universitaet Muenchen,12,0.013
Institute IMDEA Networks,12,0.013
SJTU,12,0.013
Metaswitch,12,0.013
First Principles,12,0.013
secunet Security Networks,12,0.013
US Army CERDEC,12,0.013
Fraunhofer IIS,12,0.013
Sproute Networks,12,0.013
Primary Data,12,0.013
CNRS,12,0.013
Stonyfish,12,0.013
Goldman Sachs,12,0.013
IST/INESC-ID/INOV,12,0.013
INEX,12,0.013
CIRA,12,0.013
University of Zaragoza,12,0.013
Dell Technologies,12,0.013
NetDEF,12,0.013
Tor Project Inc.,12,0.013
USC/Information Sciences,12,0.013
"JPL, Calif. Inst. Of Technology",12,0.013
Beijing Institute of Technology,12,0.013
Neptela,12,0.013
TU Dresden,12,0.013
intoPIX S.A.,12,0.013
Valimail,12,0.013
Technical University Munich,12,0.013
University Politehnica of Bucharest,12,0.013
Huazhong University of Science and Technology,12,0.013
JP Morgan Chase,12,0.013
Security Theory LLC,12,0.013
Open-Xchange,12,0.013
Fraunhofer Institute for Secure Information Technology,12,0.013
InkBridge Networks,12,0.013
Ribbon Communications,12,0.013
"Institute of Computing Technology, Chinese Academy of Sciences",12,0.013
Concordia University,12,0.013
Tencent America LLC,12,0.013
Invisible College,12,0.013
Ant Group,12,0.013
mesur.io,12,0.013
Changchun University of Science and Technology,12,0.013
Bundesdruckerei GmbH,12,0.013
CyberSecAI Ltd,12,0.013
Performance Systems International,11,0.012
Cray Research,11,0.012
Bucknell University,11,0.012
"Xylogics, Inc.",11,0.012
AT&T Bell Laboratories,11,0.012
Nokia Solutions and Networks,11,0.012
Trilliant Networks Inc.,11,0.012
AT&T Research,11,0.012
Critical Angle Inc.,11,0.012
"ANC, Inc.",11,0.012
Fujitsu Limited,11,0.012
ACI WorldWide/MessagingDirect,11,0.012
JHU APL,11,0.012
Roke Manor Research,11,0.012
Xerox Corp.,11,0.012
"Level 3 Communications, Inc.",11,0.012
Digital Bazaar,11,0.012
Riverstone Networks,11,0.012
ICU,11,0.012
BUTE,11,0.012
RADVISION,11,0.012
Dolby Laboratories,11,0.012
Flarion,11,0.012
Force10,11,0.012
Purdue University,11,0.012
The University of Tokyo,11,0.012
University of Oxford,11,0.012
Ionos Networks,11,0.012
Hewlett-Packard Corp.,11,0.012
Huawei Technologies.,11,0.012
University of Salzburg,11,0.012
Qualcomm Inc.,11,0.012
Omnitor,11,0.012
Softbank Telecom,11,0.012
Ariadne,11,0.012
University of Basel,11,0.012
KoanLogic,11,0.012
ISOC,11,0.012
Huawei Symantec,11,0.012
Struik Security Consultancy,11,0.012
Cox Communications,11,0.012
Simula Research Lab,11,0.012
Unify,11,0.012
callstats.io,11,0.012
Arista,11,0.012
Johnson Controls,11,0.012
"Cloudmark, Inc.",11,0.012
Porticor,11,0.012
Spherical Cow Group,11,0.012
Huawei Technologies Ltd.,11,0.012
Mimecast,11,0.012
Dell-Force10,11,0.012
Futurewei Inc.,11,0.012
NASA GRC,11,0.012
Google Switzerland GmbH,11,0.012
CNES,11,0.012
SK Telecom,11,0.012
"PARC, Inc.",11,0.012
DE-CIX Management GmbH,11,0.012
ARTICLE 19,11,0.012
Jinan University,11,0.012
Broadcom Inc.,11,0.012
Linköping University,11,0.012
Huawei Canada,11,0.012
Proton AG,11,0.012
Defakto Security,11,0.012
"New H3C Technologies Co., Ltd",11,0.012
OpenBSD,11,0.012
Max-Planck-Institut fuer Informatik,11,0.012
MyAuberge K.K.,11,0.012
Sinodun,10,0.011
MIT Laboratory for Computer Science,10,0.011
SWITCH,10,0.011
SURFnet bv,10,0.011
"CWC, University of Oulu",10,0.011
Xerox,10,0.011
"PPS, University of Paris-Diderot",10,0.011
Edvina AB,10,0.011
AT&T Labs-Research,10,0.011
Catalogix,10,0.011
High North,10,0.011
Fujitsu Laboratories,10,0.011
AT&T Labs Research,10,0.011
Verizon Labs,10,0.011
Sony Corporation,10,0.011
Siemens Roke Manor Research,10,0.011
Adacel Technologies,10,0.011
SSH Communications Security,10,0.011
International University Bremen,10,0.011
Hughes Software Systems,10,0.011
Univ. of Karlsruhe,10,0.011
Toshiba America Research Inc.,10,0.011
Overture Networks,10,0.011
Brooktrout Technology,10,0.011
Calient Networks,10,0.011
VanDyke Software,10,0.011
IIJ,10,0.011
Axway,10,0.011
Kayote Networks,10,0.011
OeFEG,10,0.011
Osaka City University,10,0.011
HIIT,10,0.011
ICSAlabs,10,0.011
The Measurement Factory,10,0.011
TARI,10,0.011
Xiph.Org Foundation,10,0.011
eBay,10,0.011
Linear Technology,10,0.011
Alcatel Shanghai Bell,10,0.011
IPInfusion,10,0.011
nic.at,10,0.011
Bitvise Limited,10,0.011
Orckit-Corrigent,10,0.011
"RSA, The Security Division of EMC",10,0.011
CESNET,10,0.011
Illinois Institute of Technology,10,0.011
NEC Europe,10,0.011
TANDBERG,10,0.011
VoIP.co.uk,10,0.011
Network Heretics,10,0.011
NJUPT,10,0.011
TNS,10,0.011
nic.at GmbH,10,0.011
Atlassian,10,0.011
WMN Research Group,10,0.011
JANET(UK),10,0.011
China CATR,10,0.011
HP Enterprise,10,0.011
HUAWEI Technologies,10,0.011
Arrcus & IIJ,10,0.011
NIC.br,10,0.011
University of Electronic Science,10,0.011
City University of Hong Kong,10,0.011
Thales Alenia Space,10,0.011
Veryx Technologies,10,0.011
Muenster University of Applied Sciences,10,0.011
"China Telcom Co., Ltd.",10,0.011
Denpel Informatique,10,0.011
Avinta Communications,10,0.011
Zededa,10,0.011
Universität Bremen,10,0.011
bupt,10,0.011
LG U+,10,0.011
NIT Delhi,10,0.011
Asia-Pacific Network Information Centre,10,0.011
CoSMo Software,10,0.011
"Guangzhou Root Chain International Network Research Institute Co., Ltd.",10,0.011
"Intel, Corp.",10,0.011
TransUnion,10,0.011
H3C Technologies,10,0.011
Fastly Inc.,10,0.011
MTG AG,10,0.011
audriga GmbH,10,0.011
AS207960 Cyfyngedig,10,0.011
Biza.io,10,0.011
RFC Series Consulting Editor,10,0.011
"National Institute of Technology Karnataka, Surathkal",10,0.011
"University of Pennsylvania
        School of Engineering and Applied Science",10,0.011
Stalwart Labs LLC,10,0.011
Alter Meridian Pty Ltd,10,0.011
HUAWEI,9,0.01
Bell Communications Research,9,0.01
WG Chair,9,0.01
GARR-Italy,9,0.01
MIT/LCS,9,0.01
Livingston,9,0.01
"ITRI, AIST",9,0.01
NextHop Technologies,9,0.01
LBNL,9,0.01
University of Maryland,9,0.01
SmartThings,9,0.01
Sony,9,0.01
Qualcomm Technologies,9,0.01
University of Padova,9,0.01
SSH Communications Security Corp,9,0.01
Red Hound Software,9,0.01
Parsons,9,0.01
Toshiba Corp.,9,0.01
Spirent Communications,9,0.01
Alcatel USA,9,0.01
Diversinet,9,0.01
Axiowave Networks,9,0.01
Sun Microsystems Inc.,9,0.01
The University of Arizona,9,0.01
TIM,9,0.01
Utrecht University,9,0.01
Hughes Network Systems,9,0.01
Symas Corp.,9,0.01
Nine by Nine,9,0.01
Pingtel,9,0.01
Verizon Wireless,9,0.01
SICS Swedish ICT,9,0.01
Univ. of Applied Sciences Muenster,9,0.01
Yahoo Inc.,9,0.01
Corrigent Systems,9,0.01
Telematica Instituut,9,0.01
Sonus,9,0.01
Telio,9,0.01
Day Software,9,0.01
II,9,0.01
DoCoMo Labs USA,9,0.01
Cisco System Inc.,9,0.01
KEIO University,9,0.01
LTS,9,0.01
Certicom Corp.,9,0.01
Research in Motion,9,0.01
Nomor Research,9,0.01
Hasso Plattner Institute,9,0.01
TCS,9,0.01
APT Ltd,9,0.01
TKK,9,0.01
BT & UCL,9,0.01
Ucom.ch,9,0.01
Peking University,9,0.01
Jet Propulsion Laboratory,9,0.01
CREATE-NET,9,0.01
University of Milan,9,0.01
Georgetown University,9,0.01
Keio Univ.,9,0.01
Inria Paris-Rocquencourt,9,0.01
"Vidyo, Inc.",9,0.01
IPC Systems,9,0.01
Steinberg Consulting,9,0.01
NUDT,9,0.01
NAIST,9,0.01
Lawrence Berkeley National,9,0.01
China Mobile Research Institute,9,0.01
TNO Netherlands,9,0.01
McAfee,9,0.01
NRI,9,0.01
JIT,9,0.01
Nexus Technology,9,0.01
NTT Network Innovations,9,0.01
vanderstok consultancy,9,0.01
U. St Andrews,9,0.01
CISCO Systems,9,0.01
EPFL-LCA2,9,0.01
FCC,9,0.01
Hai Gaoming BV,9,0.01
Lepidum Co. Ltd.,9,0.01
UPC/i2CAT,9,0.01
ISAE-SUPAERO,9,0.01
"F5 Networks, Inc.",9,0.01
Kaloom,9,0.01
Spotify AB,9,0.01
Johns Hopkins University Applied Physics Lab,9,0.01
Indian Institute of Science,9,0.01
"Universita di Roma ""Tor Vergata""",9,0.01
Department of Computer Engineering,9,0.01
Comcast-NBCUniversal,9,0.01
RISE SICS AB,9,0.01
"Huawei Technologies, Co., Ltd",9,0.01
Daejeon University,9,0.01
QA Cafe,9,0.01
RISE,9,0.01
Scuola Superiore Sant'Anna,9,0.01
Cisco Meraki,9,0.01
South China University of Technology,9,0.01
ETH Zürich,9,0.01
Colt,9,0.01
UnionPay,9,0.01
Ionio Systems,9,0.01
University of the Bundeswehr Munich,9,0.01
TUD Dresden University of Technology,9,0.01
Quant Network,9,0.01
IDsec Solutions AB,9,0.01
PQShield,9,0.01
"Microsoft, Inc.",9,0.01
"Computer Science, Tsinghua University",9,0.01
Garmin International,9,0.01
Beonex,9,0.01
Aryaka,9,0.01
AlgoVoi,9,0.01
Advanced Computer Communications,8,0.009
DEC,8,0.009
Request for Comments,8,0.009
University of Wisconsin,8,0.009
Lotus Development Corporation,8,0.009
NSWC-DD,8,0.009
INRIA Rocquencourt,8,0.009
UC Irvine,8,0.009
Northwestern University,8,0.009
University of Oregon,8,0.009
No Mountain Software,8,0.009
RSA Data Security,8,0.009
Vinci Systems,8,0.009
University of California Berkeley,8,0.009
Defense Information Systems Agency,8,0.009
iMinds-IBCN/UGent,8,0.009
KTH,8,0.009
SAIC,8,0.009
SSH,8,0.009
UUNET,8,0.009
Prose Consulting Ltd.,8,0.009
Ennovate Networks,8,0.009
TransNexus,8,0.009
ANL,8,0.009
Mitsubishi Electric Corporation,8,0.009
Toshiba Corporation,8,0.009
Blackberry,8,0.009
Sandburst,8,0.009
Telia Research,8,0.009
VeriSign Inc.,8,0.009
"Xbind, Inc.",8,0.009
Content Technologies Limited,8,0.009
NSN,8,0.009
Charles E. Perkins,8,0.009
TraceRoute Security,8,0.009
CacheFlow,8,0.009
University of Chicago,8,0.009
Fujitsu Labs.,8,0.009
Wipro Technologies,8,0.009
NextHop,8,0.009
Enterasys Networks,8,0.009
VeriSign Inc,8,0.009
SANlight,8,0.009
dynamicsoft Inc.,8,0.009
Independent consultant,8,0.009
SIPez LLC,8,0.009
Oefeg,8,0.009
RSA,8,0.009
Axerra Networks,8,0.009
"Sparta, Inc.",8,0.009
Adiscon GmbH,8,0.009
American Registry for Internet Numbers,8,0.009
Voxeo,8,0.009
Actelis Networks,8,0.009
CELAR,8,0.009
KPN,8,0.009
InfoTeCS,8,0.009
Nuova Systems,8,0.009
Samsung ISO,8,0.009
Elbrys Networks,8,0.009
Force10 Networks,8,0.009
Ubiquity Software Corporation,8,0.009
Panasas,8,0.009
Orange Labs R&D,8,0.009
LIMOS Laboratory,8,0.009
Neustar Inc.,8,0.009
KUT,8,0.009
Vasona Networks,8,0.009
IPInfusion Inc.,8,0.009
University of Coimbra,8,0.009
"Samsung Electronics Co., Ltd.",8,0.009
TELECOM Bretagne,8,0.009
AIST,8,0.009
SFR,8,0.009
XConnect Global Networks,8,0.009
Huawei Technologies USA,8,0.009
Stoke,8,0.009
Networked Media,8,0.009
SPIRIT DSP,8,0.009
Return Path,8,0.009
Telecom SudParis,8,0.009
Mirantis Inc.,8,0.009
University of Wisconsin Milwaukee,8,0.009
Oracle Corp.,8,0.009
University of Liege,8,0.009
Applied Communication Sciences,8,0.009
Mellanox,8,0.009
Dell Inc.,8,0.009
The National Library of Finland,8,0.009
AVA Networks,8,0.009
CNIT,8,0.009
ForgeRock,8,0.009
Contrail Systems,8,0.009
"Akamai, Inc.",8,0.009
PARC,8,0.009
iconectiv,8,0.009
Z. Zhuang,8,0.009
Broadcom Limited,8,0.009
Nokia Technologies,8,0.009
Benu Networks,8,0.009
CentralNic Group plc,8,0.009
Individual contributor,8,0.009
LMU Munich,8,0.009
NetCracker,8,0.009
Pulse Secure,8,0.009
Arm Ltd.,8,0.009
Universidad Autonoma de Madrid,8,0.009
Kloud Services,8,0.009
DONG-EUI University,8,0.009
Department of Homeland Security,8,0.009
University of California Irvine,8,0.009
Proximus,8,0.009
SSSA,8,0.009
Standards & Open Source Research Division,8,0.009
Yandex LLC,8,0.009
Authlete,8,0.009
"Internet Initiative Japan & Arrcus, Inc.",8,0.009
cyberstorm.mu,8,0.009
Internet Security Research Group,8,0.009
Hang Seng Management College,8,0.009
CyberArk,8,0.009
"Computer Network Information Center, Chinese Academy of Sciences",8,0.009
C-DAC Bangalore,8,0.009
fortiss GmbH,8,0.009
IIJ & Arrcus,8,0.009
Workonline,8,0.009
Cryptography Consulting LLC,8,0.009
Hellō,8,0.009
"Cisco System, Inc.",8,0.009
GMO CONNECT Inc.,8,0.009
Hewlett-Packard Enterprise,8,0.009
Tsinghua,8,0.009
FiberCop,8,0.009
Sandelman Software Works Inc,8,0.009
Fiberhome/CICT,8,0.009
IETF Administration LLC,8,0.009
Airtel India,8,0.009
UCLouvain & WELRI,8,0.009
Deutsches Forschungsnetz | German National Research and Education Network,8,0.009
China mobile,8,0.009
Huawei 2012 NT Lab,8,0.009
Blockchain Commons,8,0.009
Huawei Cloud,8,0.009
Disney,8,0.009
SwarmSync.AI,8,0.009
University of Oviedo,7,0.008
BBN Systems and Technologies,7,0.008
Software Engineering Institute,7,0.008
Wellfleet Communications,7,0.008
TIS,7,0.008
Process Software Corporation,7,0.008
NASA,7,0.008
Trusted Information Systems,7,0.008
DayDreamer,7,0.008
Brocade Communications Systems,7,0.008
Los Alamos National Laboratory,7,0.008
CyberCash,7,0.008
GTE Laboratories,7,0.008
Newbridge Networks,7,0.008
Engineering Networks Ltd,7,0.008
NEC Corp.,7,0.008
Microsoft Corp,7,0.008
TUE,7,0.008
Compaq,7,0.008
ACS,7,0.008
Insieme Networks,7,0.008
Rackspace,7,0.008
ipVerse,7,0.008
Certicom,7,0.008
CSIRO,7,0.008
WebTV Networks,7,0.008
DISA,7,0.008
Novell Inc.,7,0.008
M.I.T.,7,0.008
LIVE.COM,7,0.008
NASA Glenn Research Center,7,0.008
Intel Corp,7,0.008
Viagenie inc.,7,0.008
Universitaet Bielefeld,7,0.008
UUNET (MCI Worldcom),7,0.008
Bell Labs/Columbia U.,7,0.008
National University of Singapore,7,0.008
"Cryptocom, Ltd.",7,0.008
SNMPinfo,7,0.008
Texas A&M University,7,0.008
University of Salford,7,0.008
Transwitch,7,0.008
Wind River,7,0.008
Yves T'Joens,7,0.008
Black Storm Networks,7,0.008
PESA Switching Systems,7,0.008
TOYO Communication Equipment,7,0.008
BBN/NASA GRC,7,0.008
Inktomi,7,0.008
T.V.Lakshman,7,0.008
Infoblox,7,0.008
SJD,7,0.008
McDATA Corporation,7,0.008
Argonne National,7,0.008
Corona Networks,7,0.008
The Resource Group,7,0.008
TWNIC,7,0.008
Netseal,7,0.008
GET/ENST Bretagne,7,0.008
HCL Technologies,7,0.008
KNU,7,0.008
SAMSUNG AIT,7,0.008
Allot Communications,7,0.008
Intec Netcore,7,0.008
HUFS,7,0.008
ICT,7,0.008
University of Innsbruck,7,0.008
NICTA,7,0.008
WiChorus Inc.,7,0.008
Core Technology Consulting,7,0.008
Motorola Labs,7,0.008
NIDA,7,0.008
Stellar Switches,7,0.008
Voltage Security,7,0.008
Instituto de Telecomunicacoes,7,0.008
Opera Software ASA,7,0.008
Gdansk University of Technology,7,0.008
"Apple, Inc",7,0.008
DELL-Force10,7,0.008
Univ. of Rome Tor Vergata,7,0.008
Telekom Srbija,7,0.008
TDC Oy,7,0.008
Surrey alumni,7,0.008
NTT Docomo,7,0.008
Maebashi Kyoai Gakuen College,7,0.008
Symmetricom,7,0.008
Graduate School of Science and,7,0.008
Communication Networks Institute,7,0.008
Marben Products,7,0.008
Orange Business Services,7,0.008
Internet Initiative Japan Inc.,7,0.008
NTT MCL Inc.,7,0.008
Octasic Inc.,7,0.008
"YumaWorks, Inc.",7,0.008
NICE Systems,7,0.008
TELECOM SudParis,7,0.008
Outer Cape Cod Network,7,0.008
Philips,7,0.008
"Facebook, Inc.",7,0.008
Energy Harvesting Solutions,7,0.008
CloudFlare,7,0.008
Claranet,7,0.008
Charter Communications,7,0.008
Cloud Registry,7,0.008
Verizon Communications Inc.,7,0.008
SoftBank Telecom,7,0.008
Honeywell,7,0.008
SoftAtHome,7,0.008
Universidade de Aveiro,7,0.008
ZTE TX,7,0.008
NORDUnet,7,0.008
Hai Gaoming B.V,7,0.008
GE Global Research,7,0.008
Coriant,7,0.008
Analog Devices,7,0.008
Trevilon LLC,7,0.008
Naudit HPCN,7,0.008
Huawei USA - Futurewei Technologies Inc.,7,0.008
Ripple,7,0.008
genua GmbH,7,0.008
Telefornica,7,0.008
Kerlink,7,0.008
Nexar Inc.,7,0.008
Rochester Institute of Technology,7,0.008
Mellanox Technologies Ltd.,7,0.008
King's College London,7,0.008
Sympotech,7,0.008
IMT-Atlantique,7,0.008
The Road,7,0.008
"Consulintel, S.L.",7,0.008
SiPanda,7,0.008
Hebrew University of Jerusalem,7,0.008
CMU SEI,7,0.008
Baidu,7,0.008
Last Press Label,7,0.008
pEp Project,7,0.008
PCL,7,0.008
Vecima,7,0.008
Edgemoor Research Institute,7,0.008
Guangzhou Genlian,7,0.008
Strolid,7,0.008
"Qualcomm Europe, Inc.",7,0.008
RFC Production Center,7,0.008
XDPnet,7,0.008
China Internet Network Information Center,7,0.008
"Somos, Inc.",7,0.008
Tsinghua University & Zhongguancun Laboratory,7,0.008
VCONIC,7,0.008
Vauban Research,7,0.008
INSA Lyon,6,0.007
"Xyplex, Inc.",6,0.007
ANS,6,0.007
University of Pennsylvania,6,0.007
Lawrence Berkeley Laboratory,6,0.007
"CyberCash, Inc.",6,0.007
Rice University,6,0.007
Silicon Graphics,6,0.007
Bunyip Information Systems,6,0.007
University of Minnesota,6,0.007
Southern Methodist University,6,0.007
Merit Networks,6,0.007
MITRE Corporation,6,0.007
Ipsilon Networks,6,0.007
Merit Network Inc.,6,0.007
NTT I3,6,0.007
Netscape Communications Corporation,6,0.007
Franklin and Marshall College,6,0.007
University of Melbourne,6,0.007
BBN Corp,6,0.007
IronBridge Networks,6,0.007
Amaranth Networks Inc.,6,0.007
USC/Information Sciences Institute,6,0.007
Tele2,6,0.007
University of Bologna,6,0.007
Philips Lighting,6,0.007
Agranat Systems,6,0.007
"Force10 Networks, Inc.",6,0.007
U.C. Santa Cruz,6,0.007
Univ. of Tokyo,6,0.007
University of Manchester,6,0.007
Marconi Communications,6,0.007
MediaTec,6,0.007
Content Technologies,6,0.007
Sun Microsystems Laboratories,6,0.007
Cabletron Systems Incorporated,6,0.007
Bloomberg L.P.,6,0.007
Song Networks,6,0.007
Wind River Systems,6,0.007
INET-Consulting,6,0.007
Brandenburg,6,0.007
Carleton University,6,0.007
Interlink Networks,6,0.007
Oki,6,0.007
High North Inc,6,0.007
Informed Control Inc.,6,0.007
NTT DoCoMo,6,0.007
Univ. of Arizona,6,0.007
AOL,6,0.007
Comverse,6,0.007
Sparta,6,0.007
Abhay Roy,6,0.007
Van Dyke Technologies,6,0.007
JPNIC,6,0.007
CANON Inc.,6,0.007
Chungnam National University,6,0.007
Massachusetts Institute of Technology,6,0.007
Telenor R&D,6,0.007
Technical University Berlin,6,0.007
Packet Clearing House,6,0.007
Effective Software,6,0.007
"Sonos, Inc.",6,0.007
Jabberwocky Tech,6,0.007
Znyx Networks,6,0.007
Hammerhead Systems,6,0.007
OSS Nokalva,6,0.007
Switch,6,0.007
Global Crossing,6,0.007
Bull SAS,6,0.007
"Jabber, Inc.",6,0.007
Broadcom Corp.,6,0.007
Double Shot Security,6,0.007
NASA/Jet Propulsion Laboratory,6,0.007
CUHK,6,0.007
NTT MCL,6,0.007
Mimecast Ltd,6,0.007
BAE Systems,6,0.007
Zhejiang Gongshang Univ.,6,0.007
ThingMagic,6,0.007
PSC,6,0.007
Kestrel Institute,6,0.007
Hitachi (China),6,0.007
BWS,6,0.007
XMPP Standards Foundation,6,0.007
SpaceNet AG,6,0.007
JAIST,6,0.007
JLC.net,6,0.007
MMA,6,0.007
Verizon Federal Network Systems,6,0.007
Niigata University,6,0.007
INEOVATION,6,0.007
Univ. Erlangen,6,0.007
ActivIdentity,6,0.007
Ciena Corp,6,0.007
Ajou University,6,0.007
"KDDI R&D Laboratories, Inc.",6,0.007
Beihang University,6,0.007
CONNOTECH,6,0.007
CounterPath Solutions,6,0.007
Moncaster.com,6,0.007
Zhejiang University,6,0.007
Registro.br,6,0.007
University of Bremen,6,0.007
NetStar Networks,6,0.007
ISAE/LAAS-CNRS,6,0.007
V. Narayanan,6,0.007
Salesforce.com,6,0.007
KDDI Labs,6,0.007
"ICT, CAS",6,0.007
University of Edinburgh,6,0.007
XConnect,6,0.007
Airbus Defence and Space,6,0.007
Aricent,6,0.007
KT Infra R&D Center,6,0.007
Dust Networks,6,0.007
Telnic Ltd,6,0.007
"UCLouvain, Belgium",6,0.007
Motorola Solutions,6,0.007
Japan Internet Exchange,6,0.007
"Guangzhou, China",6,0.007
VSS Monitoring,6,0.007
For the IAB,6,0.007
Osaka University,6,0.007
Universitat Politecnica de Catalunya/Fundacio i2CAT,6,0.007
NTT-AT,6,0.007
Opera Software,6,0.007
Universitat Pompeu Fabra,6,0.007
SIP Communicator,6,0.007
DONG-EUI Univ.,6,0.007
FastMail US LLC,6,0.007
Blue Coat Systems,6,0.007
NTT East,6,0.007
SitePen (USA),6,0.007
UPC-BarcelonaTech,6,0.007
Filament,6,0.007
ChinaMobile,6,0.007
Huawei Technologies India Pvt Ltd,6,0.007
Ionos Corp.,6,0.007
Thales Deutschland,6,0.007
Hitachi (China) Research and,6,0.007
Comodo CA Ltd.,6,0.007
Fortinet,6,0.007
Azuki Systems,6,0.007
Softbank BB,6,0.007
Schneider-Electric,6,0.007
ORACLE,6,0.007
"CenturyLink, Inc.",6,0.007
Zynga,6,0.007
Textuality,6,0.007
L. Li,6,0.007
UPC/BarcelonaTech,6,0.007
I.I.T Madras.,6,0.007
Winterb Consulting Services,6,0.007
PTB,6,0.007
Laboratory for,6,0.007
Center for Internet Security,6,0.007
T-Systems International GmbH,6,0.007
Institute of Computing,6,0.007
SICS Swedish ICT AB,6,0.007
Two Sigma,6,0.007
IRIT,6,0.007
"Juniper Networks, Inc",6,0.007
Bracket Computing,6,0.007
IIE/Chinese Academy of Sciences,6,0.007
Federal University of Rio Grande do Sul,6,0.007
"Broadcom, Inc.",6,0.007
Actility,6,0.007
AMS-IX,6,0.007
Combitech,6,0.007
"Japan Registry Services Co., Ltd.",6,0.007
Quarkslab,6,0.007
Consortium of Cloud Computing Research,6,0.007
Universidad de Chile,6,0.007
Thinking Cat Enterprises LLC,6,0.007
Aviat Networks,6,0.007
Huawei Technologies Co. Ltd,6,0.007
GoDaddy,6,0.007
NIXI,6,0.007
Nibbhaya Consulting,6,0.007
Lincoln Laboratory,6,0.007
Venafi,6,0.007
RFC Editor,6,0.007
LabN Consulting LLC,6,0.007
Huawei ERC,6,0.007
Triangle Video,6,0.007
Code On Network Coding LLC,6,0.007
SAP SE,6,0.007
Episteme Technology Consulting LLC,6,0.007
Futurewei Technologies Ltd.,6,0.007
University of Naples Federico II,6,0.007
Twitch,6,0.007
Facebook Inc.,6,0.007
Rakuten,6,0.007
internet policy advisors ltd,6,0.007
Impedance Mismatch LLC,6,0.007
CICT,6,0.007
Mattr,6,0.007
HKUST(GZ),6,0.007
Beijing Univ. of Posts and Telecom.,6,0.007
Beyond Identity,6,0.007
General Dynamics Mission Systems,6,0.007
Arm Ltd,6,0.007
Freie Universität Berlin,6,0.007
NC State University,6,0.007
ProSapien LLC,6,0.007
Yahoo!,6,0.007
University of Surrey 5GIC,6,0.007
Oxford Brookes University,6,0.007
Université de Liège,6,0.007
"China Academy of Information and Communications
      Technology",6,0.007
"Aruba, Hewlett Packard Enterprise Ltd.",6,0.007
Münster Univ. of Applied Sciences,6,0.007
Quad9,6,0.007
Ribbon Communication,6,0.007
"Arista Networks, Inc.",6,0.007
AMD,6,0.007
"Spacely Packets, LLC",6,0.007
Penguin Securities Pte. Ltd.,6,0.007
China Southern Power Grid,6,0.007
Cryspen,6,0.007
AWS Wickr,6,0.007
Brigham Young University,6,0.007
Viasat Inc,6,0.007
Worcester Polytechnic Institute,6,0.007
Ozyegin University,6,0.007
Beijing Zhongguancun Laboratory,6,0.007
Department of Informatics,6,0.007
Orange Research,6,0.007
Afnic,6,0.007
Ponder Source,6,0.007
DENIC,6,0.007
Turkcell,6,0.007
InterDigital Europe Ltd,6,0.007
Bitwave,6,0.007
Bluesky Social,6,0.007
Tsinghua Shenzhen International Graduate School & Pengcheng Laboratory,6,0.007
"Infoblox, Inc.",6,0.007
Writerslogic Inc,6,0.007
JPMorgan Chase & Co,6,0.007
"Univ. Grenoble Alpes, CNRS, Grenoble INP, LIG",6,0.007
Unheaded,6,0.007
"University of St Andrews, UK",6,0.007
Merit/NSFNET,5,0.006
Merit,5,0.006
Octel Network Services,5,0.006
"Taligent, Inc.",5,0.006
Rutgers University,5,0.006
Hill Associates,5,0.006
"ADTRAN, Inc.",5,0.006
IMAG,5,0.006
Library of Congress,5,0.006
TurboBridge,5,0.006
Piermont,5,0.006
SKT,5,0.006
Internet Software Consortium,5,0.006
Hewlett Packard Company,5,0.006
Universitaet Bremen,5,0.006
Alis Technologies,5,0.006
SURFnet,5,0.006
ArrowPoint Communications,5,0.006
SSE,5,0.006
US Bank,5,0.006
RedBack Networks,5,0.006
Funk Software,5,0.006
Tandem Computers,5,0.006
CompuServe,5,0.006
"Verio, Inc.",5,0.006
INTERNET DRAFT,5,0.006
Nat'l Computerization Agency,5,0.006
Jean-Yves Le Boudec,5,0.006
Argon Networks,5,0.006
Paradyne,5,0.006
Jr.,5,0.006
Cabletron Systems,5,0.006
Compaq Computer Corporation,5,0.006
"Loudcloud, Inc.",5,0.006
VA Linux Systems,5,0.006
Gadzoox Networks,5,0.006
DIRECTV Inc.,5,0.006
Politecnico  di Milano,5,0.006
Oy LM Ericsson Ab,5,0.006
Integris,5,0.006
Research Lab,5,0.006
Level3 Communications,5,0.006
MCI Worldcom,5,0.006
Lucent Technologies Bell Laboratories,5,0.006
HP Labs,5,0.006
Lemur Networks,5,0.006
U. of Pennsylvania,5,0.006
CommWorks,5,0.006
SANRAD,5,0.006
eList eXpress LLC,5,0.006
IETF,5,0.006
Harvey Mudd College,5,0.006
University of Ottawa,5,0.006
Gerald Maziarski,5,0.006
University of Lecce,5,0.006
IMOT,5,0.006
Interpay Nederland B.V.,5,0.006
Clearswift Corporation,5,0.006
Ansible Systems,5,0.006
MIMEsweeper Group,5,0.006
Invisible Worlds,5,0.006
Enterasys Networks EMEA,5,0.006
Frequentis,5,0.006
WaterCove Networks,5,0.006
Sorrento Networks,5,0.006
Agilent Technologies,5,0.006
Tellium,5,0.006
Nokia Inc.,5,0.006
Arastra,5,0.006
LM Ericsson,5,0.006
Sony Computer Entertainment Inc.,5,0.006
Waseda University,5,0.006
F-Secure,5,0.006
PMC-Sierra,5,0.006
NEC Australia,5,0.006
Communication Systems Laboratory,5,0.006
UCLA REMAP,5,0.006
Nishan Systems,5,0.006
PADL Software,5,0.006
Kazeon Systems,5,0.006
DoCoMo,5,0.006
Autonomica AB,5,0.006
Calient,5,0.006
Black Ops Ltd,5,0.006
Caspian Networks,5,0.006
Cyber Solutions,5,0.006
Temple University,5,0.006
Autonomica,5,0.006
SAVVIS Communications,5,0.006
Sonoa Systems,5,0.006
BEA Systems,5,0.006
CommerceNet,5,0.006
Purple Streak Development,5,0.006
Zyfer,5,0.006
SiNett Corp.,5,0.006
Cantata Technology,5,0.006
Ostfold University College,5,0.006
Lockheed Martin,5,0.006
Pingtel Corp.,5,0.006
no affiliation,5,0.006
Ericsson Research Nomadiclab,5,0.006
CSC,5,0.006
Memory Palace Press,5,0.006
Ordyn Technologies,5,0.006
Tohoku University,5,0.006
Ed,5,0.006
RMRL,5,0.006
INTEC NetCore,5,0.006
Eds.,5,0.006
Easynet Global Services,5,0.006
NTU,5,0.006
BcN ERC,5,0.006
Elan Networks,5,0.006
"VeriWave, Inc.",5,0.006
Domain Assurance Council,5,0.006
xyzzy,5,0.006
ECI Telecom Ltd.,5,0.006
University of Bradford,5,0.006
Nokia Siemens Network,5,0.006
Wichorus,5,0.006
CERT/NetSA,5,0.006
CNRS/LIMOS Laboratory,5,0.006
National ICT Australia,5,0.006
SIPez LLC.,5,0.006
Ulticom Inc.,5,0.006
Diversinet Corp.,5,0.006
F. Andreasen,5,0.006
Institut Eurecom,5,0.006
F5,5,0.006
Avaya Labs Research,5,0.006
NRC-CNRC,5,0.006
KU,5,0.006
Secure Endpoints,5,0.006
Ericsson Hungary,5,0.006
Karlsruhe Institute of Technology,5,0.006
BT Research,5,0.006
DOCOMO Euro-Labs,5,0.006
RWTH Aachen,5,0.006
Eastlake Enterprises,5,0.006
CCNU INC,5,0.006
Quantum Corporation,5,0.006
NIKSUN,5,0.006
UPM,5,0.006
Brute Squad Labs,5,0.006
Infosys Ltd.,5,0.006
DT,5,0.006
University of Essex,5,0.006
Virginia Tech,5,0.006
Deutsche Telekom Laboratories,5,0.006
"deSEC, Secure Systems Engineering",5,0.006
EADS,5,0.006
Sinodun Internet Technologies,5,0.006
Altran,5,0.006
Network Research Division,5,0.006
InterWorking Labs,5,0.006
Ericsson Inc,5,0.006
China Mobile Communication,5,0.006
NEC AccessTechnica,5,0.006
FreeBit,5,0.006
NTT West,5,0.006
Webtide,5,0.006
Cooper Power Systems,5,0.006
"Hangzhou H3C Tech. Co., Ltd",5,0.006
Intracom Telecom,5,0.006
"Digital Wave Co., Ltd",5,0.006
Intlnet,5,0.006
None,5,0.006
Itron,5,0.006
Beijing University of Post and,5,0.006
Telstra Corporation,5,0.006
Siemens Enterprise,5,0.006
University of Stirling,5,0.006
TU Delft,5,0.006
"AT&T Labs, Inc.",5,0.006
"BUPT, China",5,0.006
Swedish Institute of Computer,5,0.006
Grotto,5,0.006
TELUS,5,0.006
UniUD,5,0.006
Network RADIUS,5,0.006
IIJ Innovation Institute Inc.,5,0.006
Huawei R&D USA,5,0.006
Poznan University of Technology,5,0.006
Universitaet Tuebingen,5,0.006
Telus Communications,5,0.006
BME,5,0.006
AMS,5,0.006
Huawei Technologies India Pvt,5,0.006
Softbank Mobile,5,0.006
Universitat Politecnica de,5,0.006
Silicon Labs,5,0.006
XtraTelecom S.A.,5,0.006
Protiviti Government Services,5,0.006
CQUPT,5,0.006
Shanghai Jiaotong University,5,0.006
"SICS, Stockholm",5,0.006
Exceliance,5,0.006
HangZhou H3C Co. Limited,5,0.006
FU Berlin,5,0.006
Z. Xie,5,0.006
Nicolaus,5,0.006
Huawei & USTC,5,0.006
SNU,5,0.006
Tohoku Institute of Technology,5,0.006
Paypal,5,0.006
SamKnows,5,0.006
Pexip,5,0.006
SimulaMet,5,0.006
GNU consensus,5,0.006
"Transcore, LP",5,0.006
Sandflow Consulting LLC,5,0.006
HES-SO,5,0.006
Samsung Research America,5,0.006
"Cisco Systems,
      Inc.",5,0.006
ZTE Corp,5,0.006
NDSC P.R. China,5,0.006
ARPA2.net,5,0.006
"Alibaba, Inc",5,0.006
Kuatro Technologies,5,0.006
DMARC.org,5,0.006
Southend Technical Center,5,0.006
LinuxMagic,5,0.006
InternetWide.org,5,0.006
"The Johns Hopkins University Applied
      Physics Laboratory",5,0.006
"Microsoft, Inc",5,0.006
Huawei Technologies Co.,5,0.006
Dovecot Oy,5,0.006
Beijing University of Post and Telecommunication,5,0.006
SITRANS,5,0.006
EURECOM,5,0.006
Charter,5,0.006
Juniper networks,5,0.006
Physikalisch-Technische Bundesanstalt,5,0.006
Universidad de Buenos Aires,5,0.006
Infinite Computing Solutions,5,0.006
Reliance Jio Infocomm Limited,5,0.006
BBC Research & Development,5,0.006
Derechos Digitales,5,0.006
NS1,5,0.006
Workonline Communications,5,0.006
NIC Chile,5,0.006
"Department of Electronic, Electrical and Computer Engineering",5,0.006
Post-Quantum,5,0.006
ISARA Corporation,5,0.006
"IRIF, University of Paris",5,0.006
Mellanox Technologies,5,0.006
Futurewei USA,5,0.006
"Windy Hill Systems, LLC",5,0.006
CIRA Labs,5,0.006
BT plc,5,0.006
IIT-CNR,5,0.006
Nokia - IT,5,0.006
Auth0,5,0.006
"JSC ""NPK Kryptonite""",5,0.006
"Team Digitale, Italian Government",5,0.006
Google LLC.,5,0.006
Bytedance Inc.,5,0.006
Fraunhofer AISEC,5,0.006
Guangzhou University,5,0.006
ChongQing University,5,0.006
Chongqing University,5,0.006
Brave,5,0.006
University of Florence,5,0.006
"Ruijie Networks Co., Ltd.",5,0.006
codelabs GmbH,5,0.006
Beijing Jiaotong,5,0.006
Széchenyi István University,5,0.006
Alphabet Inc,5,0.006
Utimaco IS GmbH,5,0.006
FreeBSD Project,5,0.006
Verizon Inc,5,0.006
TUD Dresden University of Technology & Barkhausen Institut,5,0.006
Transloadit,5,0.006
Consensys,5,0.006
Fondation Restena | Restena Foundation,5,0.006
NetDef,5,0.006
SGNL,5,0.006
Siemens Mobility GmbH,5,0.006
State Grid Corporation of China,5,0.006
Darmstadt University of Applied Sciences,5,0.006
Smallstep,5,0.006
Huawei Singapore,5,0.006
Intelligent Information R and D Division Mobility Platform Research Center,5,0.006
The Chinese University of Hong Kong,5,0.006
Veridigo,5,0.006
DPA R&D Ltd (https://www.dpa-cloud.co.uk),5,0.006
WritersLogic Inc,5,0.006
PipeChina,5,0.006
"Proteon, Inc.",4,0.004
LBL,4,0.004
RARE Secretariat,4,0.004
Spider Systems,4,0.004
Precept Software,4,0.004
AG Projects,4,0.004
Apple Computer Inc.,4,0.004
Royal Institute of Technology,4,0.004
TeraCortex,4,0.004
Digital Equipment Corp.,4,0.004
George Mason University,4,0.004
"Spyglass, Inc.",4,0.004
Iris Associates,4,0.004
Xerox PARC/MIT LCS,4,0.004
University of Kent,4,0.004
Medooze,4,0.004
Izenpe,4,0.004
Siara Systems,4,0.004
RGnet,4,0.004
Digital Equipment Corp,4,0.004
"P6R, Inc",4,0.004
"Parsons, Inc.",4,0.004
Chemical Abstracts Service,4,0.004
Aventail Corporation,4,0.004
The Inner Net,4,0.004
CoSine Communications,4,0.004
Hi/fn Inc.,4,0.004
National Laboratory for Applied,4,0.004
Capitalonline,4,0.004
Crocodile RCS Ltd,4,0.004
High North Inc.,4,0.004
Hewlett-Packard Corporation,4,0.004
Oy L M Ericsson Ab,4,0.004
"Sun Microsystems, Inc.",4,0.004
Worldtalk,4,0.004
University of Arizona,4,0.004
Technion,4,0.004
Shasta Networks,4,0.004
Live Networks,4,0.004
Fujitsu Laboratories LTD.,4,0.004
Utah Valley State College,4,0.004
USC Information Sciences Institute,4,0.004
T. Grant,4,0.004
Ellison Software Consulting,4,0.004
Hethmon Brothers,4,0.004
The Hebrew Univ. of Jerusalem,4,0.004
Unisphere Solutions,4,0.004
University of WA,4,0.004
Tampere University,4,0.004
Lawrence Berkeley National Laboratory,4,0.004
University of Cincinnati,4,0.004
Activerse,4,0.004
Thinking Cat Enterprises,4,0.004
Sun Labs,4,0.004
SafeNet,4,0.004
Nokia Telecommunications,4,0.004
The Industrial Lounge,4,0.004
RSL COM,4,0.004
Jasmine Networks,4,0.004
Sun Laboratories,4,0.004
Lotus,4,0.004
Vertical Networks,4,0.004
Telia,4,0.004
U.C. Berkeley,4,0.004
University of Bonn,4,0.004
"LGERCA, Inc.",4,0.004
Utfors AB,4,0.004
Cosine Communications,4,0.004
"Novell, Inc",4,0.004
Network Startup Resource Center,4,0.004
WIDE,4,0.004
Communication Research Laboratory,4,0.004
PMC-Sierra Inc.,4,0.004
Secworks Sweden AB,4,0.004
FUNDP,4,0.004
Govindaraj Sampathkumar,4,0.004
MetraTech Corp.,4,0.004
Pearl Crescent,4,0.004
Nortel Networks Corp.,4,0.004
Signatus Technologies,4,0.004
IBM Watson,4,0.004
Emad Qaddoura,4,0.004
Yale,4,0.004
PGP Corporation,4,0.004
NTT Mobile Communications Network Inc.,4,0.004
"Entera, Inc.",4,0.004
K. Meth,4,0.004
NEC America,4,0.004
Helsinki University Library,4,0.004
TCB,4,0.004
Security & Standards,4,0.004
Cambridge Univ.,4,0.004
Univ. Pisa,4,0.004
JDS Consulting,4,0.004
Toshiba America Research,4,0.004
"Intransa, Inc.",4,0.004
BellSouth,4,0.004
"Djinesys, Inc.",4,0.004
Predictive Systems,4,0.004
Network Test,4,0.004
Network Projects Inc.,4,0.004
F-Secure Corporation,4,0.004
Swinburne University of Technology,4,0.004
TZI/Uni Bremen,4,0.004
Alcatel Bell,4,0.004
Orthanc Systems,4,0.004
NetNumber,4,0.004
M. Hofmann,4,0.004
Layer8 Networks,4,0.004
IHTFP Consulting,4,0.004
Litchfield Communications,4,0.004
Athonet,4,0.004
Reef Point Systems,4,0.004
AOL Time Warner,4,0.004
Sanera Systems,4,0.004
IXIA,4,0.004
L-3 Communications,4,0.004
Neteka Inc.,4,0.004
Netnod Internet Exchange,4,0.004
RealNames Corp.,4,0.004
University of Tokyo,4,0.004
Calix,4,0.004
University of Karlsruhe,4,0.004
Point6,4,0.004
LTU,4,0.004
Global IP Sound,4,0.004
Aalborg University,4,0.004
Perceval,4,0.004
University of Duisburg-Essen,4,0.004
Oversi,4,0.004
Harvard U.,4,0.004
DANTE,4,0.004
Alert Logic,4,0.004
Inter China,4,0.004
Infonet Services Corporation,4,0.004
Xiph.Org,4,0.004
Xiph,4,0.004
Houston Associates,4,0.004
KUL,4,0.004
Keio University/WIDE Project,4,0.004
Caltech,4,0.004
LSIIT,4,0.004
JSF,4,0.004
ADVA Optical,4,0.004
Kuntal Chowdhury,4,0.004
"Safenet, Inc.",4,0.004
Mail Abuse Prevention System,4,0.004
ENST Paris,4,0.004
GET/INT,4,0.004
NexTone Communications,4,0.004
"ZTE, Inc.",4,0.004
TILAB,4,0.004
Isocore,4,0.004
Xidian Univ.,4,0.004
"Cryptonector, LLC",4,0.004
The Cooper-Cain Group,4,0.004
Nivis,4,0.004
University of York,4,0.004
National Cheng Kung University,4,0.004
Uni Bremen TZI,4,0.004
Rain Willow Communications,4,0.004
"Canon, Inc.",4,0.004
Research In Motion,4,0.004
Santronics Software,4,0.004
ETT-R&D Publications,4,0.004
Cogent Force,4,0.004
MIPS,4,0.004
Real-Time Text Taskforce,4,0.004
Velocix,4,0.004
Airtel,4,0.004
FOX,4,0.004
Huawei Tech.,4,0.004
SIPeerior,4,0.004
AOL  LLC,4,0.004
Japan Advanced Institute of,4,0.004
Infinity Networks,4,0.004
University of Namur,4,0.004
NCSU,4,0.004
SatLabs Group,4,0.004
Huawei Labs at UC3M,4,0.004
BT Group,4,0.004
Korea Information Security Agency,4,0.004
"H3C Tech. Co., Ltd",4,0.004
MediaTek,4,0.004
Columbia Univ.,4,0.004
Martin J Reed,4,0.004
Telcordia Technologies Inc.,4,0.004
Commscope,4,0.004
MINE/BUPT,4,0.004
Univ. of Soongsil,4,0.004
Ariadne Internet Services,4,0.004
HP Networking,4,0.004
DLR,4,0.004
Pando Networks,4,0.004
"Pollere, Inc.",4,0.004
Johnson Controls Inc.,4,0.004
1-4-5.net,4,0.004
Institute of Computing Technology,4,0.004
KPU,4,0.004
University of Fribourg,4,0.004
NEC BIGLOBE,4,0.004
Cryptocom Ltd.,4,0.004
Villanova University,4,0.004
"Tridium, Inc",4,0.004
Pacific Gas and Electric,4,0.004
Center,4,0.004
Frontier Communications,4,0.004
TMSP,4,0.004
cisco Systems Inc,4,0.004
PhoneFactor,4,0.004
Telefonica Investigacion y Desarrollo,4,0.004
IST/INOV,4,0.004
University of Paderborn,4,0.004
SOFTBANK TELECOM Corp.,4,0.004
CESG,4,0.004
Korea Internet & Security Agency,4,0.004
U.S. Army CERDEC,4,0.004
Luminate Wireless,4,0.004
Comodo Inc.,4,0.004
Panasonic Wireless Research Lab,4,0.004
Universidad Politecnica de Valencia,4,0.004
INRIA Sophia Antipolis,4,0.004
VT iDirect,4,0.004
Korea University,4,0.004
Vmware,4,0.004
Ciena Corp.,4,0.004
Simula Research Laboratory AS,4,0.004
UPV,4,0.004
Freescale,4,0.004
Nest Labs,4,0.004
"Comcast, Inc.",4,0.004
The Varnish Cache Project,4,0.004
next layer Telekom GmbH,4,0.004
Ping,4,0.004
"Verizon, Inc",4,0.004
Telecom Italia Labs,4,0.004
Rtbrick,4,0.004
STTRI,4,0.004
HuaWei,4,0.004
Janet,4,0.004
Chinese Academy of Science,4,0.004
Bouygues Telecom,4,0.004
Arrcus Inc,4,0.004
Freelance,4,0.004
SailPoint,4,0.004
National Security Research Institute,4,0.004
Silverflare,4,0.004
Delft University of Technology,4,0.004
Yorktown Museum of Asian Art,4,0.004
TOSHIBA Corporation,4,0.004
Texas A&M,4,0.004
KU Leuven,4,0.004
Tata Consultancy Services Ltd.,4,0.004
Duksung Women's University,4,0.004
Morgan Stanley,4,0.004
Thierry Technologies,4,0.004
Travelping,4,0.004
Moulay Ismail University,4,0.004
YoGoKo,4,0.004
credativ GmbH,4,0.004
AGH Univ. of Science and Technology,4,0.004
SIDN,4,0.004
ZTE TX Inc.,4,0.004
M. Makaraju,4,0.004
LMU,4,0.004
Qosmos,4,0.004
Arista Networks Inc.,4,0.004
IAEA,4,0.004
SouthEast University,4,0.004
"RtBrick, Inc.",4,0.004
"Universidad Carlos III de
      Madrid",4,0.004
Nexenta,4,0.004
National Instruments,4,0.004
Comtech TCS,4,0.004
ENAC,4,0.004
fruux GmbH,4,0.004
British Broadcasting Corporation,4,0.004
Retevia,4,0.004
"VMWare, Inc.",4,0.004
"University of New Hampshire, Interoperability Lab (UNH-IOL)",4,0.004
Security Innovation,4,0.004
The Tor Project,4,0.004
Article19,4,0.004
Oxford Internet Institute,4,0.004
BBC,4,0.004
Teleinfo,4,0.004
Szechenyi Istvan University,4,0.004
Mapbox,4,0.004
PetroChina Huabei Oilfield Company,4,0.004
MIRACL Ltd.,4,0.004
ZDNS Ltd.,4,0.004
Shopify,4,0.004
Huaiyin Institute of Technology,4,0.004
Next Layer Communications,4,0.004
California Institute of Technology,4,0.004
Huawei International Pte. Ltd.,4,0.004
Nexus Group,4,0.004
Sejong University,4,0.004
Institut Mines Telecom Atlantique,4,0.004
RtBrick India,4,0.004
Etheric Networks,4,0.004
Nexus,4,0.004
link-lab & FU Berlin,4,0.004
Nordic Semiconductor,4,0.004
SPRIND,4,0.004
Paragon Initiative Enterprises,4,0.004
Vencore Labs,4,0.004
Frequentis AG,4,0.004
Data Archiving and Networked Services,4,0.004
"Huawei Technologies,Co.,Ltd",4,0.004
Essex University,4,0.004
FastMail Pty Ltd,4,0.004
Accedian Networks,4,0.004
Riphah Institute of Systems Engineering,4,0.004
LiteSpeed Technologies,4,0.004
China Information Communication Technologies Group,4,0.004
F. Iqbal,4,0.004
Reliance Jio,4,0.004
University of Applied Sciences Emden/Leer,4,0.004
AliBaba Inc.,4,0.004
Open-Xchange Inc.,4,0.004
Somos,4,0.004
KDDI Research,4,0.004
Tencent America,4,0.004
Inria & Mozilla,4,0.004
Center for Democracy & Technology,4,0.004
CUHK(SZ),4,0.004
QuTech,4,0.004
"WMN Research Group, Kingston University London",4,0.004
Technical University of Liberec,4,0.004
OpenXchange,4,0.004
MTN Cameroon,4,0.004
Lapishills Consulting Limited,4,0.004
Hiroshima University,4,0.004
Dipartimento per la trasformazione digitale,4,0.004
Proofpoint,4,0.004
University of Surrey ICS,4,0.004
Toyota Motor Corporation,4,0.004
Guardian Project,4,0.004
Technical University Muenchen,4,0.004
Hostinger,4,0.004
Gunnar Hellstrom Accessible Communication,4,0.004
Cloudflare Ltd.,4,0.004
Grab,4,0.004
German Aerospace Center (DLR),4,0.004
Z. Li,4,0.004
"Amazon Web Services, Inc.",4,0.004
SignIn.Org,4,0.004
"AX 
	Enterprize",4,0.004
6connect,4,0.004
Haivision Network Video,4,0.004
"SK Telecom Co., Ltd.",4,0.004
Renmin University of China,4,0.004
IBM Research Europe - Zurich,4,0.004
"Digital Transformation Department, Italian Government",4,0.004
Hackmanit,4,0.004
Nederlandse Publieke Omroep,4,0.004
Millicast,4,0.004
Forescout Technologies,4,0.004
Hirschmann Automation and Control GmbH,4,0.004
Port 179 Ltd,4,0.004
"IIJ Research Lab & Arrcus, Inc.",4,0.004
NIO,4,0.004
ULiege,4,0.004
"Institute for Network Sciences and Cyberspace, Tsinghua University",4,0.004
Telecom Italia - TIM,4,0.004
SANGMYUNG UNIVERSITY,4,0.004
Reliably Coded,4,0.004
"Huawei Technology Co.,Ltd.",4,0.004
TU Korea,4,0.004
China Mobile Research Istitute,4,0.004
Guangzhou university,4,0.004
Industry Network Technology Council,4,0.004
Interpeer gUG,4,0.004
Domos,4,0.004
MTN,4,0.004
NSA-CCSS,4,0.004
IIJ Research & Arrcus,4,0.004
"Garmin International, Inc.",4,0.004
China Automotive Innovation Corporation,4,0.004
TQSD Technische Universität München,4,0.004
Compellio S.A.,4,0.004
Peng Cheng Laboratory,4,0.004
PCH,4,0.004
SOBCO,4,0.004
"QuSecure, Inc.",4,0.004
Chinat Telecom,4,0.004
dhyanayoga.info,4,0.004
Data Transfer Initiative,4,0.004
Tiktok,4,0.004
VIT-AP University,4,0.004
Raiffeisen Bank International,4,0.004
DistributedApps.ai,4,0.004
IPFS Foundation,4,0.004
InterDigital Europe Ltd.,4,0.004
Phoenix R&D GmbH,4,0.004
University of New Hampshire Interoperability Labs,4,0.004
"CNIC, Chinese Academy of Sciences",4,0.004
"GuardSuite, VXMSecure",4,0.004
OpenAI,4,0.004
Department of the Air Force,4,0.004
University of Illinois at Urbana-Champaign,4,0.004
Web 7.0 Foundation,4,0.004
"Dept. of CSE, Hong Kong University of Science and Technology",4,0.004
"Dept. of IE, The Chinese University of Hong Kong",4,0.004
"SKGO, IKT Support",4,0.004
Aevum Network,4,0.004
Nexthop AI,4,0.004
Zebra Technologies,3,0.003
Tata Communications Ltd,3,0.003
BJTU,3,0.003
ACC,3,0.003
SynOptics Communications,3,0.003
Data General Corporation,3,0.003
OARnet,3,0.003
NeXor Ltd.,3,0.003
Network Management Associates,3,0.003
Bunyip,3,0.003
CNIDR,3,0.003
Farallon Computing,3,0.003
University of Luebeck,3,0.003
Epilogue Technology Corporation,3,0.003
Israeli Inter-University,3,0.003
Open Connect Systems,3,0.003
Myricom,3,0.003
Y. Jiang,3,0.003
"WAIS, Inc.",3,0.003
UMICH,3,0.003
Magnalink,3,0.003
KTHNOC,3,0.003
LANL,3,0.003
DigiBoard,3,0.003
New Century Systems,3,0.003
BBN Planet,3,0.003
Hrvatski Telekom,3,0.003
Versatica,3,0.003
Accurate Information Systems,3,0.003
AT&T LABS,3,0.003
Solbox Inc.,3,0.003
Xylogics,3,0.003
Adaptec,3,0.003
Berkeley Software Design,3,0.003
"XIson, Inc.",3,0.003
Wildbear Consulting,3,0.003
CONAC,3,0.003
InterNIC,3,0.003
RIPE,3,0.003
Lucent Technologies Inc.,3,0.003
MessagingDirect Ltd.,3,0.003
Sycamore Networks,3,0.003
PSC International,3,0.003
Swiss Federal Institute of,3,0.003
DTCC,3,0.003
Aladdin Enterprises,3,0.003
DHS,3,0.003
TimeStep Corporation,3,0.003
UCSD,3,0.003
Nuage Networks.,3,0.003
Tele2/Swipnet,3,0.003
DSTC Pty Ltd,3,0.003
Drummond Group,3,0.003
Cyclone Commerce,3,0.003
The City College of New York,3,0.003
NASA Lewis/Sterling Software,3,0.003
Network Alchemy,3,0.003
Megisto Systems,3,0.003
GTE Internetworking,3,0.003
"Stonecast, Inc.",3,0.003
Motorola BCS,3,0.003
Sunil Jagannath,3,0.003
Human Communications,3,0.003
Cabletron Systems Inc.,3,0.003
U.C. Irvine,3,0.003
Olafur Gudmundsson,3,0.003
Data Connection Ltd.,3,0.003
Electric Communities,3,0.003
Southwestern Bell,3,0.003
Xcert,3,0.003
NEC USA,3,0.003
General DataComm,3,0.003
CygnaCom Solutions,3,0.003
AltaVista Internet Software,3,0.003
Dataproducts Corp.,3,0.003
Critical Angle,3,0.003
W3C/Keio University,3,0.003
Engage,3,0.003
"Qualcomm, Inc",3,0.003
Secure Computing Corporation,3,0.003
CERT,3,0.003
Congruent Software,3,0.003
Fujitsu Network Communications,3,0.003
Redback Networks Inc.,3,0.003
Stanford,3,0.003
TIS Labs,3,0.003
SonyCSL Inc.,3,0.003
IMC,3,0.003
The Ohio State University,3,0.003
ValiCert,3,0.003
Siara,3,0.003
QUALCOMM Inc.,3,0.003
Chalmers University of Technology,3,0.003
Network Associates,3,0.003
Daniel Tappan,3,0.003
Drummond Group Inc.,3,0.003
University of California at Berkeley,3,0.003
Campio Communications,3,0.003
University of Pisa,3,0.003
Marimba,3,0.003
Nortel (Northern Telecom),3,0.003
Bell Labs/Microsoft/Columbia,3,0.003
World Wide Web Consortium,3,0.003
CANON Inc,3,0.003
GlobalCast Communications,3,0.003
TIS Labs at Network Associates,3,0.003
QinetiQ,3,0.003
ADC Telecommunications,3,0.003
AKC Computer Services Corp.,3,0.003
VPNC,3,0.003
OpenDirectory,3,0.003
"Twitter, Inc.",3,0.003
Solidum Systems Corporation,3,0.003
Teltec UCD-CS,3,0.003
Internet Draft,3,0.003
Eurecom,3,0.003
Qwest Communications,3,0.003
MicroLegend Telecom Systems Inc.,3,0.003
Axis Communications,3,0.003
BBN/GTEI,3,0.003
Bilel Jamoussi,3,0.003
UDcast,3,0.003
Redback,3,0.003
Verio,3,0.003
Nexabit Networks,3,0.003
ESnet,3,0.003
Inktomi Corporation,3,0.003
PFN,3,0.003
Tropos Networks,3,0.003
Trustpoint,3,0.003
"ipVerse, Inc.",3,0.003
Forge Research,3,0.003
Omnitor AB,3,0.003
OpenSS7,3,0.003
Anritsu,3,0.003
PADL,3,0.003
NASA GRC/BBN,3,0.003
PassEdge,3,0.003
Technical University Braunschweig,3,0.003
Cabletron Systems EMEA,3,0.003
RedCreek Communications,3,0.003
Citigroup,3,0.003
CPlane Inc.,3,0.003
Internet Engines,3,0.003
Sprint PCS,3,0.003
Hatteras Networks,3,0.003
ULB,3,0.003
Cisco Systems.,3,0.003
IKS GmbH,3,0.003
Telia ProSoft,3,0.003
Malibu Networks,3,0.003
Erlang Technology,3,0.003
"LabN Consulting, LLC",3,0.003
IP Highway,3,0.003
CNNIC-Farsight Joint Laboratory,3,0.003
"Hifn, Inc.",3,0.003
Centigram Communications,3,0.003
eCal,3,0.003
"INRIA, France",3,0.003
Ebone,3,0.003
ECI Telecom Inc.,3,0.003
Tenor Networks,3,0.003
"Arastra, Inc.",3,0.003
NTT Network Innovation Labs.,3,0.003
TRAB,3,0.003
Nayna Networks,3,0.003
Directory Tools and,3,0.003
PoliTO,3,0.003
"Tellium, Inc.",3,0.003
"Metanoia, Inc.",3,0.003
Nexsi Systems,3,0.003
Baltimore,3,0.003
Entera,3,0.003
Sylantro Systems,3,0.003
CSU Sacramento,3,0.003
CoRiTeL,3,0.003
Salzburg Research,3,0.003
TeraOptic Networks,3,0.003
Ericsson NomadicLab,3,0.003
IPTC,3,0.003
BCI,3,0.003
TERENA,3,0.003
Exodus,3,0.003
YAS Corporation,3,0.003
Cisco Systems Ltd,3,0.003
Nokia Mobile Phones,3,0.003
OneSparrow,3,0.003
University of,3,0.003
Riverbed Technology,3,0.003
Xythos,3,0.003
McDATA,3,0.003
ETRI/KOREA,3,0.003
Caymas Systems,3,0.003
LIP6,3,0.003
Terabeam Networks,3,0.003
Network Associates Inc,3,0.003
IdentAware,3,0.003
Cisco systems,3,0.003
IANA,3,0.003
KTF,3,0.003
InMon Corp.,3,0.003
Jay Kumarasamy,3,0.003
Laurel Networks,3,0.003
Henning Schulzrinne,3,0.003
Ericsson Lab Italy,3,0.003
University of Kaiserslautern,3,0.003
National Communications System,3,0.003
Mangrove Systems,3,0.003
Cable & Wireless,3,0.003
Stockholm University,3,0.003
cisco Systems Ltd,3,0.003
Consult,3,0.003
SmartPipes,3,0.003
Openwave,3,0.003
CPR,3,0.003
FhG Fokus,3,0.003
NRC,3,0.003
Network Associates Laboratories,3,0.003
Cisco Systems (India) Private Limited,3,0.003
SnT/Univ. of Luxembourg,3,0.003
UMKC,3,0.003
Equant,3,0.003
SBC Communications,3,0.003
DAASI International GmbH,3,0.003
NTT Network Innovation Labs,3,0.003
Univ. of Missouri-Kansas City,3,0.003
Anand Oswal,3,0.003
tComLabs,3,0.003
SIP Edge LLC,3,0.003
Operax,3,0.003
Cyrusoft International,3,0.003
Wampumpeag,3,0.003
Technical University,3,0.003
Mark Stapp,3,0.003
Siemens/Columbia U./Nortel Networks,3,0.003
RFG Security,3,0.003
Hughes Software,3,0.003
Ericsson Australia,3,0.003
Radio Mobile Access,3,0.003
Openwave Systems,3,0.003
Hexago,3,0.003
UCL/INGI,3,0.003
Rhyolite Software,3,0.003
CSC/Funet,3,0.003
Convedia,3,0.003
Brandenburg Internetworking,3,0.003
Konkuk University,3,0.003
SECOM,3,0.003
Infineon Technologies,3,0.003
All Play,3,0.003
Seongho,3,0.003
SolidMatrix Technologies,3,0.003
Ericsson Research Canada,3,0.003
Stockholm university,3,0.003
Siemens plc,3,0.003
Keio University/WIDE,3,0.003
RMR,3,0.003
Isode,3,0.003
Computer Science Department,3,0.003
SONY,3,0.003
Fraunhofer Gesellschaft,3,0.003
UNBC,3,0.003
PacketVideo Network Solutions,3,0.003
ck technology concepts,3,0.003
Zarlink Semiconductor,3,0.003
BT Infonet,3,0.003
Universite de Sherbrooke,3,0.003
NASA GRC/Verizon FNS,3,0.003
ICIR/ICSI,3,0.003
"Nokia, Inc",3,0.003
"ISTRAC, ISRO",3,0.003
GIP RENATER,3,0.003
Samsung India Software Operations,3,0.003
Avaya Labs,3,0.003
"Virtualized, LLC",3,0.003
"IntelliCal, LLC",3,0.003
DNS-MODA,3,0.003
Skype Labs,3,0.003
EXFO,3,0.003
Univ. Tuebingen,3,0.003
Brix Networks,3,0.003
Emergicom,3,0.003
Sprint Nextel,3,0.003
Flextronics Software Systems,3,0.003
KIT,3,0.003
Nagoya University,3,0.003
Tandberg,3,0.003
Gesher Erove Ltd,3,0.003
Softarmor Systems,3,0.003
IT Aveiro,3,0.003
QoSmetrics,3,0.003
"University of Duisburg-Essen, Institute for Experimental Mathematics",3,0.003
SETCCE,3,0.003
Adva Optical,3,0.003
STMicroelectronics,3,0.003
KT Advanced Technology Lab,3,0.003
NTT DoCoMo Inc.,3,0.003
Swedish Museum of Natural History,3,0.003
Pollere LLC,3,0.003
Sxip Identity,3,0.003
Queen Mary,3,0.003
Fraunhofer IFAM,3,0.003
LAAS,3,0.003
AOL LLC,3,0.003
JP Vasseur,3,0.003
Siemens Mobile,3,0.003
NTT-east Corporation,3,0.003
University of Electro-Communications,3,0.003
Lucid Vision,3,0.003
CenturyLink,3,0.003
Ericsson GmbH,3,0.003
Default Deny Security,3,0.003
CenGen,3,0.003
Lab126,3,0.003
"eBook Technologies, Inc.",3,0.003
Univ. of Parma,3,0.003
sip101,3,0.003
XSF,3,0.003
Zimbra,3,0.003
Portugal Telecom,3,0.003
Nokia Siemens,3,0.003
Institut National des,3,0.003
Ansaldo Trasporti e Sistemi,3,0.003
iRam Technologies,3,0.003
Alt-N Technologies,3,0.003
Huawei Lab at UC3M,3,0.003
Kochi University of Technology,3,0.003
Softbank Telecom Corp.,3,0.003
Intec Netcore Inc.,3,0.003
Openet-Telecom,3,0.003
Researcher,3,0.003
OSC,3,0.003
Braintrust Ltd.,3,0.003
Monash University,3,0.003
netconfcentral.org,3,0.003
Rainwillow,3,0.003
Genesys,3,0.003
Syzygy,3,0.003
Acreo,3,0.003
Rome Tor Vergata University,3,0.003
Research Center for Natural Hazard,3,0.003
NIIF/Hungarnet,3,0.003
Furukawa Network Solutions Corp.,3,0.003
OCCNC,3,0.003
Word to the Wise,3,0.003
WorldGate Communications,3,0.003
Sun microsystems,3,0.003
Eka Systems,3,0.003
Universiti Sains Malaysia,3,0.003
Harris Corporation,3,0.003
IT/TB,3,0.003
Booz Allen Hamilton Inc.,3,0.003
IS Consulting G.K.,3,0.003
ICSI Center for Internet Research,3,0.003
Internet Archive,3,0.003
BitTorrent,3,0.003
Proto6,3,0.003
Netconf Central,3,0.003
International Computer Science,3,0.003
Shinkuro,3,0.003
Sandstorm Enterprises,3,0.003
Cumulus,3,0.003
RealVNC Ltd.,3,0.003
Motorola Inc,3,0.003
CSU-Netsec Group,3,0.003
M. Maknavicius,3,0.003
Iformata Communications,3,0.003
Swisscom Schweiz AG,3,0.003
Ember Corporation,3,0.003
CERTH,3,0.003
PJIIT,3,0.003
TEI of Chalkida,3,0.003
ADAE,3,0.003
"CMCC, Inc.",3,0.003
enum.at GmbH,3,0.003
Zhejiang University of Technology,3,0.003
Zhi-Wei Yan,3,0.003
Ember,3,0.003
JDSU,3,0.003
University of Rostock,3,0.003
YFS,3,0.003
Technicolor,3,0.003
Fraunhofer Fokus,3,0.003
Message Systems,3,0.003
Leibniz Supercomputing Centre,3,0.003
Infinera Corp.,3,0.003
"HAW Hamburg, Informatics Department",3,0.003
Consecom AG,3,0.003
Verison Business,3,0.003
S. Jury,3,0.003
QLogic,3,0.003
Univ.of BUPT,3,0.003
K. Wierenga,3,0.003
University of Houston,3,0.003
"Nominum, Inc",3,0.003
China Telecom Beijing Research,3,0.003
VMware Inc.,3,0.003
ATT Labs,3,0.003
Alcatel-Lucent Bell Labs France,3,0.003
Riveronce,3,0.003
Old Dominion University,3,0.003
Infinity Networks B.V.,3,0.003
cstar industries,3,0.003
AuthenTec,3,0.003
AGH University,3,0.003
VOIPFUTURE GmbH,3,0.003
SMHS Ltd,3,0.003
TW Telecom,3,0.003
Arktan Inc,3,0.003
Chelsio Communications,3,0.003
Audinate,3,0.003
New H3C Technologies Co. Ltd,3,0.003
CentralNic Ltd,3,0.003
PADL Software Pty Ltd,3,0.003
Cardiff University,3,0.003
Cloud Identity,3,0.003
"Alcatel-Lucent, Bell Labs",3,0.003
BCBS of Michigan,3,0.003
Hurricane Electric,3,0.003
Electronic Frontier Foundation,3,0.003
Delta Controls,3,0.003
Viris,3,0.003
XJTU,3,0.003
Blue Sun,3,0.003
Technical University Darmstadt,3,0.003
EDF R&D,3,0.003
Synelixis,3,0.003
De-Yun Gao,3,0.003
Y.Bo,3,0.003
D3 Communications,3,0.003
UPC/i2cat,3,0.003
Telefonica Global CTO,3,0.003
Tallac Networks,3,0.003
Qualcomm Innovation Center,3,0.003
Freelancer Technologies,3,0.003
Kookmin University,3,0.003
Broadcom Communications,3,0.003
Kitterman Technical Services,3,0.003
Deutsche Telecom,3,0.003
AVAYA,3,0.003
CIS,3,0.003
"DigiCert, Inc",3,0.003
Pivotal,3,0.003
JHU,3,0.003
Mitsubishi Electric Research Laboratories,3,0.003
Vienna University of Technology,3,0.003
"ZTE USA,Inc",3,0.003
Afilias USA,3,0.003
"Tokyo Electric Power Company, Inc.",3,0.003
Japan Network Enabler Corporation,3,0.003
Alibaba Inc,3,0.003
Cobenian,3,0.003
University of Glasgow Singapore,3,0.003
"MRC, Huawei Technologies",3,0.003
HAProxy Technologies,3,0.003
China Unicom Research Institute,3,0.003
UPB,3,0.003
Silent Circle,3,0.003
KDDI Technology,3,0.003
Tencent Holdings Ltd.,3,0.003
IPinfusion,3,0.003
CALLSTATS I/O Oy,3,0.003
Teklibre,3,0.003
Google UK Ltd.,3,0.003
Alpen-Adria University Klagenfurt,3,0.003
eBay Inc.,3,0.003
Secunet Security Networks,3,0.003
Ionos Corp,3,0.003
"Farsight Security, Inc.",3,0.003
Hebei University of Engineering,3,0.003
Textuality Services,3,0.003
YES.com AG,3,0.003
Rozanak,3,0.003
Blue Cross Blue Shield of Michigan,3,0.003
Airbus Defence and Space CyberSecurity,3,0.003
Wireshark Foundation,3,0.003
Tableau Software,3,0.003
Jeju Nat. Univ.,3,0.003
US Ignite,3,0.003
H-DA,3,0.003
SecureRF Corporation,3,0.003
INTEC Inc.,3,0.003
BENOCS GmbH,3,0.003
Independant,3,0.003
Grenoble Institute of Technology,3,0.003
"Pivotal Software, Inc.",3,0.003
KDDI R&D Labs. Inc.,3,0.003
Bedework Commercial Services,3,0.003
APC,3,0.003
EFF,3,0.003
"Brute Squad Labs, Inc.",3,0.003
Chinamobile,3,0.003
"Regumi, Inc.",3,0.003
"Rakuten, Inc.",3,0.003
TU Eindhoven,3,0.003
TU Darmstadt,3,0.003
TrustPoint Innovation Technologies,3,0.003
FreeLance,3,0.003
"Stargazers Consulting, LLC",3,0.003
Radboud University,3,0.003
"Dolby Laboratories, Inc.",3,0.003
Refinitiv,3,0.003
MIRACL Ltd,3,0.003
University of Nebraska-Lincoln,3,0.003
University of Colorado at Boulder,3,0.003
H. Xie,3,0.003
TISF,3,0.003
"ASMUS, Inc.",3,0.003
Xoriant Corporation,3,0.003
Let's Encrypt,3,0.003
RCS&RDS,3,0.003
Airbus Defence & Space,3,0.003
France-IX,3,0.003
RKF Engineering,3,0.003
University of Konstanz,3,0.003
PuTTY,3,0.003
Naval Information Warfare Center Pacific,3,0.003
University of Lancaster,3,0.003
Hackers.mu,3,0.003
Worldsensing,3,0.003
GnuPG e.V.,3,0.003
DellEMC,3,0.003
Politecnico di Bari (DEI),3,0.003
T-Mobile Austria,3,0.003
"NTT, Corp.",3,0.003
Bedework,3,0.003
Stefan Vallin AB,3,0.003
"RKF Engineering Solutions, LLC",3,0.003
C-DAC,3,0.003
Radware Ltd.,3,0.003
RedHat,3,0.003
Avi Networks,3,0.003
Blue Meadow Networks,3,0.003
Sandelman Software,3,0.003
"Expedia, Inc",3,0.003
PowerDNS.COM B.V.,3,0.003
Temporary RFC Series Project Manager,3,0.003
"China Telecom Co., Ltd",3,0.003
Hua Wu,3,0.003
CoSMo,3,0.003
Friedrich-Alexander-Universität Erlangen-Nürnberg,3,0.003
DNSimple,3,0.003
Odin Solutions S.L.,3,0.003
Cisco International Limited,3,0.003
Baidu Inc,3,0.003
Berlin Institute of Technology,3,0.003
Internet Corporation for Assigned Names and Numbers,3,0.003
Wonder Hamster Internetworking LLC,3,0.003
"GRC, Huawei Technologies",3,0.003
Orange SA,3,0.003
Semtech,3,0.003
BaishanCloud,3,0.003
EANTC AG,3,0.003
Juniper Networks.,3,0.003
TCS R&I,3,0.003
Amsterdam Internet Exchange,3,0.003
Huawei Canada Research Centre,3,0.003
Curity AB,3,0.003
CISPA Helmholtz Center for Information Security,3,0.003
OP3FT,3,0.003
Coinbase,3,0.003
Alibaba-Inc,3,0.003
Verizon Communications Inc. (VZ),3,0.003
Open Netlabs B.V.,3,0.003
Soongsil Univ.,3,0.003
Saudi Telecom Company,3,0.003
"Research Institute CODE, UniBwM",3,0.003
Lightside Instruments AS,3,0.003
EDCO,3,0.003
IPNGROUP,3,0.003
RtBrick,3,0.003
Budapest University of Technology and Economics,3,0.003
NCTU,3,0.003
Graphiant,3,0.003
"University of
      Basel",3,0.003
"China Telecom Co., Ltd.",3,0.003
"Barefoot Networks, an Intel
      company",3,0.003
HK University of Science and Technology,3,0.003
OpenCA Labs,3,0.003
D-Trust GmbH,3,0.003
intoPIX,3,0.003
pdv Financial Software GmbH,3,0.003
City University of London,3,0.003
"QuTech, Delft University of Technology",3,0.003
CDAC Bangalore,3,0.003
Open-Xchange Oy,3,0.003
Rakuten Mobile,3,0.003
MWA Ltd c/o Inmarsat Global Ltd,3,0.003
Brunel University,3,0.003
"Internet Systems Consortium,
      Inc.",3,0.003
University of St Andrews,3,0.003
"Huawei Technologies, Co.,
      Ltd",3,0.003
OutSys,3,0.003
University of Warsaw,3,0.003
Benocs,3,0.003
Viasat,3,0.003
Endress + Hauser Liquid Analysis,3,0.003
"HTT 
	Consulting",3,0.003
Tokyo University of Agriculture and Technology,3,0.003
Confluent,3,0.003
Twilio,3,0.003
Berner Fachhochschule,3,0.003
ICT-CAS,3,0.003
NthPermutation Security LLC,3,0.003
Public Interest Registry,3,0.003
Univ. of Erlangen-Nuernberg,3,0.003
Clubhouse,3,0.003
Netgate,3,0.003
"Igalia, S.L.",3,0.003
Inner Mongolia University,3,0.003
HexaBuild,3,0.003
Arrcus & Internet Initiative Japan,3,0.003
H3C Technology Co.LTD,3,0.003
Agora Lab,3,0.003
Capital Normal University,3,0.003
"InterDigital Europe, Ltd.",3,0.003
Disney Streaming,3,0.003
Oracle India Pvt Ltd,3,0.003
PFS Internet Development Pty Ltd,3,0.003
SEACOM,3,0.003
Par-Tec,3,0.003
GLEIF,3,0.003
UCLouvain and WELRI,3,0.003
"General Dynamics Mission Systems, Inc.",3,0.003
University of Ferrara,3,0.003
Redhat,3,0.003
CICT and PCL,3,0.003
Univ. of Rome Tor Vergata / CNIT,3,0.003
Arista Networks Inc,3,0.003
Anapaya Systems,3,0.003
Ori Industries,3,0.003
India Internet Engineering Society,3,0.003
The University of Tokyo/WIDE Project,3,0.003
Indirection Network Inc.,3,0.003
Digital Medusa,3,0.003
Authlete Inc.,3,0.003
"deSEC, SSE",3,0.003
Capital One,3,0.003
"Aalyria Technologies, Inc.",3,0.003
Vi,3,0.003
Armidale Consulting,3,0.003
Loco-labs,3,0.003
Cryptic Forest Software,3,0.003
"Purple Mountain Laboratories, China",3,0.003
Beijing Jiao Tong University,3,0.003
HPE Juniper Networking,3,0.003
Ostschweizer Fachhochschule - OST,3,0.003
Netskope Inc,3,0.003
Practical Identity LLC,3,0.003
4a2e.online,3,0.003
Trifecta Tech Foundation,3,0.003
Tweede golf B.V.,3,0.003
Istituto Poligrafico e Zecca dello Stato,3,0.003
"Beijing Jiaotong
      University",3,0.003
CUJO AI,3,0.003
Quantum Bridge Technologies Inc.,3,0.003
CYMERTEK,3,0.003
Beijing Zhongguancun Laboratory and Tsinghua University,3,0.003
National Institute of Technology Karnataka,3,0.003
Meta Platforms Inc.,3,0.003
Inter.link GmbH,3,0.003
Thunderbird,3,0.003
J.P. Morgan Chase,3,0.003
Aramco,3,0.003
"Strolid, Inc.",3,0.003
Synamedia,3,0.003
OpenNHP,3,0.003
Independent Submission,3,0.003
Bern University of Applied Sciences,3,0.003
Telefónica,3,0.003
CoreWeave,3,0.003
easyDNS Technologies Inc.,3,0.003
Arcan Consulting,3,0.003
VeritasChain Standards Organization,3,0.003
Tempo Labs,3,0.003
1id.com,3,0.003
Quox Ltd,3,0.003
Freedom of the Press Foundation,3,0.003
HJS Foundation,3,0.003
"Certisyn, Inc.",3,0.003
Alter Meridian Pty Ltd (~truealter),3,0.003
AutoCyber AI Pty Ltd,3,0.003
Univ. of Southampton,2,0.002
Telecom Italia S.p.A,2,0.002
Rohde & Schwarz,2,0.002
"Synoptics, Inc.",2,0.002
Open Networks,2,0.002
BARRNet,2,0.002
III,2,0.002
Telecom Finland,2,0.002
Lachman Technology,2,0.002
Wellfleet Communications Inc.,2,0.002
The Branch Office,2,0.002
Core Competence,2,0.002
Control Data Systems,2,0.002
RainbowBridge Communications,2,0.002
Newbridge Networks Corporation,2,0.002
Telebit Corporation,2,0.002
Ascom Timeplex,2,0.002
Rupy,2,0.002
AIC Systems Laboratory,2,0.002
Dresden University,2,0.002
Lloyd Internetworking,2,0.002
"Metaplex, Inc.",2,0.002
Newbridge,2,0.002
OpenVision Technologies,2,0.002
National Institute of Standards,2,0.002
David Crocker,2,0.002
Cascade,2,0.002
First Virtual,2,0.002
Texas Instruments,2,0.002
Epilogue Technology,2,0.002
Bell-Northern Research,2,0.002
Bell-Northern Research Ltd,2,0.002
connect.com.au pty ltd,2,0.002
MIT/W3C,2,0.002
Hookflash,2,0.002
AT&T Tridom,2,0.002
Open Market,2,0.002
Pedestal Networks,2,0.002
Troll Technologies,2,0.002
Silicon Graphics Inc.,2,0.002
The Pennsylvania State University,2,0.002
IIS,2,0.002
INS,2,0.002
University of  Michigan,2,0.002
Phresheez,2,0.002
Fore Systems,2,0.002
Umea University,2,0.002
Spyglass,2,0.002
U Washington,2,0.002
Edvina,2,0.002
Xyplex,2,0.002
Shiva,2,0.002
"Com21, Inc.",2,0.002
The Aerospace Corporation,2,0.002
Sandia National Laboratory,2,0.002
Alantec,2,0.002
"FORE Systems,Inc.",2,0.002
SURFnet ExpertiseCentrum bv,2,0.002
Bull S.A.,2,0.002
Empire Technologies,2,0.002
Lulea University of Technology/SICS,2,0.002
"RGnet, Inc.",2,0.002
Digital Equipment Co. Ltd.,2,0.002
Citicorp,2,0.002
QUT,2,0.002
Cylink Corporation,2,0.002
MCI Telecommunications Corp.,2,0.002
Tenet Technologies,2,0.002
CMU/INI,2,0.002
Surevine Ltd,2,0.002
Northern Telecom,2,0.002
Riverbed,2,0.002
Lawrence Berkeley National Lab,2,0.002
Gartner Group,2,0.002
Lanworks Technologies Inc.,2,0.002
ProtocolLabs,2,0.002
Telseon,2,0.002
ULB-STC,2,0.002
Herve Schauer Consultants,2,0.002
National University,2,0.002
Preston & Lynch,2,0.002
Red Hat Inc.,2,0.002
Donald Eastlake,2,0.002
First Floor Software,2,0.002
At Home Network,2,0.002
Hitachi Printing Solutions,2,0.002
Cygnus Solutions,2,0.002
George Mason U.,2,0.002
Loudcloud,2,0.002
IBM Corpn.,2,0.002
NASA Glenn/Sterling Software,2,0.002
Rainfarm,2,0.002
B. Jouris,2,0.002
"IIT, Kanpur",2,0.002
NLANR,2,0.002
J. Rafferty,2,0.002
"Mirapoint, Inc.",2,0.002
Tokai Univ,2,0.002
Meiji Univ,2,0.002
US Geological Survey,2,0.002
Cayman Systems,2,0.002
Fujitsu Laboratories of America INC.,2,0.002
"QUALCOMM, Incorporated",2,0.002
Astart Technologies,2,0.002
G. Montasser-Kohsari,2,0.002
Harvard,2,0.002
Coalition for Networked Information,2,0.002
Editor of this version,2,0.002
Author of previous version,2,0.002
Effnet,2,0.002
IBM Research and the Technion,2,0.002
P. Cheng,2,0.002
RSA Laboratories East,2,0.002
Oblix Inc.,2,0.002
VPNet Technologies,2,0.002
DoD,2,0.002
D. Garcia del Rio,2,0.002
ODETTE,2,0.002
Ionos,2,0.002
Internet Engineering Group,2,0.002
"AOL,",2,0.002
SITA,2,0.002
Universitaet Regensburg,2,0.002
Transwitch Corporation,2,0.002
Standford University,2,0.002
TimeStep Corp.,2,0.002
NASA Lewis,2,0.002
Maxware,2,0.002
Internal Revenue Service,2,0.002
Portland State University,2,0.002
Univ. Bremen,2,0.002
PictureTel,2,0.002
Vaughan Enterprises,2,0.002
Coscend Corp.,2,0.002
"PDC, KTH",2,0.002
T. Fujiyama,2,0.002
New Oak,2,0.002
University of Southern California/ISI,2,0.002
Bay Networks Inc,2,0.002
Bell Laboratories/Columbia U.,2,0.002
C&C Research Labs,2,0.002
Copper Mountain Networks,2,0.002
HSC,2,0.002
ERS/USDA,2,0.002
BTLABS,2,0.002
GIE DYADE,2,0.002
Demon Internet Ltd,2,0.002
ACI Worldwide/MessagingDirect,2,0.002
AG Communication Systems,2,0.002
Benjie Chen,2,0.002
MIT Artificial Intelligence Laboratory,2,0.002
UIUC,2,0.002
Integralis Technology Ltd.,2,0.002
Joe Touch,2,0.002
Torrent Networking Technologies,2,0.002
Georgia Tech,2,0.002
The Apache Software Foundation,2,0.002
RTFM Inc.,2,0.002
FileNet,2,0.002
L. Ong,2,0.002
TCE,2,0.002
Regenstrief Institute,2,0.002
University of Ulm,2,0.002
Columbia U,2,0.002
Verizon Laboratories,2,0.002
Fujitsu Laboratories Ltd.,2,0.002
IBM Corp,2,0.002
2,2,0.002
1,2,0.002
Rational Software,2,0.002
Nicholas Race,2,0.002
tti (telecom technologies inc.),2,0.002
BT Labs,2,0.002
Lucent Technologies Microelectronics Group,2,0.002
Royal Bank of Canada,2,0.002
TISLabs,2,0.002
"DATAFUSION, Inc.",2,0.002
MCIWorldcom,2,0.002
University of Athens,2,0.002
Project Hipercom,2,0.002
Atoga Systems,2,0.002
Intelliden Corporation,2,0.002
Xebeo,2,0.002
Zocalo,2,0.002
Dept. of Electrical and Computer Eng.,2,0.002
Siemens Atea,2,0.002
Candlestick Networks,2,0.002
Peerless Systems Networking,2,0.002
Telia Network Services,2,0.002
Liaison,2,0.002
"Equinix, Inc.",2,0.002
GDC,2,0.002
Dinesh Verma,2,0.002
GTE Wireless,2,0.002
Airtouch Communications,2,0.002
Celox Networks,2,0.002
Axiowave,2,0.002
UCSB,2,0.002
neart.org,2,0.002
Arian Durresi,2,0.002
GRIC,2,0.002
Brooktrout,2,0.002
TIAA-CREF,2,0.002
NEC USA Inc.,2,0.002
RIPE/NCC,2,0.002
Pluris,2,0.002
The MITRE Corp.,2,0.002
Brodia,2,0.002
ETRI/PEC,2,0.002
SmartPipes Inc.,2,0.002
Talarian,2,0.002
Internet Engineering,2,0.002
Matt Cannon,2,0.002
Harbour Networks,2,0.002
Malpani Consulting Services,2,0.002
"RealNetworks, Inc.",2,0.002
Allegro Networks,2,0.002
MetaTel,2,0.002
Pat R. Calhoun,2,0.002
Hummingbird Ltd.,2,0.002
Double Precision,2,0.002
Agere Systems,2,0.002
University of Linz,2,0.002
Global Workflow Solutions,2,0.002
Shockey Consulting LLC,2,0.002
IBM Tokyo Research Laboratory,2,0.002
Avaya Communication,2,0.002
Basavaraj Patil,2,0.002
"Toshiba America Research, Inc.",2,0.002
"Samsung Telecommunications America, Inc.",2,0.002
Ericsson Wireless Communications,2,0.002
"LG Information & Communications, Ltd.",2,0.002
Fujitsu Lab.,2,0.002
Pipal Systems,2,0.002
Ricoh Company,2,0.002
"Radware, Inc.",2,0.002
Foundry Networks,2,0.002
Alteon Web Systems,2,0.002
Ubique/Lotus,2,0.002
Certicom Corp,2,0.002
Firwood Consulting,2,0.002
Ciena Networks,2,0.002
Mobile-Mind,2,0.002
CryptoRights Foundation,2,0.002
Paradyne Networks,2,0.002
RAD Data Communications Ltd.,2,0.002
P. Brittain,2,0.002
Debanjan Saha,2,0.002
Mind,2,0.002
T.I.A.,2,0.002
SBC Technology Resources,2,0.002
First Hop Ltd.,2,0.002
Alcatel Networks Corporation,2,0.002
IBM Watson Research Center,2,0.002
"Avaya, Inc.",2,0.002
Vishal Sharma,2,0.002
I.Net,2,0.002
No Affiliation,2,0.002
Oceana Matrix Ltd.,2,0.002
Ellacoya,2,0.002
ANDA Networks,2,0.002
Docomo Labs USA,2,0.002
Siemens n.v.,2,0.002
Theale Volunteer Networking Group,2,0.002
Deloitte Consulting,2,0.002
Virata Corporation,2,0.002
Comverse Network Systems,2,0.002
B. Campbell,2,0.002
PolicyConsulting.Com,2,0.002
Ubiquity Software,2,0.002
Netergy Networks,2,0.002
Sunil Mahajan,2,0.002
Comsat Corporation,2,0.002
Megisto,2,0.002
Airtel Movil,2,0.002
WIDE and INRIA,2,0.002
GTS Network,2,0.002
Musa Unmehopa,2,0.002
Digital Island,2,0.002
SUN,2,0.002
No organization,2,0.002
Mike Shand,2,0.002
UMD,2,0.002
SS8 Networks Inc,2,0.002
"Ericsson, Inc.",2,0.002
Araneus Information Systems Oy,2,0.002
Liem Nguyen,2,0.002
Panasonic Research,2,0.002
"Ericsson, Sweden",2,0.002
Simon Fraser University,2,0.002
ISSN International Centre,2,0.002
RIST,2,0.002
Nippon Telegraph and Telephone Corporation,2,0.002
NetPlane Systems,2,0.002
Content Technologies Ltd.,2,0.002
Intel Research,2,0.002
University of Kentucky,2,0.002
Josh Tseng,2,0.002
T-Nova,2,0.002
Net Proj,2,0.002
Databus Inc.,2,0.002
Intracom,2,0.002
SUN Microsystem,2,0.002
"SS8 Networks, Inc",2,0.002
"OASIS, Inc.",2,0.002
Network Associates Labs,2,0.002
Nexthop Technologies,2,0.002
"edgeflow, Inc.",2,0.002
C. Perkins,2,0.002
Tucows Inc.,2,0.002
Worldcom,2,0.002
Tropic Networks,2,0.002
TRW,2,0.002
Fraunhofer Institute FOKUS,2,0.002
Vitesse,2,0.002
"Opsware, Inc.",2,0.002
Celion Networks,2,0.002
University of Texas,2,0.002
Far Field Associates,2,0.002
Z2 Sagl,2,0.002
Veriwave,2,0.002
"BT, UCL",2,0.002
Revelstone Software,2,0.002
Cisco Systems K.K.,2,0.002
The OpenBSD Project,2,0.002
Qlogic Corp.,2,0.002
AT&T Wireless,2,0.002
Agilent,2,0.002
The Ogg Vorbis Community,2,0.002
Y&D ISG,2,0.002
Clipcode.com,2,0.002
Polaris Networks,2,0.002
XACCT Technologies,2,0.002
Transactionware,2,0.002
PCC,2,0.002
Iris Labs,2,0.002
DICOM Committee,2,0.002
KPNQwest,2,0.002
IRISA-France,2,0.002
S. McGeown,2,0.002
Cetus Networks,2,0.002
Peter Kirstein,2,0.002
Ubiquity,2,0.002
Tim Moore,2,0.002
Gett Communications,2,0.002
Orion Security Solutions,2,0.002
COMMCARE telecommunications,2,0.002
Japan Telecom,2,0.002
Extundo,2,0.002
"VeriSign, Inc",2,0.002
W3C URI Interest Group,2,0.002
Hotsip,2,0.002
Not Organised,2,0.002
PRiSM Lab UVSQ,2,0.002
TruSecure,2,0.002
Inria Rhone-Alpes,2,0.002
SAGEM S.A.,2,0.002
SK TELECOM,2,0.002
Vocoder Speech                            Qualcomm Inc.,2,0.002
BEA,2,0.002
HNR Consulting,2,0.002
"Brocade, Inc.",2,0.002
TopSpin,2,0.002
Alcatel Space,2,0.002
"NetNumber, Inc.",2,0.002
Department of Computer Science,2,0.002
KTF Advanced Lab,2,0.002
Intec NetCore,2,0.002
Center for Democracy and Technology,2,0.002
Asia Global Crossing,2,0.002
Communications Research Laboratory,2,0.002
JHU-APL,2,0.002
SP Systems,2,0.002
Terabeam,2,0.002
Netplane Networks,2,0.002
Nuera Communications,2,0.002
SWIFT,2,0.002
SI International,2,0.002
Texas Tech University,2,0.002
A9,2,0.002
"IKN, Vienna University",2,0.002
editors,2,0.002
co-editor,2,0.002
LORIA/INRIA-Lorraine,2,0.002
A. Olivereau,2,0.002
RNID,2,0.002
Waikato University,2,0.002
UCBL/ENS-Lyon,2,0.002
AT&T Labs--Research,2,0.002
T-Systems Nova,2,0.002
University of Toronto,2,0.002
"firstRain, Inc.",2,0.002
Avinci,2,0.002
MessagingDirect,2,0.002
Bytemobile,2,0.002
Comverse Technology,2,0.002
F. Travostino,2,0.002
VODAFONE SPAIN,2,0.002
CERT Coordination Center,2,0.002
Asian School of Cyber Laws,2,0.002
WU-FTPD Development Group,2,0.002
Sonera Corporation,2,0.002
University of Osnabrueck,2,0.002
Raytheon,2,0.002
webwasher.com,2,0.002
SBC,2,0.002
Tahoe Networks,2,0.002
Xebeo Communications,2,0.002
Resolute Networks,2,0.002
Hifn,2,0.002
PureEdge Solutions,2,0.002
The XWT Foundation,2,0.002
Kings College London,2,0.002
Refactored Networks,2,0.002
University of Twente/Ericsson,2,0.002
Siemens/RMR,2,0.002
Quarry Technologies,2,0.002
Jean-Philippe Vasseur,2,0.002
Fujitsu Labs of America,2,0.002
Ericsson Espana S.A.,2,0.002
George Mason Univ,2,0.002
Spirent,2,0.002
Telecom Italia Lab,2,0.002
pulver.com,2,0.002
TutPro Inc.,2,0.002
Siemens Corporate Technology,2,0.002
Hisham Khartabi,2,0.002
NTT Data,2,0.002
M. V. Sahalayev,2,0.002
Vollbrecht Consulting LLC,2,0.002
Koshiro Mitsuya,2,0.002
U. Chicago,2,0.002
Neterion,2,0.002
UC San Diego,2,0.002
NIC.AT,2,0.002
Serendipity,2,0.002
Wissenschaftszentrum Berlin,2,0.002
NASK,2,0.002
INRIA Rhone-Alpes,2,0.002
NTT America,2,0.002
Freiburg University,2,0.002
NEC Europte Ltd.,2,0.002
University of Split,2,0.002
SAMSUNG,2,0.002
"GITS, Waseda University",2,0.002
UNSW,2,0.002
ETRI/University of Minnesota,2,0.002
snom technology AG,2,0.002
CITI,2,0.002
BroadSoft,2,0.002
VTT Technical Research Centre of Finland,2,0.002
Mitel Networks,2,0.002
Fujitsu Labs,2,0.002
Polytechnic University,2,0.002
Roke,2,0.002
Transmode,2,0.002
BBC Research and Development,2,0.002
kegel.com,2,0.002
SNMPInfo,2,0.002
"IDT, Inc.",2,0.002
DoCoMo Communications Labs USA,2,0.002
IRISA/INRIA Rennes,2,0.002
ENST-Bretagne,2,0.002
Hirschmann Electronics,2,0.002
ETRI/NIST,2,0.002
"webMethods, Inc.",2,0.002
Corrent Corp.,2,0.002
InterComponentWare AG,2,0.002
Author,2,0.002
RADVISION Ltd.,2,0.002
O.L.N. Rao,2,0.002
Beon Solutions,2,0.002
KDDI Labs USA,2,0.002
Open Text Corporation,2,0.002
FER-UNIZG,2,0.002
"Cisco Systems,Inc.",2,0.002
PDNETs,2,0.002
QLogic Corporation,2,0.002
Univ. of Murcia,2,0.002
Chantry Networks,2,0.002
Cingular Wireless,2,0.002
JinHyeock Choi,2,0.002
NewBay Software,2,0.002
TraceRoute Security LLC,2,0.002
Green Hills Software,2,0.002
S. Felix,2,0.002
Modular Networks,2,0.002
Cisco/University of Oregon,2,0.002
Keio Univ./WIDE,2,0.002
IneoQuest Technologies,2,0.002
TILab,2,0.002
Bridgewater,2,0.002
Institut Gaspard-Monge,2,0.002
Polytechnique Montreal,2,0.002
Reef Point,2,0.002
Polish-Japanese Institute,2,0.002
"SPARTA, Inc",2,0.002
"SecureOL, Inc.",2,0.002
Teliasonera,2,0.002
NIC Mexico,2,0.002
IntelliCal LLC,2,0.002
TZI,2,0.002
Open Geospatial Consortium,2,0.002
Secure Computing,2,0.002
New Zealand Government,2,0.002
"IBM, Inc.",2,0.002
Lockheed,2,0.002
DNA Lounge,2,0.002
"Skype, Inc.",2,0.002
INTEC Netcore,2,0.002
Special Research Centre for Optical Internet and,2,0.002
THUS plc.,2,0.002
Sacramento State,2,0.002
Counterpane Internet Security,2,0.002
CoolPad,2,0.002
ShafTek Enterprises,2,0.002
Instituto,2,0.002
The Anti-Phishing Working Group,2,0.002
MODACOM,2,0.002
Univ. of Oulu,2,0.002
IPA,2,0.002
U. Delaware,2,0.002
NIIF/HUNGARNET,2,0.002
Arch Rock Corp,2,0.002
INT-France,2,0.002
Bowhead,2,0.002
ENSICA/LAAS-CNRS,2,0.002
Detecon,2,0.002
Cobham Analytic Solutions,2,0.002
ICN LAB of Soongsil UNIV,2,0.002
Jian Zhang,2,0.002
The Mitre Corporation,2,0.002
"Storspeed, Inc.",2,0.002
W3C/Volantis,2,0.002
Runcom,2,0.002
Information and Communications,2,0.002
CHiPES,2,0.002
link-lab,2,0.002
Cornfed Systems,2,0.002
Truphone,2,0.002
"Digium, Inc.",2,0.002
"Portwise, Inc.",2,0.002
Symantec Corp.,2,0.002
Venkitaraman,2,0.002
JSON.org,2,0.002
Qualcomm Flarion Technologies,2,0.002
RedPhone Security,2,0.002
IT/Telecom Bretagne,2,0.002
Toyota ITC/Keio Univ.,2,0.002
iTCD/CSUMB,2,0.002
RadiSys,2,0.002
Samsung-AIT,2,0.002
Zfone Project,2,0.002
Stirling,2,0.002
University of New South Wales,2,0.002
National Laboratory on Local Fiber-Optic Communication Network,2,0.002
ISO,2,0.002
TrekAhead,2,0.002
"CCSR, U. of Surrey",2,0.002
INTEC Systems,2,0.002
"David Allan, Nortel",2,0.002
ProCurve Networking by HP,2,0.002
Huawei Nanjing China,2,0.002
Layered Media,2,0.002
Meinberg,2,0.002
H. Deng,2,0.002
Videotron Ltd.,2,0.002
Ewha Womans Univ.,2,0.002
NTT PF Labs.,2,0.002
Aegis Data Security,2,0.002
UC Santa Cruz,2,0.002
Xian Jiaotong University,2,0.002
"Stoke, Inc.",2,0.002
Friesty,2,0.002
LogicaCMG,2,0.002
DAFUER GmbH,2,0.002
freenet,2,0.002
SU,2,0.002
U.S. Department of Defense,2,0.002
"AuthenTec, Inc.",2,0.002
Queensland University of Technology,2,0.002
Adva,2,0.002
Siemens/Roke,2,0.002
Google Japan KK,2,0.002
China Telecom-Guangzhou Institute,2,0.002
"RSA, Security Division of EMC",2,0.002
Softarmor Systems LLC,2,0.002
OGUD Consulting LLC,2,0.002
BAE Systems Advanced Technology,2,0.002
Yokogawa Electric Corporation,2,0.002
OIR-ID,2,0.002
DoCoMo Euro,2,0.002
Sylantro Systems Corp,2,0.002
Future Invest,2,0.002
UNL,2,0.002
WilmerHale,2,0.002
Neville-Neil Consulting,2,0.002
MLTF,2,0.002
SSTL,2,0.002
NEC Laboratories,2,0.002
Hughes Systique Corp.,2,0.002
TEI of Thessaloniki,2,0.002
Olym Tech.,2,0.002
"Hainan University, College of Information Science and Technology",2,0.002
L. Pasteur University/SIP,2,0.002
picosNet Corp/Ajou Univ.,2,0.002
"HGI, Ruhr-University Bochum",2,0.002
Unicode Consortium,2,0.002
PingID,2,0.002
University of Wurzburg,2,0.002
Actalis S.p.A.,2,0.002
The Mozilla Foundation,2,0.002
Dartmouth College,2,0.002
Mavenir Systems,2,0.002
BlackBerry Ltd,2,0.002
Netstar Logicalis,2,0.002
Department of Information,2,0.002
ZST University,2,0.002
Louis Pasteur University,2,0.002
Helsinki Institute for,2,0.002
Telnic,2,0.002
VideoLAN project,2,0.002
Alaxala Corp.,2,0.002
BME EET,2,0.002
Universidad Nacional del Litoral,2,0.002
China Mobile Communications Corporation,2,0.002
M.M. Hanuksela,2,0.002
UN-ESCWA,2,0.002
NEC Labs Europe,2,0.002
KDDILab,2,0.002
R. Desetti,2,0.002
Coriant R&D GmbH,2,0.002
Safenet Infotech Pvt Ltd,2,0.002
Spacely Spackets,2,0.002
HEIG-VD,2,0.002
This Space for Sale,2,0.002
University of Applied Sciences,2,0.002
"Oracle, Inc.",2,0.002
"Fortinet, Inc.",2,0.002
NTT Com,2,0.002
Ocarina Networks,2,0.002
DigitPA,2,0.002
ISTI-CNR,2,0.002
Zhongshan University,2,0.002
Elster SAS,2,0.002
Dynamic Network Services,2,0.002
Jeff Doyle and Associates,2,0.002
F. Lindholm,2,0.002
Google Japan,2,0.002
ITUA Inc.,2,0.002
TNO ICT,2,0.002
Univ. of Bupt.,2,0.002
BATC,2,0.002
Fermi Serverless,2,0.002
Jian-feng Guan,2,0.002
"ARX, Inc",2,0.002
IBM Germany R&D GmbH,2,0.002
Kudelski Security,2,0.002
Thales Communication France,2,0.002
Bay Microsystems,2,0.002
Arts Centre Vooruit,2,0.002
LG Electronics Inc.,2,0.002
Sylantro Systems Corp.,2,0.002
Evernote,2,0.002
"IBR, TU Braunschweig",2,0.002
Gesher Erove,2,0.002
Alcatel-Lucent-Sbell,2,0.002
Nokia Institute of Technology,2,0.002
France Telecom-Orange Labs,2,0.002
NEC Corporation of America,2,0.002
Communications Research Centre,2,0.002
Politecnico di Milano,2,0.002
Penn State,2,0.002
UCLA IRL,2,0.002
Coolpad,2,0.002
DT Labs/TU Berlin,2,0.002
Forterra Systems,2,0.002
RTFM,2,0.002
"BitTorrent, Inc.",2,0.002
Colgate University,2,0.002
BreakingPoint Systems,2,0.002
Internet Messaging Technology,2,0.002
JCP-Consult,2,0.002
3xA Security,2,0.002
U. Politechnica of Bucharest,2,0.002
U. College London,2,0.002
U. catholique de Louvain,2,0.002
Octasic Semiconductor,2,0.002
VineGen Inc,2,0.002
"Huawei Technologies Co.,Ltd.",2,0.002
Huawei-Symantec Technologies,2,0.002
AcmePacket,2,0.002
Videotron,2,0.002
Enterprise Architects,2,0.002
Infosys Technologies,2,0.002
University of Suwon,2,0.002
Max Planck Institute for Software,2,0.002
ALCATEL-LUCENT,2,0.002
Bit9 Inc.,2,0.002
Future DOS R&D Inc.,2,0.002
"OpenDNS, Inc.",2,0.002
l. Jiang,2,0.002
H. Schulzrinne,2,0.002
Universidad Politecnica de Madrid,2,0.002
NEC Labs China,2,0.002
G. Xiang,2,0.002
Schrage Consulting,2,0.002
Univ. of Memphis,2,0.002
DOLBY,2,0.002
HARMAN,2,0.002
Freescale Semiconductor,2,0.002
"CISE, University of Florida",2,0.002
PAR Government Systems Corp.,2,0.002
Infosys Tech. Ltd.,2,0.002
CommScope,2,0.002
Atmel Corporation,2,0.002
Netflix Inc.,2,0.002
CWRU,2,0.002
Nexenta Systems,2,0.002
IBM Thomas J. Watson Research,2,0.002
Massachusetts Institute of,2,0.002
"OCCNC, LLC",2,0.002
Nice Systems,2,0.002
Staples,2,0.002
Exar Corporation,2,0.002
MINE Lab,2,0.002
BEIJING UNIVERSITY OF POSTS AND TELECOMMUNICATIONS,2,0.002
University of Strathclyde,2,0.002
IPSw,2,0.002
AKAYLA,2,0.002
Z. Lei,2,0.002
ASTRI,2,0.002
Projet.FRA,2,0.002
Xiao-Ming Guang,2,0.002
Jagiellonian University,2,0.002
AGH University of Science and,2,0.002
Condition-ALPHA,2,0.002
Uni. of Glasgow,2,0.002
"Arktan, Inc.",2,0.002
iXXi,2,0.002
"Symmetricom, Inc.",2,0.002
Huawei Technologies Co. Ltd.,2,0.002
LUMS,2,0.002
ULD Kiel,2,0.002
Unabhaengiges Landeszentrum,2,0.002
Limelight Networks,2,0.002
AMS-IX B.V.,2,0.002
XMLgrrl.com,2,0.002
Hirschmann Automation and Control,2,0.002
Proximetry,2,0.002
Univ. of Wisconsin Milwaukee,2,0.002
PG&E,2,0.002
CWI Netherlands,2,0.002
Furukawa Network Solution Corp.,2,0.002
NDSC,2,0.002
Nantes University,2,0.002
Keio univ.,2,0.002
UTD,2,0.002
T-Systems Nordic,2,0.002
UNH-IOL,2,0.002
University of Trento,2,0.002
China Academy of Telecommunication,2,0.002
Huawei Technologies co. ltd,2,0.002
Comodo CA,2,0.002
Hewlett Packard Labs,2,0.002
Tellabs Inc.,2,0.002
Paul Jones,2,0.002
Verizon Business Systems,2,0.002
UGent,2,0.002
Wireless Network Laboratory,2,0.002
Y.P.Zhu,2,0.002
University Carlos III of Madrid,2,0.002
Nanjing Univ. of Posts and,2,0.002
.,2,0.002
Cablelabs,2,0.002
APPLIC,2,0.002
Carillon Information Security Inc,2,0.002
C&W,2,0.002
Paul. Kyzivat,2,0.002
IJsbrands Wijnands,2,0.002
Univ. Politecnica de Madrid,2,0.002
Turnip Video,2,0.002
"Verivue, Inc.",2,0.002
Redeem,2,0.002
Hochschule Darmstadt,2,0.002
IEEE,2,0.002
IMDEA Networks and UC3M,2,0.002
IKR University of Stuttgart,2,0.002
NCF,2,0.002
University of Texas at Dallas,2,0.002
"ISAE, Univ. of Toulouse",2,0.002
INSA-Lyon/INRIA,2,0.002
CHT-TL,2,0.002
Verivue Inc.,2,0.002
ForgeRock US,2,0.002
Twitter,2,0.002
University Defense Center,2,0.002
Infinite Automata,2,0.002
PrimeTel,2,0.002
Interisle Consulting Group,2,0.002
COLT Technology Services,2,0.002
Symonics GmbH,2,0.002
MSFT,2,0.002
w. Zhang,2,0.002
Agari,2,0.002
Aricent Group,2,0.002
Microsemi,2,0.002
Sakura Internet,2,0.002
Trusted Information Consulting,2,0.002
Wroclaw University of Technology,2,0.002
"Arktan, Inc",2,0.002
OpenFortress,2,0.002
"Itron, Inc",2,0.002
Nest,2,0.002
TEIHAL,2,0.002
Ping Identity Corp.,2,0.002
Western Mining Company Limited,2,0.002
China SARFT,2,0.002
Research In Motion Limited,2,0.002
Secure64 SW Corp,2,0.002
Shibboleth Consortium,2,0.002
"Ericsson, Stockholm",2,0.002
ISAE,2,0.002
Halasz Ventures,2,0.002
DShell Net Arch,2,0.002
"Japan Internet Exchange Co.,Ltd.",2,0.002
CERT/SEI/CMU,2,0.002
Aegis BMD Program Office,2,0.002
Opus One,2,0.002
AmericaFree.TV,2,0.002
DU,2,0.002
Feng Qiu,2,0.002
Citi,2,0.002
Xura,2,0.002
Technische Universiteit Delft,2,0.002
INRIA Paris-Rocquencourt,2,0.002
"ZTE USA,Inc.",2,0.002
UPVLC,2,0.002
IEA Software,2,0.002
Altmode Networks,2,0.002
James Hogg Research Centre,2,0.002
Orange Polska,2,0.002
Twist,2,0.002
University of Granada,2,0.002
Broker Communications Inc.,2,0.002
ASMUS Inc.,2,0.002
Korea U.,2,0.002
NIL,2,0.002
SpaceNet,2,0.002
Hong Kong Polytechnic University,2,0.002
HuaWei Technologies,2,0.002
China Academy of,2,0.002
LINCS,2,0.002
Comcast.,2,0.002
Spectrum Bridge,2,0.002
Ascension,2,0.002
UnboundID,2,0.002
Akamai Technologies B.V.,2,0.002
BigWave IT,2,0.002
The University of New South Wales,2,0.002
Canadian Internet Registration,2,0.002
"BBIX, Inc.",2,0.002
Skyhook Wireless,2,0.002
University Tor Vergata,2,0.002
Cisco Technologies,2,0.002
KDDI corporation,2,0.002
"Dell, Inc.",2,0.002
Mitsubishi Electric Research Labs,2,0.002
Yumaworks,2,0.002
UoG,2,0.002
Voicetronix,2,0.002
Radisys,2,0.002
"COPELABS, Universidade Lusofona",2,0.002
INESC-ID/INOV,2,0.002
ZTE Inc.,2,0.002
University of BUPT,2,0.002
T-Labs/TU-Berlin,2,0.002
Renault,2,0.002
Coriant GmbH,2,0.002
ALU,2,0.002
TW,2,0.002
Spherical Cow Consulting,2,0.002
Xi'an Jiaotong University,2,0.002
"Dropbox, Inc.",2,0.002
France Telecom-Orange,2,0.002
"COMSYS, RWTH Aachen",2,0.002
Outer Cape Cod Network Consulting,2,0.002
Open IPTV Forum e.V.,2,0.002
Fundacio i2CAT,2,0.002
ERNW,2,0.002
Incognito,2,0.002
IETF Chair,2,0.002
IEEE-SA President,2,0.002
W3C CEO,2,0.002
IAB Chair,2,0.002
"Tripwire, Inc.",2,0.002
Zayed University,2,0.002
T-Mobile,2,0.002
Codalogic,2,0.002
RFC Series,2,0.002
Independent Submissions,2,0.002
ZTE  Corporation,2,0.002
Bright House Networks,2,0.002
F. Lan,2,0.002
daviko GmbH,2,0.002
Institute de Telecomunicacoes,2,0.002
S. Mena,2,0.002
Brocade Communications System,2,0.002
"SITI, University Lusofona",2,0.002
Alcatel-Lucent Shanghai Bell,2,0.002
Samsung SDS,2,0.002
"BroadBand Tower, Inc.",2,0.002
UNIRC,2,0.002
Sailpoint,2,0.002
Loon LLC,2,0.002
Prof.Kamakoti Veezhinathan,2,0.002
vocTone,2,0.002
Universidad de Sevilla,2,0.002
Altibox,2,0.002
S.J.M. Steffann Consultancy,2,0.002
China Academy of Telecommunication Research,2,0.002
Universitat Politecnica de Catalunya/i2CAT,2,0.002
D. Deng,2,0.002
Bredbandsfylket Troms,2,0.002
ADTRAN,2,0.002
Verizon Networks,2,0.002
AVA,2,0.002
EICT GmbH,2,0.002
T-Mobile US,2,0.002
China Telecom Beijing Research Institute,2,0.002
TDP,2,0.002
Uppsala University,2,0.002
MetiaTek,2,0.002
Keio Univ./WIDE Project,2,0.002
Iometrix,2,0.002
P. Paolo Lucente,2,0.002
"China Telecom Co.,Ltd",2,0.002
"COPELABS, University Lusofona",2,0.002
Vigil Securiy,2,0.002
Vodafone Group Networks,2,0.002
Redes de Interconexion,2,0.002
Sam aldrin,2,0.002
Netmagic Associates LLC,2,0.002
OfficeTone,2,0.002
Innovium,2,0.002
TUM,2,0.002
Sun Yat-Sen University,2,0.002
Robin.Li,2,0.002
Peloton Technology,2,0.002
IAB Security Program,2,0.002
-,2,0.002
Wuxi Institute of Technology,2,0.002
QFactor,2,0.002
Oracle Dyn,2,0.002
Evolv,2,0.002
Metafinanz Informationssysteme GmbH,2,0.002
CIRCL,2,0.002
Grad Student,2,0.002
Hobu Inc.,2,0.002
Trinity College,2,0.002
Jiangsu Internet-of-Things,2,0.002
CNES/TAS/TESA,2,0.002
Z. Wang,2,0.002
Mandat International,2,0.002
UTokyo,2,0.002
O. Huang,2,0.002
Y-H. Choi,2,0.002
Sectigo Ltd.,2,0.002
"UCL, Belgium",2,0.002
IBM Linux Technology Center,2,0.002
NTT SOFT,2,0.002
Universite Catholique de Louvain,2,0.002
"Itron, Inc.",2,0.002
Pantheon Technologies,2,0.002
University of Vale do Rio dos Sinos,2,0.002
Technische Universitaet Chemnitz,2,0.002
Universitaet der Bundeswehr Muenchen,2,0.002
iMinds,2,0.002
SoutnEast University,2,0.002
ENS Lyon,2,0.002
University of Nantes,2,0.002
Computer Science Laboratory,2,0.002
BII,2,0.002
Delvin,2,0.002
Nemu Dialogue Systems Oy,2,0.002
NAT.Consulting,2,0.002
Globis Consulting BV,2,0.002
Massar Networking,2,0.002
HbbTV Association,2,0.002
Aliababa Group,2,0.002
Prismtech,2,0.002
Bennish.net,2,0.002
Kanazawa University,2,0.002
CMRG,2,0.002
id3as-company Ltd,2,0.002
China Academy of Telecom. Research,2,0.002
CU Boulder,2,0.002
Princeton,2,0.002
Cisco Networks,2,0.002
JUNIPER,2,0.002
Cisco Photonics Srl,2,0.002
Ikerlan,2,0.002
ISAE - Supaero,2,0.002
USAA,2,0.002
IMT-TELECOM Bretagne,2,0.002
CIRCE Technology Center,2,0.002
DHL Express,2,0.002
Arccus,2,0.002
Sockrate,2,0.002
Florida International University,2,0.002
"Netflix, Inc",2,0.002
NANEL,2,0.002
Nano Sec,2,0.002
Université catholique de Louvain,2,0.002
Armory Technologies,2,0.002
U. of Lancaster,2,0.002
The Abdus Salam ICTP,2,0.002
Viagenie/SANA,2,0.002
"Physikalisch-Technische
      Bundesanstalt",2,0.002
SUNY Buffalo,2,0.002
Keio/WIDE,2,0.002
genua mbH,2,0.002
Forgerock,2,0.002
Iron Mountain Data Centers,2,0.002
EdgeUno,2,0.002
University of Perugia,2,0.002
HKUST,2,0.002
Elektrobit,2,0.002
Fijitsu,2,0.002
"APL, Johns Hopkins University",2,0.002
C-DOT India,2,0.002
China Monile,2,0.002
Nozomi,2,0.002
Canon,2,0.002
Werner Management Services e.U.,2,0.002
Private Contributer,2,0.002
Rivian Automotive,2,0.002
BIHE,2,0.002
Samsung Electronics America,2,0.002
Onboard Security,2,0.002
VN Telecom Consultancy,2,0.002
Bangor University,2,0.002
Futurewei Technologies Inc.  USA,2,0.002
Brocade Networks,2,0.002
Gamma Communications,2,0.002
Nokia/Alcatel-Lucent,2,0.002
Tavendo GmbH,2,0.002
Blue Ridge Envisioneering,2,0.002
libssh,2,0.002
Affilias,2,0.002
VMWare,2,0.002
K. Ma,2,0.002
Oxbotica,2,0.002
A. Lindem,2,0.002
Nokia Corp,2,0.002
Nanjing Univ. of Posts and Telecom.,2,0.002
Bar Ilan University,2,0.002
g10 Code GmbH,2,0.002
Private Contributor,2,0.002
Mobile TeleSystems JLLC,2,0.002
"China Telcom Co., Ltd",2,0.002
General Electric,2,0.002
Equinix Inc,2,0.002
Alibaba Group Holding Ltd.,2,0.002
GSMA,2,0.002
University of Campinas,2,0.002
Paderborn University,2,0.002
Vigilsec,2,0.002
AFRINIC,2,0.002
GridTICs - UTN FRM,2,0.002
Swinburne University of,2,0.002
University of Haifa and Amazon Web Services,2,0.002
M.,2,0.002
Nivetti Systems,2,0.002
Luxembourg Institute of Science and Technology,2,0.002
LAAS-CNRS,2,0.002
University of Piraeus,2,0.002
Electrical Computer Engineering,2,0.002
HuaiMo Chen,2,0.002
Tencent Company,2,0.002
Intercede,2,0.002
Stratumn,2,0.002
China CAICT,2,0.002
WJR Consulting,2,0.002
"Winlab, Rutgers University",2,0.002
Universita degli studi dell Insubria,2,0.002
The Catholic University of America,2,0.002
New Mexico State University,2,0.002
JMPC,2,0.002
PoliTo,2,0.002
Yanzi Networks,2,0.002
"University of Nebraska, Omaha",2,0.002
City University Hong Kong,2,0.002
Atos,2,0.002
F. Sunavala,2,0.002
Turk Telekom A.S.,2,0.002
Jackpine Technolgies Corp.,2,0.002
Universitaet Duisburg-Essen,2,0.002
Dogtiger Labs,2,0.002
ZTE Company,2,0.002
Philips Lighting Research,2,0.002
i3D.net,2,0.002
FBConsulting,2,0.002
D. Daghmehchi,2,0.002
Song Xiao Lin,2,0.002
Avinta Communications Inc.,2,0.002
Graz University of Technology,2,0.002
UAB,2,0.002
Unina,2,0.002
Gran Sasso Science Institute,2,0.002
R. Marin,2,0.002
vaf.net Internet Consulting,2,0.002
SRM University-AP,2,0.002
Royal Danish Library,2,0.002
SGEPRI,2,0.002
FBK,2,0.002
Greenspector,2,0.002
Well-Typed,2,0.002
"MistIQ Technologies, Inc",2,0.002
ariksh software,2,0.002
Taler Systems SA,2,0.002
BFH,2,0.002
LONAP Ltd,2,0.002
CAEIT,2,0.002
Korea Telekom,2,0.002
R. Lohiya,2,0.002
webrtchacks,2,0.002
Office of Emergency Communication/DHS,2,0.002
Divideon,2,0.002
Soluto by Asurion,2,0.002
Danube Tech GmbH,2,0.002
"Comodo Group, Inc",2,0.002
Stellar Development Foundation,2,0.002
Nightwatch Cybersecurity,2,0.002
eurofunk Kappacher GmbH,2,0.002
Hagedorn Informationssysteme GmbH,2,0.002
"University of California, Los Angeles",2,0.002
Connect2id Ltd.,2,0.002
Futurewai,2,0.002
BNC,2,0.002
LNCC,2,0.002
"ZTE corporation, Inc.",2,0.002
APNIC Pty Ltd,2,0.002
Huawei Technology Pte. Ltd.,2,0.002
CIS India,2,0.002
American University,2,0.002
Farsight,2,0.002
Futurewei Technologies Inc,2,0.002
Crossref,2,0.002
Singapore Telecommunications Limited,2,0.002
GitHub,2,0.002
Singapore Telecommunications,2,0.002
Huawei Smart Platforms iLab,2,0.002
University of Reggio Calabria,2,0.002
Federal University of Rio Grande do Sul (UFRGS),2,0.002
"Futurewei Technologies USA
      Inc.",2,0.002
Nuage,2,0.002
Wellcome Sanger Institute,2,0.002
O3b Networks,2,0.002
Dyson Technology,2,0.002
Alexander TEI of Thessaloniki,2,0.002
Xiamen University,2,0.002
K. DeSmedt,2,0.002
The University of Manchester,2,0.002
Steinwurf Aps,2,0.002
Inmarsat PLC,2,0.002
"InterDigital Europe, Ltd",2,0.002
"Entrust Datacard, Ltd",2,0.002
TC 26,2,0.002
"D-Link Systems, Inc.",2,0.002
"Barefoot Networks, an Intel company",2,0.002
Edward Jones wealth management,2,0.002
Xilinx,2,0.002
Brown University,2,0.002
Divination Inc.,2,0.002
Edward Jones Wealth Management,2,0.002
Hammerspace Inc,2,0.002
Nexar,2,0.002
"Mercari, Inc.",2,0.002
"SECOM Co., Ltd. Intelligent System Laboratory",2,0.002
Varsa Networks,2,0.002
Inspur,2,0.002
Commscope Networks,2,0.002
SIDN Labs/TU Delft,2,0.002
SFR/ALTICE,2,0.002
MTN Uganda Ltd.,2,0.002
Loon,2,0.002
Altiostar,2,0.002
Ex-Sun Employee,2,0.002
NCC Group,2,0.002
Line Plus,2,0.002
NTT Ltd.,2,0.002
Hochschule Esslingen - University of Applied Sciences,2,0.002
LookingGlass Cyber,2,0.002
Chaincomp,2,0.002
UNSW Sydney,2,0.002
Les-Tilleuls.coop,2,0.002
"Hochschule Esslingen -
      University of Applied Sciences",2,0.002
Emden University,2,0.002
"NetEase,Inc",2,0.002
fTLD Registry Services,2,0.002
OpenFortress BV,2,0.002
Beijing University of Posts and Telecommunications.,2,0.002
Grenoble Informatics Laboratory,2,0.002
FiberHome,2,0.002
individual,2,0.002
Bufferbloat.net,2,0.002
TekLibre,2,0.002
Arris,2,0.002
UNH,2,0.002
Sky,2,0.002
The Linux Foundation,2,0.002
St. Poelten UAS,2,0.002
China SAPPRFT,2,0.002
Jan Algermissen Solutions Engineering,2,0.002
Mavenir Systems Pvt Ltd,2,0.002
HSBC,2,0.002
Algorand,2,0.002
Skye Logicworks LLC,2,0.002
Go6 Institute,2,0.002
Ernst & Young,2,0.002
Safety IO,2,0.002
EMP University,2,0.002
UFRGS,2,0.002
"NIC Labs, Universidad de Chile",2,0.002
South-east University,2,0.002
H3C Corporation,2,0.002
Futurewei Networks,2,0.002
"Hughes Network Systems, LLC",2,0.002
OpenDrives.com,2,0.002
Signalwire/Freeswitch,2,0.002
Segment,2,0.002
Moneyhub Financial Technology,2,0.002
Mailpile ehf,2,0.002
Fiberhome Telecom LTD,2,0.002
Ciena Corporation.,2,0.002
Cloudflare Portugal,2,0.002
MTN Group Limited,2,0.002
TIM S.p.A,2,0.002
Akamai Technologies Inc.,2,0.002
"Openchip & Software Technologies, S.L.",2,0.002
NNIX,2,0.002
Ghent University - imec,2,0.002
TCINET,2,0.002
EdwardJones,2,0.002
"Institute of Embedded Systems, ZHAW",2,0.002
NearForm Research,2,0.002
Ciena Coroporation,2,0.002
Reliance,2,0.002
Splunk Inc.,2,0.002
internet policy advisors,2,0.002
University of Surrey 5/6GIC,2,0.002
University of Notre Dame,2,0.002
FutureWei Technologies,2,0.002
D. Zhao,2,0.002
CoSMo Software Consulting,2,0.002
HamBSD,2,0.002
IIJ Innovation Institute,2,0.002
GNUnet e.V.,2,0.002
Donuts,2,0.002
New College Florida,2,0.002
Intesi Group,2,0.002
"The Technical center of Internet, LLC",2,0.002
"F5 Networks, Inc",2,0.002
Cox communications,2,0.002
Open-Xchange Srl,2,0.002
Fachhochschule Dortmund,2,0.002
CENTR,2,0.002
Venture Cryptography.,2,0.002
"University of Waterloo, Zcash Foundation",2,0.002
Comscope,2,0.002
MNK Labs and Consulting,2,0.002
Concordia Univeristy,2,0.002
Technico Lisboa,2,0.002
Immersion Corporation,2,0.002
acert.io,2,0.002
Virgin Media,2,0.002
"Preferred Networks, Inc. / WIDE Project",2,0.002
Bowery Farming,2,0.002
"PayPal, Inc.",2,0.002
Postman,2,0.002
"INESC-ID, Instituto Superior Tecnico",2,0.002
Orange Innovation,2,0.002
NLNet Labs B.V.,2,0.002
auth0.com,2,0.002
ViaThinkSoft,2,0.002
"Bloomberg, L.P.",2,0.002
Physikalisch-Technische Bundesanstalt (PTB),2,0.002
Ostfalia University of Applied Sciences,2,0.002
"IIE, CAS",2,0.002
google,2,0.002
SJWs R Us,2,0.002
Oceania,2,0.002
Offen,2,0.002
Centre National de la Recherche Scientifique,2,0.002
IP ArchiTechs,2,0.002
Meinberg Funkuhren GmbH&Co.KG,2,0.002
CSIRO Data61,2,0.002
KOREATECH,2,0.002
"deSEC, Technische Universität Berlin",2,0.002
"Qualcomm Technologies, Inc.",2,0.002
Huawei Technologies France S.A.S.U,2,0.002
Radboud University and MPI-SP,2,0.002
Haivision Network Video GmbH,2,0.002
"Aruba, HPE",2,0.002
Maia Edge,2,0.002
NSS LLC,2,0.002
Databricks,2,0.002
Edvina.net,2,0.002
China Mobile Hong Kong,2,0.002
ASSA ABLOY,2,0.002
Splio,2,0.002
NENA,2,0.002
Zhejiang P&T College,2,0.002
Square Inc.,2,0.002
Strategic Wealth Limited,2,0.002
OpenFortress.nl,2,0.002
Uber Technologies Inc.,2,0.002
Independent Identity Inc,2,0.002
"DACS group, EEMCS, University of Twente",2,0.002
Auth0/Okta,2,0.002
NXP,2,0.002
OpenSSL Corporation,2,0.002
Upsec Inc.,2,0.002
Synopsys,2,0.002
NTT NI,2,0.002
"IRIF, University of Paris-Cité",2,0.002
Federal Aviation Administration,2,0.002
Concepts Beyond,2,0.002
Sequoia PGP,2,0.002
V434 Project,2,0.002
ByteDance Inc,2,0.002
FAU,2,0.002
Init7 (Switzerland) Ltd.,2,0.002
"Futurewei, USA",2,0.002
Portage,2,0.002
CryptID,2,0.002
Purple Moutain Laborotary,2,0.002
"Secure Systems Engineering, deSEC",2,0.002
Agricultural Bank of China,2,0.002
University of Luxembourg and Inria,2,0.002
3NLab Belgium Reseach Center,2,0.002
Central Bank of Canada,2,0.002
Digital Railway (DSD) at Deutsche Bahn,2,0.002
R.I.T.,2,0.002
AnyWi,2,0.002
Operant Networks Inc.,2,0.002
"KDDI Research, Inc.",2,0.002
The University of Osaka,2,0.002
MPI-SP & Radboud University,2,0.002
GEANT,2,0.002
The University of Minnesota at Duluth,2,0.002
SoftBank Corp.,2,0.002
CS GROUP,2,0.002
Telecom Sud Paris,2,0.002
"Haivision Network Video, GmbH",2,0.002
"internet policy advisors, ltd",2,0.002
Rohan Mahy Consulting Service,2,0.002
REA,2,0.002
Federated Solutions,2,0.002
"Innate, Inc.",2,0.002
SipRadius LLC.,2,0.002
Video Services Forum,2,0.002
"New H3C Technologies Co.,Ltd",2,0.002
Oracle Cloud Infrastructure,2,0.002
HPE Juniper Networks,2,0.002
"Freelance, Measurement Lab",2,0.002
INT Council,2,0.002
Technische Universität Ilmenau,2,0.002
Private,2,0.002
Crypto4A,2,0.002
Zoox,2,0.002
China Tower,2,0.002
Geomys,2,0.002
Fynbos,2,0.002
Stichting Internet Domeinregistratie Nederland,2,0.002
Liquid Intelligent Technologies,2,0.002
"UK Dept. for Science, Innovation & Technology",2,0.002
Okayama University,2,0.002
AntGroup,2,0.002
TinySSH,2,0.002
SecureG Inc.,2,0.002
"Trinity College, Dublin",2,0.002
"Spruce Systems, Inc.",2,0.002
Sine Nomine Associates,2,0.002
KeyFactor,2,0.002
Tachyon Dynamics,2,0.002
ZF Friedrichshafen AG,2,0.002
Sectigo (Europe) SL,2,0.002
"INESC-ID, Técnico Lisboa",2,0.002
Capital One Financial,2,0.002
Korea Electronics Technology Institute,2,0.002
China Moblie,2,0.002
Keio University / WIDE Project,2,0.002
Preferred Networks / WIDE Project,2,0.002
Avilution,2,0.002
Spirl,2,0.002
"University of New
      South Wales",2,0.002
Bundesdruckerei,2,0.002
Blockcast,2,0.002
Lumen,2,0.002
Ruhr University Bochum,2,0.002
Sateliot,2,0.002
FullCtl,2,0.002
LINKS Foundation,2,0.002
London Internet Exchange Ltd,2,0.002
Crypto4A Technologies,2,0.002
"China Telecom Research
      Institute",2,0.002
National Institute of Advanced Industrial Science and Technology (AIST),2,0.002
China University of Petroleum-Beijing at Karamay(CUPK),2,0.002
Zhongguancun Lab,2,0.002
Discord,2,0.002
Swarthmore College,2,0.002
National Network to End Domestic Violence,2,0.002
DataTrails,2,0.002
Transforming Information Security LLC,2,0.002
Axiomatics,2,0.002
"Bluesky, PBC",2,0.002
ENS Labs,2,0.002
Crypto4A Technologies Inc.,2,0.002
"Department of Computer
      Science and Engineering",2,0.002
"Germ Network, Inc.",2,0.002
6WIND,2,0.002
SimpleLogin,2,0.002
True3D Technologies Inc.,2,0.002
Identity Digital,2,0.002
TrustAsia,2,0.002
IPinfo,2,0.002
IDsec Solutions,2,0.002
The Agency for Digital Government,2,0.002
"Hyper Digital Twins Co., Ltd. / Shibaura Institute of Technology",2,0.002
Siemens Mobility,2,0.002
Swedish Internet Foundation,2,0.002
HPE Networking,2,0.002
Tweede Golf B.V.,2,0.002
Namefi,2,0.002
"Storvisor, Inc.",2,0.002
Science Applications International Corporation,2,0.002
ZGC Laboratory,2,0.002
Space Initiatives Inc,2,0.002
University of Warwick,2,0.002
OpenSSL,2,0.002
TaRDIS,2,0.002
Latvijas Banka,2,0.002
Deuetsche Telekom,2,0.002
Sunet,2,0.002
Otto-von-Guericke University Magdeburg,2,0.002
Crypto4A Inc.,2,0.002
US Naval Postgraduate School,2,0.002
The FreeBSD Foundation,2,0.002
RiverExplorer LLC,2,0.002
Open Future,2,0.002
GMO Cybersecurity by Ierae,2,0.002
UNC Charlotte,2,0.002
Université Catholique de Louvain,2,0.002
Condé Nast,2,0.002
IndyKite,2,0.002
"Drummond Group, LLC",2,0.002
Stardust,2,0.002
Arrcus Inc.,2,0.002
deSEC,2,0.002
WSO2,2,0.002
Biren Technology,2,0.002
Samsung R&D Bangalore,2,0.002
JPMorgan Chase & Co.,2,0.002
Public Interest Registry (PIR),2,0.002
Blind Five Year Old,2,0.002
Ubitech Ltd.,2,0.002
CNR-ISTI,2,0.002
SIRIUS Technology,2,0.002
University of Cagliari,2,0.002
ATHENA RC,2,0.002
"Marashlian & Donahue, PLLC",2,0.002
Queen Mary University of London,2,0.002
Ericsson Software Technology,2,0.002
Amazon Trust Services,2,0.002
Hopae Inc.,2,0.002
"National Security Institute, Virginia Tech",2,0.002
Artificial Intelligence Internet Foundation (AIIF),2,0.002
European Space Operations Centre (ESOC),2,0.002
Meta-Layer Initiative,2,0.002
China Telecom Research Institute,2,0.002
Bytedance,2,0.002
Ethereum Foundation,2,0.002
Franhaufer Inst.,2,0.002
Asteroid International B.V.,2,0.002
Crusoe,2,0.002
"Lumen Technologies, Inc.",2,0.002
Sea Group,2,0.002
"GuardSuite, a VXMSecure Company",2,0.002
Keyfactor,2,0.002
Centre for Development of Advanced Computing (CDAC),2,0.002
ISOC.CAT,2,0.002
eReuse.org,2,0.002
TAU/RAEE,2,0.002
Everything-OPS,2,0.002
Yunshan Networks,2,0.002
Sun Yat-sen University,2,0.002
Harbin Institute of Technology,2,0.002
"ARCES, University of Bologna",2,0.002
"Equinix, Inc",2,0.002
Stripe,2,0.002
Huawei R&D,2,0.002
NetEdge,2,0.002
Banu Systems Private Limited,2,0.002
Purple Mountain Laboratories,2,0.002
XLIM UMR CNRS 7252 - Limoges University,2,0.002
Vulture Labs,2,0.002
Univ. of Rome Tor Vergata / CNIT / Common Net,2,0.002
paywalls.net,2,0.002
Apex Intelligence Empire,2,0.002
ApertoID,2,0.002
Internet of Thinger SL,2,0.002
Astrognosy AI,2,0.002
Secure-IC,2,0.002
Sovereign AI Stack,2,0.002
AI Internet Foundation,2,0.002
Vettic LLC,2,0.002
Huawei Technologies Canada,2,0.002
OWASP,2,0.002
Zentity,2,0.002
Shanghai Jiao Tong University,2,0.002
Glyphzero Labs Inc.,2,0.002
Sovereign AG,2,0.002
Jolly Roger Telephone Company,2,0.002
"Abertay University, UK",2,0.002
"Independent, USA",2,0.002
SVT Robotics,2,0.002
InsumerAPI,2,0.002
"Keel API, Inc.",2,0.002
Apptly Software Ltd,2,0.002
Groundmark,2,0.002
GLCN,2,0.002
The `OpenHTTPA` Foundation (openhttpa.org),2,0.002
Beacon Spec,2,0.002
"NextNav, LLC",1,0.001
Robin Li,1,0.001
Cornell Univ. Theory Center,1,0.001
Open Software Foundation,1,0.001
Wang Laboratories,1,0.001
Center for Discrete Mathematics and,1,0.001
Computer Science Center,1,0.001
Webster Computer,1,0.001
Cray Communications,1,0.001
CICNet,1,0.001
Geer Zolot Associates,1,0.001
BBN Communications,1,0.001
Rationel Almen Planlaegning,1,0.001
IETF/IESG Chair,1,0.001
JvNC,1,0.001
"Advanced Network & Services, Inc.",1,0.001
NORDUnet/SUNET,1,0.001
Ungermann-Bass,1,0.001
MERIT,1,0.001
F. Kastenholz,1,0.001
IR,1,0.001
SRI,1,0.001
NNSC,1,0.001
C. Feil,1,0.001
Panda Programming,1,0.001
NSFnet/Merit,1,0.001
OARnet & ISI,1,0.001
NetConsult AG,1,0.001
UTexas,1,0.001
IESG Internet AD,1,0.001
IESG Chair,1,0.001
Network Innovations,1,0.001
"Bolt, Beranek and Newman",1,0.001
Corporation for National Research Initiatives,1,0.001
Cascade Communications Corp.,1,0.001
EIT,1,0.001
Xerox Palo Alto Research Center,1,0.001
GMD Fokus,1,0.001
Centro Svizzero Calcolo Scientifico,1,0.001
ftp Software,1,0.001
NSFNET/MERIT,1,0.001
Cadia Networks,1,0.001
University of Newcastle upon Tyne,1,0.001
Solvit Chosun Media,1,0.001
NASA NREN/Sterling Software,1,0.001
Hewlett-Packard Laboratories,1,0.001
Hebrew University,1,0.001
Electricite de France,1,0.001
NetConsult,1,0.001
SonyCSL,1,0.001
Eicon Technology Corporation,1,0.001
CWI,1,0.001
"DCA, Inc.",1,0.001
"Network Solutions,Inc.",1,0.001
Sidewalk Software,1,0.001
U S WEST Advanced Technologies,1,0.001
Sync Research,1,0.001
Chair,1,0.001
"Merit, Inc.",1,0.001
Stac Electronics,1,0.001
Univ. of Michigan,1,0.001
Gandalf,1,0.001
US Robotics,1,0.001
Thinking Machines Corp.,1,0.001
FS Consulting,1,0.001
ICL Enterprise Systems,1,0.001
Wellfleet,1,0.001
Mitre,1,0.001
Erik Nordmark,1,0.001
Edinburgh University Computing Service,1,0.001
Newbridge Networks Inc.,1,0.001
RDBMSMIB Working Group Chair,1,0.001
Informix Software,1,0.001
Iris,1,0.001
"INRIA, IAB Chair",1,0.001
Sunspot Graphics,1,0.001
Boeing Computer Services,1,0.001
SHL Systemhouse,1,0.001
BUNYIP INFORMATION SYSTEMS,1,0.001
Motorola Codex,1,0.001
CDPD Consortium,1,0.001
EPRI,1,0.001
AADS,1,0.001
Villamicro,1,0.001
Lexmark International,1,0.001
Wall Data Inc.,1,0.001
Jupiter Technology Inc.,1,0.001
"NetStar, Inc.",1,0.001
Digital,1,0.001
Freegate,1,0.001
Indian Institute of Technology,1,0.001
AIC Laboratories,1,0.001
University of Newcastle,1,0.001
Bay Networks Inc.,1,0.001
Cascade Communications Co.,1,0.001
STUPI.AB,1,0.001
Stac Technology,1,0.001
NASA Ames Research Center,1,0.001
SilverPlatter Information Ltd.,1,0.001
IMDEA Networks/UC3M,1,0.001
"Hewlett-Packard, Inc.",1,0.001
ITT/NRL,1,0.001
Terisa Systems,1,0.001
Boulder Software Engineering,1,0.001
Comp-Comm Consulting,1,0.001
"Accurate Info. Sys., Inc.",1,0.001
Aerospace Corporation,1,0.001
ADARA,1,0.001
RABA Technologies,1,0.001
"Securify, Inc.",1,0.001
ICL,1,0.001
ISI/LBNL,1,0.001
Vixie Enterprises,1,0.001
"IEEE, Inc.",1,0.001
Hill & Associates,1,0.001
C. Hage Associates,1,0.001
Athena Associates,1,0.001
SINTEF RUNIT,1,0.001
Telstra Internet,1,0.001
Kaman Sciences Corporation,1,0.001
Unisys,1,0.001
Internet Consulting of Vermont,1,0.001
Sellnet Communications Pty Ltd,1,0.001
VeriZon,1,0.001
SEI/CMU,1,0.001
Nara Institute of Science,1,0.001
Electronic Book Technologies,1,0.001
XEROX,1,0.001
"EBT, Inc.",1,0.001
Norwegian Computing Center,1,0.001
Cybersource,1,0.001
National Institutes of Health,1,0.001
University of Colorado,1,0.001
T-Mobile CZ,1,0.001
University of Utrecht,1,0.001
Stratix Consultancy bv,1,0.001
TradeWave,1,0.001
"AXON Networks,Inc.",1,0.001
Merit Networking,1,0.001
Sterling Software/NASA IITA,1,0.001
"Ipsilon Networks,Inc.",1,0.001
Xedia Corp.,1,0.001
InterCon,1,0.001
W3,1,0.001
Madge Networks Ltd.,1,0.001
Coloma Communications,1,0.001
Shiva Corporation,1,0.001
MCI Systemhouse,1,0.001
J. Le Boudec,1,0.001
Info-ZIP,1,0.001
Telecom Finland Inc.,1,0.001
Lulea University of Technology/Telia Research AB,1,0.001
Compaq Computer Corp.,1,0.001
P. Gross,1,0.001
NOAO,1,0.001
Martha Steenstrup,1,0.001
GMD,1,0.001
B. Patel,1,0.001
Monaco Telematique MC-TEL,1,0.001
K. Kartmann,1,0.001
E. Crawley,1,0.001
Isode Inc.,1,0.001
SENA S.A.,1,0.001
S. Carl-Mitchell,1,0.001
Higgs America,1,0.001
Berkeley,1,0.001
Bright Tiger Technologies,1,0.001
U.S. ARMY CECOM,1,0.001
T. Maufer,1,0.001
Ipsilon,1,0.001
US Robotics Access Corp.,1,0.001
J. W. Pace,1,0.001
NORTEL,1,0.001
National Center for Supercomputing Applications,1,0.001
HP Laboratories Bristol,1,0.001
Epic Systems Corporation,1,0.001
Albstadt-Sigmaringen University,1,0.001
Phase2 Software Corporation,1,0.001
Competitive Computing,1,0.001
Contractor,1,0.001
Public Access Publications,1,0.001
Sohonet Limited,1,0.001
Teledesic,1,0.001
Darren Shakib,1,0.001
European Network Laboratories,1,0.001
Network Systems Corp.,1,0.001
Dun & Bradstreet,1,0.001
AimQuest Corp.,1,0.001
i-Pass Alliance,1,0.001
Asiainfo,1,0.001
"isochrone, Inc.",1,0.001
Ionos Network,1,0.001
The NetBSD Project,1,0.001
Mitsubishi Electric Corp.,1,0.001
DRA,1,0.001
AM Network Information Center,1,0.001
AltaVista,1,0.001
Allot Networks Inc.,1,0.001
DECWRL,1,0.001
Wink Communications,1,0.001
NTT Software,1,0.001
Excite,1,0.001
CyberSafe Corporation,1,0.001
WorldCom Advanced Networks,1,0.001
DKUUG,1,0.001
Pacific Broadband Communications,1,0.001
Northstream AB,1,0.001
Hethmon Software,1,0.001
LuTH/CDT,1,0.001
Institute of Systems & Information Technologies/KYUSHU,1,0.001
COLT Internet,1,0.001
GRACELAND.COM,1,0.001
Tatyana Ryutov,1,0.001
Liberate,1,0.001
Joint Research Centre of the E.C.,1,0.001
Joerg Ott,1,0.001
Tellique,1,0.001
The Virtual Workshop,1,0.001
RealNetworks,1,0.001
NewBridge,1,0.001
Hitachi Data Systems,1,0.001
V. Paxson,1,0.001
M. Mealling,1,0.001
IBM UK Ltd,1,0.001
Bunyip Information Systems Inc.,1,0.001
Directory Tools and Application Services,1,0.001
iPlanet e-commerce Solutions,1,0.001
Consensus Development,1,0.001
Cal Tech,1,0.001
Gigapacket Networks,1,0.001
Gecko Software,1,0.001
Digital Equipment,1,0.001
III / ISI,1,0.001
C. Semeria,1,0.001
Harlequin Inc,1,0.001
Graphics Communication Laboratories,1,0.001
Netsuite Development,1,0.001
Cyno Technologies,1,0.001
"CygnaCom Solutions, Inc.",1,0.001
StarBurst,1,0.001
Neda,1,0.001
U. S. Bank,1,0.001
Institutional Venture Partners,1,0.001
Juniper Networks Inc,1,0.001
Ascend Communications Inc.,1,0.001
OCLC Online Computer Library Center,1,0.001
Reuters Limited,1,0.001
Keen.com,1,0.001
A. Sappia,1,0.001
NorthWestNet,1,0.001
Project Xanadu,1,0.001
Integralis,1,0.001
MIT SIPB,1,0.001
SISCO,1,0.001
Compucat Research,1,0.001
"Affinia, Inc.",1,0.001
INTEL,1,0.001
Hitachi Soft,1,0.001
SkyWeyr Technologies,1,0.001
Nisto,1,0.001
"Centre for Research and Innovation
      Hellas",1,0.001
Lulea  University  of Technology,1,0.001
Arrowpoint,1,0.001
Fiberlane,1,0.001
ATT Labs Research,1,0.001
Organic Online,1,0.001
VideoServer Corp.,1,0.001
UPenn,1,0.001
Gene Tsudik,1,0.001
Matt Hur,1,0.001
Hibernia Networks,1,0.001
Connect,1,0.001
America On-Line,1,0.001
Spider Software Ltd.,1,0.001
NASA Ames Research Center/MRJ,1,0.001
Sable Technology,1,0.001
"Newbridge Networks, Inc",1,0.001
J. Benoit,1,0.001
ISODE Ltd,1,0.001
Critical Angle Inc,1,0.001
"Dirk-Willem van Gulik,",1,0.001
International Business Machines Corp.,1,0.001
"InfoBeat, Inc.",1,0.001
Philips Semiconductors,1,0.001
M. Kosters,1,0.001
Intel Architecture Labs,1,0.001
Ironbridge Networks,1,0.001
IABG,1,0.001
K. Dobbins,1,0.001
Smith Micro Software,1,0.001
R. McKenzie,1,0.001
W. Diss,1,0.001
Univ of Washington,1,0.001
Liberate Technologies,1,0.001
Pacific Softworks Inc,1,0.001
Compuserve Corporation,1,0.001
Sable Technology Corporation,1,0.001
Miranda Productions,1,0.001
Theodore Ts'o,1,0.001
"Underscore, Inc.",1,0.001
Sharp Labs,1,0.001
AltaVista Internet,1,0.001
Hi/fn,1,0.001
TimeStep,1,0.001
Adobe Systems Inc.,1,0.001
Nentec GmbH,1,0.001
U. Michigan,1,0.001
United International University/CSE,1,0.001
Iris Assoc.,1,0.001
Claddagh Films,1,0.001
"Microsoft,",1,0.001
"Coreon, Inc.",1,0.001
PADL Software Pty. Ltd.,1,0.001
Fore,1,0.001
DeLong Consulting,1,0.001
P. Raison,1,0.001
Data Communications,1,0.001
Stockholm University and KTH,1,0.001
HSCOMMS,1,0.001
L.Phifer,1,0.001
Reaper Technologies,1,0.001
THUS plc,1,0.001
Cabletron,1,0.001
"Isode, Ltd.",1,0.001
Base Tecnologia e Sistemas,1,0.001
Compaq WRL,1,0.001
J. Touch,1,0.001
Sembawang Media,1,0.001
Ennovate,1,0.001
ACONET,1,0.001
Sony CSL,1,0.001
Diamond Plus Software Development,1,0.001
Jon Cargille,1,0.001
Petri Koskelainen,1,0.001
KPI,1,0.001
Saveen Reddy,1,0.001
RouterWare,1,0.001
Academ Consulting Services,1,0.001
Digital Equipment GmbH,1,0.001
BrightTiger Technologies,1,0.001
Compaq/W3C,1,0.001
Dascom,1,0.001
neart.ie,1,0.001
My CFO,1,0.001
CertCo,1,0.001
Jim Randell,1,0.001
"Maxware, Pirsenteret",1,0.001
Vinca Corporation,1,0.001
"Oblix, Inc.",1,0.001
I.E.C.C.,1,0.001
IN-Root-CA Individual Network e.V.,1,0.001
EIS Corporation,1,0.001
TranSwitch Corporation,1,0.001
"Bay Networks, Inc.",1,0.001
Center for Information Technology Integration,1,0.001
FreeGate,1,0.001
FreeGate Corp.,1,0.001
AT&T Labs Europe,1,0.001
Ascend,1,0.001
Kim Kinnear,1,0.001
James Gilroy,1,0.001
Angelos D. Keromytis,1,0.001
U. Of Pennsylvania,1,0.001
RAFT Corporation,1,0.001
Praerit Garg,1,0.001
"AbiSource, Inc.",1,0.001
Expires in six months,1,0.001
David B. Johnson,1,0.001
Gregory D. Troxel,1,0.001
ORNL,1,0.001
Bozeman Pass,1,0.001
"SonyCSL, Inc.",1,0.001
Japan Satellite Systems,1,0.001
O. Tavakoli,1,0.001
Ericsson Telecom,1,0.001
Critical-Angle Inc.,1,0.001
Integralis Ltd.,1,0.001
Mainbrace,1,0.001
Jeffrey Altman,1,0.001
Chairman,1,0.001
Blue Coat Systems Inc.,1,0.001
New Oak Communications,1,0.001
TIBCO Software,1,0.001
Talarian Corporation,1,0.001
Univ. of Saarbruecken,1,0.001
QSSL,1,0.001
Cumulus Data Systems (UK) Ltd,1,0.001
CAP GEMINI,1,0.001
Vancouver Webpages,1,0.001
WaterSprings.ORG,1,0.001
Sequent Computer Systems,1,0.001
Bay Networks Architecture Lab,1,0.001
IBM Microelectronics,1,0.001
Chrysler Corporation,1,0.001
ESI,1,0.001
Sybase,1,0.001
Lexmark,1,0.001
Noell,1,0.001
Soumitra (Ronnie) Sarkar,1,0.001
Compaq Computer Corp,1,0.001
"Activerse, Inc.",1,0.001
Technical University of Vienna,1,0.001
UNLP Argentina,1,0.001
Avici,1,0.001
Isochrome,1,0.001
Sharp Laboratories,1,0.001
Stairnote,1,0.001
Telecomitalia Lab,1,0.001
Ericsson IPI,1,0.001
Filenet,1,0.001
B. Haberman,1,0.001
Chesapeake Computer Consultants,1,0.001
Nagatsugu Yamanouchi   IBM,1,0.001
Jon Knight,1,0.001
Andrey Lyamin,1,0.001
R. Droms,1,0.001
Ruhr-Uni Bochum,1,0.001
Corriente,1,0.001
The Electric Loft,1,0.001
B. Blakley,1,0.001
CiTR Pty Ltd,1,0.001
Fuji Xerox Info. Systems,1,0.001
Verve,1,0.001
Armenian Computer Center,1,0.001
Zephyr Development,1,0.001
Kasthuri Kasthurirangan,1,0.001
Ericsson Datacom Access,1,0.001
Bell Labs Lucent Technologies,1,0.001
Nortel UK,1,0.001
et al,1,0.001
DataChannel,1,0.001
Redback Networks Inc,1,0.001
Avri Doria,1,0.001
Hyundai Network Systems,1,0.001
CorVu Pty Ltd,1,0.001
Yakov Rekhter,1,0.001
Digex,1,0.001
UUnet,1,0.001
Data I/O Corp.,1,0.001
MessagingDirect Inc.,1,0.001
Apple Computer Corp.,1,0.001
Rutgers University Computing Services,1,0.001
Ganymede Software,1,0.001
NetScout Systems,1,0.001
BT Laboratories,1,0.001
Bay,1,0.001
Wes Rishel Consulting,1,0.001
ICAT,1,0.001
IP Devices,1,0.001
Singularity Networks,1,0.001
Netscape Communications Corp,1,0.001
Bay Networks.,1,0.001
Omnia Communications.,1,0.001
Photonex,1,0.001
Transfinite Systems Company,1,0.001
GMD FOKUS,1,0.001
CSELT,1,0.001
O. Gudmundsson,1,0.001
Nortel Networks Inc.,1,0.001
PhotonEx Corp,1,0.001
"RouterWare, Inc.",1,0.001
Expired in six months,1,0.001
Biaoma IT,1,0.001
Nortel Ltd,1,0.001
MCI WorldCom Advanced Networks,1,0.001
BankNet,1,0.001
CQOS Inc.,1,0.001
Integrated Systems Inc.,1,0.001
Surevine Limited,1,0.001
"ValiCert, Inc.",1,0.001
TekSavvy Solutions,1,0.001
A. Ballardie,1,0.001
John Ioannidis,1,0.001
Joan Feigenbaum,1,0.001
Gisli Hjalmtysson,1,0.001
Sateesh Kumar,1,0.001
SNMP Research Inc.,1,0.001
S. Sengodan,1,0.001
1998-09-06,1,0.001
CyberSource,1,0.001
United Kingdom,1,0.001
DSTC,1,0.001
NLA,1,0.001
"SERC, Melbourne",1,0.001
Commerce One,1,0.001
1998-09-25,1,0.001
Centraal Corporation,1,0.001
Attachmate Corporation,1,0.001
IBM Global Services India ltd.,1,0.001
Timestep,1,0.001
Level3,1,0.001
Univ IL,1,0.001
UWisc-Mad,1,0.001
Neda Communications,1,0.001
3Com,1,0.001
U.S. Satellite Broadcasting,1,0.001
"GlobeSet, Inc.",1,0.001
WebPKI.org,1,0.001
Mediatrix Telecom,1,0.001
IP Multicast Initiative,1,0.001
Bay Networks/Nortel Networks,1,0.001
D. Grad,1,0.001
NASA Ames/Raytheon,1,0.001
Netrake Corporation,1,0.001
"Editor, Nortel Networks",1,0.001
ANF Consulting,1,0.001
"Song Networks, Inc.",1,0.001
"Newbridge Networks, Inc.",1,0.001
OTB Consulting Corp.,1,0.001
Srinivasa Rao,1,0.001
BBN/NASA Glenn,1,0.001
CDT-LTU/Marratech AB,1,0.001
"CyberSafe, Inc.",1,0.001
ISPSoft Inc.,1,0.001
Steve Shultz,1,0.001
NORTEL Networks,1,0.001
Hossam Afifi,1,0.001
"dotRocket, Inc.",1,0.001
ThinLink Solutions,1,0.001
AddTrust,1,0.001
SECUDE,1,0.001
Sockeye Networks,1,0.001
SoongSil UNIV,1,0.001
Digital Signature Trust,1,0.001
INRIA Sophia-Antipolis,1,0.001
HRL,1,0.001
NBX Corporation,1,0.001
AMT Group,1,0.001
CacheFlow Inc.,1,0.001
Ting Cai,1,0.001
Differential,1,0.001
Ameritech,1,0.001
Samsung Telecommunications America,1,0.001
LGIC,1,0.001
UC-Santa Barbara,1,0.001
H.-Y. Tyan,1,0.001
"cisco Systems, Inc",1,0.001
Zambeel,1,0.001
EPFL ICA,1,0.001
CTL Nortel Networks,1,0.001
INR Moscow,1,0.001
AppGate Network Security AB,1,0.001
savecore.net,1,0.001
Dublin Core,1,0.001
DHL Worldwide Express,1,0.001
Equipe Communications,1,0.001
CSELT S.p.A.,1,0.001
Wei Sun,1,0.001
"WGSI, A Getronics Company",1,0.001
davidreilly.com,1,0.001
iPass,1,0.001
FGAN/FKIE,1,0.001
University Of Plymouth,1,0.001
NAILabs,1,0.001
SEC,1,0.001
National Yunlin University,1,0.001
TWS,1,0.001
NTT Neomeit,1,0.001
UMass-Amherst,1,0.001
Argonne National Laboratory,1,0.001
"Advanced Networks & Services, Inc.",1,0.001
ICAIR,1,0.001
Into Networks,1,0.001
J. Alvinen,1,0.001
Surety Technologies,1,0.001
Maxware AS,1,0.001
"Mykotronx, Inc.",1,0.001
Fibonacci,1,0.001
UNICEN,1,0.001
Torrent Networks,1,0.001
Critial Angle,1,0.001
Ulticom,1,0.001
Colt Telecom,1,0.001
Utah State University,1,0.001
TOYOCOM,1,0.001
RedCreek,1,0.001
L. Gommans,1,0.001
Jerry Maziarski,1,0.001
Xbind,1,0.001
Internet Security Systems,1,0.001
NEC USA Inc,1,0.001
W. Polk,1,0.001
M. Thomas,1,0.001
Bernie Volz,1,0.001
Bootix Tech. GmbH,1,0.001
"Zambeel, Inc.",1,0.001
Circa Communications,1,0.001
"APMMON MIB                Apptitude, Inc.",1,0.001
W3C/INRIA/MIT,1,0.001
"Gadzoox Networks,Inc.",1,0.001
J. Yoakum,1,0.001
W3C/INRIA,1,0.001
S. Sato,1,0.001
Photuris,1,0.001
Routingloop,1,0.001
WeSync.com,1,0.001
"LongBoard, Inc.",1,0.001
Produx House,1,0.001
Mirror Image,1,0.001
America Online,1,0.001
Chalmers University,1,0.001
Rhodes University,1,0.001
Aventail Corp.,1,0.001
Univ. of Tuebingen,1,0.001
AT&T Shannon Laboratory,1,0.001
Corporate R&D Center,1,0.001
DevelopMentor,1,0.001
SkiCal Consortium,1,0.001
Soft Applications,1,0.001
iVMG,1,0.001
ACIRI/ICSI,1,0.001
Exodus Communications,1,0.001
Skymoon Ventures,1,0.001
NetRake,1,0.001
"Zaffire, Inc.",1,0.001
George Babics/Steltor,1,0.001
Procket,1,0.001
HPL,1,0.001
Icon Medialab,1,0.001
Chek,1,0.001
IBM Printing Systems Co,1,0.001
i-data Printing Systems,1,0.001
"Photuris, Inc.",1,0.001
Cplane,1,0.001
RealNames Corporation,1,0.001
NAI,1,0.001
Pacific*Bell,1,0.001
On Sabbatical,1,0.001
Toshiba TEC,1,0.001
ISI/USC,1,0.001
3Com Corporation,1,0.001
Vodaphone Airtouch,1,0.001
Network Engines,1,0.001
Anoop Ghanwani,1,0.001
BroadBandOffice Inc.,1,0.001
Mitel Corp.,1,0.001
"G3 Nova Technology, Inc.",1,0.001
UC--Santa Barbara,1,0.001
Levon Esibov,1,0.001
Belgacom,1,0.001
HRL Labs,1,0.001
"Toshiba Research America,Inc.",1,0.001
Intel Inc.,1,0.001
Motorola India,1,0.001
INETCO Systems Ltd.,1,0.001
Tivoli Systems.,1,0.001
Enron Communications,1,0.001
Bosch Telecom,1,0.001
Simon Bryden,1,0.001
HCL-CISCO ODC,1,0.001
zev.net,1,0.001
Tivoli Systems Inc,1,0.001
UML,1,0.001
BBC Monitoring,1,0.001
Forsythe Solutions,1,0.001
SS8 Networks,1,0.001
"Netword, Inc.",1,0.001
Datang Telecom,1,0.001
eCal Corp.,1,0.001
Net Effect,1,0.001
nVisible Networks,1,0.001
University of Illinois,1,0.001
Amour Eternal,1,0.001
Integral Access Inc.,1,0.001
BeThereBeSquare Inc.,1,0.001
"BeThereBeSquare, Inc.",1,0.001
UUNet (MCI WorldCom),1,0.001
"Rankom, Inc.",1,0.001
V. Heinau,1,0.001
Purple Streak Dev.,1,0.001
Vodafone Espana,1,0.001
New Access Communications,1,0.001
NTT DoCoMo USA Labs,1,0.001
Master Consultant,1,0.001
V. Hilt,1,0.001
TerraByte Technology,1,0.001
InterNetShare.com,1,0.001
DDI Corporation,1,0.001
"Sun Laboratories, Inc.",1,0.001
"Award Solutions, Inc.",1,0.001
DO Corporation,1,0.001
Integral Access,1,0.001
Lucent Technology,1,0.001
SITA Equant,1,0.001
Bala Rajagopalan,1,0.001
DoubleWide Software,1,0.001
Occam Networks,1,0.001
Stardust.com,1,0.001
Intelliden,1,0.001
Ntear LLC,1,0.001
eStarCom,1,0.001
Technoinfo Service,1,0.001
Atos Origin,1,0.001
Bryan Gleeson,1,0.001
Optical Datacom,1,0.001
nCUBE Corporation,1,0.001
Chromisys,1,0.001
Nextbeacon,1,0.001
Gold Wire Technology,1,0.001
In-Q-Tel,1,0.001
CSFB,1,0.001
Airvana,1,0.001
"INTELLIDEN, Inc.",1,0.001
"SecureWorks, Inc.",1,0.001
Guardian,1,0.001
"Alice's Registry, Inc.",1,0.001
BoxnArrow.com,1,0.001
Tachion Networks,1,0.001
"Editor, TZI/Uni Bremen",1,0.001
"LTS, U. of Maryland",1,0.001
Comverse Technology Inc.,1,0.001
William A. Simpson,1,0.001
The UUCP Mapping Project,1,0.001
Messaging Direct,1,0.001
The Jabber.org Project,1,0.001
Communications Research Lab,1,0.001
NUS,1,0.001
Trapeze Networks,1,0.001
Enterasys,1,0.001
Seamoby Forum,1,0.001
Research Laboratory,1,0.001
Vail Systems,1,0.001
Toshiba Corp,1,0.001
"RADWare, Inc.",1,0.001
Guardeonic Solutions,1,0.001
Consortium GARR,1,0.001
Hitachi Koki Imaging Solutions,1,0.001
IBM Printing Company,1,0.001
net&tv,1,0.001
Global Financial Networks Limited,1,0.001
Peter Blatherwick,1,0.001
Motorola Labs Paris,1,0.001
"INITECH, Inc.",1,0.001
hereUare,1,0.001
Tektronix,1,0.001
JDS Consultant,1,0.001
Scott R. Fluhrer,1,0.001
Christophe Diot,1,0.001
G. Baese,1,0.001
ONI Systems,1,0.001
Motorola India Electronics Ltd.,1,0.001
DeTeSystem,1,0.001
Jon Peterson,1,0.001
C3L/ETSI,1,0.001
Tut Systems,1,0.001
PolicyConsulting,1,0.001
xCert,1,0.001
GVNW Consulting Inc,1,0.001
Xapiens Corporation,1,0.001
Tellium Inc.,1,0.001
Lucent Tech,1,0.001
D. Marples,1,0.001
Entrust Inc.,1,0.001
Manish Tiwari,1,0.001
Franck Le,1,0.001
A.L. Digital Ltd,1,0.001
J. Williams,1,0.001
Singularis Ltd,1,0.001
Keping Long,1,0.001
Nokia China R&D Center,1,0.001
Circular Logic UnLtd.,1,0.001
"AT&T,",1,0.001
The International ISBN Agency,1,0.001
ThinkingCat Enterprises,1,0.001
Multimedia University,1,0.001
WRQ,1,0.001
Computer Club West,1,0.001
"Onesecure, Inc.",1,0.001
Certco,1,0.001
CIS-KIEV,1,0.001
Skygate Technology,1,0.001
Novell Corporation,1,0.001
Wipro Systems,1,0.001
"Invisible Worlds, Inc.",1,0.001
Korea Telecom M.com Research Center,1,0.001
Clearswift,1,0.001
Dave Nelson,1,0.001
Extreme,1,0.001
A. Paraschiv,1,0.001
RIPE NNWG,1,0.001
C. Monia,1,0.001
InterNetShare,1,0.001
"QoSient, LLC",1,0.001
Dialout.Net,1,0.001
ITU,1,0.001
Circular Logic,1,0.001
FFI,1,0.001
Rod Mullendore,1,0.001
Fujistsu,1,0.001
"Trlokom, Inc.",1,0.001
Reuters,1,0.001
Rivcom,1,0.001
University of North Texas,1,0.001
Apogee,1,0.001
WebWeaving,1,0.001
IPR Systems,1,0.001
Nominum Inc.,1,0.001
UNCC,1,0.001
CIO Austria,1,0.001
Univ of Texas,1,0.001
Aventail Corp,1,0.001
Dept of Defense,1,0.001
November 2000                                           Ericsson/WCOM,1,0.001
Bitstream Inc.,1,0.001
"DualName, Inc.",1,0.001
Telia CERT,1,0.001
JANET-CERT,1,0.001
ALCATEL,1,0.001
IBM T J Watson Research Center,1,0.001
Corona Networks Inc.,1,0.001
Adero,1,0.001
Microsoft Research Asia,1,0.001
University,1,0.001
PureEdge Solutions Inc.,1,0.001
"MCTR, UMBC",1,0.001
D. Fedyk,1,0.001
"Giganet, Inc.",1,0.001
Treasury Board of Canada,1,0.001
Future Foundation,1,0.001
J. Quittek,1,0.001
University of Mannheim,1,0.001
David Oran,1,0.001
Trolltech AS,1,0.001
UUNET/WorldCom,1,0.001
Brian W. Spolarich,1,0.001
Luca Dell'Uomo,1,0.001
Ramesh Nagarjan         UUNet/WorldCom,1,0.001
Metanoia,1,0.001
Sudarshan Naganathan,1,0.001
Provin Gurung,1,0.001
LANL/UCSD,1,0.001
"Planetfred, Inc.",1,0.001
Ericsson Mobile Communications,1,0.001
The SANS Institute,1,0.001
Users,1,0.001
Metromedia Fiber Network,1,0.001
ESCAUX,1,0.001
Endless Crossword,1,0.001
Electronic Engineer,1,0.001
BTexact,1,0.001
Tiara Networks,1,0.001
Charlotte's Web Networks,1,0.001
James Fu,1,0.001
Telco Research Corporation,1,0.001
Canola & Jones,1,0.001
Northstream,1,0.001
Canarie,1,0.001
IBM Zurich Research Laboratory,1,0.001
Dave Frascone,1,0.001
Department007.com,1,0.001
i-EMAIL.net,1,0.001
Wild Packets,1,0.001
"Airespace, Inc.",1,0.001
Bytemobile Inc,1,0.001
Circular Networks,1,0.001
Reuters Health Information,1,0.001
"Arbortext, Inc.",1,0.001
SGI,1,0.001
Flash Networks,1,0.001
TIA,1,0.001
Tactical Software,1,0.001
Steltor,1,0.001
Vodaphone,1,0.001
Roaring Penguin,1,0.001
CSC/NASA Ames Research Center,1,0.001
Troika Networks,1,0.001
Aravox Technologies,1,0.001
Kuokoa Networks,1,0.001
Ryerson University,1,0.001
Gotham Networks,1,0.001
AppliedTheory Corporation,1,0.001
International University,1,0.001
A. Banchs,1,0.001
Pim Vanheuven,1,0.001
CWC,1,0.001
Mascon Global Limited,1,0.001
Bank One Corp,1,0.001
Advanced Software Technologies,1,0.001
JANET Web Cache Service,1,0.001
Lantern Communications,1,0.001
Nayna Networks Inc.,1,0.001
Sonera,1,0.001
Andiamo Systems,1,0.001
Deltathree,1,0.001
Jim Jones,1,0.001
ACI Worldwide,1,0.001
Woven Systems,1,0.001
ATI Technologies,1,0.001
"LNT, Munich Univ. of",1,0.001
Stefano M. Faccin,1,0.001
AT&T Internet Research,1,0.001
Tellique Kommunikationstechnik GmbH,1,0.001
"Resonate, Inc.",1,0.001
Accelight,1,0.001
École nationale des Chartes,1,0.001
Ellacoya Networks,1,0.001
Nixxo,1,0.001
TAHOE Networks,1,0.001
"Avri Doria, Howard Berkowitz,",1,0.001
BTexact Technologies,1,0.001
Smartpipes Inc,1,0.001
Telverse Communications,1,0.001
Petr Fiedler,1,0.001
The Hebrew University of Jerusalem,1,0.001
Ka-Cheong Leung,1,0.001
Ericsson (editor),1,0.001
KereniX,1,0.001
Samba Team,1,0.001
Ping Pan,1,0.001
Kireeti Kompella,1,0.001
Lockheed Martin Corporation,1,0.001
Vibrant Solutions,1,0.001
Alphion,1,0.001
Invidi Technologies,1,0.001
Verzion Global Networks,1,0.001
Ranch Networks,1,0.001
Worldcom/Jet Propulsion Laboratory,1,0.001
Yong Xue       UUNet/WorldCom,1,0.001
G. Renker,1,0.001
Code On The Road,1,0.001
Thus plc,1,0.001
Avian Communications,1,0.001
Monolithic Technologies,1,0.001
SRA,1,0.001
C. Jacquenet,1,0.001
PowerDsine Inc.,1,0.001
M. Hinckley,1,0.001
Tom Taylor,1,0.001
Bourgeois Dilettant,1,0.001
NCSA,1,0.001
dynamicSoft,1,0.001
Elias Dacloush,1,0.001
krishna Gundamaraju,1,0.001
Kenetec Inc,1,0.001
Elysium Ltd,1,0.001
Communications,1,0.001
NetSeal Technologies,1,0.001
Loutfi Nuaymi,1,0.001
ABNW,1,0.001
Dan Harkins,1,0.001
Eran Aloni,1,0.001
Aerospace,1,0.001
TiMetra Networks,1,0.001
"CacheWare, Inc.",1,0.001
Vrije Universiteit Brussel,1,0.001
Mimosa,1,0.001
PacketExchange Ltd.,1,0.001
Intel ASG,1,0.001
Accton Technology Corporation,1,0.001
Motorola Labs and INRIA Planete,1,0.001
Frank Neil,1,0.001
Jari T. Malinen,1,0.001
Sally Floyd,1,0.001
National Tsing Hua University,1,0.001
InterLink Networks,1,0.001
"Infoliance, Inc.",1,0.001
Cooley Godward LLP,1,0.001
Biodata Application Security AG,1,0.001
Charles Monia,1,0.001
Rhustone Corporation,1,0.001
VisionTech,1,0.001
RSA Security Inc.,1,0.001
W3C/MIT/UNIVE,1,0.001
IDcide,1,0.001
Verizon Internet Services,1,0.001
Broadwing Communications,1,0.001
Computer Network Technology,1,0.001
Nortelnetworks,1,0.001
QuarryTech,1,0.001
NTRU,1,0.001
NortelNetworks,1,0.001
UNISINOS,1,0.001
Watercove Networks,1,0.001
YingChun Xu,1,0.001
Lycium Networks,1,0.001
Brocade Communications Systems Inc.,1,0.001
Curl Corporation,1,0.001
INR/Swsoft,1,0.001
Suse,1,0.001
Celion,1,0.001
Movaz,1,0.001
Zolera Systems,1,0.001
Alphion Corp.,1,0.001
Catena Networks,1,0.001
"Vieo, Inc.",1,0.001
"SnapTell, Inc.",1,0.001
Verilink,1,0.001
Dublin Core Metadata Initiative,1,0.001
Xiaofeng Xu,1,0.001
VA,1,0.001
Thrane & Thrane,1,0.001
PD Nets,1,0.001
RoutingLoop,1,0.001
Lectrosonics,1,0.001
Zolera,1,0.001
Hasnaa MOUSTAFA,1,0.001
Swinburne University,1,0.001
James Kempf,1,0.001
NetSeal,1,0.001
"PanteraTech, Inc.",1,0.001
K. Leung,1,0.001
Jean-Marie Bonnin,1,0.001
Federal University of Parana',1,0.001
Activia,1,0.001
Raghu Reddy,1,0.001
Prakash Iyer,1,0.001
Speechworks Inc.,1,0.001
Nuance Communications,1,0.001
Yong-Jin Kim,1,0.001
Sookyoung Jeny Lee,1,0.001
David E. McDysan,1,0.001
Vesa Torvinen,1,0.001
NTT Software Corp.,1,0.001
C. Jones,1,0.001
TiMetra Inc,1,0.001
Little River Elementary School,1,0.001
University of Essen,1,0.001
Mimosa Systems,1,0.001
Rajeev Koodli,1,0.001
NORTEL NETWORKS,1,0.001
IBM T. J. Watson Research Center,1,0.001
Grotto-Networking,1,0.001
Octalis SA,1,0.001
ITT A/CD,1,0.001
Self Inc,1,0.001
UltraDNS,1,0.001
Univ. of California,1,0.001
Sanrad Intelligent Storage,1,0.001
Siliquent Technologies,1,0.001
Georgian Internet Avenue,1,0.001
HFCL R&D,1,0.001
Tata Consultancy Services,1,0.001
ARO/NCSU,1,0.001
"MFN, Inc.",1,0.001
Sonos Inc.,1,0.001
Phoenix Technologies,1,0.001
The Open Healthcare Group,1,0.001
HFCL-IISc Research Program,1,0.001
M. Zitterbart,1,0.001
WIDE Project and INRIA,1,0.001
Corona,1,0.001
SAVVIS,1,0.001
Millpark,1,0.001
Koru Solutions,1,0.001
Aki Yokote,1,0.001
"Worldcom, Inc.",1,0.001
Storigen,1,0.001
Tomlinson Group,1,0.001
Storigen Systems,1,0.001
"CacheFlow, Inc.",1,0.001
S. van den Bosch,1,0.001
INRIA/ENS-Lyon,1,0.001
International DOI,1,0.001
L. Gwon,1,0.001
Rohati Systems,1,0.001
Riverstone Networks Inc,1,0.001
Johns Hopkins University Applied,1,0.001
USC-ISI,1,0.001
Oracle India Pvt. Ltd.,1,0.001
Technologies,1,0.001
University of Applied Sciences Darmstadt,1,0.001
Real-Time Innovations,1,0.001
SIPez,1,0.001
Marconi Corporation,1,0.001
M. Karsten,1,0.001
Veraz Networks,1,0.001
Tellme Networks Inc.,1,0.001
Higgs Communications,1,0.001
Bijt.net,1,0.001
Oklahoma State University,1,0.001
Meyer Consulting,1,0.001
Mitrix,1,0.001
Web3D Consortium,1,0.001
H.Izumiyama,1,0.001
The Grateful Net,1,0.001
AaronSw.com,1,0.001
Unisphere Networks,1,0.001
Montilio Inc.,1,0.001
ep.net,1,0.001
Bernhard Collini-Nocker,1,0.001
"DSTO, Australia",1,0.001
The CommWorks Corp.,1,0.001
Werk Mikro Systems,1,0.001
"CTIE, Monash University",1,0.001
Voxpath Networks,1,0.001
Oksijen Teknoloji,1,0.001
Stockholm University/KT,1,0.001
iMagicTV Inc,1,0.001
Schneider Automation Inc.,1,0.001
Delaware State University,1,0.001
Univ. of Washington,1,0.001
Univ. of Wisconsin-Madison,1,0.001
LLC,1,0.001
"ICR, NUS",1,0.001
Eleanor Hepworth,1,0.001
NOAA/GFDL,1,0.001
Citex Software,1,0.001
Moowee Inc.,1,0.001
Rincon,1,0.001
"Inria, France",1,0.001
INESC,1,0.001
"NomadicLab, Ericsson Research",1,0.001
NCS,1,0.001
"Arastra, Inc",1,0.001
Infosys Technologies Ltd,1,0.001
Laboratories for,1,0.001
Project JXTA,1,0.001
T-Systems Nova GmbH,1,0.001
Univ. of North Texas,1,0.001
Co-Author,1,0.001
Samuelson Law,1,0.001
Dynamicsoft,1,0.001
Verison,1,0.001
Ridgeway Systems & Software Ltd,1,0.001
Univ. of Tuebingen/ICSI,1,0.001
Sun Labs Europe,1,0.001
M. Allman,1,0.001
Cisco ODC,1,0.001
HCL Technologies Ltd.,1,0.001
NTUA,1,0.001
Cache Flow,1,0.001
MacFergus,1,0.001
Atrica,1,0.001
GE GRC,1,0.001
AYR Networks,1,0.001
Aaaya,1,0.001
Xythos Software,1,0.001
iPath Services,1,0.001
Cantata Technolgy,1,0.001
intel,1,0.001
ACI,1,0.001
Ditech Networks,1,0.001
"Worldcom, Inc",1,0.001
CS Waikato University,1,0.001
K. G. Shin,1,0.001
Tellabs Oy,1,0.001
Quadrille Ingenierie,1,0.001
EPFL & Nokia,1,0.001
"Ares, Inria",1,0.001
NTT-Data,1,0.001
Columbia U./Siemens/U. Goettingen/Siemens,1,0.001
The University of Chicago,1,0.001
DataPower Technology,1,0.001
MCM,1,0.001
NTT/VERIO,1,0.001
UTStarcom Inc,1,0.001
EPSC-UPC,1,0.001
OSAF,1,0.001
Oz Communications,1,0.001
iptel.org,1,0.001
THOMSON,1,0.001
Rob Elliott,1,0.001
Ashwin Palekar,1,0.001
Co-Editor,1,0.001
Eloquant,1,0.001
Center for,1,0.001
February,1,0.001
Pingtel Corporation,1,0.001
M. Catalina-Gallego,1,0.001
BCQRE,1,0.001
Netplane Systems,1,0.001
PricewarterhouseCoopers,1,0.001
draft-nakhjiri-seamoby-ppp-ct-00.txt                   Motorola Inc.,1,0.001
snom,1,0.001
and H.Y. Yeom,1,0.001
Motorola Inc.,1,0.001
EarthLink,1,0.001
Computer Architecture,1,0.001
MetaSolv,1,0.001
Heatherdale Group,1,0.001
X-OBI,1,0.001
Proficient Networks,1,0.001
"G1M Co., Ltd.",1,0.001
Samsung Information Systems America,1,0.001
CS Division,1,0.001
"Betrusted, Inc.",1,0.001
ETH,1,0.001
NEC Philips,1,0.001
Sonim Technologies,1,0.001
Verizon/NASA GRC,1,0.001
Deutsche Telekom Labs,1,0.001
J. Jumarasamy,1,0.001
A. T. Campbell,1,0.001
TANDBERG Television,1,0.001
Nokia Corporation,1,0.001
Orion Security,1,0.001
C. Canales,1,0.001
Nextwave Wireless,1,0.001
Kansas State University,1,0.001
J. Jean-Marc,1,0.001
USCL,1,0.001
Artel,1,0.001
Lucent Technologies/Bell Laboratories,1,0.001
nominum,1,0.001
Rincon Networks,1,0.001
Co-Author/Editor,1,0.001
C. Politis,1,0.001
Codebay,1,0.001
Birdstep,1,0.001
Christian Tena,1,0.001
ICR,1,0.001
Fujitsu Laboratories Ltd,1,0.001
University of Novi Sad,1,0.001
NASA Jet Propulsion Laboratory,1,0.001
Thammasat University,1,0.001
Google/Jet Propulsion Laboratory,1,0.001
Technological Concepts Inc.,1,0.001
Monique Morrow,1,0.001
webwasher AG,1,0.001
University of Koblenz,1,0.001
Data Connection Limited,1,0.001
Tello Corporation,1,0.001
Caspian,1,0.001
Oryx Mail Systems GmhH,1,0.001
Oryx,1,0.001
Efficient Networks Inc.,1,0.001
Tridea Works,1,0.001
"Genuity, Inc.",1,0.001
Randall Consulting,1,0.001
Linova,1,0.001
Tamura Corp.,1,0.001
IBM Tivoli Software,1,0.001
Gianluca Iannaccone,1,0.001
Institute of Technology,1,0.001
M. Naslund,1,0.001
Turku Polytechnic,1,0.001
EADS Defence and Security Systems Limited,1,0.001
Technical University of Berlin,1,0.001
CAIDA,1,0.001
Sunil Iyengar,1,0.001
DSI Consulting,1,0.001
Pulver,1,0.001
Tom Towle,1,0.001
Johns Hopkins Univ,1,0.001
Inet Technologies,1,0.001
SBC Labs,1,0.001
Nyquetek Inc,1,0.001
ETS,1,0.001
Gemini Security Solutions,1,0.001
A&N Associates,1,0.001
NMS Communications,1,0.001
TGC,1,0.001
University of Heidelberg,1,0.001
FHTW Berlin,1,0.001
Keio university,1,0.001
BridgePort Networks,1,0.001
Kent Leung,1,0.001
Juan Hernandez-Serrano,1,0.001
CyberGuard Corporation,1,0.001
Deakin University,1,0.001
NASK (PL-TLD),1,0.001
Highland School,1,0.001
bw.org,1,0.001
Legra Systems,1,0.001
D. Fulker,1,0.001
Blissfully Retired,1,0.001
Ovation,1,0.001
AT&T Labs.,1,0.001
Macromedia Corporation,1,0.001
Meetinghouse Data Communications,1,0.001
CSU San Bernardino,1,0.001
Crystal Ball Inc.,1,0.001
Manifest Solutions,1,0.001
NPG,1,0.001
OCLC,1,0.001
TokyoFM Broadcasting,1,0.001
NDS Limited,1,0.001
fsck,1,0.001
NSC,1,0.001
Sandburst Corporation,1,0.001
Cray Inc.,1,0.001
ENST-B,1,0.001
Nokia Research,1,0.001
SJCE.NET,1,0.001
ENST  Paris,1,0.001
ICEsoft Technologies Inc.,1,0.001
INFINEON,1,0.001
NASK (+48 ENUM Registry),1,0.001
byung Ho Yae,1,0.001
College of William and Mary,1,0.001
InformAsic AB,1,0.001
Lunds Tekniska Hogskola,1,0.001
spamfilt group,1,0.001
ICEsoft Technologies,1,0.001
Corrent Corporation,1,0.001
Vidiator Technology US Inc.,1,0.001
Jiyoung Cho,1,0.001
University of Erlangen-Nuremberg,1,0.001
J.koga,1,0.001
INTEC NetCore Inc.,1,0.001
Sourcegraph,1,0.001
Silicon Circus,1,0.001
The MITRE,1,0.001
Linden Lab,1,0.001
Pan-Am Internet Services,1,0.001
NetContinuum,1,0.001
C. Janneteau,1,0.001
VB NetConsult,1,0.001
Thales Communications,1,0.001
H. Jegers,1,0.001
GSYC/URJC,1,0.001
Nyquetek Inc.,1,0.001
University of Illinois at Chicago,1,0.001
PMC-SIERRA,1,0.001
"Netpath, Inc.",1,0.001
Unfix/SixXS,1,0.001
Tutpro,1,0.001
ARO,1,0.001
Y. Yang,1,0.001
Richard D.,1,0.001
Peter Psenak,1,0.001
JOIN (WWU),1,0.001
Samsung India,1,0.001
The Elvey Partnership,1,0.001
Viataal,1,0.001
Rawflow,1,0.001
Pioneer,1,0.001
N.E.T.,1,0.001
Changqing Yuan,1,0.001
Dave Oran,1,0.001
Trend Micro Inc.,1,0.001
Netzwert AG,1,0.001
Emergicon,1,0.001
JOIN (University of Muenster),1,0.001
Orange PCS Ltd,1,0.001
NEC (Netlab),1,0.001
PSL,1,0.001
Emmanuel Baccelli,1,0.001
"Cognitive Research Labs, Inc.",1,0.001
Creytiv.com,1,0.001
Antisip,1,0.001
Clausthal University of Technology,1,0.001
"NOWARE, Inc.",1,0.001
Mobile TeleSystems OJSC,1,0.001
Zhone Technologies,1,0.001
J.-P. Vasseur,1,0.001
University of Cambridge Computing Service,1,0.001
SpreeBytes,1,0.001
Sonos,1,0.001
SDSC,1,0.001
U. of North Carolina,1,0.001
ITU-T,1,0.001
Server Authority Inc,1,0.001
xxx,1,0.001
Keio University and WIDE,1,0.001
Algenta,1,0.001
Secure Software,1,0.001
E. Riou,1,0.001
Olddog Consulting,1,0.001
CITEL Technologies Ltd,1,0.001
Net.Com,1,0.001
LINAGORA,1,0.001
UTN FRH,1,0.001
"NMA, Inc.",1,0.001
"Sendmail, Inc",1,0.001
CTIE Monash University,1,0.001
BCN Systems,1,0.001
Cable and Wireless,1,0.001
Advista Technologies,1,0.001
Ed (Avici Systems),1,0.001
Alcatel USA Inc.,1,0.001
Future Software,1,0.001
TIC Systems,1,0.001
Dongguk Univ.,1,0.001
NAv6TF,1,0.001
ENST Telecom,1,0.001
Autonimica AB,1,0.001
Orange Labs/France Telecom R&D,1,0.001
Healing Thresholds,1,0.001
Saavis Communications,1,0.001
A. Ayyanger,1,0.001
S. Felix Wu,1,0.001
WIDE at Keio University,1,0.001
Qwest,1,0.001
Michael Dibiasio,1,0.001
"ZTE, Inc",1,0.001
skymoon ventures,1,0.001
SIP Edge,1,0.001
Steve Uhlig,1,0.001
NETikos S.p.A.,1,0.001
University of Palermo,1,0.001
MRV,1,0.001
Cosine,1,0.001
iCAIR,1,0.001
GET-Telecom Paris,1,0.001
OMA,1,0.001
Systems,1,0.001
University of Hawaii at Hilo,1,0.001
UQAM University,1,0.001
Special Research Centre for Optical,1,0.001
National Computerization Agency,1,0.001
NetIQ Corp.,1,0.001
National Radio Astronomy Observatory,1,0.001
UCO/Lick Observatory,1,0.001
Brocade Inc.,1,0.001
Command Information,1,0.001
Effnet AB,1,0.001
Nortel Networks/ENST Paris,1,0.001
ZTE/ENST Paris,1,0.001
GET ENST Bretagne,1,0.001
ENST,1,0.001
Znyx,1,0.001
ENDFORCE,1,0.001
KDDI R&D Labs.,1,0.001
AAMSX,1,0.001
DIKU,1,0.001
Purdue University Computer Science,1,0.001
ISATAP Dot Org,1,0.001
KMC Telecom Solutions,1,0.001
S. Uhlig,1,0.001
Sublime Solutions,1,0.001
Jasomi Networks,1,0.001
A. Melnikov,1,0.001
University of Erlangen,1,0.001
Concordia University/CIISE,1,0.001
IRS-EMT,1,0.001
Vasco,1,0.001
Gemplus,1,0.001
Aladdin,1,0.001
LIX,1,0.001
NIST/ETRI,1,0.001
ePrivacy Group,1,0.001
IAB and IESG,1,0.001
Hitachi(China),1,0.001
pobox.com,1,0.001
Nadia BOUKHATEM,1,0.001
NTT East Corporation,1,0.001
Reva Systems Corp,1,0.001
HotNIC LLC,1,0.001
China Mobile Communication Corporation,1,0.001
Insigma Techenology,1,0.001
MJMontpetit.com,1,0.001
Wei Li,1,0.001
G. Sission,1,0.001
Protegga,1,0.001
Ayogo Games,1,0.001
Unix-AG Universitaet Hannover,1,0.001
E. Chung,1,0.001
Saperix,1,0.001
"BlinkMind, Inc.",1,0.001
Archana P.V.,1,0.001
R. Barrato,1,0.001
"Axway, Inc.",1,0.001
SIPStation,1,0.001
Zelestra,1,0.001
Rebellion,1,0.001
Martti Huttunen,1,0.001
Energize Urnet,1,0.001
Emulex,1,0.001
Japan FM Network,1,0.001
ircd-ratbox,1,0.001
Inventure Systems Ltd,1,0.001
UDel,1,0.001
Nimcat Networks,1,0.001
The Univ. of Tokyo,1,0.001
SPARTA Inc.,1,0.001
Helsinki Institute for Information Technology,1,0.001
Cassidian,1,0.001
"ISAMET, Inc.",1,0.001
Microsoft corp.,1,0.001
M. Yanagiya,1,0.001
ICSAlabs a Division of Cybertrust,1,0.001
VTT Electronics,1,0.001
Tumbleweed,1,0.001
TBT,1,0.001
OpenFortress Digital signatures,1,0.001
Rainfinity,1,0.001
Tel Aviv University,1,0.001
Birdstep Technology ASA,1,0.001
Strix Systems,1,0.001
ENPPI,1,0.001
Florida State University,1,0.001
Sabari Illam,1,0.001
IESG,1,0.001
Hua-Chun Zhou,1,0.001
Australian National University.,1,0.001
NTT Corp,1,0.001
Aria Networks Ltd.,1,0.001
JHU Applied Physics Lab,1,0.001
Xiao-Hua Chen,1,0.001
"Huawei Techonologies Co., Ltd.",1,0.001
Hamilton Institute,1,0.001
HyerVision,1,0.001
M.Yanagiya,1,0.001
Devicescape Software,1,0.001
UdelaR,1,0.001
Deepfield Networks,1,0.001
M. Martin,1,0.001
LucidVision,1,0.001
JL Le Roux,1,0.001
Lucent Technologies/Bell,1,0.001
Secure Multicast Networks LLC,1,0.001
at&t,1,0.001
SiNett Corp,1,0.001
FranceTelecom,1,0.001
ROOT Inc.,1,0.001
Mongolian University of Science and Technology,1,0.001
S. Baek,1,0.001
Research Consultant,1,0.001
M. Calderon,1,0.001
Reiji Aibara,1,0.001
A. Garcia-Martinez,1,0.001
FGAN,1,0.001
ENSICA/TESA/Alcatel Alenia Space,1,0.001
Intertrust,1,0.001
IntelliCal,1,0.001
Procter & Gamble,1,0.001
Orion Health,1,0.001
Open Mobile Alliance,1,0.001
UO,1,0.001
Flextronics Software System,1,0.001
UnrealIRCd,1,0.001
Republic Polytechnic,1,0.001
Logica,1,0.001
Colubris Networks,1,0.001
"MOCOCO, Inc.",1,0.001
SIL,1,0.001
Effective Software Consulting,1,0.001
Tech Mahindra Ltd,1,0.001
Nokia/TUT,1,0.001
Thomson,1,0.001
Hongfei Chen,1,0.001
CyberGuard,1,0.001
All About IT,1,0.001
Softfront,1,0.001
Tilab,1,0.001
IBBT- Ghent University,1,0.001
diffxml,1,0.001
Net-Mobile,1,0.001
"Huawei Techonologies Co., Ltd",1,0.001
KDDI R&D,1,0.001
W3C/Canon,1,0.001
E-MC Software,1,0.001
CleverSpoke,1,0.001
Information and Communication,1,0.001
Talari Networks,1,0.001
Hyervision,1,0.001
National Chiao Tung University,1,0.001
Ubiquitous Network Research Center,1,0.001
ICN LAB of Soongsil Univ,1,0.001
Inmedius,1,0.001
Southest University,1,0.001
Saint Joseph's College,1,0.001
Dampsoft GmbH,1,0.001
P2PSIP.org/William and Mary,1,0.001
Security and Standards,1,0.001
Thales eSecurity,1,0.001
Ecole Normale Superieure,1,0.001
freenet.de GmbH,1,0.001
PBS,1,0.001
University of Oregon/Cisco Systems,1,0.001
K.L Srini,1,0.001
Portola Networks,1,0.001
College of Technology,1,0.001
BlankSpace,1,0.001
Nexagent Ltd,1,0.001
ABC software,1,0.001
FT R&D,1,0.001
T-Systems Enterprise Services GmbH,1,0.001
Fraunhofer Institute Fokus,1,0.001
Axalto,1,0.001
UNICAMP-SP-BRAZIL,1,0.001
Afilias Limited,1,0.001
W. Adamson,1,0.001
Matsushita Electric Industrial,1,0.001
Pierre Francois,1,0.001
Vivaldi Technologies AS,1,0.001
GET/ENST-B,1,0.001
Red Back,1,0.001
Ditech Networks Inc.,1,0.001
SAIT,1,0.001
IRTF,1,0.001
Verizon Laboratories Inc.,1,0.001
Radvision,1,0.001
Wellstorm Development,1,0.001
Senior Researcher,1,0.001
Chief Scientist,1,0.001
City University of New York,1,0.001
Freebox S.A.,1,0.001
"IPfonix, Inc.",1,0.001
Lord of the Hosts,1,0.001
Robinson Telephone Co.,1,0.001
GigaBeam,1,0.001
University of Florida,1,0.001
S. Russert,1,0.001
Spam and Open Relay Blocking System,1,0.001
CANTV,1,0.001
Nevis Networks,1,0.001
NFC Forum,1,0.001
Q2S,1,0.001
Index Data ApS,1,0.001
AT&T Customer Information Services,1,0.001
NICT/KDDI R&D Labs,1,0.001
TranTech/MediaSolv,1,0.001
ZNYX Networks,1,0.001
C-COR,1,0.001
Institut National des Telecommunications,1,0.001
WIDE project,1,0.001
NAC,1,0.001
France Telecom RD,1,0.001
NGI Research Center,1,0.001
SIPeerior Technologies Inc.,1,0.001
Z. Zhang,1,0.001
Virtu,1,0.001
SUSE Labs,1,0.001
"SunRocket, Inc.",1,0.001
Command Prompt Inc.,1,0.001
Gallaudet University,1,0.001
Motorola India Private Ltd,1,0.001
NLNet,1,0.001
G.,1,0.001
Queen's University,1,0.001
NueStar,1,0.001
University of Electro Communications,1,0.001
Mach. Chen,1,0.001
I.Y Fung,1,0.001
secunet SwissIT AG,1,0.001
Eircom,1,0.001
GSM Association,1,0.001
Grandcolas Consulting,1,0.001
ARIN AC,1,0.001
Acoustra Productions,1,0.001
Columbia University Alumni,1,0.001
David Ward,1,0.001
SIPeerior Technologies and William,1,0.001
Aruba Wireless Networks,1,0.001
Laboratory for Telecommunications,1,0.001
University of Science and,1,0.001
GISS,1,0.001
NTT NS Lab.,1,0.001
"ComNets-ikom, University of Bremen",1,0.001
T. Ue,1,0.001
Port111 Labs.,1,0.001
Mike Coulas,1,0.001
CERT Network Situational,1,0.001
CBA/MIT,1,0.001
Technion IIT,1,0.001
FastnLight,1,0.001
Secure Endpoints Inc.,1,0.001
catpipe ApS,1,0.001
Soaring Hawk,1,0.001
ARICENT,1,0.001
FastSoft Inc.,1,0.001
Siemens Business Services,1,0.001
Anagran Inc,1,0.001
Kapsch Business Com AG,1,0.001
Wirtschaftsuniversitaet,1,0.001
Siemens Networks,1,0.001
"Hangzhou Domain Zones Tech.Co.,Ltd.",1,0.001
SunRocket,1,0.001
Eventful,1,0.001
BAE Systems Advanced Technology Centre,1,0.001
U.S. Naval Research Laboratory,1,0.001
Ocarina Systems,1,0.001
Azaire,1,0.001
Tech-invite,1,0.001
Computer Sciences Corporation,1,0.001
Fluke Networks,1,0.001
Citel Technologies,1,0.001
Tech. Univ. of Catalonia/i2CAT,1,0.001
Colorado State,1,0.001
Nokia Siemens Networks GmbH and,1,0.001
Microsoft  Corporation,1,0.001
Sharp,1,0.001
ED,1,0.001
Citrix R&D India.,1,0.001
EBU,1,0.001
WU-Wien,1,0.001
mobilkom austria AG,1,0.001
Associate Professor,1,0.001
Korea,1,0.001
BS. Zhang,1,0.001
AV8,1,0.001
SES ASTRA,1,0.001
RSIS,1,0.001
Cisco Technology Center,1,0.001
TJM Consulting,1,0.001
Instituto Tecnologico de,1,0.001
Universidade Federal do ABC,1,0.001
State Services Commission,1,0.001
Catalyst IT Limited,1,0.001
J-S. Jin,1,0.001
"SICS, Swedish Institute of",1,0.001
Axiomatics AB,1,0.001
pawisda systems GmbH,1,0.001
Idirect,1,0.001
Central Research Laboratory,1,0.001
Georgia Tech University,1,0.001
Resolute Networks Ltd.,1,0.001
Aria Networks,1,0.001
TmaxSoft,1,0.001
PacketVideo Corp,1,0.001
Applied Research,1,0.001
Jefferson Wells,1,0.001
University of Southern California,1,0.001
DVB Project,1,0.001
Micronas GmbH,1,0.001
Naval Research Lab,1,0.001
Eman GNS Inc.,1,0.001
Icomera,1,0.001
ClaimID,1,0.001
France Telecom Research and,1,0.001
RCI,1,0.001
Research in Motion UK Ltd,1,0.001
Beijing Univ. of P&T,1,0.001
NextPoint Networks,1,0.001
GENBAND,1,0.001
Verizon Business,1,0.001
Skills 1st Ltd,1,0.001
Aalto University/Comnet,1,0.001
HuaweiSymantec USA,1,0.001
Docomo Euro-Labs,1,0.001
"Exostar, LLC",1,0.001
NTEC Australia,1,0.001
Connecticut College,1,0.001
TIBCO,1,0.001
Software AG,1,0.001
Bluesocket,1,0.001
Vallona,1,0.001
C.,1,0.001
Adax,1,0.001
Experience IS,1,0.001
TeliaSonera Corporation,1,0.001
Locus Telecom,1,0.001
This Space For Sale,1,0.001
KDDI R&D Lab,1,0.001
ServerVault,1,0.001
Institute of Telematics,1,0.001
"RNID, Department of New",1,0.001
Cox,1,0.001
Bytemobile Inc.,1,0.001
E. Levy-Abegnoli,1,0.001
Citrix Systems,1,0.001
NEC Network Laboratories,1,0.001
Johns Hopkins Univ.,1,0.001
Mailvision,1,0.001
The Johns Hopkins University,1,0.001
Uecomm,1,0.001
TKK Netlab,1,0.001
"CohortFS, LLC",1,0.001
Pompeu Fabra University,1,0.001
Locus Telecommunications,1,0.001
ethernot.org,1,0.001
Yuzo Taenaka,1,0.001
Bond Internet Systems,1,0.001
U. of California,1,0.001
CRC,1,0.001
Technicalities,1,0.001
Citrix systems,1,0.001
"SaudiNIC, CITC",1,0.001
Syrian Telecom Establishment,1,0.001
France,1,0.001
TeleFLASH,1,0.001
KDDI CORPORATION,1,0.001
UC Louvain,1,0.001
Distributed Systems Group,1,0.001
"COMSYS, RWTH Aachen University",1,0.001
NSF,1,0.001
AAB,1,0.001
MUST,1,0.001
Orange FT,1,0.001
"Zensys, Inc.",1,0.001
Univ. Aveiro,1,0.001
Quantum,1,0.001
Wachovia,1,0.001
NEC Germany,1,0.001
STUPI,1,0.001
"BSAC, UC Berkeley",1,0.001
PS&E,1,0.001
GaTech,1,0.001
H.-J. Lim,1,0.001
Univ. of Illinois,1,0.001
Stanford Libraries,1,0.001
Shell,1,0.001
Fujitsu Network,1,0.001
Interlinux LTD,1,0.001
ELPRO Technologies,1,0.001
Ar. Mailyan,1,0.001
Uninett,1,0.001
DRS CenGen,1,0.001
New Zealand Registry Services,1,0.001
PGP Corp.,1,0.001
Constant Contact,1,0.001
G.G.S.I.P.U,1,0.001
Swisscom Schweiz AG Network,1,0.001
"Tellabs, Inc.",1,0.001
Guangdong Commercial College,1,0.001
I.Busi,1,0.001
University of Michigan Library IT,1,0.001
"Anagran, Inc",1,0.001
Cable&Wireless,1,0.001
nLayer Communications,1,0.001
Sea Street Technologies Inc.,1,0.001
iTSCOM,1,0.001
H. Chong,1,0.001
Corporate Technology Group,1,0.001
"CAIA, Swinburne University of",1,0.001
"NEC, China",1,0.001
NiCT,1,0.001
DOCOMO Innovations,1,0.001
Magnum Semiconductor,1,0.001
M. C. Betts Consulting Ltd.,1,0.001
Roke Manor Research Ltd,1,0.001
Washington University,1,0.001
Messaging Architects,1,0.001
RTFM Ltd,1,0.001
Algorithmic Research,1,0.001
EveryDNS,1,0.001
HID Global,1,0.001
govirtual.com.au,1,0.001
Communication Valley,1,0.001
Ghent University IBCN,1,0.001
Schneider Electric,1,0.001
BCAM-IKERBASQUE and LAAS-CNRS,1,0.001
T. Yas'ur,1,0.001
terrym.net pty ltd,1,0.001
Global IP Solutions,1,0.001
EE,1,0.001
Arch Rock,1,0.001
Nagravision S.A.,1,0.001
NIA,1,0.001
RIPENCC,1,0.001
Insieme,1,0.001
Duke University,1,0.001
KDDI R&D Laboratories Inc.,1,0.001
Pando,1,0.001
Individual Consultant,1,0.001
VOIPFUTURE,1,0.001
ISO/IEC JTC 1/SC 6/WG 9,1,0.001
"LIX, Ecole polytechnique",1,0.001
Beijing University of Posts,1,0.001
Graduate University of Chinese,1,0.001
Institute of Microelectronics of,1,0.001
Plaxo,1,0.001
ALAXALA Networks Corporation,1,0.001
NTT PF Lab,1,0.001
TrendMicro,1,0.001
iPost,1,0.001
School of Computing Science,1,0.001
Research In Motion Corporation,1,0.001
Cisco Systems India Pvt Ltd,1,0.001
University Of Maryland,1,0.001
Sinodun Internet Technologies Ltd,1,0.001
HuaweiTech,1,0.001
Huaweil,1,0.001
Huaweisymantec Inc.,1,0.001
"Huaweisymantec, Inc.",1,0.001
Leadcoretech,1,0.001
Mitsubishi Electric,1,0.001
Ftel,1,0.001
RedSky,1,0.001
HuaweiSymantec,1,0.001
BitTorrent Inc,1,0.001
Claranet Limited,1,0.001
Alcatel-lucent Bell Labs,1,0.001
COM.lounge,1,0.001
INRS-EMT,1,0.001
AAA-sec,1,0.001
Open Garden,1,0.001
Deutsche Telecom Laboratories,1,0.001
virtual-presence.org,1,0.001
Aerohive Networks,1,0.001
Univ. Queensland,1,0.001
Univ. Malaga,1,0.001
Intel Research Berkeley,1,0.001
CCS,1,0.001
Microsoft India,1,0.001
Major League Baseball Advanced Media,1,0.001
ERNW GmbH,1,0.001
Jagornet Technologies,1,0.001
SSCI,1,0.001
Synterra-Ural,1,0.001
Odessa National Academy,1,0.001
IPCom,1,0.001
Gryphon Technology,1,0.001
huawei,1,0.001
"Shinkuro, Inc.",1,0.001
Strasbourg University,1,0.001
Goettingen University,1,0.001
US Cellular,1,0.001
BlackBerry Corporation,1,0.001
UC Riverside,1,0.001
IETF ROLL WG,1,0.001
DOCOMO Communications,1,0.001
Hangzhou DPtech,1,0.001
Open Cloud Initiative,1,0.001
Logical Elegance,1,0.001
Univ. of  Wuerzburg,1,0.001
AirSpayce,1,0.001
Regtime Ltd,1,0.001
Shanghai Research Institute of,1,0.001
"CITI, University of Michigan",1,0.001
FUJITSU LIMITED,1,0.001
IDT,1,0.001
Zarlink,1,0.001
GIS,1,0.001
AUEB,1,0.001
UMons,1,0.001
Covad Communications,1,0.001
ETRI/SRC,1,0.001
TCS/Nokia Siemens Networks,1,0.001
Pranjal Kumar Dutta,1,0.001
Businesswire,1,0.001
Shuguang,1,0.001
Sabre Inc.,1,0.001
APnic,1,0.001
R. Altman,1,0.001
Thales,1,0.001
Kyoung-pook National University,1,0.001
EP.NET,1,0.001
Workingcode,1,0.001
"Skype Technologies, S.A.",1,0.001
"Razoom, Inc",1,0.001
Queensland University of,1,0.001
"Stonyfish, Inc.",1,0.001
Kaminario,1,0.001
TUPILAQ Arctica,1,0.001
Huaweisymantec Technologies,1,0.001
Silverscale Associates Ltd,1,0.001
CENTRIA,1,0.001
OGC,1,0.001
University College Dublin,1,0.001
Philips Research Laboratories,1,0.001
Free,1,0.001
Xavient,1,0.001
Hughes Systique,1,0.001
Home Jinni Inc.,1,0.001
Jacobs University Bremen gGmbH,1,0.001
Anyang University,1,0.001
China Internet Network Information,1,0.001
Ethernot.org,1,0.001
Tsinghua University/Yale,1,0.001
NEC Labs America.,1,0.001
Live Media Pty. Ltd.,1,0.001
Verismart Software Inc,1,0.001
American Registry for Internet,1,0.001
HW Embedded,1,0.001
Universite catholique de,1,0.001
Apparent Networks,1,0.001
NEWRSC,1,0.001
Tellabs Sinimaentie,1,0.001
WorkingCode,1,0.001
CAIDA/FhG FOKUS,1,0.001
Tektronix Communications Berlin,1,0.001
HYDRO-QUEBEC,1,0.001
BROADCOM,1,0.001
Univ. Politehnica of Bucharest,1,0.001
Univ. College London,1,0.001
National Research Council of Italy (CNR),1,0.001
DFRI,1,0.001
OpenAFS Project,1,0.001
Gainspeed,1,0.001
HIIT/ICSI,1,0.001
SAP AG,1,0.001
Cisco Systems International Sarl,1,0.001
Bouvet ASA,1,0.001
Infinidat Ltd.,1,0.001
APT Licensing Ltd,1,0.001
SkyFoundry,1,0.001
Thomas Duryea Consulting,1,0.001
Telenor ASA Digital Services,1,0.001
Instituto Nokia de Tecnologia,1,0.001
University of Liverpool,1,0.001
Ohio University IRG,1,0.001
Name.com,1,0.001
ICSI/UC Berkeley,1,0.001
Open Grid Computing,1,0.001
Interlinux Engineering,1,0.001
SenthilKumarS,1,0.001
Magyar Telekom,1,0.001
Lookingglass,1,0.001
Tempered Networks,1,0.001
Polyverse Security,1,0.001
"ICSAlabs, An Independent",1,0.001
W. Townsley,1,0.001
Nokia  Siemens Networks,1,0.001
TEI of Mesolonghi,1,0.001
JDCA,1,0.001
Ericsson INC,1,0.001
IBM CIO Innovation,1,0.001
Team Cymru,1,0.001
J. Hsu,1,0.001
Jian JIN,1,0.001
TEI Consortium and INRIA,1,0.001
The Royal Library,1,0.001
Wells Fargo,1,0.001
Comtrol Corp,1,0.001
Private Consultant,1,0.001
Gridmerge,1,0.001
Brocade/ETRI,1,0.001
L.J.Tang,1,0.001
InTouch N.V.,1,0.001
US Army,1,0.001
"NeuStar,Inc",1,0.001
Open IPTV Forum,1,0.001
SecWorks Sweden AB,1,0.001
Simon Josefsson Datakonsult AB,1,0.001
Motorola Solutions Inc,1,0.001
Jet Propulsion Lab,1,0.001
Chromium Project,1,0.001
Wingaa,1,0.001
Webstorage,1,0.001
"Sybase, Inc.",1,0.001
Metaweb Technologies,1,0.001
Roaring Penguin Software Inc.,1,0.001
He-Wu Li,1,0.001
Lei. zhu,1,0.001
FreeBSD,1,0.001
K.K. Tibanne,1,0.001
Centergate,1,0.001
Registro,1,0.001
Collecta,1,0.001
British Broadcasting Corportation,1,0.001
"Itumi, LLC",1,0.001
"NeuStar, Inc",1,0.001
"Franklin and Marshall College, Mathematics and Computer Science",1,0.001
"University of Delaware, Computer and Information Sciences Department",1,0.001
"nLayer Communications, Inc.",1,0.001
PADL Software Ltd,1,0.001
Cariden Technologies,1,0.001
ID/INOV,1,0.001
Xunlei network,1,0.001
TowerSec,1,0.001
LINX,1,0.001
VTT Technical Research Centre of,1,0.001
University of Texas at Austin,1,0.001
enStratus,1,0.001
Ciena Limited,1,0.001
Google. Inc,1,0.001
M. xiao,1,0.001
Inmobi India Pvt. Ltd.,1,0.001
Accilent Corp.,1,0.001
Firelytics.com,1,0.001
Globallogic,1,0.001
X.N.Miao,1,0.001
ETRO/Vrije Universiteit Brussel,1,0.001
SYRACOM Consulting AG,1,0.001
Elster Solutions,1,0.001
Dialogic,1,0.001
SNIA,1,0.001
US Naval Research Laboratory,1,0.001
Metswitch Networks,1,0.001
Hongyong.Jia,1,0.001
Zhengzhou Institute of Information,1,0.001
"DCS, Uni. of Glasgow",1,0.001
Anagran Inc.,1,0.001
MOT/OGERO,1,0.001
Mobilab,1,0.001
FireBrick Ltd,1,0.001
CongXiao Bao,1,0.001
Bit-way Corporation,1,0.001
Alcatel-Lucent Bell,1,0.001
Comodo Group,1,0.001
PPLive,1,0.001
China Mobile/BUPT,1,0.001
X. Li,1,0.001
Resiliens Communication AS,1,0.001
DNS.com,1,0.001
Silver Spring Networks,1,0.001
Newbridge Networks Inc,1,0.001
SUNET/NORDUnet,1,0.001
FEAC,1,0.001
Zhengzhou University,1,0.001
Telstra Corp.,1,0.001
SARA,1,0.001
Centre for Wireless,1,0.001
Uni. of Adelaide,1,0.001
U.S. NIST,1,0.001
Shaw Communications,1,0.001
Google Fiber,1,0.001
Shooting Soul,1,0.001
"Genesys, Alcatel-Lucent",1,0.001
WebTide,1,0.001
IBBT,1,0.001
Korea University of Technology,1,0.001
Antiy Labs,1,0.001
Cisco Sys. GmbH,1,0.001
Univ. of Amsterdam,1,0.001
Center for Sutton Movement Writing,1,0.001
NTT NT Lab,1,0.001
BT Trading Systems,1,0.001
Rightside Group,1,0.001
Messaging Anti-Abuse WG,1,0.001
Motorola Mobility,1,0.001
Tecnalia,1,0.001
Optiva Media,1,0.001
UNC-CH,1,0.001
On behalf of the ITU-T TSB,1,0.001
Strato AG,1,0.001
BENOCS,1,0.001
Cyber Switching,1,0.001
Dell Force10 Networks,1,0.001
RIM,1,0.001
Viagenie Inc.,1,0.001
HP Visual Collaboration,1,0.001
Intalio,1,0.001
Hangzhou BAUD Networks,1,0.001
"GridFury, LLC",1,0.001
DREN,1,0.001
SPARTA/Cobham,1,0.001
MG-SOFT,1,0.001
Munich Univ. of Applied Sciences,1,0.001
Alcatel-Lu,1,0.001
Univ of Essex,1,0.001
Intune Networks,1,0.001
R. Raszuk,1,0.001
"AICS, RIKEN",1,0.001
Struik Consultancy,1,0.001
AmericaFree.TV LLC,1,0.001
CEFRIEL,1,0.001
Icesi University,1,0.001
Telenor,1,0.001
CDTA,1,0.001
Carillon Information Security,1,0.001
Muenster Univ. of Applied,1,0.001
Saga University,1,0.001
Ritsumeikan University,1,0.001
NORDUNet,1,0.001
Huawei Technologies Co. LTD.,1,0.001
Videotron G.P.,1,0.001
Carillon Information Security Inc.,1,0.001
MapR Technologies,1,0.001
Open Data Institute,1,0.001
Interactive Instruments,1,0.001
Galdos Systems,1,0.001
COM.lounge GmbH,1,0.001
Tsinghua University/Baidu,1,0.001
N. Sprecher,1,0.001
Faculty of Informatics,1,0.001
ICC,1,0.001
Cordance,1,0.001
Sky Network Services,1,0.001
AT&T Corporation,1,0.001
JEJU Technopark,1,0.001
Elster,1,0.001
Ruijie Network,1,0.001
Tokai University and University of,1,0.001
University of Sussex,1,0.001
Century Link,1,0.001
ASTA Ventures,1,0.001
Tektronix Communications,1,0.001
Cinarra Systems,1,0.001
Plantrontics,1,0.001
Lucidvision,1,0.001
Calnex Solutions Ltd.,1,0.001
"RCIS, AIST",1,0.001
WHOI,1,0.001
Jack Klecha,1,0.001
Casaba Security,1,0.001
Xelerance,1,0.001
DigitalShtick,1,0.001
Telefonica R&D,1,0.001
Nova Notio.Inc,1,0.001
Diwan Software Limited,1,0.001
USCERT,1,0.001
Storvisor,1,0.001
DeNA Co,1,0.001
Gong Zhenghu,1,0.001
PrimaryData,1,0.001
Sigrand LLC,1,0.001
L-3 Com,1,0.001
University Nice Sophia Antipolis,1,0.001
ebay Corporation,1,0.001
redhat,1,0.001
"Infinera, Inc.",1,0.001
Digitalall,1,0.001
Pantheon Technologies LLC,1,0.001
DGA MI,1,0.001
Level 3,1,0.001
Gridmerge Ltd.,1,0.001
Xiaoqian Li,1,0.001
PhoneFromHere.com,1,0.001
Acano,1,0.001
ULD,1,0.001
Dhofar University,1,0.001
Intec Inc.,1,0.001
JANET (UK),1,0.001
Digital Television Group,1,0.001
puremagic.com,1,0.001
Maxim Integrated Products,1,0.001
ERDF,1,0.001
Hitachi R&D China,1,0.001
Johns Hopkins University/APL,1,0.001
UNI-KLU,1,0.001
"ComNets, Hamburg University of Technology",1,0.001
New York University Abu Dhabi,1,0.001
Amdocs,1,0.001
Key Bridge,1,0.001
BBN Technologes,1,0.001
Muenster University of Applied,1,0.001
Deltatec,1,0.001
Cyril Magaria,1,0.001
CCSL-IFRN,1,0.001
SBI,1,0.001
Free Telecom,1,0.001
NTT PF Labs,1,0.001
Shenzhen Institute of Information Technology,1,0.001
Authentication Metrics,1,0.001
ISOEG,1,0.001
Vrije Universiteit Amsterdam,1,0.001
YRP Ubiquitous Networking Lab,1,0.001
"Bangalore, India",1,0.001
Tattam Software Enterprises Pty,1,0.001
Globalcrossing,1,0.001
IpInfusion,1,0.001
Hewlett-Packard Corp,1,0.001
UKLO Tczew,1,0.001
lucidvision,1,0.001
SI6 Networks/UTN-FRH,1,0.001
TW Cable,1,0.001
"Skytide, Inc.",1,0.001
McAfee Inc.,1,0.001
China Academy of Telecom,1,0.001
ARISTA Networks,1,0.001
"PhoneFactor, Inc.",1,0.001
Shuai Gao,1,0.001
CS Dept. University of Bologna,1,0.001
Tropo,1,0.001
NTT MCL Inc,1,0.001
Huawei Technologies India Pvt.,1,0.001
Scuola Superiore S.Anna,1,0.001
Tongji/Yale,1,0.001
Hauwei,1,0.001
Grid2Home,1,0.001
Broadcom Ltd.,1,0.001
"Logicalelegance, Inc.",1,0.001
H-log,1,0.001
Serva,1,0.001
"HyTrust, Inc.",1,0.001
SalesForce,1,0.001
Technology Nexus,1,0.001
Li-Li Wang,1,0.001
HuaaWei,1,0.001
F redan AB,1,0.001
Treehouse Networks Ltd.,1,0.001
Qbik New Zealand Ltd.,1,0.001
Nymble Design,1,0.001
Azuca Systems,1,0.001
Pearlfisher International,1,0.001
Deutsche Bundesbank,1,0.001
DuraSpace,1,0.001
SNA,1,0.001
Universidad Politecnica de,1,0.001
P. NG Tung,1,0.001
Gang Feng,1,0.001
FIS,1,0.001
MICROSOFT,1,0.001
FACEBOOK,1,0.001
Japan Electronic Publishing Association,1,0.001
T. Perrin,1,0.001
University of Quebec in Montreal,1,0.001
LJMU,1,0.001
Janardhanan Pathangi Narasimhan,1,0.001
Stateless,1,0.001
Institute of Acoustics,1,0.001
Radware,1,0.001
Cloudshield,1,0.001
Royal Holloway,1,0.001
"IECA, Inc",1,0.001
ConteXtream,1,0.001
Redeem Software,1,0.001
GE Digital Energy,1,0.001
Thames Stanley,1,0.001
JM Lee,1,0.001
"ITEC, Universidade Federal do Para",1,0.001
INTERNET MULTIFEED CO.,1,0.001
ICT/CAS,1,0.001
GE MDS LLC,1,0.001
HSA,1,0.001
Allied Telesis Labs,1,0.001
Ericcsson,1,0.001
AimValley,1,0.001
University of South Florida,1,0.001
XiaoPeng Yang,1,0.001
Huawei Technologies Inc.,1,0.001
Polythecnic Institute of NYU,1,0.001
Eaton's Cooper Power Systems Business,1,0.001
TU-BS,1,0.001
Watteco.,1,0.001
Compression Labs,1,0.001
Square,1,0.001
S.V.University,1,0.001
Morphoss,1,0.001
Tonian,1,0.001
Entrust Ltd.,1,0.001
Ip Infusion,1,0.001
"StatusNet, Inc.",1,0.001
Detecon International Gmbh,1,0.001
Tarsnap,1,0.001
DisTel Research,1,0.001
Nicolaus Copernicus University,1,0.001
European Emergency Number,1,0.001
AT&T Services,1,0.001
International University of Japan,1,0.001
ZTE Corporation P.R.China,1,0.001
O. Garcia-Morchon,1,0.001
Asia Pacific Network Information,1,0.001
"Directv, Inc.",1,0.001
VAF.NET Internet Consulting,1,0.001
Orange-France Telecom,1,0.001
M. Wasserman,1,0.001
Scarfone Cybersecurity,1,0.001
Jerusalem College of Technology,1,0.001
C. Jennings,1,0.001
BBIX,1,0.001
SignPuddle,1,0.001
D. van Gulik,1,0.001
Afilias Technologies Limited,1,0.001
"BioFortis, Inc.",1,0.001
Jozef Stefan Institute,1,0.001
BitGo,1,0.001
Xian-wei Zhou,1,0.001
University of Utah,1,0.001
Network Working Group,1,0.001
"GREE, Inc.",1,0.001
Viptela,1,0.001
Mingchuan Zhang,1,0.001
Hobbyist developer,1,0.001
GoalTree Consulting,1,0.001
HAW HAmburg,1,0.001
Dowdeswell Security Architecture,1,0.001
University of Aveiro,1,0.001
Nano Sec Co,1,0.001
Furukawa Network Solution,1,0.001
Alpen-Adria Universitat Klagenfurt,1,0.001
Oracle Communications,1,0.001
Digicert,1,0.001
Cygnacom,1,0.001
Comodo,1,0.001
SecureIT,1,0.001
University of Zilina,1,0.001
Skyport Systems,1,0.001
Meinberg-USA,1,0.001
ShunWan Zhuang,1,0.001
Rogers,1,0.001
"vLine, Inc.",1,0.001
TATA Communications,1,0.001
C-DAC Hyderabad,1,0.001
P. Pierre Francois,1,0.001
Hitachi (China) Research and Development Corporation,1,0.001
"ICTEAM, Universite catholique de",1,0.001
Byungtak Lee,1,0.001
M2Soft,1,0.001
A-L,1,0.001
"IT-Security, RWTH Aachen",1,0.001
Deutshe Telekom,1,0.001
vIPtela,1,0.001
Intec,1,0.001
IID,1,0.001
Kyushu Univ.,1,0.001
Cybersecurity Association,1,0.001
Comonad Dev,1,0.001
OpenFortress B.V.,1,0.001
TokBox,1,0.001
Restrena,1,0.001
Interrupt Sciences,1,0.001
Universidad Nueva Esparta,1,0.001
Arcode Corporation,1,0.001
Uber,1,0.001
Petz Enterprises LLC,1,0.001
Nkom,1,0.001
Mentor Embedded Software Division,1,0.001
Internet Solutions,1,0.001
J. Lennox,1,0.001
Johns Hopkins University Applied Physics Laboratory,1,0.001
Netzkonform,1,0.001
Centero,1,0.001
C. Boucadair,1,0.001
ICT Chinese Academy of Sciences,1,0.001
United International University,1,0.001
L. Xia,1,0.001
I. de Miguel,1,0.001
Universidad de Valladolid,1,0.001
Boeing Corporation,1,0.001
DJ,1,0.001
OGUD Consulting,1,0.001
LIST,1,0.001
Swedish Defence Material Administration (FMV),1,0.001
Infoblox Inc.,1,0.001
UCAS,1,0.001
Tor,1,0.001
S-Terra,1,0.001
SugarCRM,1,0.001
"ZTE Inc., ZTE Plaza",1,0.001
Gigamon,1,0.001
CERT.at,1,0.001
Jun-Qi Duan,1,0.001
InterConnect Communications Ltd,1,0.001
Mapbox Inc.,1,0.001
Great Wall Asset Management,1,0.001
University of Chinese Academy,1,0.001
Net Optics,1,0.001
U.S. Bank,1,0.001
Uniregistry,1,0.001
COPELABS,1,0.001
"ConteXtream, Inc.",1,0.001
SnT/Univ. of Luxembourg/IPv6 Forum,1,0.001
public project,1,0.001
DONG-EUI Univ,1,0.001
DNS-OARC,1,0.001
University of Oulou,1,0.001
AEPROVI,1,0.001
UtopiaCompression Corporation,1,0.001
Telefonica GCTO,1,0.001
Qualcomm (QCE),1,0.001
"DTS, Inc.",1,0.001
Dnsmasq,1,0.001
B.T.,1,0.001
ResMed,1,0.001
X. W. Zhou,1,0.001
Orange/LIP6,1,0.001
Hadron Industries,1,0.001
Ericcson,1,0.001
IK4-IKERLAN,1,0.001
Pavonis Consulting,1,0.001
BitMovin,1,0.001
University of Rome Tor Vergata,1,0.001
Instituto de Telecomunicacoes Aveiro,1,0.001
Athlone Institute of Technology,1,0.001
Alvestrand Data,1,0.001
Sungard Availability Services,1,0.001
China Electric Power Research Institute,1,0.001
Nanjing University of Posts and Telecommunications,1,0.001
BGP Innovations,1,0.001
D. Longley,1,0.001
"Timee, Inc.",1,0.001
NAT Consulting LLC,1,0.001
YAuth.JP LLC,1,0.001
iDirect Technologies,1,0.001
ZmartZone IAM,1,0.001
Z. M. Cheng,1,0.001
DVB Digital Video Broadcasting Project,1,0.001
ActivIdentity Corp.,1,0.001
U. of Twente,1,0.001
U. of Patras,1,0.001
Tiledmedia,1,0.001
Universidad de Los Andes,1,0.001
U. Politecnica Catalunya,1,0.001
University of the Western Cape,1,0.001
Abdus Salam ICTP,1,0.001
ICTP,1,0.001
Bosch Sensortec GmbH,1,0.001
dmfs,1,0.001
NOKIA,1,0.001
Fei song,1,0.001
Bharti Airtel,1,0.001
Latin American and Caribbean IP Address Regional Registry,1,0.001
RIPE Network Coordination Centre,1,0.001
African Network Information Centre (AFRINIC),1,0.001
Big Switch,1,0.001
ACME Corporation,1,0.001
Boeing EO&T IT,1,0.001
UCLouvain and Tessares,1,0.001
Windriver,1,0.001
Leibniz Uni-Hannover,1,0.001
"Alibaba Co., Ltd",1,0.001
Aspect Software,1,0.001
Cohesity,1,0.001
China Cache,1,0.001
"NDSC, China",1,0.001
Meteor Network,1,0.001
UCI,1,0.001
GITDA,1,0.001
PDF Association,1,0.001
Global Graphics,1,0.001
Astute Technology,1,0.001
Grad Student UC Berkley,1,0.001
Uni. of Aberdeen,1,0.001
British Telcom,1,0.001
Inria Rennes Bretagne Atlantique,1,0.001
Microsoft Deutschland GmbH,1,0.001
g10 Code,1,0.001
Mediatek,1,0.001
"CNES, Telecom Bretagne",1,0.001
NATO C&I Agency,1,0.001
Tesla,1,0.001
MIT-KIT,1,0.001
Dendory Networks,1,0.001
JPCERT/CC,1,0.001
Styra,1,0.001
Independent Reseacher,1,0.001
BISDN,1,0.001
Hydro-Quebec,1,0.001
TelVGG,1,0.001
NEC/H-DA,1,0.001
dotgay LLC,1,0.001
"ZTE TX, Inc.",1,0.001
C.BaudoinE.bouttier,1,0.001
Catholic University of Murcia,1,0.001
Normal College of Shenzhen University,1,0.001
North South University,1,0.001
Mobolize,1,0.001
ATIS,1,0.001
Samsung Research,1,0.001
Canon Research Centre France,1,0.001
Muenster Univ. of Appl. Science,1,0.001
Equinix Inc.,1,0.001
AnsuR Technologies,1,0.001
Tech. Univ. of Sofia.,1,0.001
Oriental Cable Network,1,0.001
B-STAR,1,0.001
Salesforce.com Inc,1,0.001
France telecom,1,0.001
Dell/EMC,1,0.001
Brocade Communication,1,0.001
US VRS Providers,1,0.001
Suncorp,1,0.001
Eudaemon,1,0.001
Sealance,1,0.001
Canada Bell,1,0.001
Rambus Cryptography Research,1,0.001
Subset AB,1,0.001
Queen's University Belfast,1,0.001
Tail-F,1,0.001
Uniregistry Corp.,1,0.001
Kielce University of Technology,1,0.001
University of Paris-Diderot,1,0.001
"Windrock, Inc.",1,0.001
Wipro Limited,1,0.001
"Volta Networks, Inc.",1,0.001
PPE Consulting,1,0.001
Altran Research,1,0.001
Daejon University,1,0.001
ADVA,1,0.001
Boeing Research and Technology,1,0.001
SoftBank Mobile Corp.,1,0.001
UbiTech Ltd,1,0.001
Mines ParisTech,1,0.001
TUT,1,0.001
"VmWare, Inc.",1,0.001
ZTE Corporation.,1,0.001
JSOND.org,1,0.001
Phenome Networks,1,0.001
University of Memphis,1,0.001
lin. Jiao,1,0.001
Dell Products LP,1,0.001
Undatech,1,0.001
Plex,1,0.001
Hainan University,1,0.001
Seeking affiliation,1,0.001
University of Central Florida,1,0.001
mistnet.io,1,0.001
Tecent,1,0.001
DirecTV Inc,1,0.001
* Pending affiliation change.,1,0.001
Springpath,1,0.001
yahoo,1,0.001
Sungkyunkwan Univ./ETRI,1,0.001
Cambridge University,1,0.001
Lavabit LLC,1,0.001
SSU,1,0.001
BAE Systems AI Labs,1,0.001
Kookmin Univ.,1,0.001
Cozy Cloud,1,0.001
A. Kumar,1,0.001
Transpacket,1,0.001
A.,1,0.001
Abratech Corp.,1,0.001
Atos Research and Innovation,1,0.001
Qualcomm CDMA Technologies GMBH,1,0.001
DNS International,1,0.001
FACTOR-TS,1,0.001
TCI,1,0.001
NCI Agency,1,0.001
Huawei Ireland Research Centre,1,0.001
NLNet Labs,1,0.001
Swedish University Network,1,0.001
Support Vectors,1,0.001
C. Wetphal,1,0.001
Salih. K.A,1,0.001
Blue Meadow Networking,1,0.001
Coding Rights,1,0.001
Centre for Internet and Human Rights,1,0.001
HERIT,1,0.001
Japan Network Enabler,1,0.001
Junipr Networks,1,0.001
China Mobile Group Design Institute,1,0.001
Universite Moulay Ismail,1,0.001
Futurewei Technologies Inc. USA,1,0.001
O. Gonzalez,1,0.001
Washington State University,1,0.001
"8x8, Inc. / Jitsi",1,0.001
Uber Technologies,1,0.001
EthAirNet Associates,1,0.001
Arrcus Networks,1,0.001
SupportVectors,1,0.001
Roland Computing Services,1,0.001
Nutanix,1,0.001
Pusan National University,1,0.001
Rozanak.com,1,0.001
Avassa,1,0.001
"ASRC Space And Defense, NASA GSFC",1,0.001
Kinney Consulting LLC,1,0.001
Spectracom Corporation,1,0.001
OneAccess,1,0.001
UPMC,1,0.001
Deutsche Telekom Inc.,1,0.001
"Verizon, Inc.",1,0.001
Research Computer Center MSU,1,0.001
Cloudera,1,0.001
Verisign labs,1,0.001
TCSL,1,0.001
VGEC,1,0.001
Cadcorp,1,0.001
Planet Labs,1,0.001
Cryptosense/INRIA,1,0.001
Amazon Lab126,1,0.001
OMNICS,1,0.001
NTT Innovation Institute Inc.,1,0.001
022China Mobile,1,0.001
"vIPtela, Inc.",1,0.001
Prime Tel,1,0.001
"Neustar, Inc",1,0.001
F5 Neworks,1,0.001
UTN-FRM/Aalto,1,0.001
Broadband Forum,1,0.001
vArmour,1,0.001
University of Portsmouth,1,0.001
Fundacion Sadosky,1,0.001
Monoski LLC,1,0.001
University of Montenegro,1,0.001
"ForwardingPlane, LLC",1,0.001
"Nomura Research Institute, Ltd.",1,0.001
KDDI Research Inc.,1,0.001
Peerless Network,1,0.001
Versa Networks,1,0.001
Securax,1,0.001
"Ericsson Research, Finland",1,0.001
University of Haifa and Intel Corporation,1,0.001
DePaul University,1,0.001
BIGLOBE Inc.,1,0.001
Chinaunicom,1,0.001
KETI,1,0.001
Eantc,1,0.001
Mellanox Technologies Ltd,1,0.001
ABDK Consulting,1,0.001
Indvidual,1,0.001
MIRANTIS,1,0.001
AfriNIC,1,0.001
NBCUniversal,1,0.001
SCTE,1,0.001
SeaChange,1,0.001
Vodafone D2 GmbH,1,0.001
"Cisco, Inc.",1,0.001
Red Hat Asia-Pacific Pty Ltd,1,0.001
The University of Adelaide,1,0.001
Advertising Digital Identification,1,0.001
Nimbus Operations Inc.,1,0.001
Curveball Networks,1,0.001
"NAVOMI, Inc.",1,0.001
Luiginius,1,0.001
University of Deleware,1,0.001
Zalando SE,1,0.001
Network Polygraph,1,0.001
Institut Mines Telecom-Telecom Sud Paris,1,0.001
Institut Mines Telecom-Telecom Bretagne,1,0.001
ACKLIO,1,0.001
Hopcount,1,0.001
Univ. of Rome Tor Vergata/CNIT,1,0.001
Universidad Carlos III Madrid,1,0.001
SUNY,1,0.001
Solacia,1,0.001
RABT,1,0.001
"Inside Products, Inc.",1,0.001
Forcepoint,1,0.001
Iron Mountain,1,0.001
Cisco Syestems,1,0.001
Altice Labs,1,0.001
G. Wang,1,0.001
Telhoc,1,0.001
Lund University,1,0.001
Cirrus Data Solutions Inc.,1,0.001
optivo GmbH,1,0.001
Dell EMC Research Europe,1,0.001
AT&T Foundry,1,0.001
Ericsson-LG,1,0.001
GQ Wang,1,0.001
"Rightside Group, Ltd.",1,0.001
NIC Chile Research Labs,1,0.001
Orolia USA,1,0.001
Freelancer,1,0.001
Shenzhen Olym Info. Security Tech. Ltd.,1,0.001
Soonchunhyang University,1,0.001
AVIC China Aero-Polytechnology Establishment,1,0.001
Philips IP&S,1,0.001
UA partners,1,0.001
www.sutton-signwriting.io,1,0.001
"University of California, Berkeley",1,0.001
H. LABIOD,1,0.001
B. LONC,1,0.001
A. SERHROUCHNI,1,0.001
Network RADIUS SARL,1,0.001
Check Point Software Technologies Ltd.,1,0.001
Lilac Cloud,1,0.001
Conntac GmbH,1,0.001
"DeNA Co., Ltd.",1,0.001
Intel K.K.,1,0.001
University of New Hampshire,1,0.001
PCCW Global,1,0.001
Bell Canada.,1,0.001
Cryptography Engineering LLC,1,0.001
Interisle Consulting,1,0.001
Fujitsu Laboratories LTD,1,0.001
IBM United Kingdom Limited,1,0.001
European Telecommunication Standards Institute,1,0.001
D-Link Corp,1,0.001
"Expedia, Inc.",1,0.001
"Netcracker, Inc.",1,0.001
Moulay Ismail University of Meknes,1,0.001
X. Wang,1,0.001
Universitat Politecnica de Catalunya/Fundacio i2cat,1,0.001
Wenzhou-Kean University,1,0.001
Universitat Politècnica de Catalunya,1,0.001
AccuKnox,1,0.001
Mavenir,1,0.001
India Institute of Technology,1,0.001
Wireless Telcom Consultant,1,0.001
Singtel,1,0.001
IEIT System,1,0.001
The University of Memphis,1,0.001
Lobaro UG,1,0.001
NLNetLabs,1,0.001
"FreeBit Co., Ltd.",1,0.001
Ecole polytechnique,1,0.001
Inocybe Technologies,1,0.001
Lumina Networks Inc.,1,0.001
Lucid Vision LLC,1,0.001
Cambridge Greys Limited,1,0.001
Danish Maritime Authority,1,0.001
FICORA,1,0.001
One Identity,1,0.001
STZ Elektronik,1,0.001
Hackers Mauritius,1,0.001
NIC Labs Chile,1,0.001
Huawei German Research Center,1,0.001
Huawei Research Center,1,0.001
SoftBank Telecom Japan,1,0.001
U of Tuebingen,1,0.001
LONAP,1,0.001
"8x8, Inc.",1,0.001
Standard Velocity,1,0.001
Freie Universitaet Berlin,1,0.001
"TransUnion, Inc.",1,0.001
"Arbor Networks, Inc.",1,0.001
YES Europe AG,1,0.001
20C,1,0.001
McMaster University,1,0.001
"Logical Elegance, LLC.",1,0.001
Interconnect Services B.V.,1,0.001
Odette International,1,0.001
School of Communication and and Information Engineering,1,0.001
"Futurewei, Future Networks",1,0.001
The Intertubes,1,0.001
ircdocs,1,0.001
Unify / Atos,1,0.001
Rowan University,1,0.001
Bournemouth University,1,0.001
"University of Applied Sciences and Arts
      Northwestern Switzerland",1,0.001
Oracle Corp,1,0.001
DataPlane.org,1,0.001
juniper networks,1,0.001
Stripe Inc.,1,0.001
MLB@Realtime Communications,1,0.001
prettydiff.com,1,0.001
Independent Submitter,1,0.001
Network Systems Research & Design,1,0.001
Portland State Univ.,1,0.001
Qrator Labs & Yandex,1,0.001
SKKU,1,0.001
Technical Centre of Internet,1,0.001
true,1,0.001
Wonder Hamster,1,0.001
ENCS,1,0.001
United States National Security Agency,1,0.001
Nokia-Bell-labs,1,0.001
University of Debrecen,1,0.001
Eotvos Lorand University,1,0.001
APNIC P/L.,1,0.001
AFRINIC Ltd.,1,0.001
University of St. Andrews,1,0.001
Fraunhofer Institute,1,0.001
Wi-SUN Alliance,1,0.001
Etri,1,0.001
KoreaTech,1,0.001
National Internet Exchange of India (NIXI),1,0.001
Aruba-HPE,1,0.001
HFT Stuttgart - Univ. of Applied Sciences,1,0.001
MNK Consulting,1,0.001
LIP6 UPMC,1,0.001
Hochschule Esslingen,1,0.001
TU Munich,1,0.001
Beijing Normal University,1,0.001
Spotify,1,0.001
Incites,1,0.001
InnoRoute,1,0.001
Boston University and Algorand,1,0.001
Hong Kong University of Science and Technology,1,0.001
Open Xchange Oy,1,0.001
AT&T Services Inc,1,0.001
ATT Services Inc,1,0.001
Thycotic,1,0.001
Bomgar,1,0.001
Lieberman Software,1,0.001
"CERT, Software Engineering Institute, Carnegie Mellon University",1,0.001
Agilicus,1,0.001
Internet Neutral Exchange Association CLG,1,0.001
BlackBerry,1,0.001
Oracle + Dyn,1,0.001
Steinwurf ApS,1,0.001
TTTech Computertechnik AG,1,0.001
NICT/Japan,1,0.001
WMware,1,0.001
U3CM,1,0.001
YANDEX,1,0.001
Capital University of Science and Technology,1,0.001
Diennea,1,0.001
MLB,1,0.001
Nuagenetworks,1,0.001
Snake Hill Labs,1,0.001
School of Communication and,1,0.001
Bosch.IO GmbH,1,0.001
Software Architect,1,0.001
"Lyft, Inc.",1,0.001
ValiMail,1,0.001
KOEVOO,1,0.001
IIT Kharagpur,1,0.001
O. Adamuz-Hinojosa,1,0.001
"Palo Alto Networks, Inc.",1,0.001
MTS Web Services (MWS),1,0.001
Future Technologies,1,0.001
no org,1,0.001
Democritus University of Thrace,1,0.001
Autonomous University of Barcelona,1,0.001
Universidad de Buenos Aires - CONICET,1,0.001
NEC Laboratories Europe GmbH,1,0.001
Kitami Institute of Technology,1,0.001
Enterprise Data Center Operators,1,0.001
u-blox UK,1,0.001
"LabN Consulting, LLC.",1,0.001
Camelot,1,0.001
Cornell Tech,1,0.001
"Stanford University, UIT",1,0.001
"California Things, Inc",1,0.001
Rensselaer Polytechnic Institute,1,0.001
"Yoyodyne, Inc.",1,0.001
Hudson River Trading,1,0.001
"NEC Platforms, Ltd.",1,0.001
IoTrust,1,0.001
Edward Jones,1,0.001
ETSI,1,0.001
Squarespace,1,0.001
CTM Insights,1,0.001
Telefonica I+D/GCTO,1,0.001
Seconize,1,0.001
Chemical Abstract Services,1,0.001
ODVA,1,0.001
Cryptocom,1,0.001
Mavenier,1,0.001
GSTA,1,0.001
Apstra Inc.,1,0.001
Fitug e.V.,1,0.001
"Rhyolite Software, LLC",1,0.001
"Royal Holloway, University of London",1,0.001
Yanzi Networks AB,1,0.001
Singapore Telecommunications Ltd,1,0.001
Sedona,1,0.001
Huawei Technologies France,1,0.001
IoT Square Inc.,1,0.001
BizMobile Inc.,1,0.001
"Huawei - Futurewei Technologies, Inc.",1,0.001
"Mercari, Inc. R4D",1,0.001
"Japan Digital Design, Inc.",1,0.001
Japan Blockchain Association,1,0.001
"Advanced Security Division, Internet Initiative Japan Inc.",1,0.001
Digital Security,1,0.001
"Beijing Capital Highway Development
      Group Co.,Ltd.",1,0.001
Elf Tools AB,1,0.001
Friedrich-Alexander Universitaet Erlangen-Nuernberg,1,0.001
yes.com AG,1,0.001
CETC,1,0.001
Thinking Cat,1,0.001
Linagora,1,0.001
Spatiam Corporation,1,0.001
First Look Media,1,0.001
The Intercept,1,0.001
"NIT, Delhi",1,0.001
Assistant Professor,1,0.001
Meta Platforms,1,0.001
JetLend,1,0.001
Volta,1,0.001
Université de Montréal,1,0.001
Twelve Dot Systems,1,0.001
Cyberstorm.mu,1,0.001
RealVNC Ltd,1,0.001
Algorand Foundation,1,0.001
Inter net Society,1,0.001
Toyohashi University of Technology,1,0.001
"Merit Network, Inc.",1,0.001
Sung Kyun Kwan University,1,0.001
Software Tool and Die,1,0.001
Open-Exchange,1,0.001
Redbit Networks,1,0.001
CITC,1,0.001
"link-lab & FU
      Berlin",1,0.001
Harvard Kennedy School,1,0.001
Ester LE Rouzic,1,0.001
Matrium Technologies,1,0.001
RightMesh,1,0.001
Kamstrup A/S,1,0.001
Cinea Corp.,1,0.001
TeleCommunication Systems,1,0.001
AS210036,1,0.001
Tor Project,1,0.001
"GREE, inc",1,0.001
"Google, LLC.",1,0.001
HPE Aruba,1,0.001
Institut MINES TELECOM ; IMT Atlantique,1,0.001
Universitaet Klagenfurt,1,0.001
BT Plc,1,0.001
LG Uplus,1,0.001
Telecentro,1,0.001
T. He,1,0.001
NetSecOPEN,1,0.001
Hickory Hill,1,0.001
University of Hamburg,1,0.001
Veridify Security,1,0.001
Cryptocom LTD,1,0.001
Schallsoft,1,0.001
University for Applied Sciences Munich,1,0.001
Algorand and University of Waterloo,1,0.001
Algorand and ENS,1,0.001
Zink Magical Contraptions,1,0.001
Lupin Lodge,1,0.001
Independent Research Consultant India,1,0.001
Pragmatic Web Security,1,0.001
Skye Logicworks,1,0.001
ECIX - Megaport,1,0.001
Acronis,1,0.001
Norton Lifelock,1,0.001
Ball Aerospace and Technologies Corp.,1,0.001
DEUTSCHE TELEKOM AG,1,0.001
Aalto,1,0.001
TAU,1,0.001
Victoria University of Wellington,1,0.001
ETC Labs Core,1,0.001
Constructor University,1,0.001
Arrcus & IIJ Research Lab,1,0.001
Unabiz (Sigfox),1,0.001
"IRIF, Université Paris Cité",1,0.001
ZTE corporation,1,0.001
BGPexpert.com,1,0.001
L7TR,1,0.001
Mediatek USA,1,0.001
"Red Hound Software, Inc.",1,0.001
IETF NOC Team,1,0.001
"Auriga, Inc",1,0.001
ThreatSTOP,1,0.001
Stalworthy Computing,1,0.001
Hasselt University,1,0.001
Vrizon,1,0.001
I. Wijanands,1,0.001
"Stalworthy Computing, Ltd.",1,0.001
Huawei Techologies,1,0.001
SR2 Communications,1,0.001
internet Research Lab,1,0.001
Deloitte Canada,1,0.001
Operator Foundation,1,0.001
Shandong Computer Science Center,1,0.001
Shandong Institute of Big Data,1,0.001
Tennessee Tech University,1,0.001
zkSecurity,1,0.001
ABN AMRO Bank,1,0.001
"NTT Research and ENS, Paris",1,0.001
Independent Submissions Editor,1,0.001
U Chicago,1,0.001
Entrust Datacard Limited,1,0.001
Linagora Vietnam,1,0.001
Stardust Consulting,1,0.001
Corning Incorporated,1,0.001
DE-IX,1,0.001
Aruba,1,0.001
GNU Project,1,0.001
Linaro Ltd.,1,0.001
InfoTeCS JSC,1,0.001
Electric Energy Control Test Team,1,0.001
Golisano College of Computing and Information Sciences,1,0.001
shipcloud GmbH,1,0.001
Qualcomm Europe,1,0.001
Wickr,1,0.001
IOHK,1,0.001
Secunet,1,0.001
Verve Interactive Pty Ltd,1,0.001
Andromeda Security,1,0.001
Department of ICMCT,1,0.001
"Dombox, Inc.",1,0.001
Bitcoin,1,0.001
Research Institute of Tsinghua University in Shenzhen,1,0.001
Oterra.ai,1,0.001
Ariga.io,1,0.001
CNCERT,1,0.001
China telecom,1,0.001
"Acquia, Inc.",1,0.001
ThoughtSpot,1,0.001
Quantum Secret,1,0.001
SecurityBiaS,1,0.001
Cabase - Cámara Argentina de Internet,1,0.001
Rydal Inc.,1,0.001
Stichting NLnet Labs,1,0.001
Korea Aerospace University,1,0.001
Unionpay,1,0.001
Pepperpot Media,1,0.001
WebWeaving Internet Engineering,1,0.001
Sky UK Ltd,1,0.001
Nokia Canada,1,0.001
Haivision,1,0.001
China Academy of Information Communications Technology,1,0.001
WINGS,1,0.001
Alten,1,0.001
UST Global,1,0.001
Open-Xchange OY,1,0.001
"Arrcus, DRL, & IIJ Research",1,0.001
"National Institute of Information and
    Communications Technology",1,0.001
Clearcast,1,0.001
University of Haifa and Meta,1,0.001
17beta,1,0.001
Celestica Inc.,1,0.001
NTT Ltd,1,0.001
Cox Communications Inc.,1,0.001
Capitalonline.,1,0.001
Google.,1,0.001
"Ecole Normale Superieure, Paris",1,0.001
Shanxi Univ.,1,0.001
Beihang Univ.,1,0.001
TransIP,1,0.001
The University of Edinburgh,1,0.001
"deSEC, SSE - Secure Systems Engineering",1,0.001
Selfie Networks,1,0.001
Norwegian Communications Authority,1,0.001
Akira Systems Private Limited,1,0.001
"BitRipple, Inc.",1,0.001
AWS Security,1,0.001
"University Computing Centre, University of Zagreb (SRCE)",1,0.001
InterDigital Europe Limited,1,0.001
Capital Online Inc.,1,0.001
Open-Xchange Ltd,1,0.001
Akamai Technologies GmbH,1,0.001
Endress + Hauser Liquid Analysis - Gerlingen,1,0.001
Alloc Init Labs - New York,1,0.001
"Proofpoint, Inc",1,0.001
University of A Coruna,1,0.001
Hong Kong University of Science and Technology (Guangzhou),1,0.001
"SIE Europe, U.G.",1,0.001
Kentik,1,0.001
ch. Zhu,1,0.001
China Mobile Inc.,1,0.001
Namibian Network Information Center (Pty) Ltd,1,0.001
Pluribus Networks,1,0.001
CNCERT/SD,1,0.001
Shandong Computing Science Center,1,0.001
Post Luxembourg,1,0.001
iC Consult GmbH,1,0.001
SourceHut,1,0.001
"Research Institute CODE, UniBw M",1,0.001
University of New Mexico,1,0.001
Universite Savoie Mont Blanc,1,0.001
TELUS Communications Inc,1,0.001
Internet policy advisors,1,0.001
Association for Progressive Communications,1,0.001
Tana,1,0.001
KTC Control AB,1,0.001
Grafana Labs,1,0.001
GitLab,1,0.001
Robust Perception,1,0.001
Chronosphere,1,0.001
TheSoul Publishing Ltd.,1,0.001
FQX,1,0.001
LIP,1,0.001
"INESC-ID, Instituto Superior Tecnico, MIT",1,0.001
Ruijie,1,0.001
Verizon Media,1,0.001
Seccom GmbH,1,0.001
"F5, Inc.",1,0.001
Sequoia-PGP,1,0.001
FSIJ,1,0.001
Network UPS Tools Project,1,0.001
Ghent University – imec,1,0.001
Zcash Foundation,1,0.001
McGill University,1,0.001
ipUnplugged AB,1,0.001
W. Britto,1,0.001
RAD,1,0.001
DDI Alliance,1,0.001
Haivision Systems,1,0.001
"Arrcus, Inc. & Internet Initiative Japan",1,0.001
Self Employed,1,0.001
Starten Systems,1,0.001
Kirei,1,0.001
Webweaving,1,0.001
(deceased),1,0.001
CICS-CERT,1,0.001
twitter,1,0.001
Rostelecom,1,0.001
Skyelogicworks,1,0.001
TBD,1,0.001
BBC R&D,1,0.001
Technische Universitaet Berlin,1,0.001
IN Groupe,1,0.001
Ribbon Communications Inc.,1,0.001
Bharti Airtel Ltd,1,0.001
The Internet,1,0.001
Meinberg USA Inc.,1,0.001
"JPL, Calif. Inst. of Technology",1,0.001
Security Researcher,1,0.001
MTS Web Services,1,0.001
THEO Technologies,1,0.001
Hyogo Prefectural Ono High School,1,0.001
Hexabuild,1,0.001
CleverReach GmbH & Co. KG,1,0.001
Argus Networks,1,0.001
P.L. Peng,1,0.001
CentecNetworks,1,0.001
"Avinta Communications, Inc.",1,0.001
Hewlett Packard Enterprise Co.,1,0.001
Without Affiliation,1,0.001
Stewart Bryant Ltd,1,0.001
DP Security Consulting,1,0.001
MASQUE Enthusiasts LLC,1,0.001
"City, University of London",1,0.001
"CICT, PCL",1,0.001
Professional writer,1,0.001
Alaxala Networks Co.,1,0.001
Graphiant Inc.,1,0.001
Independent Identity Inc.,1,0.001
Algeria Telecom,1,0.001
Igalia,1,0.001
Huawei Technologies (2012Lab),1,0.001
IE Domain Registry,1,0.001
Silex Insight,1,0.001
2you.io,1,0.001
IFRN,1,0.001
UFRJ,1,0.001
Open Ethics Initiative,1,0.001
Ubitech,1,0.001
bibital LLC,1,0.001
Binary Firefly,1,0.001
Syndeno,1,0.001
VESvault Corp,1,0.001
University of Mons (UMONS),1,0.001
Safespring AB,1,0.001
Anonymous,1,0.001
Crossword Cybersecurity,1,0.001
FutureWei,1,0.001
IoTeX,1,0.001
HCL Software,1,0.001
Transloadit Ltd,1,0.001
JellyHive,1,0.001
XL Axiata,1,0.001
"Futurewei Technologies, Inc",1,0.001
Red Barn,1,0.001
UK Safer Internet Centre,1,0.001
Lakeside Robotics Corporation,1,0.001
NITK Surathkal/Google,1,0.001
DigitalOcean,1,0.001
MMU,1,0.001
ETH Zuerich,1,0.001
"Stratus Technologies, Inc.",1,0.001
Colt Technology Services,1,0.001
University of Surrey ISC,1,0.001
"Telefonica, I+D",1,0.001
IoTsense LLC,1,0.001
Ege University,1,0.001
King’s College London,1,0.001
Munster Technological University,1,0.001
A. Liu,1,0.001
Avinta,1,0.001
Sailpoint Technologies,1,0.001
"Workday, Inc.",1,0.001
NTT-East,1,0.001
"Dawning Information Industry Co., Ltd.",1,0.001
NeuralAgent GmbH,1,0.001
Opendrives.com,1,0.001
"Fastmail, PTY LTD",1,0.001
ActiveCampaign,1,0.001
Uncloud,1,0.001
TII,1,0.001
Carleton College,1,0.001
"UCLouvain, WEL RI",1,0.001
New H3C,1,0.001
"in personal capacity (NetDEF, Inc.)",1,0.001
Department of Electical and Computer Engineering,1,0.001
"Université Paris-Saclay, CEA, LIST",1,0.001
Neustar (a TransUnion company),1,0.001
CableLabs Inc.,1,0.001
J. Paillisse Vilanova,1,0.001
Interpeer gUG (haftungsbeschraenkt),1,0.001
Instituto Superior de Engenharia do Porto,1,0.001
Inria and University of Luxembourg,1,0.001
"Cisco, Inc",1,0.001
China Mobile International Limited,1,0.001
Netnod Internet Exchangen,1,0.001
IMT atlantique,1,0.001
Center for Internet Security (CIS),1,0.001
Kakao Corp.,1,0.001
Entrust - nCipher Security Limited,1,0.001
Standcore,1,0.001
China Broadcast Mobile Network Company,1,0.001
"China Mobile (Hangzhou) Information
      Technology Co., Ltd",1,0.001
School of Global Studies,1,0.001
Sentry Software,1,0.001
CoolTech Inc.,1,0.001
NorthernBlock,1,0.001
Soba Yazılım A.Ş.,1,0.001
Retired / Unaffiliated,1,0.001
"PQShield, LTD",1,0.001
MIT CSAIL,1,0.001
Aviatrix,1,0.001
"Wireless Broadband Alliance, Inc.",1,0.001
pwnedkeys.com,1,0.001
The Monitoring Plugins Project,1,0.001
SSE - Secure Systems Engineering GmbH,1,0.001
ARM Corporation,1,0.001
Sunderland University,1,0.001
Oxford University,1,0.001
Huawei Technologies Dusseldorf GmbH.,1,0.001
Knight-Georgetown Institute (KGI),1,0.001
"Inside Products, Inc",1,0.001
Forwarding Plane,1,0.001
"INESC-ID, Técnico Lisboa, Blockdaemon",1,0.001
"Ruijie Networks Co.,Ltd",1,0.001
Xiph.org,1,0.001
KSA,1,0.001
Jio Reliance,1,0.001
Intel Corperation,1,0.001
Mercata SagL,1,0.001
NEC Lab,1,0.001
"UTFPR, Brazil",1,0.001
The Hong Kong University of Science and Technology (Guangzhou),1,0.001
Enterprise Ethereum Alliance,1,0.001
TrasnUnion,1,0.001
Organization ChazahGroup,1,0.001
Chazah Group,1,0.001
Gen Digital,1,0.001
"Independent Identity, Inc.",1,0.001
"AlefEdge, Inc",1,0.001
Shopify Inc,1,0.001
University of Electronic Science and Technology of China,1,0.001
Raytheon BBN,1,0.001
"Visionist, Inc.",1,0.001
Crowdstrike,1,0.001
Yunqi Academy,1,0.001
Institut MINES TELECOM; IMT-Atlantique,1,0.001
Nillion,1,0.001
Seagate,1,0.001
SIAE,1,0.001
"LabN Networks, L.L.C.",1,0.001
"School of Cyber Science and Engineering, Sichuan University",1,0.001
HKUST (Guangzhou),1,0.001
"THE HONG KONG UNIVERSITY OF SCIENCE AND TECHNOLOGY
      (GUANGZHOU)",1,0.001
Cohesive Networks,1,0.001
Karlsruhe Institute of Technology (KIT),1,0.001
Telefonica Innovacion Digital,1,0.001
InkBridge,1,0.001
Chosen Few Software,1,0.001
InternetNZ,1,0.001
"Cybersecurity, Risk & Privacy Senior Consultant",1,0.001
CrowdStrike,1,0.001
IRISA,1,0.001
Universite de Liege,1,0.001
Kongsberg Defense & Aerospace,1,0.001
Qualcomm Germany GmbH,1,0.001
mavennet,1,0.001
SKELDUS,1,0.001
Technische Universität Berlin,1,0.001
Everycast Labs Ltd,1,0.001
Alston Networks,1,0.001
Internet Neutral Exchange Association,1,0.001
Bowball Technologies Ltd,1,0.001
MIT Connection Science,1,0.001
Volkswagen Infotainment GmbH,1,0.001
AS58280.net,1,0.001
"Fastly, Inc.",1,0.001
Beonex GmbH,1,0.001
Juniper Network,1,0.001
THU,1,0.001
KTH Royal Institute of Technology,1,0.001
University of New Hampshire InterOperability Laboratory,1,0.001
R. Pang,1,0.001
Illuminated Security Ltd,1,0.001
Perinet GmbH,1,0.001
Northern Block,1,0.001
Digital Governance Council,1,0.001
Technische Universität Wien,1,0.001
Glevia GmbH,1,0.001
"BastionZero, Inc.",1,0.001
Alibaba Cloud Computing Co. Ltd.,1,0.001
"BringYour, Inc.",1,0.001
Huawei Internatinoal Pte Ltd,1,0.001
ICRC,1,0.001
"Blue Fern
      Consulting",1,0.001
Linux NFS Project,1,0.001
National Australia Bank,1,0.001
NextHop AI,1,0.001
Booking BV,1,0.001
Quan Cheng Laboratory,1,0.001
CRC Corporation,1,0.001
AppViewX Inc,1,0.001
Bank of New York Mellon,1,0.001
DriveNets,1,0.001
valentin-43-44.org,1,0.001
"Shield Lab, Singapore Research Center, Huawei Technologies",1,0.001
UBITECH Ltd.,1,0.001
"Grenoble INP - Ensimag, LIG Lab",1,0.001
FIve9,1,0.001
Mediatek Inc,1,0.001
IEIT SYSTEMS,1,0.001
Huawei Tech. Ltd,1,0.001
Aserto,1,0.001
3Edges,1,0.001
NVIDIA Corporation,1,0.001
NSA Center for Cybersecurity Standards,1,0.001
Department of Electrical & Computer Engineering,1,0.001
Yocto,1,0.001
Taurus SA,1,0.001
SpaceX,1,0.001
Electric Coin Co,1,0.001
Rock Solid Knowledge,1,0.001
University of Kent School of Computing,1,0.001
JournalList.net,1,0.001
TiDB,1,0.001
Cleverbase,1,0.001
"Departamento de Ingenieria Electrica, Universidad de Chile",1,0.001
"NTT DOCOMO, INC.",1,0.001
Everything-Ops,1,0.001
UNamur,1,0.001
Knipp Medien und Kommunikation GmbH,1,0.001
D3 Global Inc,1,0.001
Fiberhome Telecom LTD./CICT.,1,0.001
China PCL.,1,0.001
Silent Sector,1,0.001
Chunghwa Telecom Laboratories,1,0.001
Arqit Quantum Inc,1,0.001
University of Applied Sciences Bonn-Rhein-Siegx,1,0.001
University of Connecticut,1,0.001
"8x8, Inc / Jitsi",1,0.001
neptela,1,0.001
China Southern Power Grid Company Limited,1,0.001
woori-net,1,0.001
NBN,1,0.001
T-SYSTEMS,1,0.001
Santa Clara University,1,0.001
Midnight Blue,1,0.001
Cornell Tech and Cornell University,1,0.001
Hazelcast,1,0.001
Episteme Technology Consulting,1,0.001
Snowflake,1,0.001
Nrolabs,1,0.001
Quad State Internet,1,0.001
Space Initiatives,1,0.001
SURF,1,0.001
Freshworks,1,0.001
Lenovo,1,0.001
Wuhan University,1,0.001
Infosec,1,0.001
Goodix,1,0.001
DATAMARK Technologies,1,0.001
US DHS/CISA,1,0.001
Common Crawl Foundation,1,0.001
Vidarka Technologies,1,0.001
Optima SC Inc.,1,0.001
Altera,1,0.001
Tailscale Inc.,1,0.001
Monal Instant Messenger,1,0.001
CNIC-CAS,1,0.001
Orange Group,1,0.001
id3as,1,0.001
CTOiC,1,0.001
Squire Technologies Ltd,1,0.001
trueCall Ltd,1,0.001
Birmingham City University,1,0.001
Full Frontal Nerdity Industries,1,0.001
Private Octopus Inc,1,0.001
NRO,1,0.001
InnovCOM Sup'COM,1,0.001
Tsinghua SIGS,1,0.001
Ontario Nurses' Association,1,0.001
Seoul National Univ.,1,0.001
Daejeon Univ.,1,0.001
TTA,1,0.001
"Cloud Software Group, Inc.",1,0.001
National Astronomical Observatory of Japan / WIDE Project,1,0.001
Bank of America,1,0.001
Federal Office for Information Security,1,0.001
TREX Regional Exchanges Oy,1,0.001
"Provenant, Inc",1,0.001
Relaycorp,1,0.001
"Zhixin Technology Co., Ltd. (Kercore)",1,0.001
University of Toamasina / ISOC Comoros Chapter,1,0.001
Your Organization Here,1,0.001
"University of California, Irvine",1,0.001
Zixt Chat,1,0.001
HPE Aruba Networking,1,0.001
Congdon Consulting,1,0.001
Moore Threads,1,0.001
Resnics Technology,1,0.001
Cloudnine Information Technologies,1,0.001
Metanet Networking Technology,1,0.001
Hygon,1,0.001
Enflame Technology,1,0.001
Tejas Networks,1,0.001
Practical Identity,1,0.001
"IRIF, Université Paris-Cité",1,0.001
Aviontex GmbH,1,0.001
Selkie Cryptography,1,0.001
"Intuit, Inc.",1,0.001
Centurion Intelligence Consulting Agency,1,0.001
GEE Space,1,0.001
Technische Universität München,1,0.001
Kleiner Perkins,1,0.001
1Finity,1,0.001
Signicat,1,0.001
Datatrails,1,0.001
Prometheus Systems,1,0.001
SecRoot.io,1,0.001
Merklemap,1,0.001
1&1 Mail & Media GmbH,1,0.001
Aiiva.org,1,0.001
Allot,1,0.001
University of Sheffield,1,0.001
TikTok,1,0.001
Nebius,1,0.001
IETF IPMC,1,0.001
Adam Networks Inc.,1,0.001
UCLouvain & NGI Zero Core,1,0.001
Swisscom AG,1,0.001
Google Corporation,1,0.001
JHU Applied Physics Laboratory,1,0.001
NTT Data Intellilink,1,0.001
Emerald Groupware Project,1,0.001
Harvard University retired,1,0.001
Keycard Labs,1,0.001
The Hong University of Science and Technology (Guangzhou),1,0.001
DataraAI,1,0.001
DeepBlue Dynamics,1,0.001
National Union of Journalists,1,0.001
"USC/ISI and Google, Inc.",1,0.001
Internet Engineering & Infrastructure Strategic Initiative,1,0.001
PastWipe Ltd,1,0.001
Advance,1,0.001
Indenpendent,1,0.001
PastWipe S.L.,1,0.001
Lockb0x LLC,1,0.001
Knight-Georgetown Institute,1,0.001
University of Science and Technology Beijing,1,0.001
Akamai Technologiers,1,0.001
China Mobile MIGU,1,0.001
Transworld Enterprise Services,1,0.001
"Consulate, Inc.",1,0.001
PACIFIC IT Solutions s.r.o.,1,0.001
"Beijing Infosec Technologies Co., LTD.",1,0.001
Taler Systems AG,1,0.001
JPMorgan Chase,1,0.001
no.org,1,0.001
Paducah Internet Exchange (Paducah IX),1,0.001
Anuna Research Pty Ltd,1,0.001
XMTP Labs,1,0.001
Cerebras,1,0.001
ANP Open Source Community,1,0.001
Cerebras Systems,1,0.001
"Cox Communications, Inc.",1,0.001
Aerospacelab,1,0.001
Inria / Saarland University,1,0.001
Hicagent,1,0.001
SUPCON,1,0.001
FartLabs,1,0.001
Compellio Inc.,1,0.001
Ajna.inc,1,0.001
Verid.id,1,0.001
Cathmere,1,0.001
Blockcast Inc,1,0.001
"Crosslayer Labs, Inc.",1,0.001
"Aalyria Technologies, LLC",1,0.001
foxyfy.net,1,0.001
Social Web Foundation,1,0.001
Qoria,1,0.001
SIROS Foundation,1,0.001
Inveigle.net,1,0.001
Argonne National Laboratory -- Data Science and Learning Division,1,0.001
INSA-Lyon & Inria,1,0.001
cnTnc LLC,1,0.001
Tranquil IT SAS,1,0.001
Servesys Labs,1,0.001
Janeway and Wildman Limited,1,0.001
Dataplane.org,1,0.001
Inventor,1,0.001
Audi,1,0.001
SAHollenbeck LLC,1,0.001
mesibo,1,0.001
draft-nsiangani-phi-ns-01,1,0.001
AppViewX Inc.,1,0.001
Peculiar Ventures,1,0.001
JamOne-DE,1,0.001
SIMS.NET Inc,1,0.001
MPlace2.social,1,0.001
"Cryptic Forest Software, Ltd",1,0.001
OraSRS Protocol,1,0.001
FXCO Ltd.,1,0.001
H2 Technologies LLC,1,0.001
Clearpath Intelligence,1,0.001
EKOA/UNLP,1,0.001
DXC Technology,1,0.001
draft-eli-z-protocol-00,1,0.001
CITTAMARKET Protocol,1,0.001
Bitwarden,1,0.001
1Password,1,0.001
IUT R&T Bethune,1,0.001
CORE,1,0.001
ApertoDNS,1,0.001
Varlil Corporation,1,0.001
Self-published,1,0.001
"EKOA, Facultad de Informática - UNLP",1,0.001
ZEROBANKX PTE. LTD.,1,0.001
VeritasChain Standards Organization (VSO),1,0.001
Midwest Cyber LLC,1,0.001
IDEAFARM.COM,1,0.001
Institute of Spacecraft System Engineering,1,0.001
EntglDb,1,0.001
FAF Foundation,1,0.001
State University of Campinas (UNICAMP),1,0.001
MyTerms,1,0.001
"Internet Systems
       Consortium",1,0.001
Nova Labs,1,0.001
merlinux gmbh,1,0.001
n0 Inc.,1,0.001
"VeritasChain Co., Ltd.",1,0.001
ULISSY s.r.l.,1,0.001
"German Aerospace Center, DLR",1,0.001
Boeing Technology Innovation,1,0.001
"Skyfire, Inc.",1,0.001
"Ory Corp, Inc.",1,0.001
DanLevy Consulting,1,0.001
Yuthent,1,0.001
AI Visibility Architecture Group Limited,1,0.001
ACE Working Group,1,0.001
GreenArrow Email,1,0.001
Service Now,1,0.001
Marist University,1,0.001
Fordham University,1,0.001
Berlin AI Labs,1,0.001
VextCODE,1,0.001
AILEX LLC / VeritasChain Standards Organization,1,0.001
AsiaInfo Technologies (China) Inc,1,0.001
"Ironstead Group, LLC.",1,0.001
CAW,1,0.001
Cognitive Emergence Lab,1,0.001
Nylo Project,1,0.001
JMH,1,0.001
Grantex,1,0.001
ONE NEW EXPERIENCE,1,0.001
IMTF,1,0.001
Cyntrisec,1,0.001
PipeStream AI,1,0.001
East China Normal University,1,0.001
Tsinghua Shenzhen International Graduate School,1,0.001
Tech Mahindra,1,0.001
Westford Academy,1,0.001
"Inspur Computer Technology Co., Ltd.",1,0.001
Skyfire,1,0.001
Violet Sky Security SEZC,1,0.001
Kenosian,1,0.001
GudLab,1,0.001
NeuroVix Systems,1,0.001
Atea Sverige AB,1,0.001
"KH Sovereign, Inc.",1,0.001
"Open Agent Registry, Inc.",1,0.001
Montcao,1,0.001
Greicodex Software,1,0.001
"GMO Internet Group, Inc.",1,0.001
Ant Group.,1,0.001
Tenuo,1,0.001
Iterable,1,0.001
Luminesce Limited,1,0.001
Qorsa,1,0.001
GMO Internet Group,1,0.001
Third Level IT LLC,1,0.001
Vulnetix,1,0.001
Individual Author,1,0.001
AIEndpoint,1,0.001
ThriveTech Services LLC,1,0.001
Sequentum,1,0.001
Mumble Group,1,0.001
Shared Health Services,1,0.001
Helixar Limited,1,0.001
Attest,1,0.001
ITB.it,1,0.001
ScopeBlind (Veritas Acta),1,0.001
HJS Foundation Ltd.,1,0.001
SubThought Corporation,1,0.001
CoCa. Foundation,1,0.001
h-network,1,0.001
AEOESS,1,0.001
SANS Institute,1,0.001
Bastionnage Consulting,1,0.001
Polytechnique Montréal,1,0.001
iCalDAV Project,1,0.001
L'ABtelier IA -- AI Community of Practice,1,0.001
AI Research Assistant,1,0.001
Adligo Inc.,1,0.001
Infinitum Nihil,1,0.001
Ertl Software Productions,1,0.001
TwoGenIdentity,1,0.001
NirvanAI,1,0.001
Agentflow,1,0.001
Umarise,1,0.001
"Vivoh, Inc.",1,0.001
Veritas Acta,1,0.001
Creative Commons,1,0.001
The Clearing Room,1,0.001
Atlanta Contra Dancers,1,0.001
Vorim AI,1,0.001
"Nivalto, Inc.",1,0.001
VERIDIC Inc.,1,0.001
Bertoldi Cybersecurity,1,0.001
Universita' degli Studi di Napoli Federico II,1,0.001
WritersLogic Inc.,1,0.001
"Ask McConnell, LLC",1,0.001
One Limited,1,0.001
OIA Lab,1,0.001
Vertiv Holdings Co.,1,0.001
Valtrix Labs,1,0.001
RegisteredBrands.AI,1,0.001
Rolab,1,0.001
Midas Labs,1,0.001
INUID Research Group,1,0.001
Tachibana General Laboratories,1,0.001
TrueSource,1,0.001
RuleMesh,1,0.001
Zenith Intelligence Technologies Inc.,1,0.001
RustyKey®,1,0.001
c0dx3,1,0.001
MobileStack,1,0.001
Authproof,1,0.001
AG Pixel Studio / Sovereign AG,1,0.001
Hewlett Packard Enterprise (HPE),1,0.001
Aldana Innovations,1,0.001
Asqav,1,0.001
Crovia Trust,1,0.001
SoftOboros,1,0.001
TaskHawk Systems LLC,1,0.001
Red5,1,0.001
Business Cyber Guardian,1,0.001
Apex Infrastructure,1,0.001
Headless Oracle,1,0.001
Litzki Systems LLC,1,0.001
"TU Dresden, Germany",1,0.001
Agentir Network,1,0.001
InterAlliance OU,1,0.001
SAIHM (Sovereign AI Horizontal Memory),1,0.001
In solidarity with CTC and the Youth of Cuba,1,0.001
Curity,1,0.001
ANML Foundation,1,0.001
Baur Software,1,0.001
Project Tick,1,0.001
Individual Submission,1,0.001
CryptoKRI GmbH,1,0.001
RedTeamLeaders,1,0.001
LedgerProof Foundation,1,0.001
e.Mix,1,0.001
OrcaTI,1,0.001
Sysbrasil Tecnologia,1,0.001
Vero Internet,1,0.001
Zadara,1,0.001
Faculty of Systems Engineering,1,0.001
Trimplayer,1,0.001
Hope Project,1,0.001
Saki Studio,1,0.001
ViYouna,1,0.001
"Sippy Software, Inc.",1,0.001
Eyevinn Technology,1,0.001
Accenture,1,0.001
Peachymango.org,1,0.001
Meridian Verity Group,1,0.001
April Labs,1,0.001
"BubbleFish Technologies, Inc.",1,0.001
1 Euro SEO,1,0.001
Nextident,1,0.001
